label,trial,t,ax,ay,az,gx,gy,gz
melden,1,0,-3304,-4668,12700,-143,-50,-93
melden,1,1,-3520,-4812,12692,-129,-181,-109
melden,1,2,-3520,-4812,12820,-82,-318,-136
melden,1,3,-3352,-4552,13104,-82,-425,-170
melden,1,4,-3148,-4332,13204,-55,-373,-251
melden,1,5,-3188,-4740,12708,-157,-589,-281
melden,1,6,-3020,-4328,13220,-89,-497,-317
melden,1,7,-2976,-4792,12664,-158,-656,-310
melden,1,8,-2892,-4620,12592,-145,-624,-344
melden,1,9,-3120,-4832,13008,-158,-719,-357
melden,1,10,-2796,-4880,12772,-104,-798,-342
melden,1,11,-2752,-4712,12620,-58,-819,-345
melden,1,12,-2220,-4560,12824,2,-753,-296
melden,1,13,-1884,-4576,12400,-54,-673,-291
melden,1,14,-1748,-4412,12508,-38,-451,-279
melden,1,15,-1456,-4720,12368,-139,-343,-230
melden,1,16,-1736,-4364,12776,-32,-60,-196
melden,1,17,-1520,-4712,12464,-181,-59,-173
melden,1,18,-1832,-4852,12636,-169,104,-97
melden,1,19,-2196,-4848,12476,-128,150,-65
melden,1,20,-2292,-4760,12908,-83,156,-47
melden,1,21,-2028,-4684,12836,-87,200,-19
melden,1,22,-1936,-4508,12728,-116,274,-19
melden,1,23,-2148,-4800,13000,-143,310,-8
melden,1,24,-2416,-4844,12692,-145,320,-4
melden,1,25,-2420,-4736,12724,-117,282,-13
melden,1,26,-2324,-4660,12744,-132,279,-9
melden,1,27,-2652,-4840,12676,-124,271,-32
melden,1,28,-2524,-4716,13000,-115,243,-43
melden,1,29,-2704,-4808,13120,-111,167,-60
melden,1,30,-2968,-4800,13036,-105,96,-82
melden,1,31,-3480,-4788,13444,-112,-79,-111
melden,1,32,-4552,-5036,13844,-99,-546,-206
melden,1,33,-4380,-5400,13356,53,-1089,-314
melden,1,34,-3708,-5292,13092,198,-1406,-380
melden,1,35,-3264,-4924,13392,237,-1644,-447
melden,1,36,-3192,-5168,13436,255,-1838,-527
melden,1,37,-2704,-5404,13208,313,-1949,-596
melden,1,38,-2732,-5088,13808,356,-2104,-660
melden,1,39,-1840,-4792,13340,340,-2139,-704
melden,1,40,-1540,-4648,12952,313,-2040,-740
melden,1,41,-1272,-4460,13184,362,-2087,-762
melden,1,42,-1272,-4228,12916,397,-2116,-770
melden,1,43,-688,-3980,12780,413,-1972,-769
melden,1,44,-500,-3688,13004,488,-2026,-727
melden,1,45,228,-3304,12276,373,-1731,-725
melden,1,46,892,-2452,11936,201,-1097,-769
melden,1,47,1260,-3060,12136,20,-920,-609
melden,1,48,672,-3528,12912,11,-724,-567
melden,1,49,572,-4236,13232,111,-1288,-304
melden,1,50,1196,-3440,11744,194,-863,-320
melden,1,51,2272,-1880,12012,-65,77,-358
melden,1,52,888,-4796,12796,-134,-339,-136
melden,1,53,1648,-3792,12600,-79,-120,-98
melden,1,54,1608,-3564,12824,-166,135,-79
melden,1,55,1516,-4000,13076,-276,356,-26
melden,1,56,1284,-4052,13136,-325,591,17
melden,1,57,1236,-4256,12948,-376,833,60
melden,1,58,1032,-4256,12920,-422,1068,64
melden,1,59,744,-4304,12796,-476,1246,87
melden,1,60,-20,-4532,13628,-450,1223,118
melden,1,61,92,-4536,13116,-461,1404,88
melden,1,62,-208,-4588,13116,-441,1405,100
melden,1,63,-220,-4360,13388,-447,1471,109
melden,1,64,-764,-4632,13144,-439,1370,117
melden,1,65,-1048,-4596,13484,-408,1277,107
melden,1,66,-1248,-4456,13012,-386,1229,71
melden,1,67,-1668,-4748,13304,-338,917,82
melden,1,68,-1492,-4428,13256,-305,915,27
melden,1,69,-1476,-4308,13048,-303,900,12
melden,1,70,-1612,-4656,12980,-259,654,32
melden,1,71,-1200,-4256,13088,-275,891,-16
melden,1,72,-1564,-4392,13164,-303,730,8
melden,1,73,-1712,-4512,11260,-285,642,-31
melden,1,74,-1452,-4336,13152,-288,669,17
melden,1,75,-1888,-4636,13224,-271,538,1
melden,1,76,-2088,-4668,13188,-207,430,25
melden,1,77,-1928,-4720,13236,-107,297,40
melden,1,78,-1768,-4636,13240,-67,234,54
melden,1,79,-1668,-4768,12948,-43,240,70
melden,1,80,-1736,-4496,12968,-36,234,64
melden,1,81,-1956,-4692,13320,-28,149,66
melden,1,82,-2036,-4808,13464,4,26,49
melden,1,83,-2052,-4664,12900,84,-128,8
melden,1,84,-1720,-4552,13228,105,-178,13
melden,1,85,-1320,-4304,12788,81,-164,23
melden,1,86,-1272,-4068,12748,25,-64,36
melden,1,87,-1164,-4040,12908,-51,9,31
melden,1,88,-1608,-4352,12844,-82,21,23
melden,1,89,-1388,-4340,12732,-77,53,11
melden,1,90,-1316,-4408,12768,-101,90,7
melden,1,91,-1444,-4408,12908,-121,123,-12
melden,1,92,-1608,-4488,13032,-114,117,-47
melden,1,93,-1632,-4488,13044,-109,100,-59
melden,1,94,-1576,-4404,13056,-110,102,-66
melden,1,95,-1464,-4312,13056,-111,127,-67
melden,1,96,-1596,-4232,13100,-128,135,-63
melden,1,97,-1696,-4352,13132,-125,115,-70
melden,1,98,-1576,-4348,13088,-117,88,-77
melden,1,99,-1548,-4320,13144,-134,78,-74
melden,1,100,-1680,-4444,13156,-134,44,-74
melden,1,101,-1744,-4468,13040,-99,6,-74
melden,1,102,-1640,-4324,12952,-94,-20,-70
melden,1,103,-1604,-4484,13040,-77,-19,-70
melden,1,104,-1508,-4352,13144,-58,-3,-89
melden,1,105,-1636,-4576,12952,-81,44,-63
melden,1,106,-1496,-4360,13088,-91,74,-57
melden,1,107,-1536,-4472,12904,-105,101,-45
melden,1,108,-1548,-4388,12960,-102,118,-53
melden,1,109,-1548,-4228,13012,-119,162,-50
melden,1,110,-1488,-4256,12904,-139,195,-36
melden,1,111,-1548,-4280,12976,-163,219,-39
melden,1,112,-1720,-4520,12912,-155,215,-43
melden,1,113,-1816,-4372,13256,-153,186,-55
melden,1,114,-1864,-4412,12908,-135,155,-48
melden,1,115,-1916,-4468,12856,-127,111,-57
melden,1,116,-1952,-4420,13008,-120,73,-58
melden,1,117,-1816,-4316,13000,-106,28,-62
melden,1,118,-1724,-4324,12928,-106,20,-65
melden,1,119,-1776,-4360,13032,-126,30,-60
melden,1,120,-1816,-4340,13024,-131,2,-58
melden,1,121,-1588,-4304,13036,-120,-4,-57
melden,1,122,-1684,-4312,12852,-116,25,-53
melden,1,123,-1728,-4424,13084,-136,48,-52
melden,1,124,-1880,-4396,12924,-129,16,-70
melden,1,125,-1932,-4408,12988,-115,-27,-79
melden,1,126,-1772,-4536,13100,-107,-69,-88
melden,1,127,-2172,-4524,13224,-72,-141,-96
melden,1,128,-2552,-4708,13384,-28,-340,-129
melden,1,129,-2752,-4876,13424,62,-596,-163
melden,1,130,-2816,-4760,13488,163,-841,-175
melden,1,131,-2984,-4892,14256,172,-1155,-186
melden,1,132,-3232,-4832,14324,293,-1588,-242
melden,1,133,-2484,-4436,14616,347,-1888,-216
melden,1,134,-3384,-4476,15116,407,-2351,-143
melden,1,135,-4412,-5408,16012,519,-2909,-92
melden,1,136,-4292,-5896,17776,736,-3558,78
melden,1,137,-2716,-3940,19284,646,-3764,348
melden,1,138,3212,3240,23328,-1313,1201,-188
melden,1,139,-272,-4448,28360,-4373,3194,-510
melden,1,140,-6752,-11392,32767,-4457,2986,-155
melden,1,141,-10024,-11220,32767,-4746,1778,-166
melden,1,142,-8060,-12688,32767,-5328,859,-276
melden,1,143,-7172,-13852,32392,-5990,676,-437
melden,1,144,-7352,-14624,32767,-6735,470,-725
melden,1,145,-6540,-15720,31176,-7414,319,-1119
melden,1,146,-5304,-16180,29520,-8133,448,-1497
melden,1,147,-3416,-16588,27476,-8894,893,-1840
melden,1,148,-1832,-16992,25272,-9582,1581,-2108
melden,1,149,-848,-17536,23880,-10128,2351,-2242
melden,1,150,-76,-18084,22572,-10539,3105,-2370
melden,1,151,1192,-18108,22396,-10782,3645,-2446
melden,1,152,1956,-19712,20700,-10731,3880,-2409
melden,1,153,3012,-20508,20180,-10413,3916,-2414
melden,1,154,4236,-18488,19284,-10072,3979,-2232
melden,1,155,4392,-19312,14832,-9565,4125,-2118
melden,1,156,4592,-20940,10948,-8786,4290,-2182
melden,1,157,4188,-22296,8108,-7676,4499,-2234
melden,1,158,4100,-22344,5700,-6363,4803,-2281
melden,1,159,2988,-20988,4544,-4987,5168,-2371
melden,1,160,2412,-19628,4296,-3840,6076,-2555
melden,1,161,1804,-18036,3992,-2873,7177,-2930
melden,1,162,-252,-15992,4052,-1692,8184,-3395
melden,1,163,-1880,-9572,5804,-887,9041,-3938
melden,1,164,-4188,-4468,7528,108,9470,-4409
melden,1,165,-6560,-2228,8568,1820,8888,-4824
melden,1,166,-6948,3496,7988,3354,7877,-5197
melden,1,167,-5436,8888,6580,4314,7235,-5449
melden,1,168,-4776,12932,5796,4655,7020,-5527
melden,1,169,-4376,17048,4676,4394,6768,-5705
melden,1,170,-3080,16008,2652,3939,6539,-5894
melden,1,171,-620,14348,228,3364,6594,-6003
melden,1,172,1108,12512,-2320,2462,6577,-5998
melden,1,173,312,5672,-4832,1885,5986,-5989
melden,1,174,-4136,-4916,-4412,3278,3628,-5618
melden,1,175,-16204,-11640,1320,8014,-3522,-2284
melden,1,176,-5940,5552,-9716,8661,-8515,633
melden,1,177,9232,4948,-8420,1332,-7819,1453
melden,1,178,14984,-4848,-4736,1195,-5961,-44
melden,1,179,1656,-8724,-12,87,-5494,-362
melden,1,180,3764,-10012,-568,-896,-5178,106
melden,1,181,4012,-10228,-708,-1830,-3912,507
melden,1,182,4268,-11456,-632,-2676,-2293,451
melden,1,183,5220,-12328,-672,-3206,-920,194
melden,1,184,5112,-13688,-136,-3517,-201,44
melden,1,185,3980,-15332,-492,-3314,59,-77
melden,1,186,3720,-16296,-344,-2854,-214,-94
melden,1,187,4860,-16352,-796,-2328,-493,-219
melden,1,188,5984,-16404,-488,-1993,-699,-315
melden,1,189,7116,-16388,84,-1716,-892,-387
melden,1,190,6132,-16820,60,-1442,-1118,-412
melden,1,191,5604,-16828,52,-1170,-1503,-412
melden,1,192,5960,-17000,-552,-840,-1848,-334
melden,1,193,6172,-16304,-900,-642,-1961,-248
melden,1,194,6428,-15792,-968,-508,-1858,-194
melden,1,195,6064,-15564,-1072,-444,-1553,-221
melden,1,196,5856,-15304,-472,-405,-1101,-258
melden,1,197,5744,-14940,84,-395,-719,-265
melden,1,198,5320,-14792,728,-394,-429,-231
melden,1,199,4656,-14848,1284,-360,-214,-163
melden,1,200,4408,-14884,1308,-285,-107,-118
melden,1,201,4420,-14544,1444,-271,-14,-74
melden,1,202,4296,-14672,1544,-251,120,-71
melden,1,203,4092,-14464,1524,-283,223,-101
melden,1,204,3896,-14072,1464,-338,210,-138
melden,1,205,3972,-14568,1964,-295,174,-130
melden,1,206,3664,-14288,2116,-287,145,-74
melden,1,207,3608,-14620,2528,-244,129,19
melden,1,208,3164,-14684,2812,-171,113,106
melden,1,209,2936,-14932,3156,-84,86,175
melden,1,210,3120,-15708,3116,-3,152,196
melden,1,211,3168,-15356,3020,21,375,179
melden,1,212,2772,-15260,3064,-23,551,148
melden,1,213,2716,-15232,3348,-23,636,122
melden,1,214,2696,-15252,3672,17,576,120
melden,1,215,2500,-15420,3680,54,430,140
melden,1,216,2476,-15400,3904,105,258,168
melden,1,217,2192,-15092,4124,98,112,183
melden,1,218,2224,-14780,4448,50,-9,187
melden,1,219,2524,-14756,4280,-47,-63,188
melden,1,220,2464,-14732,4244,-108,-112,192
melden,1,221,2124,-15160,4284,-120,-179,222
melden,1,222,2092,-14928,4204,-129,-300,216
melden,1,223,2224,-14948,4012,-122,-359,230
melden,1,224,2208,-15172,4024,-108,-396,222
melden,1,225,2280,-14908,4524,-130,-418,208
melden,1,226,2284,-14860,4120,-100,-424,178
melden,1,227,2536,-14912,4396,-147,-415,134
melden,1,228,2728,-15020,4360,-148,-391,120
melden,1,229,2536,-15140,4460,-134,-429,100
melden,1,230,2376,-15132,4732,-96,-496,71
melden,1,231,2444,-15132,4752,-79,-555,34
melden,1,232,2748,-15256,4904,-68,-557,22
melden,1,233,2552,-15204,5004,-78,-550,-3
melden,1,234,2580,-15208,5016,-95,-548,-51
melden,1,235,2840,-15144,5056,-112,-542,-89
melden,1,236,2840,-15124,5004,-150,-520,-121
melden,1,237,2912,-15144,4824,-153,-516,-130
melden,1,238,2804,-15124,4916,-141,-563,-138
melden,1,239,2756,-15184,4868,-118,-630,-140
melden,1,240,3008,-15052,4808,-107,-647,-134
melden,1,241,3336,-14888,4692,-106,-644,-146
melden,1,242,3304,-14772,4640,-137,-596,-146
melden,1,243,3296,-14580,4864,-174,-575,-135
melden,1,244,3216,-14804,4984,-197,-595,-125
melden,1,245,3456,-14580,4684,-216,-633,-116
melden,1,246,3612,-14668,4532,-270,-651,-103
melden,1,247,3364,-14908,4408,-296,-643,-97
melden,1,248,3452,-14996,4332,-323,-625,-116
melden,1,249,3516,-15068,4352,-343,-627,-130
melden,1,250,3532,-15180,4012,-352,-637,-139
melden,1,251,3556,-15020,4100,-322,-643,-143
melden,1,252,3700,-15084,4064,-280,-721,-123
melden,1,253,3856,-14872,3968,-313,-712,-92
melden,1,254,3848,-14904,3972,-310,-668,-72
melden,1,255,3556,-15132,3580,-350,-619,-48
melden,1,256,3668,-15260,3340,-321,-570,-89
melden,1,257,4152,-14892,3220,-353,-417,-123
melden,1,258,3860,-14988,3340,-458,-203,-165
melden,1,259,3848,-15116,3036,-503,-24,-191
melden,1,260,3728,-15044,3156,-487,31,-181
melden,1,261,4168,-15184,3172,-468,19,-176
melden,1,262,4340,-14936,2972,-479,112,-141
melden,1,263,3960,-15080,3160,-502,146,-124
melden,1,264,3928,-15084,2816,-514,237,-132
melden,1,265,4200,-15152,2832,-545,418,-173
melden,1,266,4208,-15272,2372,-548,622,-203
melden,1,267,4272,-15416,2448,-517,765,-208
melden,1,268,4268,-15196,2452,-459,815,-179
melden,1,269,4068,-15100,2644,-400,737,-144
melden,1,270,4108,-14924,2940,-354,632,-121
melden,1,271,4172,-15000,2804,-320,505,-106
melden,1,272,4236,-15096,2800,-287,409,-90
melden,1,273,4084,-15140,3008,-249,265,-80
melden,1,274,4044,-15260,2984,-192,105,-58
melden,1,275,4032,-15276,3016,-159,0,-50
melden,1,276,3656,-15344,3096,-116,-145,-45
melden,1,277,3696,-15240,3012,-68,-283,-43
melden,1,278,3824,-15228,2900,-28,-351,-35
melden,1,279,3960,-15096,2916,-33,-360,-19
melden,1,280,3888,-14944,2908,-53,-320,-10
melden,1,281,3712,-15028,3168,-73,-297,8
melden,1,282,3692,-15212,3052,-62,-260,0
melden,1,283,3712,-15228,3192,-76,-210,2
melden,1,284,3608,-15192,3076,-106,-133,-1
melden,1,285,3756,-15296,3064,-130,-34,-6
melden,1,286,3492,-15388,3148,-155,33,-24
melden,1,287,3480,-15116,3336,-158,67,-28
melden,1,288,3592,-15248,3496,-169,64,-22
melden,1,289,3532,-15152,3304,-191,37,-23
melden,1,290,3676,-15124,3332,-193,44,-17
melden,1,291,3496,-15244,3428,-213,72,-19
melden,1,292,3296,-15260,3332,-223,68,-30
melden,1,293,3316,-15388,3324,-221,34,-30
melden,1,294,3524,-15440,3180,-224,58,-31
melden,1,295,3564,-15364,3048,-213,58,-33
melden,1,296,3316,-15504,3020,-210,82,-65
melden,1,297,3336,-15144,3392,-216,78,-86
melden,1,298,3448,-15168,3340,-208,40,-81
melden,1,299,3416,-15204,3184,-184,-14,-56
melden,2,0,96,-1416,13384,237,-398,-49
melden,2,1,764,-1072,13212,69,-327,-60
melden,2,2,512,-1356,12832,-111,-118,-79
melden,2,3,-336,-1720,12464,-246,171,-154
melden,2,4,-1144,-2120,12868,-319,363,-213
melden,2,5,-1484,-2376,13264,-325,441,-192
melden,2,6,-1424,-2472,13856,-344,490,-135
melden,2,7,-1464,-2724,13820,-358,452,-83
melden,2,8,-1680,-3132,14012,-359,415,-41
melden,2,9,-1700,-3560,13952,-284,345,-19
melden,2,10,-1772,-3876,14048,-160,213,3
melden,2,11,-1652,-3576,14008,-82,75,26
melden,2,12,-1404,-3452,13848,-21,-5,54
melden,2,13,-912,-3180,13860,-22,11,112
melden,2,14,-760,-3148,13736,-74,65,139
melden,2,15,-744,-3192,13596,-113,117,141
melden,2,16,-668,-3012,13660,-126,147,126
melden,2,17,-644,-2996,13580,-134,204,112
melden,2,18,-616,-2840,13468,-96,202,108
melden,2,19,-520,-2856,13496,-78,186,111
melden,2,20,-728,-2752,13448,-69,168,106
melden,2,21,-936,-2748,13456,-52,115,96
melden,2,22,-1332,-2780,13724,-107,117,60
melden,2,23,-1116,-2776,13764,-148,92,43
melden,2,24,-1292,-3112,13612,-150,34,75
melden,2,25,-1500,-3260,13616,-89,-1,135
melden,2,26,-1620,-3224,13788,-20,-131,159
melden,2,27,-1348,-2996,13440,-2,-166,153
melden,2,28,-732,-2704,13272,-31,-89,120
melden,2,29,-428,-2752,13624,-59,31,124
melden,2,30,-500,-2436,13608,-100,98,146
melden,2,31,-1228,-2648,14404,-189,144,162
melden,2,32,-2392,-2848,15292,-286,177,170
melden,2,33,-2556,-3484,15248,-414,305,237
melden,2,34,-4244,-4420,17288,-285,-126,495
melden,2,35,-8232,-6900,19544,-71,-978,644
melden,2,36,-12900,-10260,22976,508,-2375,683
melden,2,37,-13960,-12716,26548,1438,-3768,468
melden,2,38,-10112,-11176,31256,2036,-4238,558
melden,2,39,-4952,-3624,32767,1054,-3560,1432
melden,2,40,1828,-1188,32767,-296,-3305,1887
melden,2,41,5276,2272,32767,-3090,-1496,1090
melden,2,42,3096,1192,32767,-6416,1595,604
melden,2,43,-2224,-3084,32767,-9203,3117,-349
melden,2,44,-6452,-7392,32767,-10544,2263,-1013
melden,2,45,-4612,-7868,32767,-11146,449,-1278
melden,2,46,-1884,-6760,32767,-11445,-1000,-1037
melden,2,47,556,-5004,32767,-11542,-2248,-567
melden,2,48,3928,-2964,28180,-11633,-2807,-100
melden,2,49,7384,-2260,23152,-11783,-2321,378
melden,2,50,10144,-2388,18948,-11978,-1108,742
melden,2,51,9840,-4076,15452,-12198,218,891
melden,2,52,9636,-6104,12924,-12007,1232,1055
melden,2,53,8948,-8120,10236,-12014,2426,962
melden,2,54,7992,-10904,8400,-11904,3549,645
melden,2,55,6808,-15364,5972,-11664,4760,184
melden,2,56,6724,-18780,3888,-11160,5878,-348
melden,2,57,4864,-22500,2028,-10513,7298,-1146
melden,2,58,2956,-24668,980,-9759,8757,-2246
melden,2,59,268,-27292,-60,-8697,9835,-3422
melden,2,60,-1708,-28572,-1220,-7348,10793,-4824
melden,2,61,-3912,-28576,-928,-5795,11488,-6025
melden,2,62,-7856,-23248,-4756,-3352,11269,-7767
melden,2,63,-4712,-10324,2940,-1762,12305,-9001
melden,2,64,-4208,600,2824,240,12652,-9782
melden,2,65,-3796,11820,3436,2578,12151,-10196
melden,2,66,-3152,18532,7080,5150,9924,-9678
melden,2,67,380,24492,9132,7429,6653,-8505
melden,2,68,2776,29824,9880,8606,3682,-6837
melden,2,69,5380,29060,11848,7303,1687,-5508
melden,2,70,4136,19164,476,5627,1162,-4899
melden,2,71,784,6612,-13012,4873,1110,-5172
melden,2,72,-6236,5084,-18580,4843,49,-5662
melden,2,73,-4576,6476,-18024,3713,-2439,-5091
melden,2,74,1904,-1340,-15308,2654,-5513,-3802
melden,2,75,9148,-7468,-12564,2002,-6930,-2452
melden,2,76,10356,-9416,-5520,649,-7101,-1245
melden,2,77,8100,-11608,-224,-584,-7031,-85
melden,2,78,7160,-11920,436,-1718,-6066,821
melden,2,79,8820,-11216,-1988,-2932,-3301,1269
melden,2,80,9204,-11588,-3312,-4053,14,1445
melden,2,81,7700,-14000,-4028,-4502,2503,1401
melden,2,82,6612,-15416,-3488,-4334,3685,1215
melden,2,83,5964,-16144,-1964,-3938,3256,926
melden,2,84,5524,-16992,-1232,-3279,1883,700
melden,2,85,7240,-17068,-1836,-2615,582,660
melden,2,86,8944,-17300,-2348,-2084,-46,764
melden,2,87,9040,-17628,-1860,-1592,-479,693
melden,2,88,8772,-16604,-1580,-1388,-913,452
melden,2,89,7512,-17244,-964,-1058,-1397,353
melden,2,90,5788,-17024,-568,-546,-2236,406
melden,2,91,5584,-16504,-1056,-43,-3028,540
melden,2,92,6488,-15580,-1756,238,-3247,632
melden,2,93,7116,-15264,-1808,338,-2782,637
melden,2,94,6868,-14760,-1932,264,-1929,547
melden,2,95,6888,-14548,-1780,164,-879,395
melden,2,96,6424,-14852,-1228,21,164,314
melden,2,97,6032,-14244,-492,-79,893,296
melden,2,98,5724,-14408,260,-103,1315,339
melden,2,99,5344,-14448,936,-109,1530,398
melden,2,100,5324,-14436,1592,-106,1629,465
melden,2,101,4804,-14620,2228,-117,1613,532
melden,2,102,4524,-14400,2560,-95,1500,584
melden,2,103,4448,-14696,2688,-83,1392,603
melden,2,104,4404,-15088,2992,-114,1312,592
melden,2,105,4108,-15524,3224,-158,1231,578
melden,2,106,4008,-15492,3480,-167,1111,547
melden,2,107,3740,-15360,3512,-211,980,494
melden,2,108,3624,-15500,3524,-264,875,450
melden,2,109,3540,-15540,3428,-316,814,409
melden,2,110,3612,-15404,3636,-353,757,367
melden,2,111,3400,-15340,3556,-369,721,342
melden,2,112,3180,-15668,3604,-339,661,316
melden,2,113,3224,-15712,3416,-326,643,283
melden,2,114,3120,-15236,3500,-313,601,261
melden,2,115,2976,-15424,3388,-270,528,231
melden,2,116,3320,-15252,3348,-248,499,201
melden,2,117,3104,-15056,3576,-205,465,174
melden,2,118,2884,-15248,3692,-164,332,116
melden,2,119,3092,-15240,3548,-99,258,96
melden,2,120,3216,-15192,3536,-63,169,42
melden,2,121,3268,-15104,3636,-65,123,10
melden,2,122,3196,-15140,3580,-64,30,-19
melden,2,123,3300,-15220,3500,-50,-69,-38
melden,2,124,3428,-15044,3676,-63,-144,-71
melden,2,125,3560,-15172,3584,-94,-216,-97
melden,2,126,3860,-15308,3396,-132,-244,-111
melden,2,127,3756,-15492,3504,-175,-202,-142
melden,2,128,3896,-15332,3472,-192,-183,-156
melden,2,129,3928,-15132,3472,-218,-195,-167
melden,2,130,4196,-15136,3404,-222,-178,-185
melden,2,131,4560,-14936,3196,-242,-120,-197
melden,2,132,4428,-15020,3144,-275,-46,-193
melden,2,133,4300,-15148,3080,-270,-13,-202
melden,2,134,4392,-14992,3216,-281,-47,-208
melden,2,135,4564,-15152,3116,-312,-76,-191
melden,2,136,4664,-15368,2948,-284,-59,-160
melden,2,137,4624,-15180,2864,-276,-63,-141
melden,2,138,4848,-15112,2564,-271,-52,-123
melden,2,139,4752,-15224,2632,-261,-49,-127
melden,2,140,4552,-15272,2688,-247,-69,-124
melden,2,141,4592,-15156,2572,-221,-103,-139
melden,2,142,4688,-15332,2616,-191,-123,-130
melden,2,143,4664,-15232,2648,-189,-135,-123
melden,2,144,4708,-15144,2600,-185,-129,-116
melden,2,145,4672,-15240,2376,-193,-108,-97
melden,2,146,4576,-15228,2736,-173,-129,-77
melden,2,147,4824,-15220,2600,-171,-93,-67
melden,2,148,4776,-15044,2400,-205,-6,-63
melden,2,149,4828,-15084,2296,-225,72,-66
melden,2,150,4680,-15200,2596,-232,141,-66
melden,2,151,4844,-15064,2576,-246,211,-69
melden,2,152,4496,-15256,2600,-244,242,-59
melden,2,153,4552,-15100,2588,-232,236,-61
melden,2,154,4724,-15048,2612,-213,237,-62
melden,2,155,4568,-15132,2524,-209,202,-66
melden,2,156,4552,-14976,2496,-202,158,-65
melden,2,157,4580,-15100,2540,-222,117,-51
melden,2,158,4632,-15236,2376,-215,72,-34
melden,2,159,4564,-15292,2356,-219,27,-24
melden,2,160,4548,-15428,2244,-220,28,-6
melden,2,161,4648,-15248,2460,-207,78,-13
melden,2,162,4636,-15236,2652,-214,172,-26
melden,2,163,4380,-15316,2708,-206,240,-46
melden,2,164,4384,-15232,2880,-175,242,-58
melden,2,165,4284,-15212,3060,-162,188,-59
melden,2,166,4492,-15132,2888,-148,151,-70
melden,2,167,4340,-15128,3056,-156,76,-64
melden,2,168,4348,-15264,2904,-144,4,-65
melden,2,169,4340,-15272,2928,-134,-73,-65
melden,2,170,4368,-15304,3040,-125,-170,-67
melden,2,171,4484,-15240,2840,-137,-229,-73
melden,2,172,4480,-15120,2920,-142,-265,-81
melden,2,173,4432,-15048,2896,-155,-308,-74
melden,2,174,4596,-15184,2848,-184,-354,-47
melden,2,175,4744,-15436,2676,-195,-356,-34
melden,2,176,4820,-15348,2468,-202,-269,-35
melden,2,177,4732,-15168,2676,-233,-163,-33
melden,2,178,4608,-15120,2452,-270,-55,-44
melden,2,179,4760,-15332,2304,-294,3,-36
melden,2,180,4636,-15412,2452,-273,45,-17
melden,2,181,4556,-15160,2476,-272,50,-18
melden,2,182,4696,-15092,2420,-289,49,-2
melden,2,183,4724,-15284,2588,-301,51,6
melden,2,184,4752,-15280,2460,-304,48,12
melden,2,185,4708,-15272,2368,-294,20,8
melden,2,186,4532,-15328,2180,-266,-3,-4
melden,2,187,4664,-15128,2288,-235,-31,10
melden,2,188,4696,-15248,2368,-215,-70,16
melden,2,189,4648,-15352,2164,-205,-55,28
melden,2,190,4704,-15364,2216,-201,23,25
melden,2,191,4740,-15256,2140,-200,122,20
melden,2,192,4680,-15220,2300,-213,193,18
melden,2,193,4624,-15240,2244,-217,224,25
melden,2,194,4424,-15240,2136,-216,223,49
melden,2,195,4420,-15256,2228,-214,201,55
melden,2,196,4480,-15484,2080,-188,207,47
melden,2,197,4384,-15432,1972,-185,225,27
melden,2,198,4392,-15432,2228,-191,263,17
melden,2,199,4404,-15528,2508,-180,238,20
melden,2,200,4432,-15480,2496,-173,195,19
melden,2,201,4296,-15404,2456,-143,171,27
melden,2,202,4368,-15272,2428,-130,140,21
melden,2,203,4344,-15300,2428,-130,95,29
melden,2,204,4416,-15236,2420,-136,73,42
melden,2,205,4236,-15284,2440,-141,78,38
melden,2,206,3972,-15432,2456,-141,54,46
melden,2,207,4048,-15352,2488,-160,22,51
melden,2,208,3980,-15412,2508,-170,-18,57
melden,2,209,4000,-15400,2572,-180,-80,76
melden,2,210,3960,-15208,2596,-189,-164,103
melden,2,211,4132,-15184,2508,-199,-224,116
melden,2,212,4112,-15376,2532,-215,-232,115
melden,2,213,4104,-15320,2528,-231,-189,105
melden,2,214,3996,-15432,2588,-251,-161,80
melden,2,215,3920,-15460,2472,-265,-132,71
melden,2,216,3920,-15464,2392,-275,-75,45
melden,2,217,3856,-15540,2516,-283,-30,30
melden,2,218,3940,-15680,2252,-269,-28,15
melden,2,219,3876,-15524,2340,-254,-26,11
melden,2,220,3968,-15760,2400,-234,-54,0
melden,2,221,3956,-15748,2168,-213,-53,-20
melden,2,222,3948,-15636,2272,-305,-42,-52
melden,2,223,3776,-15860,2436,-176,-7,-33
melden,2,224,3876,-15544,2248,-131,-35,-52
melden,2,225,3844,-15396,2304,-150,-16,-67
melden,2,226,3912,-15504,2272,-148,-23,-71
melden,2,227,3960,-15492,2116,-160,-19,-71
melden,2,228,4120,-15520,1960,-178,5,-59
melden,2,229,4264,-15436,1856,-200,72,-60
melden,2,230,4208,-15328,1568,-220,164,-58
melden,2,231,4128,-15260,1836,-225,226,-65
melden,2,232,3940,-15336,1968,-265,225,-89
melden,2,233,4040,-15588,2060,-178,250,-77
melden,2,234,4240,-15448,2060,-159,266,-68
melden,2,235,4032,-15580,2160,-160,233,-76
melden,2,236,4128,-15488,2300,-153,186,-56
melden,2,237,4160,-15564,1772,-150,147,-58
melden,2,238,4100,-15200,2000,-148,85,-49
melden,2,239,3928,-15392,1928,-152,-21,-40
melden,2,240,4052,-15312,1812,-156,-137,-8
melden,2,241,4076,-15240,1576,-162,-219,33
melden,2,242,3872,-15160,1708,-189,-247,74
melden,2,243,3980,-15280,1264,-220,-214,99
melden,2,244,3920,-15084,1152,-266,-129,114
melden,2,245,3648,-13516,760,-589,-46,104
melden,2,246,3844,-15660,876,-430,116,159
melden,2,247,3700,-14976,932,-427,174,167
melden,2,248,3536,-14772,944,-475,189,212
melden,2,249,3516,-14452,836,-489,170,297
melden,2,250,3244,-13948,632,-578,84,414
melden,2,251,3264,-13656,380,-641,-111,573
melden,2,252,3124,-13040,200,-757,-391,824
melden,2,253,3216,-12916,-148,-913,-697,1116
melden,2,254,3252,-13028,-580,-1135,-798,1425
melden,2,255,3252,-12320,-1212,-1394,-622,1666
melden,2,256,2580,-12972,-2124,-1632,-375,1679
melden,2,257,2912,-13820,-2276,-1791,92,1603
melden,2,258,2960,-13576,-2104,-1878,536,1570
melden,2,259,2428,-12780,-1428,-1963,565,1643
melden,2,260,1996,-13104,-1044,-1914,243,1759
melden,2,261,1964,-11972,-1216,-1774,-202,2008
melden,2,262,1904,-10648,-1064,-1710,-701,2318
melden,2,263,1724,-9652,-1508,-1764,-1192,2609
melden,2,264,1728,-10508,-2028,-1783,-1715,2861
melden,2,265,1900,-10632,-2908,-1740,-2013,3086
melden,2,266,2292,-13016,-3480,-1578,-2139,3226
melden,2,267,1860,-12868,-3772,-1301,-1987,3301
melden,2,268,1232,-12496,-3564,-1121,-1936,3330
melden,2,269,624,-11772,-3400,-1009,-1948,3324
melden,2,270,-432,-12316,-3352,-1020,-1979,3198
melden,2,271,-264,-14312,-3440,-1035,-1895,3046
melden,2,272,164,-16028,-3428,-948,-1676,2932
melden,2,273,644,-16764,-3376,-857,-1214,2851
melden,2,274,240,-16244,-2536,-767,-740,2755
melden,2,275,-300,-17272,-2608,-881,-307,2536
melden,2,276,-300,-19608,-2552,-932,282,2261
melden,2,277,-1180,-20452,-2412,-788,810,1981
melden,2,278,-1868,-20828,-2280,-731,1139,1674
melden,2,279,-1624,-23100,-2576,-693,1625,1369
melden,2,280,-1800,-23136,-2340,-435,2161,1091
melden,2,281,-2536,-22132,-1832,-319,2495,799
melden,2,282,-2836,-22012,-1032,-243,2782,571
melden,2,283,-3272,-21560,-128,-55,2833,431
melden,2,284,-4044,-21716,1268,35,2713,329
melden,2,285,-4184,-22844,2116,227,2440,282
melden,2,286,-3964,-22492,3116,515,2170,218
melden,2,287,-3568,-22284,3528,644,1969,151
melden,2,288,-3576,-22420,3804,732,1885,93
melden,2,289,-3676,-22076,3848,829,1895,-9
melden,2,290,-3764,-21332,3976,813,1854,-133
melden,2,291,-4132,-21612,3480,787,1802,-285
melden,2,292,-3956,-21744,2708,775,1841,-392
melden,2,293,-4572,-21560,2704,786,1742,-506
melden,2,294,-4000,-21540,1800,826,1766,-623
melden,2,295,-3768,-20884,1956,878,1756,-743
melden,2,296,-3864,-19676,3656,839,1538,-791
melden,2,297,-4220,-18628,5392,772,1099,-753
melden,2,298,-4592,-18212,5760,736,509,-759
melden,2,299,-4596,-18152,5972,776,19,-845
melden,3,0,-9376,-4284,15140,-3644,4484,1294
melden,3,1,-12552,-2624,20564,-3729,5021,931
melden,3,2,-13444,-3096,19380,-3853,5123,-10
melden,3,3,-11396,-2952,17256,-4049,5464,-342
melden,3,4,-11836,-3468,18380,-4449,6210,-1041
melden,3,5,-11264,-4512,19052,-5001,6954,-1808
melden,3,6,-11560,-6016,18832,-5552,7676,-2573
melden,3,7,-12336,-7120,18216,-5952,8019,-3377
melden,3,8,-12204,-7812,17100,-6171,8115,-4038
melden,3,9,-11660,-8228,14624,-6360,8155,-4600
melden,3,10,-11308,-8504,12164,-6390,8154,-5132
melden,3,11,-10864,-9292,9216,-6169,8279,-5583
melden,3,12,-11648,-10104,6500,-5761,8276,-6083
melden,3,13,-11608,-11180,4204,-5280,8255,-6637
melden,3,14,-12376,-12428,3040,-4632,8018,-7141
melden,3,15,-12912,-13212,2716,-3912,7561,-7598
melden,3,16,-12720,-13200,2656,-3287,6975,-8036
melden,3,17,-11760,-13012,-700,-2268,6390,-8222
melden,3,18,-13496,-16112,-1668,-1402,5861,-8697
melden,3,19,-12984,-14624,-64,-588,4896,-9097
melden,3,20,-12360,-14984,12,419,3525,-9236
melden,3,21,-12224,-14788,2520,1397,1702,-9611
melden,3,22,-11256,-14368,2908,2101,34,-9965
melden,3,23,-10264,-13944,1856,2714,-1368,-10434
melden,3,24,-9772,-11924,1996,3305,-2533,-11195
melden,3,25,-10952,-9160,2804,3973,-3948,-11905
melden,3,26,-10484,-4244,5028,4889,-5946,-12328
melden,3,27,-8140,1364,4056,5461,-7727,-12260
melden,3,28,-6564,4732,3080,5843,-9127,-11985
melden,3,29,-3108,8776,2244,6106,-10334,-11636
melden,3,30,-876,13416,2140,6156,-11775,-10913
melden,3,31,812,11104,1940,6983,-14393,-9120
melden,3,32,4312,8488,-2476,7730,-16881,-6650
melden,3,33,7844,4520,-9084,7744,-16791,-4951
melden,3,34,6804,2316,-14256,6951,-13267,-3444
melden,3,35,1676,1528,-16628,5305,-8080,-2846
melden,3,36,3068,-668,-17932,2966,-2459,-2742
melden,3,37,6772,-3816,-15420,557,3543,-2293
melden,3,38,9176,-7368,-11024,-1685,7982,-1538
melden,3,39,9044,-10328,-6676,-3371,10103,-264
melden,3,40,7204,-10304,-2612,-4494,9310,861
melden,3,41,5740,-10868,-212,-5100,6858,1542
melden,3,42,5576,-12832,1436,-5103,4166,1650
melden,3,43,4064,-14960,3088,-4584,1877,1634
melden,3,44,3164,-16188,4796,-3751,-268,1515
melden,3,45,3556,-16904,5000,-2893,-1861,1376
melden,3,46,4996,-16588,4968,-2187,-2671,1256
melden,3,47,4660,-17064,4716,-1587,-2994,1172
melden,3,48,4204,-17384,4520,-1048,-3281,1100
melden,3,49,5048,-17688,3036,-570,-3232,1024
melden,3,50,5596,-17064,1632,-296,-2806,887
melden,3,51,5840,-16980,764,-209,-2056,668
melden,3,52,5200,-16764,456,-148,-1301,461
melden,3,53,4604,-16292,736,-75,-745,302
melden,3,54,4120,-15552,1440,-13,-411,224
melden,3,55,3772,-15184,2432,21,-293,202
melden,3,56,3692,-15040,2736,43,-172,187
melden,3,57,3924,-14496,3236,21,30,152
melden,3,58,3952,-14368,3736,-52,220,103
melden,3,59,3944,-14452,3768,-164,331,90
melden,3,60,3872,-14428,4028,-248,380,79
melden,3,61,3728,-14848,4136,-248,395,85
melden,3,62,3676,-14216,4208,-321,367,71
melden,3,63,3936,-14636,3800,-313,344,71
melden,3,64,3644,-14380,3724,-355,310,83
melden,3,65,3596,-14672,3652,-350,260,38
melden,3,66,3944,-14768,3496,-369,267,32
melden,3,67,3956,-14676,3356,-417,360,16
melden,3,68,3948,-15040,3148,-420,439,-12
melden,3,69,3928,-15012,3136,-409,511,-26
melden,3,70,4324,-14952,3080,-441,606,-55
melden,3,71,4156,-15104,2960,-475,751,-75
melden,3,72,3780,-15328,2904,-469,747,-94
melden,3,73,3784,-15332,2872,-414,608,-90
melden,3,74,3284,-16044,3368,-335,414,-67
melden,3,75,4260,-14620,3196,-340,217,13
melden,3,76,4256,-15124,2792,-312,126,-13
melden,3,77,4288,-15044,2864,-277,59,15
melden,3,78,4404,-14744,2788,-226,-40,53
melden,3,79,4420,-14992,3016,-206,-164,112
melden,3,80,4444,-15080,3084,-127,-260,147
melden,3,81,4108,-14812,3200,-148,-269,139
melden,3,82,4096,-14780,3256,-188,-324,123
melden,3,83,4420,-14800,3048,-228,-337,148
melden,3,84,4520,-14960,2860,-273,-304,160
melden,3,85,4484,-14848,2704,-304,-264,184
melden,3,86,4120,-15000,2660,-307,-277,177
melden,3,87,4092,-15156,2964,-326,-278,149
melden,3,88,4404,-15232,2824,-345,-177,104
melden,3,89,4292,-15096,3184,-372,-86,81
melden,3,90,4232,-15208,3220,-389,-26,77
melden,3,91,4092,-15184,3168,-371,-37,75
melden,3,92,4272,-15120,3080,-333,-29,63
melden,3,93,4116,-15172,3380,-312,-20,52
melden,3,94,3996,-15316,3376,-265,-85,51
melden,3,95,4032,-15024,3248,-227,-138,57
melden,3,96,4296,-15016,3104,-220,-120,45
melden,3,97,4020,-15296,3240,-207,-71,38
melden,3,98,3980,-15304,3140,-183,-31,9
melden,3,99,4024,-15268,3400,-178,24,-13
melden,3,100,3852,-15164,3432,-186,49,-13
melden,3,101,3804,-15364,3608,-138,22,-27
melden,3,102,3892,-14968,3772,-136,21,-26
melden,3,103,3972,-14960,3592,-163,65,-52
melden,3,104,3896,-15220,3456,-191,119,-65
melden,3,105,3960,-15076,3288,-197,140,-68
melden,3,106,3984,-15320,3096,-201,136,-69
melden,3,107,4040,-15280,3084,-185,146,-74
melden,3,108,4056,-15084,3224,-169,164,-80
melden,3,109,4100,-15052,3564,-160,132,-81
melden,3,110,4172,-14972,3852,-150,92,-69
melden,3,111,4080,-15076,3876,-121,-44,-47
melden,3,112,4472,-15072,3500,-123,-71,-45
melden,3,113,4312,-14948,3456,-137,-31,-53
melden,3,114,4416,-14700,3148,-196,58,-65
melden,3,115,4344,-14904,3200,-247,132,-75
melden,3,116,4248,-14764,2852,-287,171,-57
melden,3,117,4164,-14732,2812,-332,152,-27
melden,3,118,4092,-15060,2776,-381,106,-2
melden,3,119,4256,-15212,2620,-392,54,33
melden,3,120,4288,-15072,2664,-374,44,63
melden,3,121,4408,-15208,2620,-364,57,64
melden,3,122,4344,-15268,2712,-354,98,66
melden,3,123,4240,-15384,2612,-315,106,56
melden,3,124,4364,-15376,2768,-272,90,50
melden,3,125,4332,-15296,2880,-252,73,61
melden,3,126,4288,-15352,2640,-218,-10,73
melden,3,127,4412,-15328,2648,-207,0,92
melden,3,128,4308,-15372,2420,-218,49,80
melden,3,129,4096,-15328,2616,-216,73,63
melden,3,130,4052,-15352,2860,-202,18,48
melden,3,131,4040,-15380,2528,-188,-33,61
melden,3,132,4024,-15204,2696,-220,-93,59
melden,3,133,3968,-15524,2984,-127,-137,56
melden,3,134,3996,-15256,3088,-91,-140,43
melden,3,135,3960,-15236,2968,-102,-119,34
melden,3,136,3840,-15356,3112,-83,-116,25
melden,3,137,3808,-15260,3000,-63,-124,18
melden,3,138,3652,-15192,3136,-74,-118,19
melden,3,139,3664,-15288,2952,-72,-127,19
melden,3,140,3648,-15616,2916,-99,-121,12
melden,3,141,3440,-15316,3080,-117,-85,-1
melden,3,142,3272,-15180,3348,-143,-67,-27
melden,3,143,3180,-15224,3496,-220,-79,-47
melden,3,144,3172,-15464,3548,-205,-63,-52
melden,3,145,3208,-15256,3488,-237,-15,-65
melden,3,146,3100,-15388,3288,-278,8,-92
melden,3,147,3116,-15456,3428,-293,88,-102
melden,3,148,3152,-15676,3456,-288,171,-142
melden,3,149,3252,-15608,3260,-296,303,-189
melden,3,150,3020,-15580,3476,-293,370,-244
melden,3,151,3080,-15560,3372,-258,386,-298
melden,3,152,3260,-15476,3116,-227,408,-326
melden,3,153,3280,-15528,3420,-212,384,-344
melden,3,154,3296,-15456,3420,-191,322,-349
melden,3,155,3384,-15260,3472,-156,209,-343
melden,3,156,3652,-15280,3336,-149,85,-335
melden,3,157,3800,-15220,2964,-142,-28,-322
melden,3,158,3984,-15008,3108,-167,-67,-321
melden,3,159,4000,-14960,2964,-201,-132,-318
melden,3,160,4196,-15124,3028,-222,-185,-303
melden,3,161,4256,-14940,2704,-239,-204,-281
melden,3,162,4348,-15076,2696,-267,-162,-275
melden,3,163,4396,-15056,2560,-285,-129,-258
melden,3,164,4548,-15196,2428,-304,-105,-248
melden,3,165,4860,-15308,2252,-319,-33,-234
melden,3,166,4712,-15368,2312,-323,35,-212
melden,3,167,4508,-15248,2356,-295,16,-200
melden,3,168,4548,-15472,2208,-271,-28,-181
melden,3,169,4692,-15400,2116,-233,-19,-170
melden,3,170,4580,-15400,1984,-198,4,-167
melden,3,171,4592,-15468,2060,-174,8,-179
melden,3,172,4552,-15324,2052,-158,57,-181
melden,3,173,4352,-15276,2060,-134,55,-186
melden,3,174,4336,-15436,2220,-89,-9,-179
melden,3,175,4384,-15348,2128,-46,-73,-167
melden,3,176,4496,-15260,2244,-38,-104,-162
melden,3,177,4672,-15176,2284,-69,-75,-162
melden,3,178,4544,-15172,2368,-96,-75,-153
melden,3,179,4636,-15044,2160,-113,-61,-153
melden,3,180,4600,-14976,2476,-119,-69,-122
melden,3,181,4340,-15136,2432,-95,-181,-115
melden,3,182,4340,-15248,2356,-50,-255,-110
melden,3,183,4556,-15040,2160,-52,-192,-112
melden,3,184,4792,-15060,2348,-97,-73,-122
melden,3,185,4636,-15244,2404,-122,87,-127
melden,3,186,4504,-15164,2732,-130,164,-137
melden,3,187,4524,-15168,2604,-136,191,-137
melden,3,188,4544,-15244,2528,-102,160,-133
melden,3,189,4756,-15200,2516,-67,103,-116
melden,3,190,4720,-15176,2620,-64,88,-90
melden,3,191,4664,-15256,2632,-54,98,-90
melden,3,192,4628,-15196,2728,-54,126,-93
melden,3,193,4624,-15208,2904,-45,125,-84
melden,3,194,4704,-15092,2804,-53,166,-79
melden,3,195,4516,-15204,2916,-65,191,-88
melden,3,196,4620,-15380,3036,-86,216,-83
melden,3,197,4624,-15320,3212,-76,213,-81
melden,3,198,4480,-15228,2976,-74,202,-75
melden,3,199,4524,-15316,3176,-88,153,-71
melden,3,200,4568,-15092,3044,-108,158,-70
melden,3,201,4456,-15100,3248,-119,131,-62
melden,3,202,4416,-15152,3112,-120,84,-51
melden,3,203,4328,-15008,3340,-129,49,-33
melden,3,204,4420,-14912,3116,-146,26,-23
melden,3,205,4400,-15236,3128,-175,6,-7
melden,3,206,4376,-15256,3000,-183,37,1
melden,3,207,4324,-15144,2972,-201,73,-9
melden,3,208,4324,-15208,3040,-214,84,-16
melden,3,209,4520,-15228,3076,-227,102,-16
melden,3,210,4392,-15328,3048,-220,117,-21
melden,3,211,4224,-15408,2900,-211,101,-32
melden,3,212,4352,-15300,3040,-183,44,-40
melden,3,213,4400,-15204,2876,-176,-9,-38
melden,3,214,4328,-15280,3108,-173,-23,-30
melden,3,215,4296,-15160,2764,-176,1,-36
melden,3,216,4108,-15288,2716,-175,5,-40
melden,3,217,4164,-15492,2716,-186,-6,-49
melden,3,218,4272,-15500,2784,-166,-10,-45
melden,3,219,4288,-15168,2664,-161,18,-41
melden,3,220,4348,-15132,2480,-164,41,-61
melden,3,221,4304,-15220,2636,-161,58,-78
melden,3,222,4256,-15140,2584,-169,43,-85
melden,3,223,4144,-15452,2676,-163,15,-82
melden,3,224,4284,-15400,2460,-131,-3,-73
melden,3,225,4320,-15428,2632,-109,0,-59
melden,3,226,4316,-15304,2496,-130,48,-60
melden,3,227,4288,-15308,2752,-138,89,-72
melden,3,228,4036,-15364,2872,-141,87,-77
melden,3,229,4196,-15292,2552,-125,70,-61
melden,3,230,4160,-15136,2468,-123,57,-47
melden,3,231,4232,-15348,2548,-135,52,-45
melden,3,232,4144,-15248,2504,-151,70,-49
melden,3,233,4200,-15156,2640,-166,89,-61
melden,3,234,4324,-15108,2892,-164,70,-69
melden,3,235,4296,-15284,2668,-166,53,-64
melden,3,236,4284,-15356,2672,-169,61,-58
melden,3,237,4228,-15272,2684,-163,62,-62
melden,3,238,4260,-15268,2720,-162,53,-51
melden,3,239,4184,-15296,2796,-152,34,-45
melden,3,240,4308,-15352,2648,-140,25,-50
melden,3,241,4288,-15236,2640,-133,51,-53
melden,3,242,4200,-15248,2724,-123,81,-59
melden,3,243,4356,-15312,2624,-118,91,-66
melden,3,244,4228,-15228,2720,-117,99,-66
melden,3,245,4296,-15292,2592,-128,74,-72
melden,3,246,4360,-15308,2624,-120,54,-70
melden,3,247,4316,-15132,2608,-120,22,-51
melden,3,248,4448,-15252,2580,-108,9,-47
melden,3,249,4432,-15268,2672,-99,33,-46
melden,3,250,4224,-15280,2644,-104,48,-46
melden,3,251,4352,-15392,2652,-105,57,-37
melden,3,252,4284,-15292,2760,-114,110,-34
melden,3,253,4312,-15368,2616,-135,150,-36
melden,3,254,4292,-15408,2572,-137,180,-45
melden,3,255,4272,-15280,2912,-137,162,-47
melden,3,256,4040,-15284,2748,-128,94,-52
melden,3,257,4184,-15232,2864,-103,56,-43
melden,3,258,4200,-15360,2764,-108,20,-46
melden,3,259,4144,-15372,2740,-99,-25,-41
melden,3,260,4368,-15352,2572,-96,-24,-43
melden,3,261,4312,-15364,2472,-115,35,-56
melden,3,262,3992,-15332,2676,-114,72,-68
melden,3,263,4100,-15228,2940,-110,99,-68
melden,3,264,4120,-15260,2828,-107,95,-64
melden,3,265,4196,-15284,2776,-87,64,-55
melden,3,266,4212,-15104,2564,-88,63,-40
melden,3,267,4148,-15368,2832,-97,59,-45
melden,3,268,4244,-15240,2812,-110,71,-44
melden,3,269,4164,-15188,2852,-121,60,-45
melden,3,270,4196,-15112,2808,-129,37,-37
melden,3,271,4280,-15292,2456,-124,49,-38
melden,3,272,4196,-15240,2684,-120,93,-42
melden,3,273,4104,-15104,2596,-121,83,-42
melden,3,274,4132,-15084,2804,-131,73,-38
melden,3,275,4160,-15236,2912,-130,75,-25
melden,3,276,4192,-15168,2672,-137,60,-7
melden,3,277,4184,-15168,2664,-137,55,1
melden,3,278,4148,-15368,2748,-143,73,2
melden,3,279,4188,-15432,2744,-142,124,-7
melden,3,280,4252,-15304,2596,-121,157,-11
melden,3,281,4144,-15240,2672,-118,157,-22
melden,3,282,4084,-15420,2896,-128,142,-25
melden,3,283,4064,-15308,3020,-131,118,-28
melden,3,284,4116,-15268,2832,-138,98,-29
melden,3,285,4084,-15388,2728,-142,82,-23
melden,3,286,3948,-15284,2712,-143,79,-35
melden,3,287,3996,-15340,2872,-138,57,-36
melden,3,288,4044,-15392,2848,-143,33,-36
melden,3,289,3976,-15184,2904,-141,21,-34
melden,3,290,4264,-15536,2852,-185,40,-72
melden,3,291,3740,-15548,2976,-120,90,-56
melden,3,292,3968,-15424,3036,-113,69,-69
melden,3,293,3880,-15272,2880,-115,75,-58
melden,3,294,3984,-15192,2872,-110,59,-52
melden,3,295,3940,-15304,2736,-122,39,-71
melden,3,296,3960,-15364,2876,-126,50,-65
melden,3,297,3888,-15276,2904,-136,44,-71
melden,3,298,3932,-15376,2848,-133,44,-72
melden,3,299,3972,-15216,2888,-139,60,-73
melden,4,0,-6432,-6708,23852,-8091,4220,-1526
melden,4,1,-4996,-7884,22092,-8898,4803,-2198
melden,4,2,-3820,-9208,19636,-9641,5650,-2812
melden,4,3,-2668,-10516,16576,-10215,6640,-3407
melden,4,4,-2224,-12160,13432,-10681,7808,-4005
melden,4,5,-2884,-14576,11132,-10991,9003,-4655
melden,4,6,-5432,-17456,9556,-10913,9572,-5322
melden,4,7,-7576,-19540,9116,-10213,9314,-5954
melden,4,8,-9244,-22112,10288,-9741,8424,-6219
melden,4,9,-10508,-23864,10400,-8690,6966,-6942
melden,4,10,-7556,-22136,9152,-7542,5454,-7200
melden,4,11,-5020,-20932,7816,-6695,4648,-7335
melden,4,12,-3960,-21056,4844,-5848,4080,-7543
melden,4,13,-2756,-21156,1980,-5244,4278,-7934
melden,4,14,-2348,-22440,120,-4453,4538,-8456
melden,4,15,-2692,-23380,-960,-3285,4652,-8959
melden,4,16,-4020,-23228,-2428,-1753,4203,-9514
melden,4,17,-7040,-22172,-2316,-38,3118,-10131
melden,4,18,-6764,-19964,-1032,2040,1578,-10628
melden,4,19,-6604,-12096,756,4198,492,-11173
melden,4,20,-4712,500,1688,5812,373,-11539
melden,4,21,-2676,12008,4800,7007,-622,-11782
melden,4,22,172,18000,6916,8179,-1948,-11330
melden,4,23,2044,23108,7948,9785,-3494,-9665
melden,4,24,676,25876,10544,10271,-5564,-7854
melden,4,25,848,22304,7356,9636,-6984,-6363
melden,4,26,856,13336,-1860,8295,-7512,-5346
melden,4,27,-752,3940,-14692,7412,-7534,-5017
melden,4,28,608,2324,-22168,7131,-7068,-4076
melden,4,29,3432,1524,-20652,5607,-5462,-3002
melden,4,30,10580,-1616,-14516,3058,-2880,-2345
melden,4,31,11624,-8288,-5660,590,-434,-1479
melden,4,32,11332,-11340,696,-1202,1219,-197
melden,4,33,10188,-11856,3216,-2831,2585,982
melden,4,34,8196,-12328,3256,-4104,3530,1922
melden,4,35,6692,-13136,2476,-4683,3669,2516
melden,4,36,5456,-12976,2028,-4690,3297,2786
melden,4,37,4028,-13568,2272,-4370,2625,2679
melden,4,38,4600,-13844,3052,-3768,1657,2463
melden,4,39,5660,-14096,3880,-3147,600,2172
melden,4,40,6588,-14500,4004,-2487,-485,1898
melden,4,41,6860,-15732,3540,-1821,-1461,1652
melden,4,42,6496,-16388,3332,-1224,-2184,1426
melden,4,43,6300,-16820,2360,-689,-2719,1174
melden,4,44,6820,-16560,1404,-314,-2802,943
melden,4,45,7184,-16064,676,-142,-2439,719
melden,4,46,7340,-15316,680,-73,-1841,539
melden,4,47,7728,-14508,576,-46,-1093,414
melden,4,48,7376,-13728,1160,-85,-310,323
melden,4,49,7096,-13448,2156,-155,330,301
melden,4,50,6764,-13356,2512,-164,727,330
melden,4,51,6532,-13016,2828,-201,989,375
melden,4,52,6448,-13320,2988,-226,1128,425
melden,4,53,5964,-13420,3436,-220,1176,462
melden,4,54,6028,-13264,3872,-243,1205,470
melden,4,55,5740,-13232,4344,-298,1243,458
melden,4,56,5376,-13740,4820,-293,1218,436
melden,4,57,4856,-13552,5252,-261,1091,475
melden,4,58,4792,-13528,5488,-236,842,448
melden,4,59,4744,-13864,5396,-192,753,426
melden,4,60,4736,-13876,5352,-160,710,400
melden,4,61,4604,-14020,5376,-161,775,346
melden,4,62,4716,-14124,5700,-195,897,278
melden,4,63,4444,-14136,5760,-244,1008,230
melden,4,64,4604,-14448,5596,-283,1142,180
melden,4,65,3232,-15712,5504,-321,1195,123
melden,4,66,4392,-13876,5644,-366,1220,132
melden,4,67,4236,-14428,5580,-444,1289,79
melden,4,68,4112,-14368,5904,-440,1341,56
melden,4,69,3500,-14112,5996,-414,1131,26
melden,4,70,3688,-14296,6316,-391,927,43
melden,4,71,3464,-14240,6224,-356,688,53
melden,4,72,3448,-14112,6188,-295,361,78
melden,4,73,3580,-13940,6032,-253,71,82
melden,4,74,3676,-13864,5752,-249,-182,81
melden,4,75,3692,-13900,5816,-254,-393,54
melden,4,76,3900,-13736,5640,-233,-562,46
melden,4,77,4188,-13584,5264,-255,-645,41
melden,4,78,4408,-13696,5164,-282,-630,9
melden,4,79,4412,-13700,4788,-326,-574,-22
melden,4,80,4576,-14024,4728,-351,-479,-30
melden,4,81,4936,-13996,4996,-387,-333,-43
melden,4,82,4648,-13900,4764,-414,-198,-48
melden,4,83,4852,-14180,5092,-420,-164,-57
melden,4,84,4812,-14008,4916,-417,-155,-48
melden,4,85,5112,-14044,4800,-413,-168,-31
melden,4,86,5224,-14276,4688,-413,-154,-28
melden,4,87,5064,-14160,4468,-501,-128,-42
melden,4,88,5184,-14192,4608,-516,-131,-47
melden,4,89,5052,-14184,4656,-522,-140,-37
melden,4,90,5204,-14292,4324,-506,-121,-25
melden,4,91,5256,-14392,4240,-512,-50,-23
melden,4,92,5184,-14404,4356,-494,47,-14
melden,4,93,5056,-14420,4428,-491,84,-7
melden,4,94,4872,-14176,4364,-466,79,16
melden,4,95,5020,-14092,4384,-416,77,26
melden,4,96,5160,-14084,4232,-381,117,27
melden,4,97,5064,-14140,4132,-375,185,6
melden,4,98,4868,-14452,4440,-372,187,-16
melden,4,99,4764,-14428,4300,-341,134,-17
melden,4,100,4824,-14096,4252,-341,101,0
melden,4,101,4928,-14152,4072,-339,74,20
melden,4,102,5004,-14492,3736,-333,103,28
melden,4,103,4924,-14452,3604,-331,157,36
melden,4,104,4816,-14432,3888,-355,218,54
melden,4,105,4752,-14520,3828,-372,310,68
melden,4,106,4800,-14556,4008,-424,435,84
melden,4,107,4548,-14480,4012,-433,536,78
melden,4,108,4528,-14184,3792,-421,595,54
melden,4,109,4384,-14396,3924,-445,645,36
melden,4,110,4564,-14376,3976,-439,701,11
melden,4,111,4468,-14416,4140,-445,769,-23
melden,4,112,4460,-14696,4064,-426,730,-73
melden,4,113,4548,-14648,3932,-359,630,-105
melden,4,114,4632,-14540,4016,-315,585,-108
melden,4,115,4544,-14492,4104,-290,589,-110
melden,4,116,4488,-14528,4276,-258,581,-82
melden,4,117,4608,-14588,3948,-215,577,-53
melden,4,118,5000,-14388,3936,-182,691,-47
melden,4,119,4860,-14040,3640,-217,897,-46
melden,4,120,4736,-14220,3744,-210,1010,-47
melden,4,121,4628,-14072,3664,-187,1119,-4
melden,4,122,4532,-14424,4048,-162,1126,50
melden,4,123,4820,-14432,3952,-135,1159,105
melden,4,124,4860,-14324,4076,-112,1156,168
melden,4,125,5044,-14060,3736,-84,1147,224
melden,4,126,5660,-14068,3324,-101,1228,245
melden,4,127,5808,-13928,3280,-153,1382,281
melden,4,128,5508,-14676,3476,-160,1385,319
melden,4,129,5652,-14516,3544,-93,1336,430
melden,4,130,4672,-14820,4004,-69,1172,545
melden,4,131,5152,-15124,3872,-16,1068,643
melden,4,132,4768,-14600,3976,-1,1098,728
melden,4,133,5512,-14328,3300,-70,1152,744
melden,4,134,5960,-14152,2908,-213,1536,743
melden,4,135,5192,-13900,2928,-322,1781,774
melden,4,136,4160,-14348,3068,-368,1840,824
melden,4,137,3556,-14680,3228,-356,1755,918
melden,4,138,3020,-15700,3392,-397,1623,1033
melden,4,139,3216,-16264,3432,-504,1708,1141
melden,4,140,2624,-16424,3760,-633,1920,1201
melden,4,141,2104,-16684,3608,-763,1997,1205
melden,4,142,2172,-17076,3416,-891,2041,1169
melden,4,143,1852,-17320,3536,-1015,2092,1118
melden,4,144,512,-17692,4184,-1002,1971,1080
melden,4,145,-72,-17568,4860,-884,1701,1058
melden,4,146,-324,-16684,4912,-732,1499,1039
melden,4,147,-548,-15292,4664,-645,1427,991
melden,4,148,-620,-14648,4948,-612,1396,945
melden,4,149,-1048,-14260,5020,-514,1308,923
melden,4,150,-1092,-13812,4572,-410,1224,877
melden,4,151,-1156,-14220,4508,-389,1224,799
melden,4,152,-1192,-14448,4340,-394,1306,720
melden,4,153,-1412,-13728,4572,-463,1419,627
melden,4,154,-1644,-13104,4900,-549,1388,563
melden,4,155,-1532,-12296,4520,-627,1227,547
melden,4,156,-1932,-12544,4060,-610,845,563
melden,4,157,-1564,-13024,3328,-540,383,546
melden,4,158,-964,-13488,2880,-534,139,496
melden,4,159,-368,-14016,2644,-417,119,502
melden,4,160,532,-13724,2568,-335,280,447
melden,4,161,364,-13704,2916,-340,395,390
melden,4,162,164,-14132,2676,-295,301,381
melden,4,163,144,-14540,3000,-193,81,455
melden,4,164,4,-14676,2660,-140,-182,568
melden,4,165,32,-14860,2456,-41,-403,656
melden,4,166,368,-14800,2516,27,-437,696
melden,4,167,312,-15008,3032,7,-371,701
melden,4,168,-128,-15196,3472,-53,-338,674
melden,4,169,-340,-15680,3808,-51,-345,692
melden,4,170,-632,-15608,4300,-49,-373,701
melden,4,171,-656,-15464,4524,-48,-445,680
melden,4,172,-364,-15288,4684,-54,-434,624
melden,4,173,-676,-15080,4996,-72,-404,543
melden,4,174,-944,-15260,5556,-81,-333,432
melden,4,175,-1108,-15564,5836,-23,-299,332
melden,4,176,-1532,-15308,6180,66,-366,276
melden,4,177,-1540,-15380,6248,188,-483,249
melden,4,178,-1288,-15524,6196,303,-517,224
melden,4,179,-1180,-15696,6140,344,-447,180
melden,4,180,-1196,-15608,6388,375,-364,151
melden,4,181,-1128,-15388,6344,350,-285,120
melden,4,182,-668,-15332,6336,277,-128,52
melden,4,183,-496,-15072,6192,131,60,-72
melden,4,184,-412,-15352,6176,73,170,-140
melden,4,185,-512,-15444,6196,41,137,-208
melden,4,186,-296,-15472,6356,45,3,-243
melden,4,187,-308,-15308,6468,64,-127,-251
melden,4,188,-488,-15124,6724,94,-324,-237
melden,4,189,-412,-14628,6820,116,-503,-216
melden,4,190,-144,-14260,6524,101,-593,-195
melden,4,191,248,-14448,6352,85,-670,-154
melden,4,192,312,-14336,6160,33,-628,-105
melden,4,193,332,-14184,5840,-38,-580,-54
melden,4,194,372,-14324,5468,-100,-513,24
melden,4,195,544,-14372,5396,-185,-414,69
melden,4,196,656,-14360,5084,-272,-290,113
melden,4,197,596,-14528,4816,-363,-158,140
melden,4,198,724,-14792,4888,-453,-39,181
melden,4,199,408,-15160,4772,-505,-19,224
melden,4,200,232,-15484,4680,-510,-82,285
melden,4,201,308,-15832,4560,-515,-147,325
melden,4,202,212,-15552,4424,-515,-138,335
melden,4,203,-224,-15524,4464,-520,-174,330
melden,4,204,-252,-15544,4316,-522,-207,325
melden,4,205,-280,-15332,3932,-518,-213,308
melden,4,206,-552,-15168,3976,-508,-273,292
melden,4,207,-644,-15208,3848,-470,-363,287
melden,4,208,-652,-15284,3680,-442,-395,270
melden,4,209,-688,-15184,3740,-435,-392,254
melden,4,210,-632,-15372,3412,-410,-431,235
melden,4,211,-580,-15420,3296,-383,-426,231
melden,4,212,-492,-15376,3000,-439,-361,210
melden,4,213,-712,-15500,3208,-378,-246,191
melden,4,214,-700,-15376,3316,-349,-173,147
melden,4,215,-656,-15404,3436,-337,-78,133
melden,4,216,-852,-15356,3380,-285,21,111
melden,4,217,-940,-15276,3596,-247,73,89
melden,4,218,-1136,-15288,3696,-205,50,72
melden,4,219,-1056,-15356,3744,-141,-30,68
melden,4,220,-920,-15084,3632,-108,-64,46
melden,4,221,-916,-15120,3860,-103,-52,15
melden,4,222,-1120,-15160,4000,-109,-42,-1
melden,4,223,-1132,-15220,3980,-106,-32,-13
melden,4,224,-1208,-15144,4168,-104,-31,-20
melden,4,225,-1092,-14960,3928,-129,-10,-40
melden,4,226,-1060,-14848,4052,-150,44,-60
melden,4,227,-1076,-14824,4096,-186,88,-85
melden,4,228,-1180,-15132,4124,-181,64,-88
melden,4,229,-1104,-15332,4276,-163,22,-100
melden,4,230,-1028,-15348,4164,-139,-15,-102
melden,4,231,-1104,-15344,4236,-124,-56,-101
melden,4,232,-936,-15224,4332,-97,-77,-115
melden,4,233,-620,-15288,4424,-103,-58,-138
melden,4,234,-432,-15216,4376,-100,-14,-169
melden,4,235,-532,-15492,4272,-92,-5,-202
melden,4,236,-452,-15728,4264,-62,-5,-222
melden,4,237,-184,-15680,4244,-29,3,-220
melden,4,238,-296,-15504,4380,-10,22,-217
melden,4,239,-272,-15460,4484,-1,17,-212
melden,4,240,-184,-15360,4284,-2,31,-209
melden,4,241,-220,-14996,4340,4,4,-194
melden,4,242,-220,-15204,4296,-3,-27,-184
melden,4,243,-156,-15096,4132,-31,-27,-172
melden,4,244,-176,-15080,4108,-44,-18,-158
melden,4,245,-392,-15148,4120,-56,-6,-136
melden,4,246,-376,-14888,4184,-83,-19,-106
melden,4,247,-568,-14848,4252,-106,-91,-66
melden,4,248,-616,-14784,4104,-140,-188,-7
melden,4,249,-624,-14744,3904,-173,-258,45
melden,4,250,-716,-14796,3888,-216,-304,98
melden,4,251,-428,-14952,4140,-258,-314,150
melden,4,252,-212,-14948,3912,-301,-247,160
melden,4,253,-284,-14964,4048,-362,-138,136
melden,4,254,-396,-15100,4192,-430,-82,97
melden,4,255,-660,-15160,4508,-456,-137,66
melden,4,256,-728,-15180,4508,-480,-289,43
melden,4,257,-388,-15648,4584,-468,-465,25
melden,4,258,-312,-15236,4356,-392,-604,11
melden,4,259,-332,-14924,4296,-364,-725,-22
melden,4,260,-248,-14740,4292,-343,-836,-37
melden,4,261,-208,-14756,4456,-294,-942,-42
melden,4,262,-144,-14800,4276,-263,-999,-24
melden,4,263,-148,-14956,3960,-245,-965,14
melden,4,264,-72,-14936,3592,-259,-875,42
melden,4,265,152,-15108,3412,-272,-675,65
melden,4,266,24,-14960,3552,-315,-421,54
melden,4,267,48,-14964,3784,-309,-215,51
melden,4,268,-24,-15032,3980,-273,-101,56
melden,4,269,-104,-14944,4344,-237,-7,53
melden,4,270,-248,-15100,4324,-219,20,52
melden,4,271,-172,-15228,4236,-203,-19,59
melden,4,272,-72,-15516,4064,-217,9,46
melden,4,273,-64,-15780,4032,-213,65,12
melden,4,274,-160,-15700,4120,-201,54,-17
melden,4,275,148,-15600,3968,-163,30,-42
melden,4,276,108,-15624,4112,-147,2,-59
melden,4,277,-116,-15468,4288,-90,-95,-75
melden,4,278,-184,-15280,4096,-35,-212,-73
melden,4,279,-64,-15412,3868,-11,-291,-52
melden,4,280,-36,-15652,3596,-14,-298,-42
melden,4,281,12,-15528,3576,-42,-242,-47
melden,4,282,-156,-15412,3568,-75,-194,-42
melden,4,283,-268,-15216,3280,-98,-239,-18
melden,4,284,-108,-15020,3088,-105,-265,-4
melden,4,285,-368,-14624,3216,-172,-271,15
melden,4,286,-432,-14904,3368,-181,-336,22
melden,4,287,-664,-15132,3364,-167,-390,46
melden,4,288,-492,-15244,3312,-141,-432,64
melden,4,289,-436,-15504,3404,-127,-429,67
melden,4,290,-524,-15700,3340,-125,-414,59
melden,4,291,-516,-15612,3556,-118,-385,41
melden,4,292,-624,-15556,3360,-113,-375,28
melden,4,293,-660,-15548,3400,-94,-385,14
melden,4,294,-512,-15596,3224,-38,-375,0
melden,4,295,-568,-15456,3200,-41,-335,-25
melden,4,296,-696,-15716,3436,-20,-323,-58
melden,4,297,-812,-15776,3640,12,-290,-79
melden,4,298,-908,-15696,3668,56,-315,-94
melden,4,299,-892,-15720,3576,99,-322,-113
melden,5,0,-3948,-13088,21144,-6658,1035,291
melden,5,1,-2828,-13188,20164,-7044,1052,364
melden,5,2,-2032,-13868,18720,-7691,1619,95
melden,5,3,-1732,-14172,17924,-8233,2166,-227
melden,5,4,-2256,-14744,17392,-8601,2487,-531
melden,5,5,-1500,-13800,16040,-8873,2661,-838
melden,5,6,-1504,-13096,14908,-9153,2847,-1043
melden,5,7,-204,-13456,12620,-9496,3278,-1237
melden,5,8,260,-13756,10116,-9579,3570,-1355
melden,5,9,476,-14780,7732,-9652,3905,-1459
melden,5,10,-160,-15920,5820,-9514,4019,-1561
melden,5,11,116,-17316,4256,-9246,4154,-1652
melden,5,12,-264,-18192,3488,-8697,3952,-1731
melden,5,13,-532,-19136,2700,-7887,3425,-1832
melden,5,14,-1024,-20192,2376,-7158,3026,-1879
melden,5,15,-632,-20648,1512,-6515,2815,-1971
melden,5,16,-1024,-21576,700,-6010,2922,-2067
melden,5,17,-976,-23280,-176,-5649,3335,-2108
melden,5,18,-2212,-25812,-212,-5049,3443,-2322
melden,5,19,-1128,-26512,-1288,-4348,3419,-2444
melden,5,20,112,-27816,-3076,-3562,3518,-2370
melden,5,21,728,-29652,-3968,-2751,3811,-2462
melden,5,22,1720,-31224,-5968,-1895,4436,-2717
melden,5,23,788,-31264,-6824,-1007,5058,-3226
melden,5,24,-448,-32628,-6172,448,5215,-4005
melden,5,25,-340,-29920,-6472,2301,5069,-4640
melden,5,26,-48,-25320,-4636,4513,4525,-5157
melden,5,27,-556,-15296,-1644,6738,4231,-5498
melden,5,28,-2884,-1740,-508,8614,4365,-6041
melden,5,29,-5460,9868,4052,9538,4478,-6699
melden,5,30,-5676,14668,6924,10006,4285,-7136
melden,5,31,-2644,19476,10116,10309,3692,-7193
melden,5,32,1224,23788,10908,10144,2915,-6679
melden,5,33,6112,23264,10688,9389,1637,-6009
melden,5,34,12324,19184,5540,8312,-111,-4759
melden,5,35,68,6140,-5516,7509,-2322,-4085
melden,5,36,-15060,-2248,-18524,8133,-6771,-4241
melden,5,37,-7804,-228,-24352,7989,-8540,-4003
melden,5,38,3276,-768,-20544,6470,-7218,-2983
melden,5,39,10132,-5012,-14084,4312,-4746,-2237
melden,5,40,9036,-10224,-4444,2146,-2750,-1516
melden,5,41,6796,-13320,2320,321,-1943,-614
melden,5,42,7284,-13480,4992,-1143,-1541,471
melden,5,43,7772,-12496,3644,-2296,-589,1555
melden,5,44,8252,-11236,1064,-3218,773,2352
melden,5,45,7248,-11652,-712,-3709,1879,2884
melden,5,46,5276,-12444,-888,-3664,2164,2985
melden,5,47,4164,-12952,-756,-3382,2019,2662
melden,5,48,4308,-13800,540,-3184,1828,2368
melden,5,49,4708,-14912,2248,-2879,1318,2071
melden,5,50,5876,-15808,2332,-2495,774,1806
melden,5,51,6520,-16836,2048,-2116,492,1522
melden,5,52,5864,-17780,2320,-1599,448,1196
melden,5,53,4192,-17584,3332,-1023,250,892
melden,5,54,3692,-17080,3940,-436,-258,720
melden,5,55,3728,-16508,3748,62,-702,636
melden,5,56,3852,-16252,3388,436,-832,559
melden,5,57,3904,-15580,3432,677,-659,485
melden,5,58,3584,-14908,3296,762,-350,406
melden,5,59,3848,-14768,3324,741,49,308
melden,5,60,3816,-14184,3492,628,506,252
melden,5,61,3268,-14036,3876,534,813,246
melden,5,62,3108,-13936,4168,496,960,261
melden,5,63,3112,-13956,4396,438,1059,260
melden,5,64,3276,-13476,4856,322,1208,289
melden,5,65,2924,-13216,5028,157,1350,299
melden,5,66,2572,-13428,5812,-9,1418,311
melden,5,67,2232,-13276,6316,-131,1382,368
melden,5,68,2332,-13712,6656,-205,1224,293
melden,5,69,2336,-13836,6916,-272,1102,313
melden,5,70,1944,-14236,7276,-270,859,313
melden,5,71,2044,-14032,7280,-282,658,291
melden,5,72,2196,-14320,7560,-338,538,250
melden,5,73,2148,-14480,7676,-382,448,224
melden,5,74,2312,-14384,7576,-446,338,187
melden,5,75,2492,-14556,7520,-567,305,181
melden,5,76,2224,-14256,7080,-758,322,145
melden,5,77,2012,-14368,7180,-723,252,210
melden,5,78,1984,-14216,6568,-802,235,220
melden,5,79,2500,-14296,6284,-831,402,193
melden,5,80,1848,-14196,6180,-863,461,182
melden,5,81,2052,-14192,6144,-900,471,148
melden,5,82,2000,-14560,5904,-929,440,150
melden,5,83,2160,-14568,5724,-925,339,126
melden,5,84,2192,-14696,5336,-906,191,107
melden,5,85,2320,-14616,5356,-881,-34,95
melden,5,86,2600,-14768,4808,-869,-232,72
melden,5,87,2828,-14760,4548,-860,-404,78
melden,5,88,2940,-14876,4100,-816,-544,87
melden,5,89,2956,-14936,4116,-785,-656,88
melden,5,90,3188,-15020,3980,-758,-692,76
melden,5,91,3256,-15044,3596,-722,-642,56
melden,5,92,3396,-15188,3380,-693,-559,33
melden,5,93,3444,-14856,3448,-681,-504,20
melden,5,94,3692,-14716,3228,-690,-491,25
melden,5,95,4100,-15156,2764,-691,-455,21
melden,5,96,4144,-14848,2504,-689,-421,50
melden,5,97,4056,-14848,2104,-668,-479,106
melden,5,98,4064,-14860,1808,-621,-594,177
melden,5,99,4204,-14748,1540,-589,-682,266
melden,5,100,4292,-14716,1272,-493,-669,350
melden,5,101,4244,-14636,1364,-392,-594,385
melden,5,102,4324,-14792,1576,-308,-459,382
melden,5,103,4144,-15336,1716,-199,-286,339
melden,5,104,4428,-15452,1444,-117,-61,301
melden,5,105,4304,-15124,2060,-54,179,269
melden,5,106,4328,-15384,2404,2,301,253
melden,5,107,4060,-15288,2720,78,334,281
melden,5,108,3756,-15092,2812,132,300,322
melden,5,109,3528,-15132,3176,185,264,375
melden,5,110,3272,-15132,3140,223,195,411
melden,5,111,3188,-14964,3420,255,159,432
melden,5,112,3160,-14840,3220,249,196,428
melden,5,113,3196,-14948,3164,213,291,412
melden,5,114,2888,-15100,3472,168,418,390
melden,5,115,2680,-14888,3556,141,522,366
melden,5,116,2356,-14832,3736,111,576,351
melden,5,117,2316,-14808,4088,92,602,348
melden,5,118,2256,-14892,4448,82,662,354
melden,5,119,1964,-14860,4524,87,659,353
melden,5,120,1888,-14924,4612,110,591,353
melden,5,121,1880,-14900,4860,118,545,334
melden,5,122,1968,-14904,4596,131,573,305
melden,5,123,1528,-15032,4792,135,569,267
melden,5,124,1544,-15056,5112,142,542,236
melden,5,125,1420,-15180,5412,144,527,191
melden,5,126,1404,-15328,5528,145,460,168
melden,5,127,1188,-15288,5776,164,337,158
melden,5,128,1288,-15208,5728,165,192,148
melden,5,129,1336,-15204,5660,168,90,128
melden,5,130,1280,-15004,5620,171,-8,103
melden,5,131,1188,-15136,5740,163,-131,79
melden,5,132,1260,-15040,5836,162,-225,60
melden,5,133,1324,-14984,5896,139,-293,46
melden,5,134,1364,-14888,5720,102,-338,50
melden,5,135,1432,-14916,5620,61,-375,48
melden,5,136,1384,-14760,5528,3,-361,58
melden,5,137,1256,-14736,5420,-64,-379,56
melden,5,138,1332,-14752,5440,-117,-394,69
melden,5,139,1484,-14648,5296,-158,-406,75
melden,5,140,1628,-14704,5024,-234,-391,85
melden,5,141,1668,-14884,5180,-288,-371,98
melden,5,142,1772,-14756,5116,-337,-308,112
melden,5,143,1648,-14732,5240,-377,-240,131
melden,5,144,1804,-14724,4744,-422,-193,121
melden,5,145,1768,-14592,4680,-452,-145,116
melden,5,146,1732,-14992,4820,-489,-141,107
melden,5,147,1772,-15256,4544,-493,-136,95
melden,5,148,1688,-15040,4632,-513,-133,96
melden,5,149,1680,-14980,4612,-527,-167,86
melden,5,150,1836,-15112,4492,-543,-196,91
melden,5,151,1932,-14960,4408,-551,-203,90
melden,5,152,1880,-15088,4404,-559,-218,91
melden,5,153,1876,-14980,4208,-527,-209,101
melden,5,154,1812,-14984,4140,-522,-192,95
melden,5,155,1844,-15272,4184,-518,-177,87
melden,5,156,1888,-15008,3988,-526,-133,73
melden,5,157,1916,-15080,3848,-543,-73,57
melden,5,158,2080,-15148,3920,-553,-25,55
melden,5,159,1960,-15104,3884,-542,-33,51
melden,5,160,2016,-15072,3884,-525,-61,55
melden,5,161,1996,-15148,3740,-507,-107,75
melden,5,162,2032,-15092,3728,-496,-104,100
melden,5,163,2012,-15240,3480,-473,-103,108
melden,5,164,2072,-15220,3504,-463,-72,111
melden,5,165,2040,-15088,3368,-462,-26,112
melden,5,166,2056,-15304,3244,-473,52,111
melden,5,167,1940,-15580,3312,-466,116,110
melden,5,168,1820,-15400,3148,-428,152,109
melden,5,169,1808,-15256,3148,-429,142,100
melden,5,170,1908,-15160,3112,-410,136,105
melden,5,171,1932,-15372,2988,-428,141,114
melden,5,172,1948,-15492,3012,-412,145,106
melden,5,173,1732,-15388,3004,-394,152,106
melden,5,174,1796,-15428,3128,-371,140,104
melden,5,175,1684,-15400,3140,-355,106,108
melden,5,176,1692,-15536,3100,-326,79,107
melden,5,177,1656,-15500,3240,-297,108,98
melden,5,178,1576,-15504,3272,-264,110,92
melden,5,179,1512,-15412,3220,-269,110,81
melden,5,180,1500,-15440,3212,-254,95,69
melden,5,181,1432,-15436,3356,-251,90,75
melden,5,182,1388,-15428,3244,-242,56,71
melden,5,183,1344,-15348,3428,-229,11,69
melden,5,184,1376,-15468,3260,-233,-51,56
melden,5,185,1420,-15460,3672,-223,-67,49
melden,5,186,1472,-15404,3264,-229,-62,36
melden,5,187,1416,-15544,3444,-245,-63,14
melden,5,188,1396,-14748,3292,-369,-53,-2
melden,5,189,1508,-15948,3532,-265,-46,0
melden,5,190,1252,-15620,3428,-207,-15,-16
melden,5,191,1328,-15604,3592,-206,-26,-22
melden,5,192,1356,-15684,3728,-182,-9,-35
melden,5,193,1364,-15276,3672,-192,-1,-47
melden,5,194,1384,-15348,3472,-212,5,-62
melden,5,195,1352,-15400,3496,-252,-12,-63
melden,5,196,1280,-15560,3484,-220,-65,-63
melden,5,197,1280,-15372,3388,-197,-89,-51
melden,5,198,1364,-15568,3224,-206,-106,-62
melden,5,199,1284,-15632,3112,-206,-69,-65
melden,5,200,1196,-15320,3276,-208,-42,-81
melden,5,201,1304,-15396,3420,-232,-29,-95
melden,5,202,1304,-15432,3324,-226,-7,-90
melden,5,203,1312,-15480,3236,-229,-1,-89
melden,5,204,1280,-15464,3192,-224,3,-79
melden,5,205,1216,-15576,2876,-234,3,-73
melden,5,206,1324,-15684,2824,-227,11,-70
melden,5,207,1432,-15628,2924,-230,81,-80
melden,5,208,1276,-15548,2996,-245,152,-94
melden,5,209,1204,-15704,3044,-250,185,-113
melden,5,210,1284,-15608,2956,-245,164,-114
melden,5,211,1320,-15700,2824,-230,146,-110
melden,5,212,1428,-15684,2700,-206,147,-111
melden,5,213,1176,-15612,2852,-198,150,-120
melden,5,214,1200,-15716,2964,-193,103,-134
melden,5,215,1292,-15704,2928,-189,94,-138
melden,5,216,1428,-15524,2988,-187,94,-134
melden,5,217,1316,-15608,2940,-157,72,-149
melden,5,218,1444,-15564,2740,-140,38,-157
melden,5,219,1616,-15440,2876,-144,62,-165
melden,5,220,1428,-15400,2852,-153,69,-169
melden,5,221,1408,-15436,2944,-149,40,-165
melden,5,222,1380,-15508,3012,-133,-25,-150
melden,5,223,1416,-15624,2920,-109,-58,-136
melden,5,224,1592,-15564,2904,-101,-40,-140
melden,5,225,1716,-15408,2972,-112,26,-144
melden,5,226,1592,-15376,3148,-126,81,-165
melden,5,227,1500,-15272,3000,-143,64,-166
melden,5,228,1492,-15292,3100,-144,1,-164
melden,5,229,1640,-15324,3104,-124,-47,-132
melden,5,230,1644,-15520,2968,-137,-85,-109
melden,5,231,1728,-15508,2944,-158,-75,-99
melden,5,232,1724,-15576,2872,-169,-28,-106
melden,5,233,1688,-15524,2840,-174,-4,-96
melden,5,234,1660,-15468,3132,-169,24,-89
melden,5,235,1536,-15580,3228,-169,44,-98
melden,5,236,1564,-15588,3260,-166,48,-90
melden,5,237,1568,-15532,3464,-169,27,-85
melden,5,238,1600,-15256,3384,-159,13,-79
melden,5,239,1780,-15400,3192,-175,13,-73
melden,5,240,1528,-15424,3212,-186,-5,-71
melden,5,241,1620,-15460,3328,-213,-20,-67
melden,5,242,1612,-15472,3460,-227,-16,-64
melden,5,243,1724,-15512,3452,-260,2,-58
melden,5,244,1776,-15416,3600,-296,25,-46
melden,5,245,1744,-15524,3628,-331,61,-30
melden,5,246,1672,-15608,3564,-372,103,-22
melden,5,247,1640,-15604,3520,-389,126,-25
melden,5,248,1744,-15424,3432,-423,165,-20
melden,5,249,1804,-15096,3196,-592,221,-57
melden,5,250,1624,-15904,3356,-511,259,-44
melden,5,251,1504,-15664,3212,-488,215,-45
melden,5,252,1516,-15692,3308,-502,121,-52
melden,5,253,1648,-15708,3104,-494,93,-57
melden,5,254,1524,-15692,3096,-482,46,-62
melden,5,255,1632,-15472,3020,-480,2,-63
melden,5,256,1576,-15576,2944,-468,-30,-82
melden,5,257,1688,-15692,2896,-436,-77,-73
melden,5,258,1620,-15752,2704,-415,-111,-72
melden,5,259,1612,-15584,2660,-377,-145,-57
melden,5,260,1592,-15680,2616,-359,-158,-54
melden,5,261,1724,-15768,2468,-351,-147,-52
melden,5,262,1772,-15760,2428,-335,-93,-55
melden,5,263,1720,-15792,2416,-324,-21,-74
melden,5,264,1728,-15764,2268,-321,36,-87
melden,5,265,1672,-15784,2360,-321,76,-88
melden,5,266,1804,-15180,2176,-390,79,-119
melden,5,267,1796,-16152,2372,-308,61,-100
melden,5,268,1748,-15844,2384,-237,20,-97
melden,5,269,1672,-15624,2360,-244,-25,-95
melden,5,270,1672,-15908,2356,-230,-63,-89
melden,5,271,1868,-15920,2164,-216,-90,-72
melden,5,272,1812,-15744,2196,-229,-108,-74
melden,5,273,1720,-15748,2220,-224,-111,-69
melden,5,274,1864,-15672,2184,-232,-96,-62
melden,5,275,2016,-15632,2132,-233,-84,-50
melden,5,276,1820,-15732,2060,-241,-90,-31
melden,5,277,1864,-15532,2072,-253,-114,-16
melden,5,278,1988,-15756,2172,-301,-108,-18
melden,5,279,1924,-15576,1992,-239,-73,31
melden,5,280,1964,-15632,2000,-237,-36,49
melden,5,281,1804,-15728,1980,-244,38,62
melden,5,282,1624,-15928,2148,-251,95,67
melden,5,283,1764,-15980,1832,-266,181,61
melden,5,284,1808,-16032,1940,-304,301,85
melden,5,285,1412,-15888,2100,-302,345,82
melden,5,286,1604,-15736,2080,-390,415,43
melden,5,287,1440,-15876,2352,-382,491,42
melden,5,288,1424,-15728,2460,-381,447,32
melden,5,289,1512,-15844,2392,-354,367,24
melden,5,290,1272,-15912,2284,-309,261,25
melden,5,291,1280,-16040,2252,-259,184,24
melden,5,292,1192,-16268,2228,-196,91,12
melden,5,293,1224,-16200,2192,-149,68,-23
melden,5,294,1372,-15940,2132,-138,87,-42
melden,5,295,1212,-16080,2280,-143,121,-60
melden,5,296,1168,-16124,2412,-127,154,-83
melden,5,297,1056,-16084,2504,-110,150,-102
melden,5,298,988,-15844,2484,-94,111,-116
melden,5,299,1192,-15908,2432,-104,78,-110
melden,6,0,8832,-9080,16416,-7851,2124,1969
melden,6,1,8772,-9780,15016,-7846,2490,2014
melden,6,2,8128,-11180,13456,-7874,2939,1836
melden,6,3,7756,-12864,11904,-7572,3019,1630
melden,6,4,10120,-14624,9644,-6988,2998,1578
melden,6,5,12952,-16108,6932,-6397,3465,1639
melden,6,6,12816,-18560,5280,-6201,4807,1437
melden,6,7,7696,-21244,6592,-6128,6314,847
melden,6,8,1556,-22484,7992,-5750,6926,38
melden,6,9,548,-20540,8312,-5225,6987,-741
melden,6,10,856,-19680,7128,-5052,7857,-1521
melden,6,11,868,-19468,4712,-5354,9625,-2604
melden,6,12,-460,-18480,4020,-5695,11758,-3931
melden,6,13,-2424,-18056,3148,-5907,13849,-5322
melden,6,14,-5476,-18772,3080,-5484,14871,-6558
melden,6,15,-8628,-18668,3780,-3974,14067,-7386
melden,6,16,-9408,-19364,4648,-1447,11721,-7827
melden,6,17,-6148,-14420,5088,1004,9445,-8049
melden,6,18,-5436,-8152,4496,3358,7296,-8239
melden,6,19,-6276,-1620,7052,5031,5559,-8271
melden,6,20,-7268,7488,7916,6444,3713,-8466
melden,6,21,-6136,13904,8268,7176,2062,-8420
melden,6,22,-5336,18468,8780,7306,748,-8208
melden,6,23,-4904,19920,7168,6994,-875,-7572
melden,6,24,-3680,16380,3848,6570,-3206,-6789
melden,6,25,-4908,9176,-488,6407,-6003,-5795
melden,6,26,-7128,3100,-5776,6478,-9049,-4886
melden,6,27,-5208,372,-10180,6025,-10508,-3826
melden,6,28,908,-1100,-10740,4732,-9698,-2834
melden,6,29,6700,-3364,-8908,2712,-7035,-1938
melden,6,30,8300,-6288,-5144,233,-3712,-1267
melden,6,31,8396,-9556,-2464,-1650,-545,-342
melden,6,32,8360,-10456,-1012,-3342,2107,512
melden,6,33,6956,-11388,-620,-4686,4022,1132
melden,6,34,4900,-11804,684,-5390,4706,1460
melden,6,35,4132,-12332,628,-5566,4444,1581
melden,6,36,4140,-11988,2192,-5359,3411,1502
melden,6,37,5012,-12032,3064,-4836,2012,1485
melden,6,38,4964,-12548,3752,-4244,555,1589
melden,6,39,4932,-13924,3308,-3603,-606,1643
melden,6,40,5500,-15896,1756,-2832,-1140,1520
melden,6,41,5900,-16928,1268,-2187,-1067,1105
melden,6,42,5756,-17732,2076,-1800,-755,657
melden,6,43,5428,-18072,3156,-1370,-628,343
melden,6,44,5532,-17188,4032,-853,-854,224
melden,6,45,5720,-16068,4408,-388,-1312,225
melden,6,46,5712,-15008,4388,-22,-1819,274
melden,6,47,5332,-14740,4176,277,-2301,273
melden,6,48,5544,-14552,3356,443,-2504,238
melden,6,49,5752,-14432,2984,487,-2344,186
melden,6,50,5404,-14164,2848,456,-2027,105
melden,6,51,5032,-13892,3080,398,-1714,40
melden,6,52,4952,-13668,3436,356,-1444,39
melden,6,53,4916,-13472,3948,314,-1256,67
melden,6,54,4732,-13140,4592,317,-1232,137
melden,6,55,5036,-12836,4960,322,-1340,256
melden,6,56,4412,-12712,5512,338,-1613,403
melden,6,57,4492,-12892,6060,394,-2131,575
melden,6,58,4292,-13180,6584,399,-2635,785
melden,6,59,4012,-13292,6428,445,-3112,854
melden,6,60,4140,-13552,6220,486,-3522,831
melden,6,61,4460,-14016,5816,492,-3618,798
melden,6,62,4936,-14020,5208,402,-3331,677
melden,6,63,5336,-14248,5184,261,-2752,506
melden,6,64,5248,-13956,4752,76,-2055,347
melden,6,65,5448,-13836,4692,-120,-1329,216
melden,6,66,5628,-13796,4308,-291,-644,126
melden,6,67,5516,-13116,4356,-439,-49,58
melden,6,68,5508,-13524,4836,-441,278,64
melden,6,69,5000,-13116,4828,-623,596,130
melden,6,70,5372,-13708,5176,-612,710,95
melden,6,71,5288,-13872,5276,-633,744,128
melden,6,72,5268,-13860,5232,-662,677,141
melden,6,73,5112,-13788,5316,-667,498,140
melden,6,74,5092,-13828,5356,-657,241,137
melden,6,75,5064,-13852,5040,-644,-16,134
melden,6,76,5160,-13948,4800,-587,-308,140
melden,6,77,5408,-14068,4620,-553,-500,147
melden,6,78,5656,-14144,4356,-561,-537,148
melden,6,79,5668,-14108,4416,-542,-561,153
melden,6,80,5728,-14128,3956,-525,-565,162
melden,6,81,5920,-14236,3708,-515,-505,151
melden,6,82,6016,-14340,3740,-530,-373,147
melden,6,83,5916,-14324,3496,-529,-247,124
melden,6,84,6028,-14440,3424,-543,-112,113
melden,6,85,5920,-14380,3436,-547,6,106
melden,6,86,5936,-14244,3540,-528,20,122
melden,6,87,5752,-14304,3608,-491,-63,146
melden,6,88,5924,-14460,3460,-448,-173,198
melden,6,89,5828,-14416,3504,-419,-210,238
melden,6,90,5864,-14484,3424,-427,-194,257
melden,6,91,5792,-14100,3068,-493,-93,284
melden,6,92,5816,-14268,2888,-511,16,285
melden,6,93,5460,-14296,3144,-498,87,265
melden,6,94,5464,-14316,3128,-498,130,257
melden,6,95,5524,-14580,3312,-463,183,235
melden,6,96,5392,-14676,3492,-429,207,228
melden,6,97,5232,-14616,3492,-397,245,203
melden,6,98,5140,-14524,3412,-387,321,193
melden,6,99,5068,-14552,3384,-378,382,165
melden,6,100,5024,-14444,3400,-362,423,149
melden,6,101,4952,-14644,3180,-352,413,147
melden,6,102,4828,-14768,3384,-327,417,141
melden,6,103,4608,-14820,3516,-308,408,145
melden,6,104,4632,-14772,3600,-299,400,136
melden,6,105,4740,-14820,3584,-309,419,117
melden,6,106,4716,-14792,3364,-317,446,96
melden,6,107,4696,-14792,3484,-309,438,72
melden,6,108,4624,-14688,3608,-289,419,58
melden,6,109,4500,-14812,3404,-226,301,49
melden,6,110,4440,-14892,3768,-182,204,36
melden,6,111,4628,-14820,3676,-147,156,23
melden,6,112,4552,-14908,3564,-123,136,8
melden,6,113,4572,-14772,3404,-106,164,-6
melden,6,114,4752,-14756,3520,-114,226,-24
melden,6,115,4520,-14808,3544,-130,272,-37
melden,6,116,4552,-14768,3504,-127,283,-54
melden,6,117,4508,-14788,3492,-136,291,-53
melden,6,118,4440,-14848,3424,-115,234,-56
melden,6,119,4960,-14856,3164,-84,230,-56
melden,6,120,4800,-14648,3360,-105,309,-49
melden,6,121,4392,-14488,3684,-124,322,-62
melden,6,122,4444,-14620,3724,-121,290,-78
melden,6,123,4572,-14640,3724,-116,234,-64
melden,6,124,4556,-14616,3656,-82,155,-56
melden,6,125,4708,-14656,3568,-67,102,-42
melden,6,126,4700,-14704,3672,-80,109,-36
melden,6,127,4616,-14808,3636,-93,104,-29
melden,6,128,4888,-14868,3400,-103,142,-33
melden,6,129,5016,-14700,3408,-109,214,-27
melden,6,130,4856,-14496,3400,-126,263,-27
melden,6,131,4708,-14700,3736,-128,267,-37
melden,6,132,4872,-14588,3792,-120,283,-33
melden,6,133,4840,-14596,3952,-106,302,-39
melden,6,134,4668,-14524,4248,-101,276,-23
melden,6,135,4624,-14528,4160,-97,216,-2
melden,6,136,4788,-14648,4088,-108,189,14
melden,6,137,4900,-14712,3972,-121,215,24
melden,6,138,4632,-14576,4252,-171,247,33
melden,6,139,4752,-14628,4332,-198,254,27
melden,6,140,4756,-14664,4140,-200,272,32
melden,6,141,4652,-14560,4164,-213,294,25
melden,6,142,4520,-14528,4280,-213,274,26
melden,6,143,4480,-14624,4216,-208,247,37
melden,6,144,4656,-14704,4036,-189,260,37
melden,6,145,4576,-14648,4324,-187,283,35
melden,6,146,4452,-14604,4220,-204,292,39
melden,6,147,4580,-14636,4116,-221,301,51
melden,6,148,4412,-14680,4328,-244,328,57
melden,6,149,4332,-14780,4012,-243,354,43
melden,6,150,4344,-14812,4188,-244,377,41
melden,6,151,4252,-14664,4068,-249,392,18
melden,6,152,4220,-14760,4196,-247,388,9
melden,6,153,4064,-14800,4176,-247,375,-1
melden,6,154,4056,-14800,4204,-239,311,-9
melden,6,155,4244,-14964,4168,-219,238,-6
melden,6,156,4116,-14904,4232,-211,207,-8
melden,6,157,4132,-14932,4340,-217,182,-23
melden,6,158,4168,-14888,4216,-208,155,-40
melden,6,159,4088,-15072,4264,-190,159,-66
melden,6,160,4072,-14868,4244,-172,160,-81
melden,6,161,3936,-14788,4308,-168,107,-98
melden,6,162,4044,-14800,4224,-138,45,-110
melden,6,163,4168,-14808,4196,-131,4,-113
melden,6,164,4128,-14664,4228,-130,-37,-106
melden,6,165,4052,-14772,4240,-125,-79,-112
melden,6,166,4168,-14780,4140,-148,-103,-108
melden,6,167,4180,-14652,3968,-163,-129,-110
melden,6,168,4268,-14752,3948,-181,-126,-98
melden,6,169,4256,-14820,3992,-200,-120,-87
melden,6,170,4264,-14800,4116,-223,-97,-74
melden,6,171,3896,-14720,4176,-260,-115,-50
melden,6,172,3672,-14796,4344,-236,-309,-30
melden,6,173,3336,-14912,4984,-151,-702,36
melden,6,174,2656,-14884,5680,38,-1543,142
melden,6,175,2320,-15152,5968,199,-2554,254
melden,6,176,1468,-15340,6228,378,-3643,345
melden,6,177,560,-15564,6492,656,-4956,386
melden,6,178,972,-15768,6208,1049,-6373,390
melden,6,179,2304,-15456,5476,1355,-7471,398
melden,6,180,4188,-14944,4580,1483,-8158,359
melden,6,181,5836,-14552,3744,1500,-8194,473
melden,6,182,5744,-14380,3348,1393,-7989,462
melden,6,183,5548,-14268,2760,1221,-7595,401
melden,6,184,6244,-14340,1540,1097,-7002,370
melden,6,185,7848,-14152,-276,852,-5866,282
melden,6,186,9920,-13960,-2924,506,-4129,180
melden,6,187,11748,-14276,-5460,-81,-1159,16
melden,6,188,11624,-14412,-6332,-763,2373,-238
melden,6,189,9872,-13880,-5936,-1427,5865,-498
melden,6,190,8524,-13344,-4460,-2174,9095,-750
melden,6,191,8264,-11740,-2804,-3031,12059,-738
melden,6,192,8152,-11296,-1444,-4154,14854,-597
melden,6,193,6424,-12356,612,-5170,17034,-307
melden,6,194,4596,-12744,3604,-5987,18142,-23
melden,6,195,2156,-13012,5896,-6598,18096,183
melden,6,196,228,-12724,7092,-7199,17411,241
melden,6,197,-2100,-12752,6848,-7745,16055,343
melden,6,198,-4604,-15792,5960,-7591,14043,535
melden,6,199,-4860,-18988,4872,-6676,11012,697
melden,6,200,-2716,-23560,1248,-5180,7802,755
melden,6,201,3228,-26396,-3320,-3093,5666,544
melden,6,202,6480,-25736,-5660,-1479,4472,240
melden,6,203,664,-23176,-2844,-236,3059,-360
melden,6,204,-4048,-19772,856,764,1026,-865
melden,6,205,-5168,-17140,3188,1818,-1591,-1164
melden,6,206,-4192,-15292,4492,2730,-4429,-1354
melden,6,207,-2116,-14884,4636,3549,-7061,-1290
melden,6,208,516,-14684,3848,4202,-9005,-1077
melden,6,209,1652,-15564,3500,4694,-10313,-793
melden,6,210,3240,-15556,3796,4940,-11021,-669
melden,6,211,3984,-15588,3680,4905,-11343,-569
melden,6,212,4960,-15244,3212,4769,-11287,-596
melden,6,213,4592,-15684,2980,4593,-11006,-545
melden,6,214,4400,-14604,1984,4251,-10628,-471
melden,6,215,8024,-13344,-888,3275,-8697,-396
melden,6,216,8568,-12556,-2244,2031,-5396,-480
melden,6,217,6960,-12464,-2424,864,-1908,-527
melden,6,218,6592,-12012,-2764,-74,1470,-589
melden,6,219,7792,-11388,-3172,-1014,5088,-504
melden,6,220,8500,-10860,-1956,-2136,8568,-207
melden,6,221,7268,-10540,-280,-3377,10952,145
melden,6,222,5992,-12176,1724,-4310,11943,415
melden,6,223,4028,-14212,3772,-4744,11683,684
melden,6,224,1456,-16532,3408,-4455,10223,830
melden,6,225,-12,-19292,3476,-3577,8098,898
melden,6,226,1472,-20544,2612,-2318,5943,894
melden,6,227,5764,-19508,2204,-1131,3980,878
melden,6,228,8064,-18844,796,-50,2443,912
melden,6,229,5800,-19488,816,1029,950,602
melden,6,230,-196,-20180,3036,2135,-995,-8
melden,6,231,-2920,-19176,5908,3371,-3643,-523
melden,6,232,-2472,-17100,6660,4638,-6837,-622
melden,6,233,-480,-15744,6276,5460,-9472,-446
melden,6,234,428,-15112,5556,5878,-11242,-214
melden,6,235,264,-14800,5548,6051,-12432,-108
melden,6,236,1136,-13444,5588,5941,-13245,72
melden,6,237,3400,-12532,4228,5566,-13271,184
melden,6,238,5796,-11568,2668,4857,-11977,262
melden,6,239,7432,-11476,380,3777,-9605,286
melden,6,240,9584,-11512,-2216,2459,-5616,183
melden,6,241,9264,-10844,-3188,924,-437,2
melden,6,242,6292,-11620,-2188,-573,4488,-251
melden,6,243,6144,-11776,-1516,-1850,8924,-434
melden,6,244,5712,-12360,-648,-3157,12956,-362
melden,6,245,4672,-13132,944,-4375,15997,-289
melden,6,246,2176,-13352,4208,-5346,17658,-292
melden,6,247,-2292,-14652,7640,-5825,17304,-372
melden,6,248,-5596,-16772,10756,-5719,15196,-482
melden,6,249,-7364,-19104,12476,-4787,11676,-411
melden,6,250,-4252,-19284,11124,-3372,7891,-44
melden,6,251,1892,-17848,7472,-1831,4621,400
melden,6,252,6344,-17768,3264,-256,2525,534
melden,6,253,4752,-14996,3664,910,676,259
melden,6,254,-1420,-15444,7596,1624,-2116,-180
melden,6,255,-4500,-16992,10404,2806,-5507,-317
melden,6,256,-3564,-16012,10156,4056,-8917,-72
melden,6,257,-808,-15120,8768,4636,-11144,288
melden,6,258,276,-14720,8512,4744,-12449,501
melden,6,259,-92,-14576,8256,4639,-13089,570
melden,6,260,-312,-14188,7512,4335,-13202,537
melden,6,261,244,-14052,5676,3931,-12872,376
melden,6,262,3000,-13064,2772,3310,-11142,218
melden,6,263,5420,-12096,260,2213,-7755,56
melden,6,264,6700,-11856,-1528,802,-3155,-262
melden,6,265,5128,-12124,-2024,-602,1864,-464
melden,6,266,3448,-12964,-156,-1726,6295,-671
melden,6,267,2940,-13212,1236,-2661,9822,-744
melden,6,268,2716,-12908,3580,-3734,12502,-750
melden,6,269,1856,-13384,6568,-4877,13564,-836
melden,6,270,-140,-14920,8792,-5406,13010,-851
melden,6,271,-1764,-15812,10128,-5247,10991,-679
melden,6,272,-2308,-16552,9688,-4487,8033,-379
melden,6,273,-1152,-17472,8468,-3348,4766,20
melden,6,274,1068,-17260,5912,-1862,1690,304
melden,6,275,3556,-15828,3752,-613,-368,356
melden,6,276,4340,-15524,3564,472,-1731,212
melden,6,277,3544,-14732,4152,1348,-2958,51
melden,6,278,2156,-14700,6312,2008,-4631,-16
melden,6,279,2380,-13796,7024,2504,-6214,76
melden,6,280,1240,-13836,9160,2946,-8078,323
melden,6,281,612,-13664,10044,3603,-10369,714
melden,6,282,1004,-13328,11320,3949,-12592,1111
melden,6,283,1128,-13972,10560,4001,-14420,1521
melden,6,284,1568,-14504,9052,3986,-15533,1726
melden,6,285,3144,-13784,7772,3677,-15742,1727
melden,6,286,5412,-13272,4572,3065,-14944,1624
melden,6,287,8420,-12468,684,2321,-13210,1547
melden,6,288,12908,-12204,-3616,1197,-9802,1463
melden,6,289,13616,-13088,-5420,-39,-4734,1345
melden,6,290,8372,-13964,-3492,-969,-254,799
melden,6,291,4140,-13876,-740,-1620,2738,215
melden,6,292,5396,-13584,-428,-2364,5760,-311
melden,6,293,6408,-13812,-36,-3297,8972,-661
melden,6,294,5632,-13844,1824,-3929,11302,-747
melden,6,295,2268,-14468,5388,-3941,11555,-549
melden,6,296,200,-14912,7948,-3483,10095,-137
melden,6,297,548,-15396,8548,-2883,8001,305
melden,6,298,1356,-16264,7604,-2254,6230,552
melden,6,299,2296,-16368,6772,-1779,5021,450
melden,7,0,-3436,-7432,17144,-4153,604,514
melden,7,1,-4420,-7836,18240,-4644,1025,548
melden,7,2,-2984,-8728,19084,-4696,1117,565
melden,7,3,-2032,-8896,20092,-4894,1146,638
melden,7,4,-1460,-9636,21492,-5063,760,701
melden,7,5,-980,-10708,22440,-5248,283,673
melden,7,6,-608,-10832,22620,-5616,56,615
melden,7,7,56,-10820,22484,-6108,54,551
melden,7,8,576,-10904,22308,-6558,-98,503
melden,7,9,1372,-10328,21148,-6924,-253,505
melden,7,10,2532,-10100,18936,-7373,-2,484
melden,7,11,3436,-10232,17140,-7902,643,448
melden,7,12,3396,-10904,15672,-8480,1523,323
melden,7,13,2660,-12192,14212,-8871,2235,185
melden,7,14,2688,-12824,13240,-9013,2636,53
melden,7,15,2120,-13224,12324,-8902,2756,-50
melden,7,16,2388,-14156,11368,-8715,2818,-165
melden,7,17,1484,-14144,9944,-8338,2666,-282
melden,7,18,1108,-14424,9264,-8054,2713,-476
melden,7,19,756,-15340,7992,-7687,2683,-701
melden,7,20,380,-15264,6848,-7133,2561,-909
melden,7,21,-152,-14216,5904,-6657,2497,-1112
melden,7,22,-44,-15080,4824,-6135,2472,-1371
melden,7,23,708,-14808,3964,-5585,2559,-1627
melden,7,24,308,-14564,3360,-5163,2918,-1869
melden,7,25,632,-14492,2000,-4739,3403,-2280
melden,7,26,828,-14256,468,-4421,4118,-2759
melden,7,27,916,-14188,-1260,-4212,5109,-3282
melden,7,28,-780,-14400,-2460,-4004,6362,-3926
melden,7,29,-3592,-14604,-3120,-3581,7291,-4498
melden,7,30,-5480,-14288,-1744,-3209,8103,-5307
melden,7,31,-7324,-11972,-304,-2462,8110,-5895
melden,7,32,-8408,-8660,1828,-2089,7892,-6421
melden,7,33,-9008,-5984,3124,-1573,6879,-6711
melden,7,34,-9752,-5024,3216,-1024,5128,-7044
melden,7,35,-8404,-4720,5528,-253,2777,-7047
melden,7,36,-6788,-4468,4388,932,28,-6779
melden,7,37,-3948,-3908,2532,2175,-3063,-6282
melden,7,38,1108,-2488,372,3099,-5455,-5470
melden,7,39,3496,-2340,-1864,3747,-7456,-4550
melden,7,40,4840,-4084,-2208,4150,-9257,-3815
melden,7,41,6116,-6668,-2168,4709,-10862,-2971
melden,7,42,6556,-7596,-1184,5283,-12014,-2147
melden,7,43,6584,-7232,-176,5619,-12895,-1472
melden,7,44,5408,-6436,1520,5627,-13873,-977
melden,7,45,5924,-6796,764,5116,-14238,-489
melden,7,46,5216,-6896,-516,4481,-14230,0
melden,7,47,3604,-7500,-2164,3623,-13716,429
melden,7,48,3764,-7812,-4728,2995,-13541,877
melden,7,49,7492,-8692,-9880,2031,-11809,1345
melden,7,50,8784,-11056,-14708,1108,-8518,1491
melden,7,51,9356,-13396,-17720,190,-3946,1162
melden,7,52,8104,-14048,-18680,-546,934,791
melden,7,53,8460,-12472,-17856,-1397,5951,421
melden,7,54,8392,-12004,-15576,-2487,10963,169
melden,7,55,6752,-11492,-12428,-3559,15077,199
melden,7,56,5768,-10756,-8332,-4527,17703,599
melden,7,57,3840,-11600,-5260,-5187,18937,1156
melden,7,58,2252,-12136,-2524,-5631,18813,1705
melden,7,59,1024,-13512,-1060,-5744,18228,2205
melden,7,60,-2176,-17172,-32,-5454,16816,2361
melden,7,61,-4208,-21224,676,-4885,15082,2203
melden,7,62,-4732,-24704,344,-4411,13751,1795
melden,7,63,-2228,-26528,-560,-4017,13175,793
melden,7,64,2584,-25948,-1164,-3829,13472,-184
melden,7,65,2352,-22844,1052,-2306,11713,-394
melden,7,66,6752,-14924,-2344,-498,8185,424
melden,7,67,1328,-13828,-600,1285,2835,918
melden,7,68,-5276,-16684,1420,2921,-2108,838
melden,7,69,-11160,-19596,4232,4370,-6847,216
melden,7,70,-8700,-20156,4520,5628,-11510,-374
melden,7,71,-4700,-19612,2740,6610,-15105,-656
melden,7,72,-3308,-17736,2492,7204,-17843,-875
melden,7,73,-2484,-14684,3148,7198,-20263,-815
melden,7,74,-132,-12668,1892,6618,-22485,-438
melden,7,75,5756,-11780,-2848,5886,-22529,46
melden,7,76,9112,-11924,-6940,4876,-19577,403
melden,7,77,10260,-12980,-9872,3794,-14452,559
melden,7,78,9484,-12064,-11104,2556,-7544,252
melden,7,79,7576,-11392,-12284,1134,506,-124
melden,7,80,6432,-10404,-11452,-795,8266,-582
melden,7,81,5056,-11072,-7892,-2363,14224,-507
melden,7,82,3768,-11828,-4572,-3741,18172,-86
melden,7,83,2256,-12384,-840,-4848,20295,584
melden,7,84,-596,-14260,2512,-5642,20491,1100
melden,7,85,-2432,-15920,4848,-6231,19487,1382
melden,7,86,-3552,-18428,5684,-6448,17996,1287
melden,7,87,-6132,-23092,7268,-6093,15792,843
melden,7,88,-2476,-26784,6128,-4920,13626,257
melden,7,89,1220,-27244,4160,-2828,11248,-317
melden,7,90,3484,-21756,1408,276,8073,-606
melden,7,91,2848,-13700,3268,1831,4237,-660
melden,7,92,-5404,-13484,7696,2507,-1294,-839
melden,7,93,-7872,-16400,10432,3661,-6612,-1003
melden,7,94,-6000,-17448,11280,5077,-11899,-1037
melden,7,95,-5676,-18748,11888,6259,-16485,-1022
melden,7,96,-5504,-18548,12380,7288,-20492,-831
melden,7,97,-6244,-16960,11644,7925,-24158,-491
melden,7,98,-8328,-16240,8828,8412,-27341,-62
melden,7,99,-4360,-13396,1132,8444,-28604,599
melden,7,100,7912,-11752,-9784,6533,-23872,983
melden,7,101,11124,-13316,-18520,4114,-13472,504
melden,7,102,6868,-12484,-19888,1734,-1814,-843
melden,7,103,6808,-11400,-16328,-413,8711,-1933
melden,7,104,8520,-11028,-7540,-2880,17676,-2115
melden,7,105,7164,-11588,-2320,-5463,23392,-1670
melden,7,106,2876,-14500,2704,-7519,25451,-1238
melden,7,107,-292,-16164,6800,-8479,24437,-1022
melden,7,108,-1120,-16760,9620,-8389,21515,-1042
melden,7,109,-2936,-17808,12744,-6779,16853,-847
melden,7,110,-1508,-18212,14144,-3848,10948,-320
melden,7,111,-1372,-15896,15032,-1097,4331,192
melden,7,112,-368,-14640,15724,804,-2104,355
melden,7,113,2432,-15988,13308,2060,-7221,217
melden,7,114,1104,-19620,13236,3199,-11149,-243
melden,7,115,-4376,-21548,15940,4386,-15286,-512
melden,7,116,-13612,-22408,16644,6041,-20848,-606
melden,7,117,-18304,-19276,11160,7625,-26678,-343
melden,7,118,-9488,-14836,-2804,8127,-29649,640
melden,7,119,4692,-14308,-16776,6805,-24939,1192
melden,7,120,10692,-12668,-23908,4797,-15062,830
melden,7,121,16056,-10584,-24976,2234,-2830,103
melden,7,122,15816,-8408,-16276,-625,7987,-57
melden,7,123,10676,-9464,-9248,-3247,14763,241
melden,7,124,7616,-10776,-3964,-4886,16838,791
melden,7,125,3104,-13272,-148,-5727,16382,1192
melden,7,126,-1488,-15220,6620,-5851,13723,1419
melden,7,127,-5268,-15788,11292,-5433,9547,1667
melden,7,128,-4688,-15456,12524,-4391,4904,2102
melden,7,129,-1564,-13852,14008,-3485,688,2691
melden,7,130,4528,-13040,12064,-2880,-2322,3316
melden,7,131,7460,-12392,9020,-2577,-3751,3654
melden,7,132,10008,-15072,3980,-2372,-4041,3394
melden,7,133,9500,-20316,-1424,-2138,-3312,2457
melden,7,134,7400,-25012,-836,-1377,-2385,981
melden,7,135,3280,-28284,1576,-417,-1308,-421
melden,7,136,580,-26368,4476,824,-841,-1631
melden,7,137,-192,-22260,5368,1839,-303,-2251
melden,7,138,-184,-20244,4380,2659,-291,-2748
melden,7,139,1840,-18460,2696,3428,78,-3006
melden,7,140,1412,-14016,4364,3544,702,-3194
melden,7,141,-388,-12200,6784,3373,391,-3284
melden,7,142,508,-11400,5152,3339,-495,-2966
melden,7,143,-32,-12364,4152,3037,-1395,-2538
melden,7,144,-1864,-15036,-3220,3074,-2410,-1815
melden,7,145,-300,-14032,-8320,3858,-3955,-1046
melden,7,146,6032,-9564,-5292,2938,-3635,-547
melden,7,147,8708,-8712,720,1219,-1663,11
melden,7,148,9072,-7652,7240,-459,-414,774
melden,7,149,7604,-7392,10048,-1800,-284,1886
melden,7,150,5132,-8120,9720,-2687,-882,2947
melden,7,151,4860,-7948,7464,-3329,-1254,3775
melden,7,152,5700,-8028,5720,-4148,-693,4112
melden,7,153,5996,-11784,2320,-4815,598,3784
melden,7,154,5148,-20932,-3268,-4933,2702,2525
melden,7,155,4440,-29636,-4872,-4491,5187,807
melden,7,156,2268,-31444,128,-3443,6996,-825
melden,7,157,2920,-24384,6380,-1986,6882,-1961
melden,7,158,9560,-17264,10492,-675,6539,-1892
melden,7,159,7424,-11912,12788,-323,6265,-1350
melden,7,160,1056,-13476,12908,113,5211,-1477
melden,7,161,152,-17680,12024,1358,3487,-1668
melden,7,162,2268,-18604,9228,2323,1396,-1552
melden,7,163,1200,-16916,8404,2680,-1123,-1601
melden,7,164,-252,-16796,1916,2945,-3997,-1442
melden,7,165,-5244,-18416,-5684,3714,-6348,-1576
melden,7,166,-3688,-14916,-5336,4039,-8170,-1662
melden,7,167,228,-13004,-6128,3405,-8536,-1248
melden,7,168,5740,-11352,-9360,2604,-7232,-702
melden,7,169,12380,-9696,-8456,1288,-4142,-121
melden,7,170,14780,-8120,-3476,-504,-159,667
melden,7,171,11132,-8612,-4,-2381,3054,1426
melden,7,172,5940,-9232,2424,-3776,4601,1994
melden,7,173,2684,-12024,2932,-4464,4897,2171
melden,7,174,1868,-17012,1852,-4243,4444,1897
melden,7,175,1988,-22752,264,-3348,4428,1162
melden,7,176,832,-25820,2668,-2462,4581,-224
melden,7,177,6020,-21172,6784,-1327,5200,-1185
melden,7,178,4752,-16740,11272,-686,5354,-1567
melden,7,179,4444,-14704,12984,154,4259,-1779
melden,7,180,5752,-15400,12120,1354,2778,-1861
melden,7,181,3152,-17064,12512,2720,609,-1851
melden,7,182,596,-18236,8920,3893,-1908,-1803
melden,7,183,-2636,-18260,3560,4450,-5290,-1942
melden,7,184,-8272,-19468,-516,4921,-9141,-2138
melden,7,185,-10816,-18020,-6032,6019,-13517,-2043
melden,7,186,-1468,-13172,-9540,5715,-14787,-1326
melden,7,187,11172,-10024,-11144,4180,-11575,-501
melden,7,188,17332,-9556,-8740,1729,-5017,289
melden,7,189,15952,-8592,-3552,-935,1594,1017
melden,7,190,7348,-10856,1732,-2866,5588,1545
melden,7,191,4940,-10244,5304,-3905,6818,1952
melden,7,192,3580,-11272,7032,-4531,6997,2168
melden,7,193,1984,-13972,7524,-4505,6630,1975
melden,7,194,-656,-17816,8580,-3689,5947,1102
melden,7,195,6520,-18880,7680,-2553,6137,26
melden,7,196,10920,-16136,7572,-1868,7443,-686
melden,7,197,6532,-15992,9084,-841,6624,-1336
melden,7,198,5700,-15116,11356,517,4367,-1586
melden,7,199,2288,-16624,11004,1824,1114,-1699
melden,7,200,736,-17264,10868,3314,-3045,-1730
melden,7,201,-244,-16760,9184,4158,-7120,-1670
melden,7,202,-2952,-17576,6300,4570,-11097,-1758
melden,7,203,-5604,-17476,2600,4931,-13767,-1581
melden,7,204,-5284,-16808,-4944,5064,-15318,-1334
melden,7,205,6168,-14008,-14644,4756,-13333,-610
melden,7,206,16632,-11092,-15932,2768,-6268,-157
melden,7,207,17144,-9760,-9460,604,950,266
melden,7,208,14644,-9800,-3468,-1408,6344,923
melden,7,209,8800,-9860,2912,-3091,9019,1502
melden,7,210,5632,-10840,7084,-3895,9027,1882
melden,7,211,3808,-12896,7536,-4020,8012,1969
melden,7,212,2004,-14936,8452,-3564,6601,1596
melden,7,213,1032,-16972,9964,-2592,5431,892
melden,7,214,6860,-15624,10944,-1486,4818,226
melden,7,215,12064,-13384,11932,-1044,4945,-146
melden,7,216,7520,-15036,14768,28,3177,-550
melden,7,217,6476,-16384,13644,1395,155,-1040
melden,7,218,0,-17500,15060,2082,-3076,-1761
melden,7,219,-10184,-20384,15872,3055,-8160,-2450
melden,7,220,-15032,-21084,10228,4616,-13773,-2734
melden,7,221,-15380,-18672,3412,5530,-17182,-2418
melden,7,222,-5616,-16628,-14376,6202,-17666,-1460
melden,7,223,15012,-11124,-24168,5219,-12565,-202
melden,7,224,26528,-7704,-17936,2614,-4084,748
melden,7,225,23572,-7596,-7408,-45,2690,1533
melden,7,226,19344,-7036,-2292,-2168,6941,1888
melden,7,227,11464,-9376,2372,-3961,9384,1751
melden,7,228,5932,-11720,5776,-4751,9670,1531
melden,7,229,3300,-13192,7208,-4685,8578,1591
melden,7,230,2136,-12864,9700,-3986,6153,1942
melden,7,231,3408,-12296,10528,-3252,3579,2418
melden,7,232,7500,-10416,9736,-2964,2151,2786
melden,7,233,10308,-10636,6872,-3027,2269,2717
melden,7,234,12988,-11584,3840,-3348,3464,2319
melden,7,235,16484,-11736,1320,-3921,5655,1964
melden,7,236,16360,-12292,240,-4475,7802,1902
melden,7,237,12396,-13180,-76,-5018,9904,1854
melden,7,238,7368,-14096,3096,-5068,10762,2000
melden,7,239,2740,-15744,4864,-4910,10614,2075
melden,7,240,784,-17828,5420,-4712,10030,2095
melden,7,241,-444,-20212,4532,-4476,9452,1952
melden,7,242,-2572,-24604,2320,-4006,8756,1568
melden,7,243,-1848,-25368,2456,-3018,8641,895
melden,7,244,1252,-23192,-788,-2348,9055,278
melden,7,245,2260,-20548,-500,-1613,8877,-563
melden,7,246,-2564,-18424,632,-527,6476,-892
melden,7,247,-7832,-17644,3280,1084,2135,-663
melden,7,248,-8896,-17872,3916,3112,-2900,-362
melden,7,249,-8768,-17596,3952,4877,-7085,-552
melden,7,250,-9900,-16992,5380,6042,-10815,-847
melden,7,251,-9320,-16708,8056,6703,-14775,-1064
melden,7,252,-9028,-16568,9440,7359,-18827,-1027
melden,7,253,-9340,-16992,9128,7995,-22660,-679
melden,7,254,-8680,-15092,6336,8178,-26094,-212
melden,7,255,2372,-11560,-5204,7384,-26577,498
melden,7,256,14832,-13644,-17432,4919,-18844,682
melden,7,257,12844,-12544,-19292,2323,-7345,124
melden,7,258,8348,-9752,-16440,268,2618,-648
melden,7,259,8904,-9024,-11292,-1708,10850,-842
melden,7,260,9212,-10380,-5344,-3764,16769,-408
melden,7,261,5972,-12876,-680,-5140,19083,50
melden,7,262,864,-15704,2984,-5582,18358,294
melden,7,263,-4404,-18648,7312,-5132,15382,388
melden,7,264,-4532,-19272,10240,-4053,11477,515
melden,7,265,-1288,-18592,10924,-3093,8359,690
melden,7,266,1428,-17976,9512,-2156,5976,397
melden,7,267,1340,-18076,10828,-905,3185,48
melden,7,268,472,-16312,10304,301,-71,-234
melden,7,269,192,-16188,10172,1272,-3379,-537
melden,7,270,-3340,-17240,11976,2449,-7447,-808
melden,7,271,-4876,-17188,11680,3666,-12079,-928
melden,7,272,-6056,-17572,10016,4671,-16366,-830
melden,7,273,-6300,-16816,7392,5246,-19629,-556
melden,7,274,-1964,-14776,200,5284,-21012,-120
melden,7,275,6344,-15168,-8848,4486,-18032,219
melden,7,276,10148,-14124,-14580,3138,-11231,202
melden,7,277,11448,-11892,-15272,1345,-2673,-270
melden,7,278,9412,-10164,-10896,-356,4748,-623
melden,7,279,10696,-9864,-7792,-2088,10872,-576
melden,7,280,8944,-11032,-3812,-3817,15103,-113
melden,7,281,5748,-12616,-296,-4741,16536,340
melden,7,282,1576,-14748,3888,-5008,15921,730
melden,7,283,-2972,-17232,7184,-4645,13549,1032
melden,7,284,-3624,-18776,8964,-3650,10245,1097
melden,7,285,408,-18404,7384,-2718,8021,1153
melden,7,286,844,-18344,6968,-1947,6662,803
melden,7,287,2416,-17444,6980,-1107,5316,179
melden,7,288,4180,-15668,7208,-505,4193,-285
melden,7,289,1088,-14628,10060,-43,2368,-473
melden,7,290,-1792,-14820,11984,801,-1099,-270
melden,7,291,-1656,-15652,11280,1613,-4625,-31
melden,7,292,-4140,-17072,10216,2362,-7863,77
melden,7,293,-4844,-17384,8784,3125,-10866,19
melden,7,294,-4032,-16800,7528,3560,-12949,-87
melden,7,295,-2240,-16076,6008,3814,-13932,-223
melden,7,296,1572,-14588,3076,3485,-13364,-229
melden,7,297,6944,-13864,-2828,2662,-10574,-197
melden,7,298,11320,-13612,-8672,1231,-4815,-322
melden,7,299,8912,-13092,-9184,-417,2462,-649
melden,8,0,488,-2852,13900,-258,-344,-175
melden,8,1,1696,-1860,13488,-340,-282,-327
melden,8,2,828,-2452,13652,-285,57,-322
melden,8,3,100,-1648,13712,-238,94,-320
melden,8,4,-216,-2216,13588,-171,-107,-259
melden,8,5,232,-2076,13460,-136,-152,-303
melden,8,6,56,-2268,13444,-144,-59,-243
melden,8,7,80,-2212,13468,-132,54,-204
melden,8,8,-144,-2236,13792,-192,166,-130
melden,8,9,-444,-2348,13920,-164,202,-93
melden,8,10,-444,-2656,14088,-162,271,-29
melden,8,11,-716,-3000,14040,-152,427,79
melden,8,12,-1420,-3260,14476,-63,499,241
melden,8,13,-1676,-3204,14740,99,443,424
melden,8,14,-1112,-2972,14832,206,390,476
melden,8,15,-752,-3068,14644,298,335,382
melden,8,16,-604,-2988,14472,444,320,237
melden,8,17,-844,-3044,14988,714,256,19
melden,8,18,-1456,-2708,16000,976,119,-101
melden,8,19,-2152,-2888,17800,1542,-353,-247
melden,8,20,-3084,-2416,18068,2080,-869,-249
melden,8,21,-3404,-1492,19108,2268,-1759,-51
melden,8,22,-8636,-460,24832,1629,-3199,152
melden,8,23,-6496,1844,25284,-611,-1796,-218
melden,8,24,-7860,-1860,30596,-1745,-2757,-343
melden,8,25,-9504,-5748,31560,-1577,-4575,-551
melden,8,26,-11244,-6336,30992,-590,-6448,-331
melden,8,27,-6128,-4068,27544,166,-7739,368
melden,8,28,2356,616,24216,-290,-7232,1005
melden,8,29,14480,4016,26256,-1677,-4957,1593
melden,8,30,19460,4456,28960,-4028,-986,1714
melden,8,31,17828,1752,31512,-6327,2502,1387
melden,8,32,13760,-1368,32767,-8116,4807,865
melden,8,33,9564,-4012,32767,-9472,5962,458
melden,8,34,5996,-5416,32767,-10180,5802,257
melden,8,35,4952,-5672,31504,-10452,4881,290
melden,8,36,6228,-5940,28492,-10482,3908,543
melden,8,37,8628,-6528,25364,-10239,3070,842
melden,8,38,10372,-5820,21752,-10259,2931,1143
melden,8,39,10588,-5468,18892,-10464,3111,1268
melden,8,40,9888,-6028,16016,-10718,3491,1363
melden,8,41,8780,-7584,13280,-10648,3668,1236
melden,8,42,7364,-8568,11452,-10455,3637,1123
melden,8,43,6960,-9588,9128,-10326,3847,1014
melden,8,44,5548,-11580,6608,-10113,4406,743
melden,8,45,5724,-12404,3468,-9789,5620,261
melden,8,46,5016,-13640,588,-9668,7766,-538
melden,8,47,1820,-14948,-1328,-9302,9707,-1722
melden,8,48,-808,-15780,-2780,-8802,11470,-2937
melden,8,49,-4700,-17648,-2216,-7966,12450,-3949
melden,8,50,-6624,-19652,-1884,-6744,12508,-4680
melden,8,51,-5008,-21176,-352,-5449,12430,-5145
melden,8,52,-2288,-20976,852,-4103,12217,-5732
melden,8,53,-5156,-18052,-2448,-2513,12876,-5881
melden,8,54,-4336,-14504,-3696,-629,12972,-6670
melden,8,55,-2748,-8072,-2040,1483,12626,-7199
melden,8,56,-5324,-132,-1136,3298,11940,-7851
melden,8,57,-7496,4920,960,4546,10122,-8818
melden,8,58,-8376,7572,5220,5721,7523,-9329
melden,8,59,-8920,11588,7496,7196,4249,-8998
melden,8,60,-9668,17028,7848,8229,-664,-8170
melden,8,61,-7332,17564,6244,8140,-6506,-6960
melden,8,62,-3464,12140,2508,7992,-12516,-5741
melden,8,63,-1896,5008,-3616,7818,-17845,-4499
melden,8,64,-4644,-2888,-8604,7937,-22044,-3426
melden,8,65,-4040,-5412,-10372,8253,-25512,-2159
melden,8,66,508,-6352,-9340,7356,-27782,-587
melden,8,67,6348,-8028,-10576,5716,-27929,929
melden,8,68,15976,-10032,-15924,3990,-23150,2819
melden,8,69,17252,-13132,-17424,1941,-15137,3689
melden,8,70,8292,-15688,-15072,595,-7762,3751
melden,8,71,4032,-14180,-14312,-196,-2183,3005
melden,8,72,5580,-12284,-11912,-1823,3826,2017
melden,8,73,7596,-13424,-8916,-3557,9606,1263
melden,8,74,7472,-16032,-5020,-4645,13414,930
melden,8,75,7836,-14208,-3540,-5316,14867,845
melden,8,76,7740,-13576,-3108,-5792,15184,992
melden,8,77,6440,-14284,-3328,-5693,14811,1297
melden,8,78,3672,-15852,-2236,-5314,13391,1350
melden,8,79,2516,-17616,-964,-4762,11957,1108
melden,8,80,1092,-19488,1684,-3843,10173,929
melden,8,81,3896,-18468,2052,-2737,8029,735
melden,8,82,4960,-18692,4380,-2059,6578,316
melden,8,83,2884,-17740,6476,-803,3659,118
melden,8,84,4780,-15584,7780,134,404,69
melden,8,85,2372,-15852,8868,1040,-3093,169
melden,8,86,-276,-16744,10404,2486,-7439,264
melden,8,87,-428,-16720,9860,3655,-11448,383
melden,8,88,-724,-16508,8872,4443,-14782,461
melden,8,89,532,-16192,6220,4899,-16813,521
melden,8,90,4000,-14760,640,4635,-16851,653
melden,8,91,10368,-14516,-7592,3588,-13130,682
melden,8,92,10560,-14732,-12076,2154,-6441,297
melden,8,93,7700,-13924,-12532,787,836,-538
melden,8,94,6104,-11880,-10824,-347,7407,-1277
melden,8,95,7452,-10852,-7124,-1746,13519,-1625
melden,8,96,5960,-11940,-1752,-3241,18159,-1457
melden,8,97,2392,-11828,3520,-4277,19966,-1111
melden,8,98,-792,-13184,7696,-4924,19331,-695
melden,8,99,-2900,-14476,10452,-4995,16961,-145
melden,8,100,-3500,-15824,11728,-4683,13574,303
melden,8,101,56,-17436,8888,-4008,10461,637
melden,8,102,2836,-18736,5616,-2953,8204,573
melden,8,103,3700,-18580,4608,-1525,5731,217
melden,8,104,3816,-17228,5588,-252,2750,-396
melden,8,105,2000,-15292,8856,648,-146,-753
melden,8,106,-752,-14684,11116,1440,-3954,-483
melden,8,107,-232,-15052,11360,2341,-7714,-76
melden,8,108,-560,-16008,10716,3071,-10813,288
melden,8,109,-3080,-16872,10032,3705,-13525,402
melden,8,110,-3604,-17104,8452,4141,-15887,394
melden,8,111,-2172,-16736,6216,4569,-17223,403
melden,8,112,-1492,-15256,5180,4677,-17546,395
melden,8,113,2716,-13204,2680,4212,-16387,286
melden,8,114,7360,-12380,-2444,2799,-12530,388
melden,8,115,7524,-14004,-6556,1429,-6740,234
melden,8,116,8656,-13824,-10468,285,-846,-163
melden,8,117,8136,-14304,-9648,-794,5230,-460
melden,8,118,7764,-13592,-6296,-2061,10597,-546
melden,8,119,5396,-13200,-2180,-3093,14459,-573
melden,8,120,1064,-13620,4736,-4009,16127,-703
melden,8,121,640,-12792,10916,-4880,15399,-624
melden,8,122,4788,-13568,12688,-5197,13379,-170
melden,8,123,10520,-10964,8696,-5269,11645,756
melden,8,124,12360,-11260,4820,-5162,10943,1108
melden,8,125,5500,-16392,5656,-4474,8413,587
melden,8,126,-2616,-20008,5164,-2835,4482,-325
melden,8,127,-3192,-20440,4660,-1014,252,-561
melden,8,128,-3044,-19868,5868,945,-4366,-489
melden,8,129,-764,-18100,6148,2360,-8436,-375
melden,8,130,280,-16508,6432,3178,-11358,-167
melden,8,131,1568,-14844,7264,3672,-13422,111
melden,8,132,3468,-13552,7104,3879,-14465,529
melden,8,133,4356,-12996,6024,3745,-14587,897
melden,8,134,5308,-12776,4444,3245,-13698,1191
melden,8,135,7064,-13156,556,2455,-11949,1353
melden,8,136,10020,-12532,-3684,1467,-8947,1391
melden,8,137,13344,-12356,-6940,287,-4676,1375
melden,8,138,12460,-13256,-6148,-902,227,1255
melden,8,139,8720,-13456,-2228,-1852,3859,1121
melden,8,140,5748,-12908,996,-2557,5881,1067
melden,8,141,4336,-12624,2608,-3123,6805,1162
melden,8,142,5172,-13108,2684,-3603,7209,1305
melden,8,143,6532,-13252,2720,-4005,7398,1467
melden,8,144,7052,-13516,2404,-4204,7176,1610
melden,8,145,6488,-13924,2080,-4155,6583,1597
melden,8,146,6244,-15068,2080,-3879,5599,1542
melden,8,147,5448,-15528,2080,-3465,4284,1445
melden,8,148,4700,-16284,2436,-2934,2724,1414
melden,8,149,4188,-16328,2928,-2281,859,1456
melden,8,150,5584,-16068,2332,-1721,-1045,1599
melden,8,151,7832,-16096,584,-1154,-2559,1879
melden,8,152,8264,-17436,-1304,-398,-3670,2212
melden,8,153,9804,-18272,-4664,158,-3866,2559
melden,8,154,9596,-19192,-7584,583,-2626,2782
melden,8,155,7444,-19152,-7416,468,224,2515
melden,8,156,4108,-17424,-4332,-110,3440,2122
melden,8,157,496,-15928,-2128,-673,5983,1606
melden,8,158,-316,-16112,216,-1208,8011,1389
melden,8,159,-2088,-16732,1592,-1472,9008,1390
melden,8,160,-3560,-17652,2916,-1557,9248,1350
melden,8,161,-1652,-17572,956,-1551,9444,1255
melden,8,162,-1176,-16712,-1148,-1697,9566,928
melden,8,163,-3360,-17360,-636,-1443,8463,669
melden,8,164,-7248,-17236,684,-556,5775,616
melden,8,165,-9556,-16640,1928,375,2465,666
melden,8,166,-12280,-17176,3172,1502,-1743,718
melden,8,167,-12832,-17508,4048,2605,-5939,582
melden,8,168,-12796,-17188,5156,3300,-9341,321
melden,8,169,-11904,-16484,6012,3704,-12172,103
melden,8,170,-9880,-16016,5840,3872,-14139,7
melden,8,171,-8044,-15872,5744,3952,-15413,55
melden,8,172,-5912,-16224,5100,3938,-16053,177
melden,8,173,-4532,-16088,4060,4024,-16315,258
melden,8,174,-1780,-15452,2008,3951,-15656,239
melden,8,175,1060,-14368,1360,3449,-13730,249
melden,8,176,7004,-12300,-2380,2100,-9670,200
melden,8,177,7964,-14848,-4912,443,-3625,-265
melden,8,178,3032,-16108,-5252,-584,2182,-918
melden,8,179,2316,-15908,-5924,-1584,7552,-1482
melden,8,180,1380,-16572,-4696,-2530,12382,-1832
melden,8,181,-412,-16380,-764,-3161,15280,-1818
melden,8,182,-3140,-16844,3028,-3477,16112,-1720
melden,8,183,-1784,-15880,6128,-3745,15530,-1709
melden,8,184,1512,-16152,5332,-3937,14850,-1758
melden,8,185,2064,-16952,3760,-3758,13946,-1909
melden,8,186,-400,-17812,3188,-3138,11862,-2054
melden,8,187,-3896,-18328,4016,-1711,7923,-1859
melden,8,188,-3368,-17576,3840,-399,3706,-1483
melden,8,189,-2348,-16672,4512,787,-886,-1198
melden,8,190,-4816,-17360,6408,1842,-5638,-1197
melden,8,191,-4988,-16740,7628,2866,-10179,-1277
melden,8,192,-4332,-15708,8364,3487,-14071,-1172
melden,8,193,-5444,-16308,9032,4014,-17501,-1029
melden,8,194,-4848,-15252,7980,4547,-20022,-684
melden,8,195,-1784,-13840,4828,4610,-20942,-127
melden,8,196,1924,-12484,200,4040,-19839,553
melden,8,197,5420,-13704,-8708,2529,-15671,781
melden,8,198,6728,-15352,-14296,1038,-9225,337
melden,8,199,6392,-16412,-14940,-125,-2009,-311
melden,8,200,8676,-14900,-14324,-1469,5673,-955
melden,8,201,9064,-14624,-9172,-3076,12516,-1430
melden,8,202,7200,-13760,-2972,-4382,16936,-1536
melden,8,203,3456,-14540,1916,-5024,18270,-1338
melden,8,204,-264,-16888,5688,-4758,16885,-1114
melden,8,205,2520,-17196,5368,-4211,15212,-1059
melden,8,206,3808,-17632,2652,-3535,13812,-1101
melden,8,207,820,-18948,3672,-2490,11678,-1372
melden,8,208,-1684,-18428,6800,-478,7717,-1317
melden,8,209,-1016,-16440,9532,1584,1831,-1067
melden,8,210,1428,-13604,10116,3108,-4456,-633
melden,8,211,848,-13744,10664,4230,-10267,-257
melden,8,212,520,-14032,12040,5082,-15685,33
melden,8,213,-2164,-15664,13424,5565,-20714,298
melden,8,214,-6572,-17148,14528,6279,-25385,523
melden,8,215,-8956,-16688,11536,7482,-29444,1181
melden,8,216,-2160,-12176,-2312,7028,-30953,2719
melden,8,217,6488,-15840,-18232,5047,-24833,2874
melden,8,218,6608,-16160,-22092,3131,-15420,2675
melden,8,219,8880,-11452,-21688,1535,-6125,2096
melden,8,220,15656,-8716,-18616,-1150,4332,1521
melden,8,221,16432,-8572,-12468,-4159,12883,1438
melden,8,222,10848,-9044,-5044,-5974,16969,1604
melden,8,223,3128,-10728,2644,-6550,16650,1984
melden,8,224,684,-11952,8060,-6063,13311,2593
melden,8,225,-276,-15372,9036,-5122,9322,3040
melden,8,226,1840,-21312,6808,-4229,6278,2902
melden,8,227,7708,-25516,1952,-3677,6012,2184
melden,8,228,6924,-28884,-768,-3172,7173,747
melden,8,229,5044,-30888,-780,-2530,8032,-964
melden,8,230,4372,-28584,2500,-734,7417,-1906
melden,8,231,1908,-21684,6788,1090,5220,-1863
melden,8,232,-16,-17068,8968,3056,755,-1702
melden,8,233,2184,-15896,8460,4568,-2927,-1726
melden,8,234,1400,-15720,5884,5355,-4855,-2102
melden,8,235,-2244,-17096,7892,5785,-6746,-2765
melden,8,236,-3568,-16568,6928,6217,-8685,-3328
melden,8,237,-4916,-14652,5852,6153,-10710,-3545
melden,8,238,-2432,-12300,796,5891,-12700,-3305
melden,8,239,1304,-13756,-5368,5219,-12644,-2765
melden,8,240,5160,-12896,-9768,4516,-10295,-2209
melden,8,241,8984,-9864,-10864,3173,-5603,-1739
melden,8,242,13348,-6596,-8856,1216,484,-1368
melden,8,243,13952,-6656,-3516,-1200,6372,-835
melden,8,244,12364,-7460,1268,-3050,10075,40
melden,8,245,8832,-7756,5808,-4262,11331,1103
melden,8,246,5416,-8460,9352,-4799,10440,2118
melden,8,247,3468,-8932,11300,-4869,8372,2971
melden,8,248,3380,-9240,12044,-4668,5991,3621
melden,8,249,3732,-10380,11268,-4491,3861,4004
melden,8,250,3768,-12936,8220,-4272,2400,4064
melden,8,251,4476,-17688,4252,-3879,1857,3717
melden,8,252,5556,-23536,-812,-3401,2303,2800
melden,8,253,8868,-27020,-2000,-2881,3616,1619
melden,8,254,9492,-26652,-1992,-2277,5218,391
melden,8,255,6432,-23068,432,-1707,5939,-1089
melden,8,256,6240,-20332,3492,-1648,6609,-2215
melden,8,257,196,-20236,6432,-811,5923,-2660
melden,8,258,-2404,-19236,8976,669,3745,-2711
melden,8,259,1672,-16204,8096,2007,1397,-2505
melden,8,260,1968,-15860,7700,3050,-926,-2245
melden,8,261,1328,-15688,7692,3725,-3280,-2143
melden,8,262,540,-14900,9392,3764,-5550,-1978
melden,8,263,-4096,-15960,10476,3559,-7886,-2064
melden,8,264,-8004,-17224,7928,3666,-10490,-2331
melden,8,265,-7856,-17000,528,4042,-12139,-2220
melden,8,266,-2976,-14128,-6896,3977,-11917,-1802
melden,8,267,3596,-11144,-12748,3116,-9261,-1035
melden,8,268,11696,-9600,-16624,2116,-4722,-77
melden,8,269,16212,-7704,-11832,524,929,754
melden,8,270,16316,-7612,-5608,-1397,5897,1596
melden,8,271,13760,-7020,-1532,-3343,9605,2022
melden,8,272,8268,-8924,1368,-5283,11673,2247
melden,8,273,2160,-11748,4568,-6019,11155,2312
melden,8,274,392,-11876,6144,-6046,9141,2600
melden,8,275,-72,-11780,6912,-5737,6696,2957
melden,8,276,-384,-12032,7568,-5349,3982,3198
melden,8,277,1036,-13556,5640,-5096,2035,3203
melden,8,278,3308,-16564,3264,-4704,1118,3059
melden,8,279,4440,-20592,-1324,-4386,1428,2479
melden,8,280,5824,-24720,-4604,-3870,2164,1580
melden,8,281,5912,-28692,-3832,-3318,3246,646
melden,8,282,5540,-28280,-2452,-2602,4053,-384
melden,8,283,1812,-23840,1728,-1380,3766,-1456
melden,8,284,4760,-18068,2476,-452,3578,-1774
melden,8,285,3732,-17052,6116,-15,2870,-1830
melden,8,286,-1832,-17032,5636,697,1930,-1758
melden,8,287,348,-18972,4556,1893,78,-1431
melden,8,288,1764,-20596,1344,2928,-791,-1530
melden,8,289,3424,-18700,1948,3749,-1229,-1720
melden,8,290,1808,-16444,4308,3829,-1638,-1747
melden,8,291,-5172,-15980,10740,4083,-3940,-1968
melden,8,292,-12352,-17560,14964,4402,-8088,-2343
melden,8,293,-15128,-18572,11324,5093,-12590,-2546
melden,8,294,-13704,-18256,2008,5609,-15645,-2519
melden,8,295,-3776,-15624,-19448,5512,-15234,-1716
melden,8,296,10736,-9820,-29992,4492,-9868,-984
melden,8,297,23716,-4168,-21792,1823,-1471,-331
melden,8,298,23420,-3828,-8968,-1169,6233,348
melden,8,299,15852,-5692,288,-3803,10480,711
melden,9,0,7880,-13872,12636,-8423,-44,3734
melden,9,1,9280,-13520,10892,-8341,627,3944
melden,9,2,9260,-14036,8960,-8459,1636,4073
melden,9,3,8804,-15192,7560,-8524,2517,3965
melden,9,4,8476,-15776,6960,-8519,3224,3841
melden,9,5,8396,-16072,6228,-8535,3900,3630
melden,9,6,7980,-16100,5228,-8464,4360,3373
melden,9,7,6896,-17076,3928,-8254,4612,3173
melden,9,8,5864,-18076,2568,-8051,4953,2880
melden,9,9,5892,-19468,1132,-7849,5586,2426
melden,9,10,5240,-21920,260,-7609,6499,1883
melden,9,11,4464,-21624,-872,-7483,7615,1262
melden,9,12,4104,-22748,-2324,-7430,9115,460
melden,9,13,1380,-24624,-3352,-7104,10234,-484
melden,9,14,-848,-25840,-4808,-6671,11231,-1626
melden,9,15,-2324,-27444,-5956,-6114,12068,-2763
melden,9,16,-4524,-28248,-4224,-5285,12491,-3816
melden,9,17,-5252,-28288,-3156,-3832,12150,-4643
melden,9,18,-9776,-30872,-2416,-1986,11024,-5647
melden,9,19,-9812,-25868,-4528,238,10178,-6736
melden,9,20,-10880,-17708,1232,2230,9080,-7661
melden,9,21,-6552,-6076,1660,4325,7973,-8120
melden,9,22,-3572,2560,5540,5661,6906,-8430
melden,9,23,-4144,8652,6392,7227,4978,-8707
melden,9,24,-572,11888,5844,9119,2147,-8176
melden,9,25,-316,14868,6808,10192,-416,-7393
melden,9,26,-2508,16884,10728,10331,-2761,-6752
melden,9,27,-2484,15848,8264,9900,-4968,-6393
melden,9,28,-5872,11564,-1584,9089,-6371,-6375
melden,9,29,-14252,7152,-13016,8829,-8287,-6322
melden,9,30,-11868,7044,-21816,8574,-10056,-5772
melden,9,31,808,3820,-25448,7111,-9154,-4458
melden,9,32,10088,-1084,-22620,4959,-5563,-3069
melden,9,33,14372,-7212,-14364,1979,-570,-2068
melden,9,34,12072,-12588,-4812,-504,3563,-719
melden,9,35,11288,-14688,388,-2862,6322,612
melden,9,36,10544,-14360,1220,-4973,8419,1712
melden,9,37,7060,-15292,1096,-6282,8839,2414
melden,9,38,2692,-14084,128,-6849,7420,2481
melden,9,39,-2300,-14984,348,-6318,4996,2576
melden,9,40,-2284,-15408,452,-5207,2100,2714
melden,9,41,232,-15336,616,-4303,85,2346
melden,9,42,2208,-15444,1288,-3598,-1112,1990
melden,9,43,4096,-16560,116,-2799,-1612,1677
melden,9,44,5108,-18432,-744,-2043,-1322,1303
melden,9,45,4784,-19148,-424,-1320,-687,862
melden,9,46,4112,-18688,1112,-692,-305,507
melden,9,47,3872,-18184,1644,-92,-343,364
melden,9,48,4096,-17724,1684,420,-533,414
melden,9,49,3872,-16844,1140,733,-606,490
melden,9,50,3556,-16368,912,924,-598,464
melden,9,51,3592,-16112,1264,1010,-524,410
melden,9,52,3876,-15768,1488,990,-254,288
melden,9,53,3904,-15072,1904,834,162,125
melden,9,54,3228,-14848,2624,661,499,49
melden,9,55,2880,-14396,3600,570,609,40
melden,9,56,2632,-13984,4088,481,634,132
melden,9,57,2828,-14704,4588,429,537,189
melden,9,58,2992,-14356,5196,292,485,264
melden,9,59,2768,-13972,5692,118,434,313
melden,9,60,2572,-15148,6052,-57,427,320
melden,9,61,2560,-14996,5860,-268,422,419
melden,9,62,3064,-14896,4880,-412,436,281
melden,9,63,2852,-14936,4760,-634,678,256
melden,9,64,2136,-15556,4832,-697,668,202
melden,9,65,2164,-15744,4668,-668,589,173
melden,9,66,2176,-15680,4188,-662,597,122
melden,9,67,2100,-15896,3872,-631,591,52
melden,9,68,2192,-15864,3940,-586,556,4
melden,9,69,2308,-15744,4024,-591,543,-48
melden,9,70,2416,-15604,3732,-604,537,-116
melden,9,71,2256,-15672,3468,-609,491,-179
melden,9,72,2192,-15852,3732,-508,271,-164
melden,9,73,2604,-15736,3712,-437,-70,-126
melden,9,74,2708,-15372,3424,-368,-332,-79
melden,9,75,2884,-15508,3284,-360,-499,-20
melden,9,76,2564,-15440,2996,-346,-624,67
melden,9,77,2856,-15208,2616,-313,-734,91
melden,9,78,2972,-15412,2540,-308,-810,114
melden,9,79,2700,-15372,2552,-303,-869,119
melden,9,80,2812,-15540,1932,-310,-883,128
melden,9,81,3276,-15896,1388,-300,-744,81
melden,9,82,3064,-15992,1652,-324,-566,17
melden,9,83,3256,-15720,1764,-369,-378,-21
melden,9,84,3372,-15792,1844,-422,-199,-61
melden,9,85,3108,-15648,1896,-392,-114,-79
melden,9,86,3048,-15660,1864,-347,-133,-93
melden,9,87,2984,-15692,2088,-317,-167,-105
melden,9,88,3088,-15480,2256,-312,-162,-119
melden,9,89,3204,-15384,2144,-290,-186,-147
melden,9,90,3228,-15384,2248,-263,-214,-171
melden,9,91,3672,-15212,2104,-244,-205,-173
melden,9,92,3376,-15188,2156,-226,-257,-177
melden,9,93,3260,-15364,2132,-174,-379,-167
melden,9,94,3476,-15320,2212,-120,-489,-144
melden,9,95,3640,-15292,2184,-91,-545,-116
melden,9,96,3472,-15584,2040,-61,-565,-115
melden,9,97,3508,-15736,1932,-35,-543,-100
melden,9,98,3616,-15392,1924,-69,-469,-104
melden,9,99,3440,-15484,1972,-93,-438,-94
melden,9,100,3668,-15612,1976,-74,-446,-83
melden,9,101,3724,-15612,1792,-93,-369,-71
melden,9,102,3536,-15656,1820,-109,-277,-96
melden,9,103,3268,-15736,2072,-107,-214,-111
melden,9,104,3412,-15464,2296,-54,-190,-97
melden,9,105,3272,-15604,2240,-34,-168,-76
melden,9,106,3772,-15584,2028,-30,-163,-93
melden,9,107,3760,-15584,2020,-59,-115,-125
melden,9,108,3676,-15604,2280,-86,-89,-135
melden,9,109,3672,-15700,2188,-85,-110,-131
melden,9,110,3560,-15652,2344,-52,-121,-135
melden,9,111,3656,-15488,2176,-31,-106,-145
melden,9,112,3660,-15504,2208,-29,-60,-166
melden,9,113,3648,-15600,2208,-29,-4,-189
melden,9,114,3460,-15484,2336,-33,29,-193
melden,9,115,3596,-15572,2384,2,7,-187
melden,9,116,3704,-15352,2368,38,-8,-171
melden,9,117,3820,-15336,2396,13,11,-170
melden,9,118,3808,-15416,2348,-47,50,-178
melden,9,119,3504,-15696,2368,-64,24,-166
melden,9,120,3464,-15736,2292,-5,-41,-163
melden,9,121,3840,-15612,1988,53,-42,-171
melden,9,122,3912,-15440,2176,17,64,-200
melden,9,123,3540,-15328,2512,-28,149,-235
melden,9,124,3560,-15496,2772,-14,119,-243
melden,9,125,3496,-15512,2972,13,41,-205
melden,9,126,3576,-15536,3008,60,-57,-183
melden,9,127,3452,-15452,3024,80,-116,-189
melden,9,128,3952,-15320,2568,58,-106,-211
melden,9,129,4136,-15244,2564,-7,-46,-206
melden,9,130,3640,-15388,2668,-39,-89,-215
melden,9,131,3536,-15492,2808,-19,-204,-207
melden,9,132,3924,-15224,2904,-12,-323,-178
melden,9,133,3956,-15144,3036,7,-442,-150
melden,9,134,3940,-15256,3016,1,-473,-142
melden,9,135,4104,-15400,2580,-25,-432,-147
melden,9,136,4168,-15328,2716,-42,-316,-156
melden,9,137,4096,-15164,2756,-83,-193,-188
melden,9,138,4244,-15088,2772,-109,-108,-198
melden,9,139,4056,-15160,2804,-120,-84,-205
melden,9,140,4192,-15252,2868,-104,-88,-183
melden,9,141,4192,-15360,2792,-41,-147,-127
melden,9,142,4248,-15132,2596,-41,-230,-124
melden,9,143,4312,-15352,2652,-48,-255,-115
melden,9,144,4728,-15268,2420,-45,-249,-90
melden,9,145,4644,-15252,2472,-64,-171,-81
melden,9,146,4248,-15400,2392,-112,-73,-109
melden,9,147,4268,-15532,2460,-114,-34,-119
melden,9,148,4272,-15452,2464,-109,0,-127
melden,9,149,4472,-15340,2580,-87,65,-121
melden,9,150,4448,-15048,2556,-96,143,-122
melden,9,151,4320,-14968,2980,-124,183,-130
melden,9,152,4212,-15068,2904,-127,138,-140
melden,9,153,4236,-15140,2980,-102,43,-119
melden,9,154,4080,-15108,2884,-84,-53,-82
melden,9,155,4512,-15216,2688,-79,-93,-60
melden,9,156,4564,-15204,2432,-132,-36,-51
melden,9,157,4364,-15292,2500,-165,39,-62
melden,9,158,4260,-15324,2672,-183,79,-69
melden,9,159,4280,-15268,2620,-166,101,-75
melden,9,160,4520,-15340,2648,-163,127,-80
melden,9,161,4328,-15352,2696,-171,156,-80
melden,9,162,4232,-15264,2776,-158,166,-80
melden,9,163,4248,-15304,2784,-126,132,-73
melden,9,164,4172,-15276,2764,-80,28,-66
melden,9,165,4312,-15196,2632,-58,-45,-51
melden,9,166,4520,-15208,2612,-75,-59,-43
melden,9,167,4328,-15144,2620,-96,-57,-38
melden,9,168,4312,-15152,2536,-99,-79,-23
melden,9,169,4444,-15180,2512,-102,-66,-14
melden,9,170,4312,-15260,2564,-97,-35,-18
melden,9,171,4260,-15204,2436,-97,12,-19
melden,9,172,4220,-15356,2416,-75,65,-46
melden,9,173,4144,-15336,2580,-64,103,-59
melden,9,174,4048,-15360,2776,-41,78,-60
melden,9,175,4148,-15268,2636,-14,34,-51
melden,9,176,4208,-15252,2672,-8,15,-42
melden,9,177,4020,-15280,2728,-1,-21,-35
melden,9,178,4072,-15324,2912,-1,-91,-37
melden,9,179,4148,-15216,2620,1,-129,-37
melden,9,180,4216,-15372,2776,-13,-122,-27
melden,9,181,4228,-15340,2632,-41,-73,-41
melden,9,182,4216,-15264,2832,-70,-20,-41
melden,9,183,4124,-15164,3024,-99,-2,-36
melden,9,184,4192,-15144,2992,-99,1,-29
melden,9,185,4180,-15164,2956,-97,-5,-16
melden,9,186,4088,-15196,2992,-97,-14,11
melden,9,187,4160,-15224,2892,-108,-22,27
melden,9,188,4156,-15288,2768,-116,-31,41
melden,9,189,4132,-15148,2712,-121,19,37
melden,9,190,4220,-15096,2556,-153,78,16
melden,9,191,4060,-15332,2844,-168,104,16
melden,9,192,4172,-15296,2732,-153,97,23
melden,9,193,4148,-15264,2696,-145,111,36
melden,9,194,4096,-15204,2872,-126,93,45
melden,9,195,4144,-15220,2960,-95,68,45
melden,9,196,4152,-15148,2844,-95,86,43
melden,9,197,4220,-15368,2764,-113,127,40
melden,9,198,4016,-15344,2700,-105,127,24
melden,9,199,3980,-15140,2876,-94,120,16
melden,9,200,3960,-15300,2936,-106,97,-7
melden,9,201,3952,-15380,2820,-91,72,4
melden,9,202,4028,-15332,2796,-84,23,-11
melden,9,203,3956,-15260,2728,-73,11,3
melden,9,204,4028,-15244,2588,-73,25,0
melden,9,205,4096,-15308,2664,-72,57,-6
melden,9,206,4036,-15444,2748,-67,93,-6
melden,9,207,3808,-15332,2932,-53,115,-10
melden,9,208,3736,-15324,2992,-38,98,-20
melden,9,209,3740,-15380,2848,-24,93,-31
melden,9,210,3756,-15376,2852,-13,95,-45
melden,9,211,3676,-15400,3056,-2,58,-66
melden,9,212,3736,-15340,3436,18,32,-85
melden,9,213,3796,-15268,3088,17,-17,-97
melden,9,214,3748,-15312,3336,12,-82,-98
melden,9,215,3924,-15416,3060,10,-122,-97
melden,9,216,3976,-15168,3248,-9,-119,-87
melden,9,217,4024,-15280,3088,-30,-99,-82
melden,9,218,3904,-15216,3092,-56,-45,-90
melden,9,219,3984,-15244,3108,-64,-26,-93
melden,9,220,3996,-15288,3304,-64,-40,-93
melden,9,221,4076,-15156,3224,-81,-23,-73
melden,9,222,3968,-15176,3168,-101,-10,-73
melden,9,223,4008,-15136,3000,-112,-16,-77
melden,9,224,4100,-15136,3348,-129,-18,-79
melden,9,225,4056,-15000,3068,-145,-29,-63
melden,9,226,4088,-14996,3028,-147,-56,-48
melden,9,227,4180,-14948,2720,-162,-56,-20
melden,9,228,4048,-15164,2768,-178,-17,-19
melden,9,229,4016,-15316,2792,-194,32,-11
melden,9,230,3936,-15276,2740,-208,74,9
melden,9,231,3864,-15284,2756,-204,89,23
melden,9,232,3924,-15340,2576,-199,117,25
melden,9,233,4016,-15428,2464,-184,169,10
melden,9,234,3860,-15544,2552,-162,185,-8
melden,9,235,3860,-15508,2760,-133,180,-37
melden,9,236,3756,-15508,2864,-80,152,-57
melden,9,237,3768,-15428,2980,-51,83,-76
melden,9,238,3632,-15392,2996,-12,-15,-71
melden,9,239,3620,-15324,3008,1,-79,-81
melden,9,240,3760,-15256,2876,7,-78,-87
melden,9,241,3700,-15192,2596,4,-42,-103
melden,9,242,3736,-15168,2700,-15,-1,-124
melden,9,243,3588,-15116,3064,-39,26,-115
melden,9,244,3624,-15044,2924,-56,3,-102
melden,9,245,3668,-15204,2776,-77,-16,-76
melden,9,246,3784,-15044,2724,-97,-46,-42
melden,9,247,3880,-15056,2972,-110,-74,-20
melden,9,248,4120,-15036,2736,-124,-70,-5
melden,9,249,4208,-15084,2436,-138,-54,-24
melden,9,250,4172,-15224,2592,-126,-33,-42
melden,9,251,4284,-15540,2532,-86,-34,-60
melden,9,252,4260,-15676,2740,-34,-23,-71
melden,9,253,4204,-15412,3048,19,-53,-77
melden,9,254,4192,-15372,3104,64,-46,-65
melden,9,255,4040,-15360,3216,83,-47,-55
melden,9,256,4072,-15276,3200,107,-68,-68
melden,9,257,4136,-15132,3096,116,-41,-68
melden,9,258,4032,-15180,2916,94,-15,-82
melden,9,259,4184,-15080,2784,63,38,-81
melden,9,260,3968,-14948,3092,19,46,-83
melden,9,261,3784,-15028,3340,-3,28,-48
melden,9,262,3764,-15056,3344,-60,57,34
melden,9,263,4000,-15044,3036,-68,50,11
melden,9,264,4008,-15292,3068,-109,119,-4
melden,9,265,3928,-15224,3248,-102,144,2
melden,9,266,4040,-15160,3192,-108,161,2
melden,9,267,3972,-15204,3196,-119,190,19
melden,9,268,3732,-15108,3212,-125,189,17
melden,9,269,3568,-15092,3456,-111,141,22
melden,9,270,3584,-15220,3372,-82,70,24
melden,9,271,3696,-15216,3168,-69,43,20
melden,9,272,3620,-15216,3048,-76,27,6
melden,9,273,3608,-15108,2928,-82,-4,-4
melden,9,274,3668,-15112,2932,-81,-46,-2
melden,9,275,3684,-15076,2864,-63,-115,12
melden,9,276,3596,-15016,2924,-42,-192,32
melden,9,277,3776,-15116,2980,-4,-270,62
melden,9,278,3732,-15096,3124,18,-329,90
melden,9,279,3880,-15280,3204,28,-373,110
melden,9,280,3948,-15240,3084,22,-363,119
melden,9,281,3932,-15204,3020,-11,-299,123
melden,9,282,4076,-15364,2952,-57,-241,106
melden,9,283,4068,-15128,3060,-87,-211,99
melden,9,284,3892,-15208,3216,-111,-267,120
melden,9,285,3508,-15024,3212,-263,-324,213
melden,9,286,4100,-15320,3360,-63,-425,167
melden,9,287,4188,-15228,3052,-88,-334,149
melden,9,288,4212,-14900,3160,-128,-206,127
melden,9,289,4088,-15200,3012,-152,-70,101
melden,9,290,4044,-15124,3116,-133,14,92
melden,9,291,3896,-15200,3296,-115,88,88
melden,9,292,3828,-15052,3428,-115,123,94
melden,9,293,3696,-15080,3276,-116,134,85
melden,9,294,3876,-15184,3376,-116,170,71
melden,9,295,3676,-15160,3364,-107,200,54
melden,9,296,3512,-15244,3468,-103,188,30
melden,9,297,3636,-15264,3652,-93,174,12
melden,9,298,3516,-15224,3452,-104,169,12
melden,9,299,3556,-15308,3572,-103,173,8
melden,10,0,1696,-2912,13572,-129,-108,-138
melden,10,1,1456,-2920,13772,-138,-112,-109
melden,10,2,1284,-3128,13896,-150,-146,-99
melden,10,3,964,-3040,13852,-138,-166,-70
melden,10,4,908,-3028,13924,-168,-137,-75
melden,10,5,1000,-3240,14024,-62,-245,-8
melden,10,6,340,-3488,14612,78,-350,36
melden,10,7,652,-3888,14852,173,-499,-71
melden,10,8,600,-3548,15640,206,-723,-67
melden,10,9,-556,-4120,16000,184,-907,-140
melden,10,10,-552,-4172,16516,224,-1385,-142
melden,10,11,-452,-4744,16056,256,-2219,3
melden,10,12,-2472,-5132,17284,367,-3568,70
melden,10,13,-2900,-4884,18432,421,-4722,91
melden,10,14,-576,-6348,18924,190,-5253,90
melden,10,15,2856,-3472,24428,-650,-4048,81
melden,10,16,7344,-2416,28384,-1573,-3538,644
melden,10,17,11020,-3448,28824,-2748,-2080,837
melden,10,18,15968,-940,28996,-4428,381,1114
melden,10,19,15968,-2444,29376,-6152,2387,1180
melden,10,20,12896,-4888,29544,-7750,3675,1040
melden,10,21,8440,-8440,29736,-8855,4081,661
melden,10,22,5608,-10552,29168,-9512,3497,546
melden,10,23,2972,-12936,28328,-9666,2131,599
melden,10,24,1988,-14152,26512,-9436,422,987
melden,10,25,2932,-13844,24476,-9135,-982,1611
melden,10,26,4240,-14064,22292,-8961,-1889,2170
melden,10,27,6836,-13996,20352,-8963,-2311,2506
melden,10,28,8356,-14220,18744,-9135,-2359,2725
melden,10,29,9236,-13748,17460,-9142,-2088,3060
melden,10,30,9392,-14320,15828,-9007,-2013,3266
melden,10,31,7456,-15192,15288,-8505,-2645,3416
melden,10,32,6876,-16272,13564,-7780,-3522,3598
melden,10,33,6604,-16716,12048,-6942,-4341,3779
melden,10,34,7144,-16864,10776,-6077,-5052,3954
melden,10,35,8108,-16912,8900,-5220,-5454,4060
melden,10,36,9068,-15916,7868,-4588,-5414,4039
melden,10,37,10164,-14188,6744,-4263,-4773,3925
melden,10,38,10400,-13228,4668,-4071,-3858,3716
melden,10,39,10324,-12616,1464,-4052,-2501,3134
melden,10,40,10400,-12468,-1396,-4185,-377,2132
melden,10,41,8404,-12916,-2464,-4460,2216,869
melden,10,42,6396,-11400,-3176,-4399,4282,-116
melden,10,43,4092,-10636,-4264,-4137,6178,-1010
melden,10,44,2556,-11016,-6032,-3730,7945,-1968
melden,10,45,1920,-12116,-8016,-3314,10542,-2950
melden,10,46,-1824,-12392,-6744,-3096,13377,-3929
melden,10,47,-4884,-8860,-6384,-2216,15852,-4458
melden,10,48,-8132,-5560,-2804,-1646,17242,-4894
melden,10,49,-9324,-13268,-1688,45,16875,-5481
melden,10,50,-10804,-2256,1516,1150,17344,-5171
melden,10,51,-9084,1908,3976,1859,16644,-5091
melden,10,52,-6536,1860,5132,2477,15912,-4986
melden,10,53,-3664,1920,4276,2838,15572,-5182
melden,10,54,-2504,2416,3456,3366,14086,-5000
melden,10,55,-2752,3488,3184,4704,9178,-4251
melden,10,56,-4060,4116,396,6860,1869,-3217
melden,10,57,-3416,3452,-1952,8849,-6018,-2003
melden,10,58,-4988,2548,-836,10486,-14563,-574
melden,10,59,-5360,-2216,552,10893,-22843,417
melden,10,60,-1916,-9204,2608,10786,-29626,1367
melden,10,61,-2796,-13808,3376,10057,-32768,2496
melden,10,62,-684,-14304,-4988,8962,-32768,3375
melden,10,63,25348,-16692,-22852,6309,-28009,3869
melden,10,64,13328,-16504,-17128,1667,-8750,3269
melden,10,65,-18184,-14236,-16452,-58,1946,-389
melden,10,66,-10300,-9936,-13848,-2608,13352,-2958
melden,10,67,3140,-14300,-3248,-5912,24989,-4241
melden,10,68,3644,-15152,6744,-8391,31026,-4305
melden,10,69,3524,-18744,11708,-9668,30816,-3981
melden,10,70,-4664,-19852,15452,-9430,27448,-3078
melden,10,71,-9292,-16392,19536,-9018,21569,-2267
melden,10,72,-2000,-16284,15032,-8450,17059,-755
melden,10,73,4512,-13380,8136,-6830,12337,414
melden,10,74,4916,-18404,1360,-4169,5209,356
melden,10,75,4084,-12628,1752,-1807,260,826
melden,10,76,-9776,-17428,11200,85,-6815,493
melden,10,77,-16832,-14196,17996,3805,-16688,434
melden,10,78,-6724,-10676,16004,6520,-25346,1886
melden,10,79,1588,-8428,14492,7154,-29418,3136
melden,10,80,980,-9240,18804,6255,-30521,3919
melden,10,81,-580,-8816,19524,5429,-31115,4816
melden,10,82,916,-7204,11716,3874,-30351,5508
melden,10,83,6200,-10104,-1028,2038,-25829,6323
melden,10,84,4888,-20808,-15736,462,-16248,5982
melden,10,85,-6436,-27156,-26704,-146,-6339,3419
melden,10,86,-5324,-25520,-31236,-1023,4999,-596
melden,10,87,4704,-17604,-23336,-3191,17514,-3898
melden,10,88,10264,-14620,-11540,-5440,27059,-5141
melden,10,89,6576,-14768,-56,-6034,30267,-4827
melden,10,90,-1472,-14664,10744,-4760,28188,-3778
melden,10,91,-3936,-14916,17976,-3014,22827,-2507
melden,10,92,-1040,-14712,19480,-1434,18178,-1526
melden,10,93,4780,-12684,18248,-718,16803,-842
melden,10,94,4152,-14036,16956,302,14248,-692
melden,10,95,2720,-13068,15088,1719,9147,-817
melden,10,96,3092,-15448,9060,3191,3675,-789
melden,10,97,-4004,-12468,11352,4484,-3203,-405
melden,10,98,-12608,-15808,17652,6543,-12103,-92
melden,10,99,-7908,-16840,20788,8234,-20078,363
melden,10,100,168,-17180,20816,8552,-24522,642
melden,10,101,4420,-13020,23420,7319,-26380,835
melden,10,102,6056,-9228,19324,5080,-27185,1032
melden,10,103,15896,-8684,2296,2186,-23132,1436
melden,10,104,9544,-15352,-10640,-6,-13037,2861
melden,10,105,-11280,-14988,-23188,257,-6147,2283
melden,10,106,-988,-10980,-28460,-439,2237,770
melden,10,107,15316,-8252,-17448,-4006,15152,-123
melden,10,108,15436,-10416,-3572,-7149,23390,-247
melden,10,109,5436,-11268,8552,-8216,24383,664
melden,10,110,-4172,-10996,20976,-8229,19723,1680
melden,10,111,-2912,-9824,24536,-7829,13302,2753
melden,10,112,2292,-7344,20500,-7813,9800,3350
melden,10,113,7404,-8596,14832,-8424,7752,3305
melden,10,114,11384,-11160,6668,-8515,6710,2818
melden,10,115,11360,-18036,-2248,-6355,3158,2618
melden,10,116,1356,-25104,-2880,-3652,-1830,1679
melden,10,117,-11660,-28608,5100,-646,-7873,675
melden,10,118,-16488,-24628,11892,2320,-14322,-251
melden,10,119,-7780,-16564,13016,3970,-18589,-698
melden,10,120,-1768,-12520,11604,4453,-20333,-559
melden,10,121,-340,-10096,10820,4604,-21200,-400
melden,10,122,-600,-9144,9184,5124,-22133,46
melden,10,123,-1736,-7192,4660,4595,-24095,586
melden,10,124,7152,-7744,-7724,3856,-22515,1352
melden,10,125,7380,-9744,-17676,3102,-17260,1711
melden,10,126,9572,-11560,-23036,1806,-9385,1385
melden,10,127,6420,-13888,-22440,442,-438,463
melden,10,128,6308,-20872,-18724,-1158,8539,-950
melden,10,129,4788,-25344,-8680,-3070,16868,-1738
melden,10,130,-1916,-22832,1680,-4409,21873,-1879
melden,10,131,-4508,-20888,9376,-5073,23225,-1846
melden,10,132,-1940,-20208,13680,-4855,22238,-1640
melden,10,133,1148,-20676,14628,-3907,19909,-1058
melden,10,134,5656,-20700,10680,-1860,16671,-814
melden,10,135,15224,-14876,3468,341,13467,-745
melden,10,136,12380,-12464,64,2458,8545,-750
melden,10,137,-5284,-14928,7912,3734,1780,-1023
melden,10,138,-13928,-18888,13384,5962,-6936,-1121
melden,10,139,-2604,-13612,13724,6805,-14722,-724
melden,10,140,1932,-12716,17484,7589,-19539,-140
melden,10,141,3472,-10036,20068,6963,-23208,555
melden,10,142,5196,-6304,17004,4994,-26596,1408
melden,10,143,14048,-7920,968,2799,-26165,2675
melden,10,144,13788,-13664,-8988,969,-18285,4183
melden,10,145,-6764,-18256,-18724,996,-10853,4068
melden,10,146,-2992,-13776,-26292,275,-1900,2539
melden,10,147,2856,-13148,-22024,-2383,10688,-26
melden,10,148,5268,-15724,-11668,-5334,21728,-2073
melden,10,149,76,-20228,-292,-6310,26573,-2945
melden,10,150,-4772,-20676,11152,-5465,25777,-2891
melden,10,151,-2920,-16980,17788,-3844,20799,-2470
melden,10,152,5252,-13060,20092,-2341,16857,-1580
melden,10,153,20184,-10544,14392,-501,13768,21
melden,10,154,21488,-7092,9016,1200,8867,1051
melden,10,155,2944,-13556,12720,1852,3177,916
melden,10,156,-8888,-20508,15864,3341,-4307,255
melden,10,157,-11980,-21388,16460,5103,-12295,-264
melden,10,158,-6256,-14864,19664,5925,-19487,-173
melden,10,159,-5564,-12392,23912,5617,-25178,-57
melden,10,160,-5492,-10788,19440,4842,-29968,409
melden,10,161,4072,-8964,892,4335,-30456,1850
melden,10,162,11968,-12416,-18092,2384,-20511,3344
melden,10,163,-2700,-12412,-25796,1533,-9661,3372
melden,10,164,7684,-9076,-28480,-243,2093,1698
melden,10,165,18592,-8764,-20928,-4311,17151,31
melden,10,166,15424,-12980,-11176,-7461,27102,-692
melden,10,167,1008,-16852,-56,-7872,28984,-800
melden,10,168,-9672,-20404,12484,-6059,23859,-634
melden,10,169,-5380,-19012,18392,-3958,16717,-488
melden,10,170,3732,-18828,18288,-1690,12159,61
melden,10,171,13192,-13344,17120,-255,8468,618
melden,10,172,9872,-13604,17180,92,3358,547
melden,10,173,1796,-16148,17300,1243,-1837,346
melden,10,174,-6260,-17492,19012,2661,-7910,230
melden,10,175,-9304,-17192,20736,4199,-14534,146
melden,10,176,-6788,-15020,18944,5289,-20284,285
melden,10,177,-3700,-13796,15808,5039,-23730,491
melden,10,178,4656,-11152,1672,4273,-24026,781
melden,10,179,15828,-13560,-13472,2210,-15933,989
melden,10,180,5056,-12776,-20704,803,-5965,804
melden,10,181,924,-9244,-22612,-421,2613,-19
melden,10,182,7920,-9212,-19076,-2200,11925,-772
melden,10,183,11172,-11988,-11380,-4814,20448,-874
melden,10,184,6376,-13392,-3976,-6333,25306,-797
melden,10,185,-1696,-14852,3700,-6786,25782,-730
melden,10,186,-8040,-17192,11080,-6696,23140,-714
melden,10,187,-11020,-21560,16724,-5175,18048,-686
melden,10,188,-10476,-23084,20580,-3216,12001,-435
melden,10,189,6288,-18360,14652,-1395,8542,387
melden,10,190,20168,-10520,7184,-3,6859,958
melden,10,191,14420,-11016,7112,-3,3549,686
melden,10,192,-3652,-16216,10508,1178,-2086,476
melden,10,193,-11648,-17764,14900,2938,-8492,351
melden,10,194,-9128,-17092,16640,4358,-14449,504
melden,10,195,-6928,-16472,16844,5202,-18805,513
melden,10,196,-3540,-13400,16468,5425,-21802,526
melden,10,197,-968,-10464,14296,4365,-23780,583
melden,10,198,8128,-11456,872,3492,-22576,752
melden,10,199,11608,-14244,-10044,1829,-15597,1075
melden,10,200,-1072,-14380,-15776,965,-7791,1149
melden,10,201,-4104,-12656,-20196,446,-878,380
melden,10,202,2896,-13452,-19276,-890,7751,-922
melden,10,203,11040,-12840,-11984,-3423,17728,-1674
melden,10,204,9576,-14008,-3908,-5308,24382,-1914
melden,10,205,792,-14508,6256,-6174,26307,-1744
melden,10,206,-7064,-17324,15272,-6164,23940,-1379
melden,10,207,-10996,-19864,21448,-5134,18684,-1128
melden,10,208,-6556,-20412,21388,-3895,13701,-1009
melden,10,209,5248,-15708,16008,-2489,11148,-530
melden,10,210,12400,-12416,6572,-893,8490,141
melden,10,211,13640,-10448,4980,-240,4921,141
melden,10,212,-4184,-14432,10100,880,-1463,-86
melden,10,213,-15724,-17788,15608,2898,-9270,-68
melden,10,214,-12428,-16516,16180,4968,-17094,412
melden,10,215,-6264,-14684,15808,6380,-22522,892
melden,10,216,-2356,-13528,17212,6738,-25342,1085
melden,10,217,-2368,-11976,19172,6223,-27299,1067
melden,10,218,-716,-9516,15420,4994,-28530,1162
melden,10,219,7028,-10512,-648,3578,-26220,1854
melden,10,220,9372,-16524,-11392,1871,-18149,2311
melden,10,221,-3572,-18148,-23800,1929,-10402,2001
melden,10,222,-468,-14252,-28672,1415,-1752,57
melden,10,223,9112,-12704,-24956,-824,9949,-2008
melden,10,224,14060,-11680,-12884,-4137,20743,-2968
melden,10,225,13584,-13768,-4628,-5919,26620,-2971
melden,10,226,5112,-14232,5880,-5977,27150,-2031
melden,10,227,-5488,-15884,16948,-4813,22132,-800
melden,10,228,-8348,-15740,22204,-3659,15059,158
melden,10,229,-3360,-17296,21472,-2794,10528,649
melden,10,230,1660,-16828,18028,-2362,8454,480
melden,10,231,7668,-14380,12456,-2136,7820,113
melden,10,232,15232,-12388,6756,-1633,6001,39
melden,10,233,4016,-14492,5896,-331,2339,-81
melden,10,234,-6512,-14916,11996,1415,-4125,-160
melden,10,235,-10024,-14884,14728,3068,-11080,-52
melden,10,236,-5072,-13812,14360,4540,-16844,332
melden,10,237,992,-12576,14048,5210,-20178,743
melden,10,238,1504,-11720,15964,5090,-22456,1034
melden,10,239,5548,-8968,11580,4202,-24302,1340
melden,10,240,15612,-11084,276,2525,-20978,1814
melden,10,241,9112,-14452,-7844,1651,-14738,2413
melden,10,242,-2448,-15388,-14848,1812,-8910,2011
melden,10,243,-228,-12456,-20288,898,-613,517
melden,10,244,6244,-12912,-16472,-1599,9879,-1307
melden,10,245,8624,-14656,-8400,-4225,18652,-2269
melden,10,246,5820,-15604,972,-5229,22374,-2115
melden,10,247,-364,-16480,11504,-4577,20758,-990
melden,10,248,-4000,-15300,18620,-3304,15671,70
melden,10,249,-3576,-16640,21756,-1718,9585,905
melden,10,250,7152,-14344,17940,-930,5536,1119
melden,10,251,14116,-11844,12504,-660,3854,968
melden,10,252,13564,-11780,8516,-36,1763,762
melden,10,253,2412,-14664,10984,918,-2292,332
melden,10,254,-6076,-15980,14736,2030,-7911,-108
melden,10,255,-6704,-15708,14688,3093,-13672,-206
melden,10,256,-1084,-14244,11488,3624,-17781,55
melden,10,257,8024,-12884,4872,3144,-17975,201
melden,10,258,16724,-12676,-1404,1829,-12627,339
melden,10,259,9732,-12480,-3912,290,-5592,42
melden,10,260,2484,-10172,-4308,-1078,-36,-354
melden,10,261,-228,-11704,-7888,-1876,5124,-926
melden,10,262,1384,-12692,-6652,-2500,10041,-1360
melden,10,263,3172,-12348,-1916,-3239,14051,-1389
melden,10,264,2844,-12856,4776,-3786,15979,-1090
melden,10,265,812,-14396,11120,-3840,15345,-590
melden,10,266,-1644,-16328,16172,-3333,12198,-26
melden,10,267,2708,-15324,15940,-2428,8381,601
melden,10,268,10148,-13708,12280,-1953,6041,1046
melden,10,269,12876,-11964,8128,-1505,4365,1206
melden,10,270,10184,-13188,6064,-896,2319,1006
melden,10,271,2192,-15148,8340,-313,-560,638
melden,10,272,-4480,-17692,9408,549,-4174,245
melden,10,273,-5204,-17564,9216,1633,-7962,-18
melden,10,274,-1956,-15868,7924,2418,-10720,-99
melden,10,275,5556,-14224,4668,2166,-10786,-147
melden,10,276,10228,-13532,-484,1055,-7381,-436
melden,10,277,6224,-13208,-1532,-27,-2419,-626
melden,10,278,-1444,-13644,-508,-917,1326,-1020
melden,10,279,-1008,-13880,-3440,-1153,4662,-1526
melden,10,280,2812,-12476,-3320,-1646,8934,-1956
melden,10,281,2676,-12444,1300,-2262,12536,-2074
melden,10,282,-160,-13272,7140,-2334,13569,-1910
melden,10,283,216,-13036,10728,-2130,12665,-1482
melden,10,284,2324,-13908,13176,-1950,10898,-828
melden,10,285,1600,-14480,13832,-1215,8212,-29
melden,10,286,3764,-15132,11544,-671,5357,551
melden,10,287,3032,-16284,8488,-108,2521,623
melden,10,288,4396,-15740,4720,602,-278,530
melden,10,289,2636,-16244,1920,1186,-2519,423
melden,10,290,-4744,-17712,3680,1872,-5300,87
melden,10,291,-5636,-16964,5540,2418,-8063,-208
melden,10,292,-2108,-15008,7288,2711,-9786,-205
melden,10,293,1916,-12600,8860,2458,-9886,-141
melden,10,294,4752,-10708,8372,1502,-8631,-196
melden,10,295,6412,-10312,6032,288,-6275,-244
melden,10,296,5632,-10900,3012,-741,-3324,-256
melden,10,297,5008,-11932,8,-1728,40,-137
melden,10,298,1940,-14056,-1296,-2189,3140,-419
melden,10,299,120,-14384,-732,-2430,6013,-934
melden,11,0,3092,-9896,23844,-5795,2656,-489
melden,11,1,2672,-10252,23600,-5777,1992,-237
melden,11,2,3584,-9824,22444,-5845,1490,82
melden,11,3,4436,-10100,20680,-5913,1146,366
melden,11,4,5220,-10348,18968,-5978,852,577
melden,11,5,5492,-11396,17076,-5913,637,702
melden,11,6,5872,-11204,15540,-5940,632,781
melden,11,7,6576,-11416,14428,-5755,598,935
melden,11,8,6756,-11688,13456,-5697,794,1072
melden,11,9,6568,-11624,12796,-5387,710,1246
melden,11,10,6352,-12360,11920,-4937,489,1439
melden,11,11,7000,-13000,11008,-4490,391,1611
melden,11,12,6620,-13320,10116,-3942,330,1817
melden,11,13,6288,-13156,9184,-3449,437,1873
melden,11,14,6048,-13500,8944,-3022,694,1879
melden,11,15,6216,-13960,7576,-2635,1229,1752
melden,11,16,5732,-13716,6696,-2400,2122,1505
melden,11,17,6316,-13604,5216,-2174,3378,1236
melden,11,18,4804,-12972,4192,-1884,4670,1069
melden,11,19,3912,-12252,4220,-1649,6003,804
melden,11,20,1628,-11464,4104,-1747,8137,379
melden,11,21,-2200,-9992,6384,-1679,10608,-572
melden,11,22,-7480,-12260,6780,-2345,12768,-1553
melden,11,23,-10488,-13208,8000,-3240,14765,-2797
melden,11,24,-10964,-14040,8532,-4003,16787,-4150
melden,11,25,-10408,-12960,8944,-4938,18974,-5329
melden,11,26,-8660,-13016,7840,-5833,21303,-6574
melden,11,27,-7620,-14372,4012,-5683,22606,-7630
melden,11,28,-9484,-15404,6832,-4268,21263,-8124
melden,11,29,-9044,-11304,6948,443,14617,-7015
melden,11,30,-9164,-4628,5792,5133,6088,-5749
melden,11,31,-10728,-360,7632,8043,-1262,-4869
melden,11,32,-12948,1864,9620,9600,-7033,-4483
melden,11,33,-13424,3204,12648,10138,-11432,-4871
melden,11,34,-10940,4908,11492,9926,-15358,-5533
melden,11,35,-6884,6180,8860,9707,-19215,-5856
melden,11,36,2152,4764,6568,9778,-22976,-5026
melden,11,37,5524,-1720,9288,10249,-26560,-3283
melden,11,38,-472,-7932,9360,11168,-29934,-1630
melden,11,39,-152,-3860,-2380,11698,-32520,419
melden,11,40,12096,-4848,-10292,8325,-24757,1139
melden,11,41,2116,-9824,-16720,4909,-12533,113
melden,11,42,-7288,-2124,-19948,2716,-1207,-2989
melden,11,43,1364,3312,-17668,-563,13258,-5602
melden,11,44,8680,1932,-4220,-5319,27555,-7079
melden,11,45,3224,-7624,9232,-8923,32767,-7074
melden,11,46,-4284,-12904,17328,-11406,32767,-6057
melden,11,47,-8620,-17816,22240,-11439,30971,-4489
melden,11,48,-10820,-17496,21944,-10145,24259,-3108
melden,11,49,-5164,-12120,17444,-9287,18808,-1982
melden,11,50,-1620,-11996,8880,-7030,13560,-1271
melden,11,51,-5440,-13408,3468,-3566,6632,-1208
melden,11,52,-7208,-13172,2940,-645,32,-858
melden,11,53,-8052,-11324,6460,1286,-5758,-532
melden,11,54,-6716,-8648,11140,1882,-10948,-43
melden,11,55,-2788,-9508,13468,2045,-14673,401
melden,11,56,536,-10748,13664,2949,-16214,781
melden,11,57,956,-11776,14836,5040,-17334,781
melden,11,58,-2060,-11648,14956,5425,-18243,907
melden,11,59,244,-10580,12272,5184,-17689,907
melden,11,60,5736,-9372,3672,3382,-13589,452
melden,11,61,10276,-9684,-5056,1032,-5989,-663
melden,11,62,9156,-9924,-8812,-512,1829,-1717
melden,11,63,2552,-10560,-8896,-1326,8646,-2480
melden,11,64,-120,-11036,-3312,-1764,12908,-2550
melden,11,65,204,-11108,4232,-2644,15400,-2060
melden,11,66,1448,-12364,10952,-3625,15950,-1763
melden,11,67,1136,-13036,14548,-4420,15060,-1416
melden,11,68,-264,-12564,15456,-4729,12878,-1285
melden,11,69,-92,-12936,13936,-4374,9575,-761
melden,11,70,-1264,-13144,14492,-3090,4954,196
melden,11,71,944,-12196,10156,-878,-662,1235
melden,11,72,4172,-10796,5336,1565,-5624,2003
melden,11,73,-448,-10912,5796,3594,-10391,2069
melden,11,74,-2788,-13652,7416,5202,-15083,1807
melden,11,75,356,-12652,7612,6823,-18944,1989
melden,11,76,5796,-10916,8012,7575,-21031,2554
melden,11,77,7452,-9704,11640,7194,-21801,2983
melden,11,78,5460,-9344,15216,6764,-22271,3514
melden,11,79,5884,-8132,15976,6025,-22444,3654
melden,11,80,13576,-4352,10880,4266,-20074,3369
melden,11,81,22792,-4240,4684,1245,-12718,2984
melden,11,82,17224,-6516,5168,-1847,-3086,1953
melden,11,83,3076,-10640,5656,-2779,2272,1123
melden,11,84,5516,-10072,3116,-3318,6747,830
melden,11,85,6252,-8372,4564,-4572,12889,561
melden,11,86,3464,-6776,11720,-6190,16976,216
melden,11,87,876,-7272,16692,-7980,19031,146
melden,11,88,-4160,-8328,22492,-9244,18635,62
melden,11,89,-8644,-10556,24800,-9693,15886,-68
melden,11,90,-8476,-13172,23268,-9251,12460,-118
melden,11,91,-5032,-15104,17580,-7905,9262,-198
melden,11,92,4148,-16612,7776,-5589,7480,-490
melden,11,93,6208,-17516,3804,-2955,6168,-1435
melden,11,94,-4500,-13556,16032,-912,1407,-3023
melden,11,95,-8468,-8032,20556,719,-5696,-3266
melden,11,96,-8200,-9152,22196,2319,-12481,-2494
melden,11,97,-1888,-11424,22276,3758,-18489,-1446
melden,11,98,-632,-14928,23652,4633,-22929,-470
melden,11,99,-4676,-14944,22880,5141,-26817,-56
melden,11,100,-11568,-14952,19772,5305,-30823,-54
melden,11,101,-15156,-12816,9468,6396,-32768,626
melden,11,102,3024,-10016,-14424,6059,-32626,2433
melden,11,103,18420,-14236,-28892,3299,-20747,2409
melden,11,104,10996,-12044,-31800,834,-6569,1404
melden,11,105,11768,-3652,-26136,-1353,4716,151
melden,11,106,18940,-3404,-18464,-4878,15753,-302
melden,11,107,18708,-8364,-15000,-8918,24417,-217
melden,11,108,11592,-11736,-11860,-11997,29459,-427
melden,11,109,5828,-15104,-3824,-13961,30688,-984
melden,11,110,-724,-14264,5964,-14315,28353,-1059
melden,11,111,-7068,-11744,16188,-13532,22930,-391
melden,11,112,-8480,-10848,22040,-11975,15507,458
melden,11,113,-4856,-10132,21644,-10243,8501,1023
melden,11,114,876,-9928,16620,-9657,4131,1343
melden,11,115,10416,-10316,8496,-9490,2682,1196
melden,11,116,14328,-8948,920,-9784,2916,282
melden,11,117,9796,-12088,-2600,-9804,1625,-1144
melden,11,118,2904,-16024,-2308,-8633,-1681,-1330
melden,11,119,-2528,-18528,624,-6170,-6919,-798
melden,11,120,-3388,-17184,1284,-3709,-12627,-604
melden,11,121,-2224,-15668,-236,-1882,-17211,-478
melden,11,122,-1772,-18348,-4460,-738,-20759,-397
melden,11,123,-1452,-22168,-7120,474,-22781,-167
melden,11,124,-2320,-21228,-10764,1211,-23248,309
melden,11,125,-3108,-19608,-12956,1487,-22898,455
melden,11,126,-320,-17988,-17024,682,-20598,179
melden,11,127,3108,-19596,-23176,-784,-15300,-454
melden,11,128,-996,-23076,-26936,-1435,-9951,-1340
melden,11,129,2432,-21740,-29196,-1250,-4065,-1967
melden,11,130,3672,-17700,-27704,-493,1327,-1971
melden,11,131,3124,-15592,-26280,-52,6585,-1987
melden,11,132,5880,-8804,-22456,-1072,11971,-1029
melden,11,133,1624,-11584,-16756,-1497,15559,-317
melden,11,134,-1104,-15344,-11464,-1051,16744,-108
melden,11,135,1408,-16500,-6664,-492,17396,219
melden,11,136,1300,-17672,-3436,91,16629,687
melden,11,137,3756,-16128,-608,895,14594,880
melden,11,138,10740,-12680,-1680,1758,11086,1574
melden,11,139,11312,-14620,-2608,3157,5005,1663
melden,11,140,-164,-16320,364,4627,-2065,708
melden,11,141,-9816,-19516,5356,5808,-9009,-777
melden,11,142,-10148,-19052,7904,6864,-16572,-1819
melden,11,143,-7564,-18516,6840,7643,-23612,-2404
melden,11,144,-4652,-17276,1820,8695,-29091,-2318
melden,11,145,2020,-14872,-10152,9105,-31454,-820
melden,11,146,12620,-20460,-26560,6835,-23969,-703
melden,11,147,6792,-20264,-32768,5071,-11226,-997
melden,11,148,3864,-11040,-32768,3427,2272,-2984
melden,11,149,14868,-7664,-28744,1057,16241,-4329
melden,11,150,17096,-6620,-16928,-1108,26895,-3580
melden,11,151,5736,-6368,-7056,-2645,31345,-2595
melden,11,152,-6440,-9628,2420,-3379,30952,-2006
melden,11,153,-9416,-14080,9568,-3804,27775,-1568
melden,11,154,-6356,-17832,12528,-3574,23531,-1152
melden,11,155,632,-19320,11560,-2949,19683,-618
melden,11,156,3788,-19020,8472,-1353,15298,161
melden,11,157,2216,-17024,8196,1457,8192,227
melden,11,158,308,-15188,8280,4272,160,419
melden,11,159,260,-12428,6844,6168,-6950,855
melden,11,160,1252,-12608,6932,7206,-12446,865
melden,11,161,820,-14588,7764,7884,-16791,649
melden,11,162,468,-16548,9528,8695,-20501,485
melden,11,163,-556,-17024,11248,9458,-23939,509
melden,11,164,-4076,-15556,10440,10067,-26413,913
melden,11,165,-1556,-12760,1592,9605,-26514,1157
melden,11,166,13548,-13516,-12480,6696,-18515,486
melden,11,167,11476,-11420,-17672,3503,-4464,-1073
melden,11,168,5744,-10840,-16248,1442,7169,-3351
melden,11,169,8896,-10260,-14448,-559,18891,-4477
melden,11,170,5272,-8668,-3924,-2650,27222,-4664
melden,11,171,-976,-9364,6500,-4183,30562,-4232
melden,11,172,-5952,-10448,17128,-5194,29484,-3689
melden,11,173,-5740,-12164,23768,-5581,25632,-2938
melden,11,174,-524,-12800,25480,-5214,21207,-1500
melden,11,175,2540,-10392,20956,-3407,15203,418
melden,11,176,2860,-10128,12252,-1584,8926,1551
melden,11,177,-4252,-13972,9564,1188,530,1668
melden,11,178,-8396,-16040,11384,3706,-7577,1180
melden,11,179,-3980,-14456,14212,5369,-13984,641
melden,11,180,-168,-14732,18736,6463,-18631,539
melden,11,181,-1172,-16036,21672,6986,-22024,643
melden,11,182,-1384,-13692,21780,7617,-24940,513
melden,11,183,-32,-10332,15540,7846,-25914,248
melden,11,184,13960,-6704,3708,5681,-20908,156
melden,11,185,20132,-5448,-6652,2423,-8286,-591
melden,11,186,10860,-7700,-11260,-159,4485,-1897
melden,11,187,6944,-8328,-10604,-1495,14719,-3052
melden,11,188,7432,-6836,-292,-3141,22041,-3286
melden,11,189,4476,-8680,9092,-4683,25717,-3098
melden,11,190,1536,-8224,20136,-6106,25436,-3129
melden,11,191,2936,-9136,25024,-7537,22821,-2857
melden,11,192,-128,-11236,25072,-7907,19053,-1971
melden,11,193,1956,-11168,23228,-7159,14256,-484
melden,11,194,200,-10860,18392,-5358,8242,724
melden,11,195,316,-12116,12484,-3184,2154,1435
melden,11,196,-1500,-14180,10832,-912,-3464,1474
melden,11,197,-2528,-13764,12412,1058,-8633,1304
melden,11,198,-1456,-13464,13956,2430,-12655,1127
melden,11,199,-444,-13244,15476,3570,-16034,1394
melden,11,200,28,-13044,16444,4358,-19024,1914
melden,11,201,-1344,-12500,16596,5001,-22095,2425
melden,11,202,-3032,-12636,15204,5657,-25184,2829
melden,11,203,-1332,-12056,11380,6059,-26604,3031
melden,11,204,2476,-10504,4804,5654,-25381,2921
melden,11,205,12956,-10324,-4624,3919,-19188,2595
melden,11,206,13140,-11880,-9156,1773,-9309,1382
melden,11,207,8444,-11004,-8448,90,-608,170
melden,11,208,6920,-10320,-5212,-1195,6146,-615
melden,11,209,6576,-9696,-204,-2554,11031,-943
melden,11,210,6896,-10828,3804,-3624,13540,-833
melden,11,211,7856,-11996,5204,-4227,14159,-521
melden,11,212,5860,-12796,7764,-4455,13325,-281
melden,11,213,4920,-12720,8956,-4408,11522,-118
melden,11,214,4624,-12784,8860,-4126,9729,74
melden,11,215,1056,-13852,10600,-3209,7167,70
melden,11,216,252,-13996,13192,-1866,3413,19
melden,11,217,2852,-13084,14508,-402,-1250,133
melden,11,218,9804,-9140,14128,541,-5198,450
melden,11,219,8920,-10160,13476,803,-7854,645
melden,11,220,5116,-11768,14316,1173,-10532,560
melden,11,221,2624,-13116,13028,1643,-12825,428
melden,11,222,6128,-13520,6552,1492,-12972,388
melden,11,223,9672,-13580,-2672,848,-9193,313
melden,11,224,10280,-12496,-8560,-518,-2128,26
melden,11,225,6036,-12248,-9868,-1605,5275,-665
melden,11,226,4416,-11132,-6572,-2553,11721,-1318
melden,11,227,6824,-9348,-1472,-3939,16728,-1504
melden,11,228,6144,-10004,3844,-5343,19204,-1428
melden,11,229,6072,-12280,8904,-6172,18643,-1073
melden,11,230,3384,-14532,11404,-6179,16493,-599
melden,11,231,2652,-14580,10960,-5824,13761,-193
melden,11,232,1568,-14688,10184,-5149,10689,-28
melden,11,233,268,-15992,9276,-3925,7088,-109
melden,11,234,244,-16628,9508,-2462,3439,-125
melden,11,235,732,-15736,9780,-920,-376,-4
melden,11,236,2220,-14328,11320,489,-4485,173
melden,11,237,2924,-12664,11340,1549,-8293,397
melden,11,238,1584,-13332,12408,2372,-11285,668
melden,11,239,608,-13752,12168,3111,-13863,885
melden,11,240,468,-14064,11116,3714,-15722,989
melden,11,241,440,-15108,8648,4128,-16671,914
melden,11,242,1652,-14792,5108,4221,-16212,876
melden,11,243,4156,-14236,-660,3679,-13991,659
melden,11,244,6884,-13536,-5920,2560,-9151,337
melden,11,245,6276,-13604,-8100,1348,-3136,-281
melden,11,246,5260,-12884,-7708,216,2463,-825
melden,11,247,5680,-12760,-5976,-732,7328,-1085
melden,11,248,6620,-12236,-2384,-1866,11805,-1118
melden,11,249,5492,-12900,1952,-3011,14648,-1065
melden,11,250,3376,-13284,5440,-3936,15574,-931
melden,11,251,2608,-13528,7808,-4637,14894,-791
melden,11,252,1344,-14556,9864,-4604,12635,-527
melden,11,253,-308,-15076,12164,-3582,8689,-101
melden,11,254,740,-14368,11680,-2279,4552,352
melden,11,255,668,-14576,13256,-610,-637,677
melden,11,256,2140,-13328,12964,605,-5393,744
melden,11,257,-624,-14644,13984,1622,-9864,651
melden,11,258,-1356,-15292,15556,2829,-14443,592
melden,11,259,-1172,-15512,14916,3818,-18102,590
melden,11,260,-1304,-15580,13268,4612,-20378,706
melden,11,261,-1780,-15172,10640,4818,-21245,892
melden,11,262,-84,-13892,4220,4747,-20881,1011
melden,11,263,4792,-14752,-4564,4111,-17897,881
melden,11,264,7284,-15220,-11908,3226,-11692,412
melden,11,265,8364,-13156,-14048,1871,-3974,-519
melden,11,266,9460,-11076,-12204,270,3700,-1449
melden,11,267,10396,-10264,-9020,-1413,10540,-1997
melden,11,268,10872,-10296,-4928,-3101,15964,-2229
melden,11,269,8260,-11264,-1256,-4462,19203,-2242
melden,11,270,4084,-13324,3348,-5264,19981,-2149
melden,11,271,240,-14828,8472,-5414,18525,-1925
melden,11,272,-212,-15140,11888,-5025,15714,-1418
melden,11,273,1104,-14076,13696,-4531,12705,-812
melden,11,274,1852,-13968,13620,-3978,9799,-440
melden,11,275,1268,-14848,14292,-2742,5975,-243
melden,11,276,4516,-13648,11432,-1542,2674,14
melden,11,277,5656,-12872,11032,-542,-540,324
melden,11,278,7112,-11904,10392,194,-3433,272
melden,11,279,4316,-12836,11216,863,-6300,269
melden,11,280,2176,-14112,12604,1778,-9335,337
melden,11,281,2120,-14216,12152,2562,-11936,408
melden,11,282,2120,-14564,11196,3127,-13627,435
melden,11,283,3480,-14360,7796,3436,-14139,460
melden,11,284,7652,-13100,2132,2976,-12493,386
melden,11,285,9448,-14048,-5180,1629,-7768,131
melden,11,286,7840,-15084,-9916,389,-1131,-450
melden,11,287,6872,-14540,-10644,-599,5875,-1339
melden,11,288,7852,-12280,-8008,-1778,13487,-2075
melden,11,289,7764,-10552,-2924,-3328,19792,-2442
melden,11,290,4540,-9776,3788,-4859,23243,-2417
melden,11,291,-880,-11052,10264,-6032,23165,-2311
melden,11,292,-3996,-13284,15288,-6418,20224,-1875
melden,11,293,-6312,-14868,17644,-5840,15290,-975
melden,11,294,-3392,-14928,16560,-5009,10480,-210
melden,11,295,6740,-12608,9796,-4240,7998,426
melden,11,296,10268,-11784,5020,-3728,6488,542
melden,11,297,6268,-12536,4676,-3494,4026,118
melden,11,298,-304,-14916,5796,-2786,754,-147
melden,11,299,-4288,-18524,7024,-1158,-3094,209
melden,12,0,2308,-4108,13172,-166,227,-325
melden,12,1,2140,-4108,13396,-199,233,-361
melden,12,2,1800,-4224,13632,-196,243,-425
melden,12,3,1688,-3636,13796,-185,301,-428
melden,12,4,1412,-2808,13656,-308,386,-364
melden,12,5,-2948,2980,11496,-1608,661,1546
melden,12,6,-3468,-13552,15624,-533,275,1082
melden,12,7,4356,-7336,14440,303,-162,723
melden,12,8,3136,-3924,14044,-92,267,339
melden,12,9,1652,-3952,14828,-428,825,89
melden,12,10,1760,-4268,16136,-713,556,133
melden,12,11,-1352,-4236,15216,-647,-50,744
melden,12,12,-5880,-6624,17032,-106,-910,1559
melden,12,13,-6484,-6316,18236,697,-3112,1628
melden,12,14,-1068,-8088,19968,1873,-5586,1475
melden,12,15,3136,-4016,23468,2207,-5189,1314
melden,12,16,5840,-112,24544,865,-3730,1504
melden,12,17,7972,524,24412,-961,-1740,1078
melden,12,18,8580,-2156,22144,-2907,225,239
melden,12,19,7012,-4468,20700,-4625,1642,-715
melden,12,20,5436,-6464,21336,-5588,2602,-1035
melden,12,21,3732,-8652,23120,-5871,2713,-658
melden,12,22,2232,-9200,24476,-5733,1900,22
melden,12,23,2868,-8804,24912,-5652,1006,760
melden,12,24,4048,-7844,24064,-6020,526,1350
melden,12,25,4976,-8904,22536,-6240,-517,1453
melden,12,26,5248,-10520,20172,-6460,-1023,1793
melden,12,27,6588,-11012,17840,-6541,-1040,2186
melden,12,28,7928,-10724,16052,-6775,-513,2500
melden,12,29,8504,-10160,15128,-7243,356,2681
melden,12,30,7396,-10644,14688,-7777,1224,2715
melden,12,31,7180,-11444,14048,-8186,1878,2684
melden,12,32,6776,-11720,13240,-8491,2384,2703
melden,12,33,5832,-11852,12380,-8710,2802,2652
melden,12,34,6012,-11896,11312,-8726,2995,2816
melden,12,35,4452,-12676,9876,-8700,3062,2792
melden,12,36,3816,-12632,8932,-8432,2846,2681
melden,12,37,3856,-12572,8184,-8253,3008,2626
melden,12,38,2512,-13216,8244,-8375,3556,2388
melden,12,39,868,-14476,8628,-8745,4327,1916
melden,12,40,1744,-14376,7868,-9387,5757,1346
melden,12,41,1476,-15304,6956,-10147,7430,689
melden,12,42,-232,-16768,5692,-10380,8194,98
melden,12,43,-1700,-19052,3988,-10192,8376,-502
melden,12,44,-1756,-20760,3144,-9627,8189,-1126
melden,12,45,-2176,-20304,2780,-9148,7845,-1590
melden,12,46,-3348,-20968,5128,-8726,7047,-2174
melden,12,47,-3632,-19660,3188,-7585,6073,-2463
melden,12,48,-2836,-19060,4232,-6680,4934,-2610
melden,12,49,-2208,-15492,3516,-5995,3788,-2438
melden,12,50,-1240,-18660,1948,-4639,2379,-2710
melden,12,51,-280,-19480,-400,-3888,1858,-2614
melden,12,52,-804,-18756,-1572,-3129,1800,-2870
melden,12,53,140,-17584,-1640,-2764,2173,-3079
melden,12,54,-20,-15268,-1740,-2506,2598,-3387
melden,12,55,132,-14388,-1396,-2207,2803,-3676
melden,12,56,652,-14772,-1420,-1907,2875,-3870
melden,12,57,1604,-14504,-2960,-1348,2840,-4099
melden,12,58,2052,-12924,-4004,-712,2970,-4256
melden,12,59,2312,-12856,-4964,126,2840,-4311
melden,12,60,3012,-11584,-5424,1272,2204,-4219
melden,12,61,4156,-10592,-6756,2444,1406,-4092
melden,12,62,5492,-10056,-8796,3469,801,-4006
melden,12,63,6676,-10296,-9596,4468,404,-3914
melden,12,64,6848,-8536,-9004,5687,77,-3693
melden,12,65,6076,-5224,-8224,6809,-549,-3447
melden,12,66,4248,-3840,-7328,7981,-1878,-3211
melden,12,67,2856,-2548,-5052,9470,-3845,-2926
melden,12,68,3412,3748,-4532,10568,-5114,-2617
melden,12,69,908,7884,-1588,9941,-5907,-2671
melden,12,70,-580,6252,-80,7983,-7368,-3368
melden,12,71,632,328,-2520,6021,-9001,-3854
melden,12,72,588,-7800,-8748,5121,-10271,-3680
melden,12,73,-920,-12600,-13428,5156,-10998,-3279
melden,12,74,-408,-11604,-16260,5067,-10519,-2633
melden,12,75,2624,-9548,-15224,4049,-8338,-2101
melden,12,76,8624,-9400,-13520,2347,-4309,-1569
melden,12,77,10060,-10868,-10192,580,359,-940
melden,12,78,8764,-12572,-6608,-665,3829,-370
melden,12,79,7696,-12828,-3484,-1443,5948,271
melden,12,80,6688,-12380,-764,-1921,6651,923
melden,12,81,5516,-13136,784,-2131,6259,1544
melden,12,82,4064,-14276,1828,-1970,4932,1953
melden,12,83,3848,-14856,2096,-1681,3421,2074
melden,12,84,3920,-15016,1716,-1413,2314,1859
melden,12,85,4692,-15928,736,-1244,1801,1556
melden,12,86,4928,-16732,464,-1143,1869,1242
melden,12,87,3992,-17200,1208,-958,1885,882
melden,12,88,3288,-16876,1840,-693,1723,603
melden,12,89,2912,-16684,2560,-379,1418,404
melden,12,90,3456,-16628,2884,-67,1152,329
melden,12,91,3920,-15980,2664,118,1117,296
melden,12,92,3716,-15904,2400,199,1201,278
melden,12,93,3872,-16056,1880,260,1314,203
melden,12,94,3636,-16128,1716,258,1509,91
melden,12,95,3768,-15948,1528,246,1707,-20
melden,12,96,3588,-15716,2008,185,1929,-124
melden,12,97,3136,-15396,2448,129,2009,-216
melden,12,98,3200,-15144,3208,144,1929,-254
melden,12,99,3392,-15072,3716,173,1737,-258
melden,12,100,3912,-14984,3860,168,1641,-211
melden,12,101,3924,-14772,4012,116,1613,-166
melden,12,102,3696,-14612,4076,31,1568,-159
melden,12,103,3644,-14824,4108,-20,1470,-188
melden,12,104,3852,-14972,3992,-83,1368,-229
melden,12,105,3672,-15152,4052,-157,1287,-260
melden,12,106,3448,-15400,4508,-227,1126,-289
melden,12,107,3660,-15232,4144,-309,1029,-260
melden,12,108,3720,-15284,4324,-305,840,-249
melden,12,109,3516,-15232,4128,-282,522,-189
melden,12,110,4140,-15212,3496,-253,301,-175
melden,12,111,4028,-15200,3644,-271,151,-185
melden,12,112,4280,-14972,3580,-292,-43,-183
melden,12,113,4420,-14856,3248,-339,-169,-167
melden,12,114,4572,-14868,3192,-392,-252,-141
melden,12,115,4560,-14964,2832,-429,-338,-109
melden,12,116,4592,-14964,2612,-440,-432,-70
melden,12,117,4792,-15112,2336,-452,-569,-30
melden,12,118,5080,-15192,1780,-438,-651,-6
melden,12,119,5312,-15076,1648,-478,-537,-24
melden,12,120,5224,-15092,1680,-521,-369,-50
melden,12,121,5140,-15172,1776,-535,-298,-81
melden,12,122,5372,-15036,2016,-515,-253,-88
melden,12,123,5316,-15224,1820,-489,-220,-93
melden,12,124,5232,-14920,1860,-446,-178,-84
melden,12,125,5332,-14864,1820,-414,-227,-64
melden,12,126,5572,-15004,1596,-465,-293,-71
melden,12,127,5676,-15560,1560,-365,-280,-41
melden,12,128,5716,-15328,1236,-290,-262,-26
melden,12,129,5636,-15472,1472,-233,-226,-44
melden,12,130,5672,-15416,1564,-192,-128,-66
melden,12,131,5516,-15384,1348,-167,-7,-93
melden,12,132,5572,-15256,1564,-126,91,-117
melden,12,133,5640,-15164,1520,-95,172,-121
melden,12,134,5708,-14992,1612,-73,234,-115
melden,12,135,5632,-15228,1720,-70,279,-110
melden,12,136,5764,-15264,1892,-43,248,-107
melden,12,137,5884,-15012,1932,-44,237,-74
melden,12,138,5776,-15104,2032,-28,158,-66
melden,12,139,5668,-15088,2244,-39,158,-60
melden,12,140,5680,-15064,2128,-30,164,-55
melden,12,141,5452,-15228,2164,-38,184,-67
melden,12,142,5556,-15048,2348,-50,184,-52
melden,12,143,5540,-15112,2360,-56,206,-36
melden,12,144,5552,-14896,2032,-86,323,-33
melden,12,145,5236,-15024,2368,-110,390,-38
melden,12,146,5188,-15048,2552,-96,370,-38
melden,12,147,5332,-14956,2336,-98,341,-28
melden,12,148,5232,-15080,2392,-105,303,-12
melden,12,149,5388,-15336,2420,-103,263,-7
melden,12,150,5260,-15328,2400,-101,248,-8
melden,12,151,5192,-15088,2620,-107,247,1
melden,12,152,5096,-14952,2732,-119,206,10
melden,12,153,5104,-15076,2812,-114,137,10
melden,12,154,4904,-15256,2884,-102,85,11
melden,12,155,4908,-15228,2852,-85,30,8
melden,12,156,4936,-15060,2552,-88,-32,14
melden,12,157,4964,-15104,2784,-101,-57,-5
melden,12,158,5120,-15204,2740,-128,-66,-9
melden,12,159,5008,-15296,2776,-138,-77,-25
melden,12,160,5060,-15232,2664,-131,-78,-48
melden,12,161,5084,-15052,2400,-133,-91,-70
melden,12,162,5208,-15216,2428,-139,-100,-82
melden,12,163,5140,-15232,2540,-123,-129,-100
melden,12,164,5192,-15308,2680,-109,-193,-113
melden,12,165,5184,-15320,2880,-92,-242,-99
melden,12,166,5340,-15192,2704,-70,-222,-95
melden,12,167,5252,-15108,2572,-59,-175,-99
melden,12,168,5364,-15064,2640,-77,-148,-110
melden,12,169,5344,-15024,2640,-92,-143,-104
melden,12,170,5512,-15252,2604,-108,-116,-95
melden,12,171,5608,-14956,2408,-128,-14,-83
melden,12,172,5408,-14944,2592,-163,48,-78
melden,12,173,5316,-15004,2732,-191,43,-79
melden,12,174,5444,-14976,2736,-207,23,-66
melden,12,175,5416,-15092,2528,-214,25,-53
melden,12,176,5500,-14984,2588,-213,47,-43
melden,12,177,5360,-15092,2512,-221,82,-41
melden,12,178,5324,-14892,2680,-242,88,-26
melden,12,179,5448,-14924,2472,-258,71,-6
melden,12,180,5452,-14972,2220,-266,80,30
melden,12,181,5372,-15044,1984,-289,69,55
melden,12,182,5480,-15120,2096,-309,46,79
melden,12,183,5380,-15048,2056,-347,23,102
melden,12,184,5200,-15120,1884,-370,-15,136
melden,12,185,5252,-15240,1764,-395,-52,158
melden,12,186,5272,-15328,1700,-393,-67,199
melden,12,187,5072,-15340,1900,-364,-73,224
melden,12,188,4920,-15284,1804,-346,-44,227
melden,12,189,4688,-15344,1652,-330,-41,216
melden,12,190,4692,-15304,1716,-313,-22,206
melden,12,191,4820,-15080,1716,-313,-18,184
melden,12,192,4572,-15148,1480,-309,-13,175
melden,12,193,4436,-15156,1480,-302,-75,155
melden,12,194,4408,-15296,1600,-279,-183,157
melden,12,195,4332,-12300,1540,-548,-298,86
melden,12,196,4256,-15940,1732,-361,-336,176
melden,12,197,4808,-15424,1488,-275,-401,191
melden,12,198,4780,-15404,1540,-344,-374,239
melden,12,199,4812,-15352,1688,-359,-241,255
melden,12,200,4692,-15120,1832,-376,-116,271
melden,12,201,4712,-15256,1876,-418,-64,269
melden,12,202,4572,-15568,1912,-429,107,265
melden,12,203,4580,-15616,1492,-429,253,258
melden,12,204,4516,-15684,1696,-457,382,222
melden,12,205,4536,-15620,1728,-487,510,190
melden,12,206,4408,-15864,1680,-486,556,156
melden,12,207,4608,-15716,1588,-460,596,123
melden,12,208,4576,-15488,1600,-475,642,74
melden,12,209,4408,-15468,2016,-439,538,51
melden,12,210,4224,-15540,2204,-377,373,40
melden,12,211,4372,-15680,2288,-318,213,45
melden,12,212,4256,-15656,2068,-237,83,65
melden,12,213,4344,-15396,1828,-194,38,69
melden,12,214,4344,-15636,1764,-201,29,45
melden,12,215,4320,-16396,1560,-191,20,-20
melden,12,216,4428,-16092,1688,-176,126,-51
melden,12,217,4312,-15240,1672,-195,192,-81
melden,12,218,4256,-15512,1664,-198,136,-112
melden,12,219,4528,-15812,1668,-157,84,-127
melden,12,220,4452,-15652,1580,-142,53,-142
melden,12,221,4356,-15752,1692,-117,-6,-117
melden,12,222,4364,-15372,1592,-88,-70,-99
melden,12,223,4440,-15324,1424,-83,-114,-96
melden,12,224,4652,-15668,1104,-74,-93,-105
melden,12,225,4632,-15648,1184,-63,7,-112
melden,12,226,4368,-15484,1432,-70,42,-110
melden,12,227,4368,-15492,1248,-51,-23,-98
melden,12,228,4480,-15732,1200,-32,-60,-74
melden,12,229,4560,-15672,1052,-14,-101,-77
melden,12,230,4692,-15624,1012,9,-130,-77
melden,12,231,4784,-15508,984,-7,-104,-52
melden,12,232,4652,-15368,1016,-17,-71,-41
melden,12,233,4688,-15596,1132,-20,-79,-54
melden,12,234,4920,-15704,1008,-16,-55,-68
melden,12,235,4936,-15748,1028,-24,13,-61
melden,12,236,4672,-15680,1244,-35,68,-51
melden,12,237,4608,-15304,1432,-24,87,-31
melden,12,238,4768,-15368,1264,-11,81,-33
melden,12,239,4776,-15420,1236,-7,78,-30
melden,12,240,4964,-16100,1372,-69,34,-64
melden,12,241,4648,-15784,1324,71,108,-19
melden,12,242,4872,-15428,1236,80,104,-3
melden,12,243,4772,-15648,1528,83,170,-6
melden,12,244,4736,-15648,1336,96,225,-15
melden,12,245,4544,-15524,1632,108,225,-32
melden,12,246,4584,-15384,1820,108,230,-33
melden,12,247,4644,-15352,1844,91,239,-14
melden,12,248,4536,-15484,2040,81,222,-4
melden,12,249,4484,-15420,2104,126,235,10
melden,12,250,4380,-15436,2312,120,230,3
melden,12,251,4276,-15572,2272,112,237,-10
melden,12,252,4308,-15440,2416,80,264,-15
melden,12,253,4436,-15396,2468,61,309,-22
melden,12,254,4504,-15404,2404,36,340,-23
melden,12,255,4312,-15420,2452,25,289,-20
melden,12,256,4212,-15488,2588,21,189,-27
melden,12,257,4288,-15484,2560,23,115,-12
melden,12,258,4384,-15484,2708,8,64,2
melden,12,259,4356,-15464,2596,8,51,10
melden,12,260,4188,-15416,2616,5,20,6
melden,12,261,4224,-15292,2596,-5,-13,4
melden,12,262,4456,-15728,2312,-24,-42,-3
melden,12,263,4512,-15708,2596,-36,-14,10
melden,12,264,4328,-15216,2528,-48,21,23
melden,12,265,4288,-15388,2420,-66,-11,21
melden,12,266,4348,-15284,2544,-60,5,24
melden,12,267,4336,-15320,2368,-80,2,13
melden,12,268,4392,-15748,2576,-78,14,16
melden,12,269,4332,-15332,2484,-64,51,36
melden,12,270,4212,-15424,2524,-87,33,36
melden,12,271,4336,-15560,2612,-90,63,32
melden,12,272,4380,-15184,2684,-119,126,21
melden,12,273,4228,-15248,2484,-142,133,9
melden,12,274,4284,-15548,2480,-142,105,23
melden,12,275,4204,-15508,2756,-162,68,37
melden,12,276,4104,-15388,2720,-157,-24,46
melden,12,277,4164,-15252,2460,-162,-77,55
melden,12,278,4472,-15340,2400,-182,-57,51
melden,12,279,4304,-15388,2412,-210,-16,50
melden,12,280,4092,-15500,2420,-225,-28,58
melden,12,281,4072,-15800,2304,-216,-52,55
melden,12,282,4196,-15668,1892,-188,-1,61
melden,12,283,4404,-15460,1984,-206,105,53
melden,12,284,4172,-15504,2164,-217,185,36
melden,12,285,4092,-15496,2148,-226,214,12
melden,12,286,3916,-15504,2056,-209,177,-9
melden,12,287,3904,-15540,2400,-191,108,-7
melden,12,288,3912,-15480,2164,-172,55,-12
melden,12,289,3964,-15556,2256,-164,37,-21
melden,12,290,4004,-15684,2168,-159,7,-30
melden,12,291,4000,-15556,1932,-131,3,-35
melden,12,292,3880,-15596,2056,-135,-16,-53
melden,12,293,3852,-15672,2084,-138,-11,-58
melden,12,294,3932,-15500,2132,-132,9,-54
melden,12,295,3808,-15520,2176,-156,-7,-55
melden,12,296,3988,-15524,1776,-156,1,-60
melden,12,297,3920,-15616,1904,-166,17,-63
melden,12,298,3924,-15640,2080,-154,-2,-70
melden,12,299,3916,-15748,1952,-148,-4,-70
melden,13,0,8676,-11152,16296,-7245,2074,1356
melden,13,1,8352,-10976,15048,-7460,2717,1329
melden,13,2,8220,-11376,14340,-7615,3037,1259
melden,13,3,7380,-12580,13608,-7765,3477,1142
melden,13,4,6556,-12992,13488,-7871,4022,1038
melden,13,5,5724,-13024,14060,-7796,4082,973
melden,13,6,4288,-14592,13508,-7643,3899,857
melden,13,7,4428,-16024,12348,-7441,3674,666
melden,13,8,4216,-17468,11440,-7073,3547,459
melden,13,9,4296,-16924,11056,-6602,3255,363
melden,13,10,3096,-17028,10192,-6030,2860,208
melden,13,11,3296,-17072,9324,-5500,2569,-82
melden,13,12,3564,-16272,8216,-5029,2490,-389
melden,13,13,3956,-15068,7988,-4556,2534,-555
melden,13,14,3432,-14500,7428,-4113,2799,-794
melden,13,15,2284,-13440,6988,-3707,2978,-1050
melden,13,16,1384,-13032,6120,-3197,2974,-1416
melden,13,17,880,-13188,5196,-2645,3038,-1763
melden,13,18,1492,-12240,4872,-2256,3338,-2023
melden,13,19,1368,-10704,4480,-1927,3741,-2330
melden,13,20,1040,-9172,4360,-1604,4212,-2592
melden,13,21,152,-8268,4064,-1345,4485,-2847
melden,13,22,-848,-7048,3732,-1016,4356,-3074
melden,13,23,-936,-6436,3572,-636,4112,-3175
melden,13,24,-1872,-5796,2464,-376,3651,-3050
melden,13,25,-896,-5192,3444,526,3236,-2994
melden,13,26,-852,-3260,2796,1076,2767,-2757
melden,13,27,-2112,-1476,2608,1204,2284,-2750
melden,13,28,-1936,-1876,1248,1033,1865,-2788
melden,13,29,-988,-4872,1372,993,1597,-2900
melden,13,30,-104,-4720,1768,1115,1788,-2888
melden,13,31,-1396,-2312,1480,955,2006,-2775
melden,13,32,-2540,-3360,2300,441,1736,-2842
melden,13,33,-2352,-5488,2052,-29,1397,-2884
melden,13,34,-56,-7440,892,-54,979,-2637
melden,13,35,-220,-9596,-312,112,556,-2506
melden,13,36,1272,-9964,-524,178,488,-2426
melden,13,37,1748,-10472,1076,74,688,-2283
melden,13,38,52,-10076,2916,-232,617,-2227
melden,13,39,36,-10300,3796,-481,230,-2065
melden,13,40,676,-12032,2468,-632,-387,-1842
melden,13,41,416,-14252,820,-297,-999,-1541
melden,13,42,1756,-14800,-672,-42,-1434,-1380
melden,13,43,2896,-13124,-32,-29,-1472,-1254
melden,13,44,3436,-12216,2704,-437,-1251,-1191
melden,13,45,3656,-11788,2608,-916,-1063,-1020
melden,13,46,2232,-13444,-116,-1121,-1134,-866
melden,13,47,3376,-14924,-3464,-869,-1378,-671
melden,13,48,7168,-14748,-5388,-715,-790,-474
melden,13,49,7012,-13104,-3428,-1047,511,-568
melden,13,50,4800,-13204,-668,-1533,1432,-812
melden,13,51,3116,-14556,400,-1522,1322,-837
melden,13,52,3232,-15432,-1092,-1161,655,-662
melden,13,53,4236,-15456,-2440,-859,74,-598
melden,13,54,8140,-16732,-27436,-426,352,-861
melden,13,55,3504,-32768,-12560,-1009,5732,-4570
melden,13,56,-1964,644,32767,-1856,-3824,-1431
melden,13,57,-4964,-21484,6376,16,-4942,-142
melden,13,58,-1096,-8460,19888,903,-9563,401
melden,13,59,14764,-11840,-592,299,-8585,1126
melden,13,60,9000,-16080,-3496,-398,-5233,1304
melden,13,61,4116,-20276,-9276,-658,-2606,630
melden,13,62,3420,-19172,-9624,-474,-1616,-84
melden,13,63,4004,-15932,-6940,-392,-428,-457
melden,13,64,6148,-14400,-2232,-648,1491,-469
melden,13,65,6856,-14000,-780,-1036,3124,-421
melden,13,66,5736,-14608,1088,-1110,3489,-333
melden,13,67,5796,-14144,704,-1171,3689,-12
melden,13,68,3656,-15592,240,-852,3093,336
melden,13,69,3572,-15944,-608,-473,2304,529
melden,13,70,3460,-16228,-652,-332,1787,468
melden,13,71,3524,-15900,484,-501,1584,233
melden,13,72,3684,-15756,956,-528,1355,69
melden,13,73,4416,-15904,1204,-539,1067,0
melden,13,74,5036,-16028,1412,-501,677,13
melden,13,75,5808,-15568,1508,-534,504,4
melden,13,76,4620,-15832,2036,-654,318,-36
melden,13,77,1280,-17444,1820,-344,-734,-92
melden,13,78,2732,-16028,44,414,-1965,-99
melden,13,79,3864,-13028,5928,385,-1601,71
melden,13,80,9716,-16464,2960,71,-405,616
melden,13,81,5032,-14464,2528,99,-115,766
melden,13,82,2080,-18256,-792,625,-498,437
melden,13,83,5076,-18664,-3544,1477,-1201,393
melden,13,84,7696,-15524,-2400,1587,-483,115
melden,13,85,4368,-15284,3100,1311,-349,-219
melden,13,86,-492,-15792,4636,1561,-1858,-276
melden,13,87,380,-16296,2792,1965,-3880,-121
melden,13,88,18848,-14652,-30944,1558,-5068,3
melden,13,89,-20756,-31852,-172,2410,-2393,-2724
melden,13,90,26308,5720,19676,943,-9008,1651
melden,13,91,-19816,-16672,19840,2061,-6530,269
melden,13,92,14364,-12928,2264,953,-8876,797
melden,13,93,9048,-16816,2140,946,-5300,1078
melden,13,94,10408,-15632,-6528,357,-965,735
melden,13,95,4884,-17020,-5208,-116,1832,71
melden,13,96,4848,-14860,-3348,-551,3234,-360
melden,13,97,5704,-13768,736,-986,4730,-655
melden,13,98,6960,-13668,4024,-1334,6452,-725
melden,13,99,7440,-13040,6684,-1883,7699,-557
melden,13,100,5124,-13636,6588,-1890,6967,-250
melden,13,101,4264,-13492,7132,-1619,5566,167
melden,13,102,4116,-13956,6604,-1295,4179,612
melden,13,103,5080,-15240,5116,-1008,3194,798
melden,13,104,5592,-16904,2148,-660,2670,787
melden,13,105,4376,-17744,816,-333,2346,422
melden,13,106,3612,-16788,1452,-269,1855,-31
melden,13,107,6044,-15608,2048,-358,1389,-246
melden,13,108,4252,-15912,3196,-324,858,-485
melden,13,109,4292,-15500,3348,-67,-396,-542
melden,13,110,5004,-12260,-1436,1044,-1338,80
melden,13,111,4788,-12168,8320,352,-1455,727
melden,13,112,5008,-16140,8444,1344,-2690,1005
melden,13,113,-1880,-17472,3796,1537,-3115,662
melden,13,114,8812,-15024,-76,2161,-4112,670
melden,13,115,7688,-15536,1112,2049,-3131,354
melden,13,116,7052,-17536,-9860,2306,-4448,-267
melden,13,117,-3224,-32768,-3604,2417,-8602,-2205
melden,13,118,5748,11708,32767,3157,-13394,575
melden,13,119,3056,-20128,2924,2358,-10984,250
melden,13,120,-9744,-18768,9796,2788,-14109,925
melden,13,121,16624,-15116,-10276,4062,-10720,1930
melden,13,122,9640,-14920,-10788,1711,-2349,904
melden,13,123,11340,-12272,-5400,266,2146,-158
melden,13,124,10908,-11868,-1276,-1342,6874,-870
melden,13,125,7188,-13344,3284,-2095,8394,-1229
melden,13,126,5072,-13504,5096,-2283,7593,-1307
melden,13,127,3112,-14484,6232,-2229,6104,-888
melden,13,128,748,-14192,5856,-1443,3565,54
melden,13,129,-712,-16368,7808,-364,94,653
melden,13,130,1744,-15364,6732,216,-1828,1034
melden,13,131,6156,-14500,6712,295,-1820,736
melden,13,132,8120,-14508,4516,-217,-313,477
melden,13,133,6212,-14816,3832,-386,317,104
melden,13,134,7408,-14324,1688,-754,1688,-94
melden,13,135,6596,-14072,3000,-1108,2810,-146
melden,13,136,4848,-14984,2944,-1138,3011,-87
melden,13,137,4772,-14892,2952,-1055,3158,132
melden,13,138,4096,-16360,1696,-1110,3474,134
melden,13,139,920,-17496,1636,-858,3048,-48
melden,13,140,2372,-14648,2052,-763,2688,-211
melden,13,141,5592,-12720,6948,-1224,2610,34
melden,13,142,836,-14812,10420,-785,1427,187
melden,13,143,448,-17264,4164,-331,-316,464
melden,13,144,1868,-17344,3040,663,-2971,565
melden,13,145,7296,-15860,-1344,1184,-3474,668
melden,13,146,8860,-13788,4284,831,-3113,372
melden,13,147,2420,-14480,8224,899,-3914,127
melden,13,148,-1232,-15816,8808,1419,-6319,253
melden,13,149,1300,-16040,3552,2098,-7888,536
melden,13,150,32767,-14724,-32768,2116,-6135,1582
melden,13,151,11272,32767,32767,438,-6390,-784
melden,13,152,4772,-16832,7900,-744,-7000,1391
melden,13,153,-12496,-8952,14340,1155,-10939,659
melden,13,154,13096,-17756,-7332,2187,-7551,1329
melden,13,155,19376,-15652,-12116,724,898,624
melden,13,156,4584,-13856,-5520,-1467,6391,-588
melden,13,157,7300,-13648,1008,-1988,8040,-1172
melden,13,158,5308,-12860,2688,-2187,8750,-1149
melden,13,159,5248,-14260,5412,-2563,8787,-1167
melden,13,160,5324,-14020,6520,-2588,7850,-1024
melden,13,161,4440,-14076,6792,-2373,6432,-433
melden,13,162,2252,-15180,7992,-1544,3939,415
melden,13,163,1696,-15768,6808,-456,748,1014
melden,13,164,4252,-14912,4656,131,-1229,1086
melden,13,165,6824,-14976,3008,86,-1714,794
melden,13,166,8520,-15576,1028,-84,-1116,500
melden,13,167,5764,-16136,1792,-104,-996,228
melden,13,168,3788,-16304,648,112,-1682,58
melden,13,169,5336,-15484,608,225,-2082,45
melden,13,170,5048,-15784,1852,295,-2460,204
melden,13,171,4392,-15248,432,508,-2943,264
melden,13,172,-2736,-12988,8524,-131,-1832,332
melden,13,173,2012,-18604,5264,301,-2577,1067
melden,13,174,-496,-17676,4936,737,-3971,1201
melden,13,175,1644,-17564,1648,1204,-5327,1243
melden,13,176,8444,-15500,-4004,1779,-5780,1438
melden,13,177,12400,-13880,-3312,2255,-5361,1379
melden,13,178,5824,-14100,4240,1668,-4270,842
melden,13,179,-2420,-16000,7076,2051,-6246,538
melden,13,180,7132,-9964,-8764,3621,-8127,1195
melden,13,181,7496,-32768,3148,806,-3751,4
melden,13,182,12344,11912,32767,973,-10734,593
melden,13,183,-4436,-26104,-1020,2457,-12130,2311
melden,13,184,-7464,-5624,12760,3539,-16119,1830
melden,13,185,13400,-14104,-6324,2701,-10821,1299
melden,13,186,11280,-17132,-2848,1856,-4828,327
melden,13,187,11284,-15816,-7848,570,1256,-818
melden,13,188,10312,-14272,-5836,-477,5303,-1597
melden,13,189,11664,-12280,-4704,-1681,9084,-1995
melden,13,190,10416,-13096,-2780,-2904,12313,-2172
melden,13,191,7172,-14596,1136,-3723,14311,-2366
melden,13,192,3744,-14920,5468,-3943,14589,-2302
melden,13,193,4152,-13992,9592,-3721,13342,-1740
melden,13,194,3308,-13912,9892,-3034,11159,-677
melden,13,195,-24,-13676,11032,-1986,6999,150
melden,13,196,2452,-14000,8664,-1365,4144,678
melden,13,197,3388,-14584,7680,-970,2410,791
melden,13,198,4740,-16316,5288,-825,1426,704
melden,13,199,4456,-17768,2844,-358,364,477
melden,13,200,5352,-17104,2624,-82,30,271
melden,13,201,5220,-16044,2108,-25,-821,-45
melden,13,202,5428,-15404,2352,147,-1934,-304
melden,13,203,6680,-13772,1868,94,-2600,-325
melden,13,204,12,-12544,12060,-26,-3809,37
melden,13,205,1080,-15108,12376,501,-5974,467
melden,13,206,-4376,-16672,7332,727,-8008,482
melden,13,207,-740,-17616,976,1746,-9853,617
melden,13,208,10064,-14648,-2984,1872,-8988,693
melden,13,209,12800,-15260,-4092,1773,-6024,425
melden,13,210,8108,-15496,-468,1400,-3374,-86
melden,13,211,1988,-14700,5568,1614,-3253,-321
melden,13,212,1404,-14356,6252,2123,-4986,76
melden,13,213,4524,-14124,3680,2326,-5969,364
melden,13,214,6108,-15272,416,2019,-5106,317
melden,13,215,7008,-14648,-788,1538,-3964,152
melden,13,216,11392,-11012,-7968,1411,-2574,70
melden,13,217,23760,-32768,-12740,864,-678,-1041
melden,13,218,13008,14880,32767,-52,-8690,208
melden,13,219,-18076,-24800,10100,-446,-6457,647
melden,13,220,11412,-13464,-1368,2172,-14167,1364
melden,13,221,13876,-20952,-3696,1563,-5213,1014
melden,13,222,13668,-14704,-7888,959,251,149
melden,13,223,6780,-12376,-6860,-367,3694,-765
melden,13,224,11328,-12332,-5436,-1628,7231,-1543
melden,13,225,9844,-13824,-1192,-2665,9494,-1970
melden,13,226,10824,-14960,1420,-3159,10347,-2134
melden,13,227,8064,-15108,3440,-3192,10056,-2171
melden,13,228,4796,-14960,5232,-2991,8775,-1799
melden,13,229,3320,-13948,6324,-2387,7016,-1083
melden,13,230,3784,-14344,8256,-1691,4773,-398
melden,13,231,4064,-14812,8556,-712,2297,159
melden,13,232,6008,-15740,7392,-205,339,277
melden,13,233,8868,-13272,3600,-258,600,419
melden,13,234,7632,-14972,2788,-203,-245,151
melden,13,235,7552,-15068,2540,-457,-160,-67
melden,13,236,7572,-14732,1488,-701,286,-290
melden,13,237,6560,-14376,1724,-861,828,-440
melden,13,238,6312,-14200,3132,-939,1466,-514
melden,13,239,4800,-14012,4024,-964,1997,-479
melden,13,240,4120,-14544,4776,-797,2243,-380
melden,13,241,5328,-14424,3668,-564,1955,-250
melden,13,242,5880,-14356,3416,-562,1976,-229
melden,13,243,7600,-14076,2148,-742,2263,-248
melden,13,244,6460,-14228,2668,-1088,2876,-404
melden,13,245,7884,-13812,2188,-1587,3743,-551
melden,13,246,6932,-13896,2540,-1901,4491,-692
melden,13,247,5244,-14208,3688,-1974,4952,-720
melden,13,248,5224,-14464,4416,-1881,4828,-584
melden,13,249,4828,-14328,4416,-1646,4380,-319
melden,13,250,5008,-13284,5136,-1381,3523,19
melden,13,251,5144,-13104,5184,-1221,2769,334
melden,13,252,4632,-16328,4000,-1287,1887,125
melden,13,253,3880,-15520,7072,-1275,1076,295
melden,13,254,5592,-16584,3452,-992,9,419
melden,13,255,1464,-18168,1664,-675,-694,24
melden,13,256,5000,-13536,-1016,-237,-574,61
melden,13,257,7164,-14032,848,-894,178,80
melden,13,258,5812,-13896,9248,-704,238,293
melden,13,259,1688,-15480,4780,-519,-190,699
melden,13,260,1196,-18280,1888,476,-2475,773
melden,13,261,7552,-16320,-2844,577,-2344,743
melden,13,262,10980,-15516,-2472,189,-465,303
melden,13,263,6900,-14344,2600,-321,1138,-144
melden,13,264,-332,-15492,6540,-4,-189,-337
melden,13,265,568,-15920,4552,867,-2911,-111
melden,13,266,13308,-17896,-26860,1702,-4943,-146
melden,13,267,-15400,-15672,14756,3366,-2183,-2954
melden,13,268,13160,11244,31112,-604,-8618,1042
melden,13,269,-24884,-8204,25392,310,-8823,826
melden,13,270,9648,-16284,-5748,1181,-11404,1594
melden,13,271,12964,-21868,-7192,2290,-7174,1742
melden,13,272,14496,-16000,-12896,680,619,441
melden,13,273,9956,-13912,-8276,-1383,7263,-748
melden,13,274,8580,-14732,-4808,-2639,11563,-1503
melden,13,275,5772,-16924,-3740,-2999,13479,-1711
melden,13,276,4148,-15232,756,-3111,13476,-1580
melden,13,277,1804,-15356,3240,-2816,11784,-1310
melden,13,278,2916,-13652,6324,-2589,9953,-961
melden,13,279,2896,-14436,5540,-2351,8248,-470
melden,13,280,2068,-13620,5368,-2205,6623,-70
melden,13,281,1740,-15772,6976,-1649,4117,157
melden,13,282,236,-16156,7556,-1025,1774,191
melden,13,283,3320,-15564,5648,-799,732,361
melden,13,284,6412,-16144,2244,-625,544,560
melden,13,285,6328,-17992,-364,-318,420,494
melden,13,286,6056,-16280,44,-164,334,309
melden,13,287,7304,-14880,1296,-453,672,310
melden,13,288,3432,-16080,1568,-643,718,72
melden,13,289,1880,-17260,2896,-566,280,-252
melden,13,290,4364,-14676,3348,-322,-120,-276
melden,13,291,1220,-12152,8368,-709,152,123
melden,13,292,4036,-14576,7772,-508,-131,570
melden,13,293,2420,-16040,5352,-821,-407,1019
melden,13,294,12,-18368,2868,-29,-1006,1009
melden,13,295,7924,-16808,-4716,686,-1057,917
melden,13,296,11316,-16976,-5152,566,305,408
melden,13,297,5280,-16500,508,-138,2326,-303
melden,13,298,-7196,-17436,8772,-139,1488,-1104
melden,13,299,-7452,-17384,8460,1067,-2240,-935
melden,14,0,2832,-2912,13300,-82,278,37
melden,14,1,2172,-3204,13572,-64,299,79
melden,14,2,2068,-2728,14600,-76,207,208
melden,14,3,2060,-3384,14056,-74,281,274
melden,14,4,1392,-4044,13392,-65,543,244
melden,14,5,992,-4124,13212,-16,542,229
melden,14,6,1044,-3936,14528,-20,330,241
melden,14,7,1900,-3804,15912,-119,85,307
melden,14,8,2448,-4516,15432,-153,10,349
melden,14,9,1728,-5532,14624,-151,34,306
melden,14,10,296,-5560,13616,-18,-184,318
melden,14,11,-224,-4812,14772,142,-631,424
melden,14,12,784,-4440,15580,188,-1065,525
melden,14,13,1692,-4676,15752,219,-1366,566
melden,14,14,1728,-4820,15656,291,-1657,546
melden,14,15,1748,-5796,13528,405,-1850,419
melden,14,16,716,-5172,14664,501,-1924,119
melden,14,17,196,-4280,15160,468,-2354,106
melden,14,18,432,-5040,16424,525,-2772,-21
melden,14,19,1968,-4868,16564,465,-2552,-70
melden,14,20,4524,-3348,21548,24,-1747,-33
melden,14,21,7664,-2528,23660,-593,-1525,116
melden,14,22,9136,-2336,23816,-1703,-297,-88
melden,14,23,7528,-2872,24096,-2906,963,-397
melden,14,24,6008,-3996,25708,-3970,1678,-628
melden,14,25,4696,-5088,27112,-4642,1523,-717
melden,14,26,3764,-5640,27920,-5031,876,-632
melden,14,27,4056,-5620,27816,-5185,-65,-384
melden,14,28,5208,-5628,26944,-5344,-917,-19
melden,14,29,6880,-5952,25852,-5613,-1489,304
melden,14,30,8696,-6468,23976,-5895,-1711,625
melden,14,31,10328,-7324,22388,-6188,-1585,937
melden,14,32,11504,-7432,21448,-6521,-1152,1232
melden,14,33,12176,-7156,20232,-6900,-513,1515
melden,14,34,11660,-7348,19660,-7315,110,1699
melden,14,35,11496,-7888,17828,-7628,694,1803
melden,14,36,12332,-9108,15372,-7855,1342,1959
melden,14,37,12576,-10164,13764,-7881,1807,2104
melden,14,38,11156,-11348,12372,-7740,2047,2115
melden,14,39,10744,-11716,11376,-7589,2191,2064
melden,14,40,9176,-11796,11092,-7335,2177,1974
melden,14,41,8376,-12136,9316,-6956,1962,1840
melden,14,42,10152,-12192,6724,-6466,1850,1759
melden,14,43,10688,-12024,4096,-6124,2615,1712
melden,14,44,9408,-12124,1088,-5822,3889,1342
melden,14,45,8832,-13464,-1196,-5586,5771,768
melden,14,46,7592,-12172,-2208,-5719,8692,182
melden,14,47,6020,-11676,-3536,-5875,11987,-443
melden,14,48,4140,-9076,-2856,-5887,14730,-788
melden,14,49,1900,-7744,-568,-4901,15644,-975
melden,14,50,-484,-8228,896,-3999,15962,-586
melden,14,51,-496,-7280,2652,-3321,16126,-70
melden,14,52,68,-5412,1124,-2815,16353,223
melden,14,53,-1192,-7392,1872,-2740,16228,260
melden,14,54,-2112,-7468,816,-2531,15588,235
melden,14,55,-5220,-14864,332,-1579,13182,-297
melden,14,56,-6240,-15108,1492,-500,10888,-205
melden,14,57,-8204,-15052,2152,790,8156,-521
melden,14,58,-9812,-13056,3392,1642,5371,-1415
melden,14,59,-11012,-12484,4760,2212,2382,-2541
melden,14,60,-11364,-12212,5356,2801,-801,-3642
melden,14,61,-10540,-12320,5060,3439,-3781,-4597
melden,14,62,-9848,-10112,5520,3967,-6898,-5324
melden,14,63,-8876,-7188,5676,4259,-10039,-5688
melden,14,64,-7672,-5492,4532,4384,-13244,-5723
melden,14,65,-5656,-6076,3156,4559,-16471,-5369
melden,14,66,-1368,-7160,-1000,4741,-18599,-4591
melden,14,67,2940,-9660,-5624,4887,-18655,-3749
melden,14,68,8648,-8772,-11804,4487,-14848,-3189
melden,14,69,9224,-6152,-14000,2917,-6922,-3291
melden,14,70,4732,-5068,-13864,1699,627,-3934
melden,14,71,4984,-4472,-10288,435,7798,-4299
melden,14,72,5152,-4864,-4792,-523,13515,-4016
melden,14,73,2388,-4492,1764,-1646,16977,-3278
melden,14,74,-1708,-5696,6504,-2768,17939,-2537
melden,14,75,-2892,-9036,8732,-3447,16746,-1990
melden,14,76,-3256,-11912,8292,-3113,13680,-1592
melden,14,77,-1328,-13536,7484,-2090,9446,-1190
melden,14,78,-2036,-13744,7792,-904,4456,-903
melden,14,79,-5500,-14352,10112,250,-1132,-686
melden,14,80,-6696,-15212,11968,1537,-6830,-536
melden,14,81,-3108,-14976,11020,2382,-10965,-362
melden,14,82,-408,-14408,9176,2809,-13333,-284
melden,14,83,388,-14732,8136,3132,-14471,-238
melden,14,84,1964,-14372,5996,3196,-14262,-106
melden,14,85,5524,-12988,888,2784,-12080,-89
melden,14,86,8116,-11580,-2876,1453,-7210,-145
melden,14,87,5860,-11608,-4724,94,-1221,-448
melden,14,88,2296,-12408,-3300,-939,3948,-734
melden,14,89,2728,-12344,-604,-1751,7928,-841
melden,14,90,4232,-12176,2164,-2699,10906,-560
melden,14,91,2996,-12804,5560,-3355,11906,-448
melden,14,92,920,-13288,9052,-3760,10898,-456
melden,14,93,-76,-13944,12172,-3248,8113,-81
melden,14,94,1488,-12056,11972,-2872,4853,468
melden,14,95,1620,-11692,12532,-2404,908,944
melden,14,96,-184,-13348,11804,-1775,-3204,1350
melden,14,97,-632,-14732,10332,-815,-7096,1605
melden,14,98,-1316,-15476,9496,89,-10425,1563
melden,14,99,-1288,-15892,8980,825,-12860,1420
melden,14,100,-412,-15832,7784,1405,-14101,1241
melden,14,101,1300,-14744,7184,1746,-14142,1048
melden,14,102,3264,-14728,4176,1666,-12970,1001
melden,14,103,7464,-14788,-1912,1099,-9845,904
melden,14,104,8736,-15364,-5460,176,-4667,598
melden,14,105,6492,-14724,-4960,-441,68,256
melden,14,106,4508,-14040,-2724,-796,3389,86
melden,14,107,5464,-12236,1252,-1312,5462,113
melden,14,108,3428,-12276,4952,-1811,5986,220
melden,14,109,2732,-12616,5896,-1912,5232,440
melden,14,110,3120,-13728,6332,-1869,3874,440
melden,14,111,4724,-13712,6060,-1870,2990,412
melden,14,112,3724,-14924,5848,-1743,2298,300
melden,14,113,2612,-15132,7084,-1336,1302,54
melden,14,114,1456,-15656,7260,-1050,263,-26
melden,14,115,864,-16840,6136,-429,-877,-151
melden,14,116,1404,-16712,5928,241,-1816,-222
melden,14,117,1924,-15408,6048,602,-2361,-276
melden,14,118,2568,-14640,5472,636,-2408,-300
melden,14,119,2368,-13788,6376,435,-2102,-281
melden,14,120,1292,-14640,3964,344,-1858,-240
melden,14,121,1412,-15904,364,580,-1786,-147
melden,14,122,1192,-15460,-612,898,-1981,36
melden,14,123,880,-15000,392,1014,-2498,185
melden,14,124,1748,-14068,2020,919,-2932,327
melden,14,125,3584,-13264,3488,470,-2912,444
melden,14,126,3832,-13208,4048,9,-2850,534
melden,14,127,4064,-13168,3676,-332,-2841,694
melden,14,128,4532,-13180,3212,-591,-2778,887
melden,14,129,5096,-13456,2872,-784,-2523,1029
melden,14,130,5608,-13288,2828,-1052,-1950,1094
melden,14,131,5804,-13896,1848,-1341,-1026,1046
melden,14,132,5684,-14988,2120,-1596,323,862
melden,14,133,5040,-14992,3808,-1875,1630,562
melden,14,134,6264,-14160,5788,-2098,2942,303
melden,14,135,6700,-14292,7040,-2250,3865,251
melden,14,136,4520,-15384,7420,-2003,3698,307
melden,14,137,1844,-17008,6712,-1270,2365,316
melden,14,138,1984,-17432,5004,-379,631,302
melden,14,139,1632,-16876,4980,435,-1232,218
melden,14,140,1356,-16360,4720,1052,-3083,107
melden,14,141,1388,-16016,3736,1506,-4809,-19
melden,14,142,2532,-15468,2668,1813,-6133,-29
melden,14,143,3228,-14612,3068,1909,-6892,10
melden,14,144,4976,-14136,1676,1759,-6836,119
melden,14,145,7208,-14284,-516,1481,-5816,192
melden,14,146,8696,-14012,-1700,993,-3794,172
melden,14,147,8208,-14092,-924,268,-957,-37
melden,14,148,7992,-14236,-600,-535,2142,-415
melden,14,149,6748,-13624,2624,-1325,5062,-778
melden,14,150,5384,-13480,5292,-1851,7043,-847
melden,14,151,3580,-13300,7340,-1946,7589,-583
melden,14,152,1808,-14744,7532,-1780,7133,-168
melden,14,153,948,-15580,8368,-965,5023,183
melden,14,154,3448,-14004,8380,-320,2570,490
melden,14,155,2412,-14400,8740,31,248,618
melden,14,156,1160,-15920,7160,360,-2069,589
melden,14,157,1528,-16480,3288,753,-3715,428
melden,14,158,2628,-16164,1920,927,-4513,249
melden,14,159,2804,-16580,660,997,-4743,112
melden,14,160,3880,-15640,-1624,991,-4396,13
melden,14,161,5476,-13976,-996,845,-3724,97
melden,14,162,7048,-13092,-428,502,-2791,329
melden,14,163,7012,-13152,456,53,-1566,476
melden,14,164,6392,-13456,540,-401,-205,502
melden,14,165,5016,-14324,1488,-799,1050,383
melden,14,166,3560,-15260,3076,-1154,2047,155
melden,14,167,2500,-15112,5856,-1390,2743,-119
melden,14,168,3920,-14656,7160,-1738,3535,-239
melden,14,169,2160,-15052,10040,-1618,3528,-224
melden,14,170,704,-14964,11396,-1098,2120,-63
melden,14,171,956,-15188,10584,-457,388,154
melden,14,172,540,-15936,8460,156,-1206,275
melden,14,173,1948,-16204,5868,509,-2209,270
melden,14,174,2976,-15988,3912,640,-2417,249
melden,14,175,3068,-15024,2116,578,-2098,204
melden,14,176,3616,-15464,-252,401,-1388,129
melden,14,177,4688,-15080,-2232,316,-658,72
melden,14,178,5992,-14512,-2392,58,278,47
melden,14,179,6004,-14304,-1048,-276,1089,24
melden,14,180,5008,-14260,264,-710,1870,-82
melden,14,181,3404,-14836,1476,-942,1967,-219
melden,14,182,2440,-15464,2724,-813,1565,-331
melden,14,183,3280,-15228,3360,-743,1247,-414
melden,14,184,3280,-15424,3604,-699,1211,-453
melden,14,185,2980,-15084,6136,-734,1346,-565
melden,14,186,3700,-14120,8220,-1089,2021,-617
melden,14,187,2340,-14076,9248,-1212,2181,-578
melden,14,188,1876,-14888,9044,-974,1699,-396
melden,14,189,1428,-14904,8492,-581,837,-94
melden,14,190,1784,-15124,6004,-169,-34,148
melden,14,191,2096,-15560,5064,186,-627,265
melden,14,192,3192,-15060,3960,247,-855,260
melden,14,193,3864,-15428,2124,187,-724,259
melden,14,194,3436,-15964,-504,260,-591,248
melden,14,195,4580,-15704,-1520,263,-350,118
melden,14,196,5920,-15304,-1776,-20,434,-19
melden,14,197,4988,-14988,-700,-302,1069,-181
melden,14,198,3436,-14612,1172,-672,1394,-309
melden,14,199,2184,-15080,2156,-803,1367,-327
melden,14,200,1780,-14760,3208,-779,1067,-271
melden,14,201,2736,-14860,2380,-848,1024,-188
melden,14,202,2760,-15352,852,-864,1332,-141
melden,14,203,2620,-15636,352,-929,2000,-234
melden,14,204,1684,-16436,1208,-1029,2630,-448
melden,14,205,784,-16480,2896,-1123,3007,-678
melden,14,206,932,-15784,5048,-1119,2961,-838
melden,14,207,3124,-13448,7804,-1267,3104,-793
melden,14,208,4360,-12864,9892,-1553,3073,-517
melden,14,209,2516,-13496,11640,-1608,2450,-271
melden,14,210,1964,-14144,10960,-1385,1231,51
melden,14,211,652,-16108,9156,-880,-288,202
melden,14,212,760,-17528,6140,-214,-1560,239
melden,14,213,980,-17688,3776,240,-2187,121
melden,14,214,1008,-17540,2236,489,-2484,-71
melden,14,215,1172,-17220,1360,688,-2676,-279
melden,14,216,2664,-16244,72,814,-2691,-403
melden,14,217,3716,-15564,-1328,834,-2481,-443
melden,14,218,5356,-15032,-2840,712,-1779,-462
melden,14,219,6692,-14436,-2968,437,-721,-497
melden,14,220,6868,-14136,-1656,-16,349,-580
melden,14,221,5244,-14692,-1312,-396,1182,-671
melden,14,222,4000,-15236,-548,-545,1587,-784
melden,14,223,3184,-15780,556,-579,1698,-870
melden,14,224,2220,-16156,908,-440,1505,-938
melden,14,225,2308,-15904,1728,-247,1105,-952
melden,14,226,2700,-15640,3236,-152,691,-934
melden,14,227,3404,-15048,3692,-134,424,-843
melden,14,228,3800,-14852,4500,-151,126,-740
melden,14,229,4604,-14560,5076,-228,-53,-617
melden,14,230,5760,-13536,5248,-481,427,-537
melden,14,231,7204,-12628,5452,-1008,1652,-552
melden,14,232,6432,-12532,5920,-1709,3127,-432
melden,14,233,5836,-13124,3320,-2278,4646,-434
melden,14,234,5600,-14572,2792,-2656,5819,-564
melden,14,235,3820,-16208,3140,-2438,6505,-467
melden,14,236,2976,-15884,3428,-2112,6526,-317
melden,14,237,2572,-15272,4484,-1871,5994,-166
melden,14,238,3160,-15272,5992,-1683,5118,67
melden,14,239,2880,-15508,5896,-1461,3948,362
melden,14,240,1592,-16600,4632,-1039,2368,517
melden,14,241,1688,-17772,2076,-386,998,596
melden,14,242,4480,-17184,-1112,299,-169,508
melden,14,243,4072,-16392,-1944,910,-1419,512
melden,14,244,448,-16940,-76,1572,-3170,364
melden,14,245,-36,-17192,344,1920,-4516,68
melden,14,246,-136,-16388,1480,2214,-5790,-165
melden,14,247,836,-15720,2164,2349,-6796,-244
melden,14,248,2716,-15180,1384,2407,-7111,-180
melden,14,249,5552,-13956,296,1973,-6304,-59
melden,14,250,8752,-13292,-1072,1034,-4101,-70
melden,14,251,8800,-13988,-552,95,-963,-223
melden,14,252,5840,-14660,1696,-562,1603,-423
melden,14,253,4692,-13904,4324,-1033,3413,-572
melden,14,254,3468,-13656,6816,-1475,4504,-440
melden,14,255,2064,-14352,7724,-1646,4747,-177
melden,14,256,1444,-14848,7624,-1484,4274,115
melden,14,257,732,-15648,7188,-1181,3300,420
melden,14,258,-84,-16868,6232,-731,1994,554
melden,14,259,1720,-17024,4316,-85,660,614
melden,14,260,4424,-16912,1280,406,-205,581
melden,14,261,3876,-17372,-128,891,-915,367
melden,14,262,1872,-17452,644,1337,-2065,-14
melden,14,263,348,-17020,2688,1579,-3409,-431
melden,14,264,-992,-16776,4420,1993,-5246,-714
melden,14,265,-172,-15532,6344,2672,-7535,-578
melden,14,266,2880,-13840,5928,2887,-9477,-337
melden,14,267,3612,-13664,5128,2714,-10260,-124
melden,14,268,5004,-13872,3064,2334,-10149,-12
melden,14,269,7356,-13904,296,1555,-8467,-8
melden,14,270,8528,-14520,-1360,678,-5394,-202
melden,14,271,8548,-15240,-2232,-110,-1563,-447
melden,14,272,6296,-15364,-1088,-618,1939,-721
melden,14,273,5288,-14668,-60,-1039,4974,-966
melden,14,274,4096,-14148,2340,-1405,7126,-981
melden,14,275,3136,-13888,4676,-1575,8117,-812
melden,14,276,2284,-14196,6380,-1599,8030,-510
melden,14,277,2184,-14852,6928,-1522,7228,-226
melden,14,278,4968,-14820,5564,-1363,6348,-1
melden,14,279,5832,-15084,4340,-1318,5698,82
melden,14,280,5292,-15332,4704,-1090,4438,-10
melden,14,281,3688,-15368,5916,-771,2540,-190
melden,14,282,1728,-15728,7792,-193,-160,-310
melden,14,283,1704,-15448,8688,474,-3171,-297
melden,14,284,1024,-15616,9544,1322,-6264,-161
melden,14,285,964,-15140,9404,2107,-9183,47
melden,14,286,2080,-14612,7940,2544,-11108,223
melden,14,287,2796,-14400,6684,2725,-12043,367
melden,14,288,3120,-14584,4856,2786,-12250,468
melden,14,289,4728,-14872,1152,2674,-11432,452
melden,14,290,6892,-14596,-1920,2088,-9129,326
melden,14,291,8332,-14988,-5404,1168,-5296,-67
melden,14,292,8088,-15304,-6360,236,-686,-548
melden,14,293,7020,-15032,-5060,-407,3510,-992
melden,14,294,7084,-14340,-3056,-1011,7038,-1293
melden,14,295,6440,-13372,-176,-1590,9652,-1234
melden,14,296,5252,-13268,3096,-2001,10847,-1031
melden,14,297,4716,-13336,5116,-2249,10860,-779
melden,14,298,5072,-13280,5228,-2436,10425,-513
melden,14,299,4608,-13688,5508,-2646,9624,-330
melden,15,0,392,-14668,6928,-5877,4632,-662
melden,15,1,-652,-14564,6304,-5105,4165,-929
melden,15,2,56,-13636,6196,-4542,3980,-1123
melden,15,3,56,-13252,5940,-4259,4142,-1435
melden,15,4,-196,-13100,4924,-3950,4381,-1864
melden,15,5,-72,-12664,3964,-3601,4728,-2328
melden,15,6,-1044,-13176,2832,-3238,4934,-2847
melden,15,7,-2220,-12132,2164,-2558,4707,-3055
melden,15,8,-2388,-11152,2140,-1829,3943,-3235
melden,15,9,-1780,-10220,2112,-1262,3630,-3208
melden,15,10,-2408,-10456,1100,-739,3197,-3376
melden,15,11,-868,-10420,1660,-22,2838,-3377
melden,15,12,-1488,-9064,1136,411,2536,-3384
melden,15,13,-3316,-10400,-164,981,1927,-3435
melden,15,14,-2788,-10992,280,1638,1199,-3514
melden,15,15,-716,-10132,232,1945,1174,-3471
melden,15,16,216,-7036,1296,1919,1794,-3459
melden,15,17,588,-5552,2136,1730,2351,-3499
melden,15,18,536,-5020,3144,1460,2832,-3569
melden,15,19,-600,-5224,3528,1396,2746,-3577
melden,15,20,-1052,-5556,2936,1373,2351,-3466
melden,15,21,-1736,-5880,1572,1421,1677,-3226
melden,15,22,-1048,-4552,2320,1249,985,-2966
melden,15,23,1348,-3108,1900,690,867,-2779
melden,15,24,2200,-4220,2196,40,642,-2617
melden,15,25,1032,-6004,1616,-206,39,-2311
melden,15,26,92,-7492,1872,-260,-980,-1955
melden,15,27,412,-10352,208,131,-2403,-1479
melden,15,28,1656,-11760,-1948,649,-3298,-1085
melden,15,29,2536,-11964,-1892,721,-3598,-1043
melden,15,30,2880,-12872,-2260,564,-3371,-1090
melden,15,31,2088,-13372,-3684,311,-2871,-1214
melden,15,32,6012,-14500,-28528,870,-1956,-1116
melden,15,33,30156,-31864,-17280,8,2767,-3602
melden,15,34,-7636,10592,32767,-1194,2133,-2261
melden,15,35,-17204,-15096,16572,-152,-5546,-1066
melden,15,36,-1180,-7288,9240,1228,-9506,198
melden,15,37,6032,-16052,-5792,751,-10241,802
melden,15,38,7852,-17340,-4504,1605,-9451,1191
melden,15,39,8800,-15492,-10240,703,-5679,651
melden,15,40,7952,-15996,-6920,-658,-1777,-22
melden,15,41,4128,-17308,-6692,-1206,105,-387
melden,15,42,4868,-16644,-4648,-1134,995,-407
melden,15,43,5324,-15672,-3464,-1102,2156,-251
melden,15,44,4260,-15300,-1968,-1075,2779,-251
melden,15,45,5120,-13272,-2028,-1346,3352,-92
melden,15,46,5600,-14544,-1792,-1476,3568,-7
melden,15,47,4164,-14728,72,-1560,3446,485
melden,15,48,456,-15976,2080,-992,1979,745
melden,15,49,3088,-15496,340,-842,1293,836
melden,15,50,3864,-15852,-464,-891,1326,672
melden,15,51,3928,-16768,-2032,-866,1490,499
melden,15,52,3052,-17384,-1956,-565,1335,389
melden,15,53,1280,-16864,-740,-315,757,234
melden,15,54,1876,-16136,284,-304,292,119
melden,15,55,2640,-16412,764,-202,-19,118
melden,15,56,3100,-16104,760,-167,-190,77
melden,15,57,3088,-16156,644,-183,-179,-12
melden,15,58,1288,-17228,428,-137,-405,-181
melden,15,59,1468,-15216,1300,103,-290,-15
melden,15,60,4852,-14272,588,58,137,239
melden,15,61,4100,-15540,3836,-40,815,349
melden,15,62,564,-15900,2820,198,1022,199
melden,15,63,4448,-16424,2316,802,276,151
melden,15,64,2676,-18444,-740,993,869,143
melden,15,65,3628,-17508,-2964,1372,1319,-178
melden,15,66,2652,-17000,-976,1496,1686,-637
melden,15,67,1408,-15172,1960,1464,1547,-1080
melden,15,68,1240,-14816,4368,1338,1439,-1093
melden,15,69,1484,-17920,-1164,1415,88,-1069
melden,15,70,14548,-22356,-30884,2685,-589,-2071
melden,15,71,-13088,-380,32336,4528,-3952,-1858
melden,15,72,7356,-7248,12272,1217,-4697,-263
melden,15,73,5780,-10456,15772,708,-2482,-367
melden,15,74,4796,-13712,11120,238,-4515,486
melden,15,75,3020,-17024,-1428,1360,-5241,954
melden,15,76,8308,-15208,-5604,848,-2324,992
melden,15,77,7600,-14872,-1076,-76,200,517
melden,15,78,4652,-14176,408,-589,1667,-7
melden,15,79,6880,-13928,3296,-1155,3548,-139
melden,15,80,5836,-14920,4372,-1451,4587,-20
melden,15,81,4964,-14252,6424,-1410,4399,55
melden,15,82,4268,-14424,6532,-1548,4049,55
melden,15,83,4060,-14164,6368,-1757,3548,171
melden,15,84,1244,-15756,6368,-1425,2156,265
melden,15,85,1132,-16380,5552,-802,674,348
melden,15,86,2976,-16512,3924,-378,-235,316
melden,15,87,2764,-15828,4140,-238,-653,143
melden,15,88,3004,-15080,4916,-416,-683,-76
melden,15,89,2716,-15588,4496,-457,-809,-84
melden,15,90,2500,-15944,4356,-333,-1012,-91
melden,15,91,3076,-14912,4452,-184,-1245,-6
melden,15,92,2240,-13656,5776,25,-1364,214
melden,15,93,6076,-16936,912,73,-894,418
melden,15,94,3708,-15620,960,213,-168,557
melden,15,95,2264,-15932,4136,389,-182,285
melden,15,96,6832,-14876,2992,408,226,241
melden,15,97,5172,-15368,2024,114,1216,154
melden,15,98,1052,-16508,2964,225,914,-218
melden,15,99,100,-16220,828,648,-188,-233
melden,15,100,8748,-28576,-24560,1270,-1986,-966
melden,15,101,-10988,-10880,15988,3347,-3180,-1702
melden,15,102,3364,-6340,9308,820,-7736,-170
melden,15,103,3332,-11016,13984,29,-2629,-286
melden,15,104,7600,-15012,3492,-102,-4458,54
melden,15,105,760,-16596,1192,1128,-4867,557
melden,15,106,10672,-14200,-7048,362,-1375,619
melden,15,107,6640,-15048,-3268,-571,1339,49
melden,15,108,5540,-13916,196,-1361,3273,-415
melden,15,109,5196,-14300,3176,-1552,4245,-445
melden,15,110,3652,-14480,4868,-1684,4314,-353
melden,15,111,2888,-15588,4892,-1861,3912,-294
melden,15,112,4248,-14712,5400,-2080,3350,-168
melden,15,113,3464,-15200,5708,-2059,2758,-16
melden,15,114,2356,-15384,5532,-1661,1524,214
melden,15,115,4072,-14720,5956,-1476,795,358
melden,15,116,6588,-14416,4012,-1542,810,349
melden,15,117,5240,-15776,2752,-1636,1194,203
melden,15,118,3864,-16720,1004,-1492,1117,-32
melden,15,119,1520,-17288,500,-1313,1013,-313
melden,15,120,1596,-16912,1540,-975,523,-443
melden,15,121,2656,-16256,1808,-828,143,-365
melden,15,122,3468,-16348,1576,-526,-264,-274
melden,15,123,3596,-15984,1872,-520,-271,-341
melden,15,124,3452,-14572,2368,-555,-309,-400
melden,15,125,3888,-13264,1984,-507,-158,63
melden,15,126,5516,-16156,3948,-247,-493,290
melden,15,127,-840,-14184,3888,-309,-449,591
melden,15,128,2136,-16284,3696,607,-2834,652
melden,15,129,1172,-16936,2016,1229,-4032,687
melden,15,130,4948,-16736,1888,1867,-5299,923
melden,15,131,2440,-18180,-80,2494,-6336,1002
melden,15,132,15336,-21428,-27184,3359,-7616,637
melden,15,133,-9608,-12728,13728,3957,-8119,106
melden,15,134,8048,-2588,17744,1584,-12567,1898
melden,15,135,-8028,-12996,18356,1272,-9546,1552
melden,15,136,7712,-14672,1036,1778,-13077,2096
melden,15,137,5556,-17896,2000,2651,-12335,2322
melden,15,138,7936,-15452,-5372,1906,-8468,2153
melden,15,139,5800,-17732,-5668,933,-4800,874
melden,15,140,8000,-16188,-5556,-17,-1044,-34
melden,15,141,8596,-15820,-4484,-605,2021,-504
melden,15,142,8188,-15252,-2940,-1308,4903,-802
melden,15,143,6064,-14284,-80,-1844,6613,-1010
melden,15,144,4812,-14056,2148,-2277,7475,-990
melden,15,145,4576,-13480,3028,-2484,7787,-676
melden,15,146,3936,-14836,4088,-2367,7019,-225
melden,15,147,2912,-14712,4112,-2151,5897,213
melden,15,148,2932,-15692,3184,-1666,4417,477
melden,15,149,3372,-16104,3256,-1544,3607,491
melden,15,150,3920,-16240,2628,-1403,3160,409
melden,15,151,5392,-17336,-800,-1076,3026,277
melden,15,152,3616,-17392,424,-1019,2759,20
melden,15,153,2716,-17052,728,-1083,2091,-242
melden,15,154,2452,-18032,868,-850,1383,-402
melden,15,155,4620,-13228,-968,-496,1168,-300
melden,15,156,4892,-13084,3152,-684,512,20
melden,15,157,2636,-17312,6680,96,-962,400
melden,15,158,2244,-17044,668,476,-1145,460
melden,15,159,2824,-16956,-592,1081,-1779,255
melden,15,160,3440,-17880,-3840,1255,-1085,-205
melden,15,161,13368,-20736,-23120,1569,-1644,-1065
melden,15,162,-11208,-20940,2624,1369,1021,-1945
melden,15,163,3956,3692,28704,545,-5816,-406
melden,15,164,-11924,-21644,13740,1039,-4679,-520
melden,15,165,8864,-13576,1220,1552,-7803,687
melden,15,166,6284,-17616,1028,1847,-6342,907
melden,15,167,11856,-13260,-4760,944,-2619,624
melden,15,168,4420,-17084,-5224,-242,979,-151
melden,15,169,4532,-15532,-2108,-477,2202,-549
melden,15,170,6136,-16128,-2620,-847,4136,-751
melden,15,171,5788,-15532,-1088,-1238,5805,-863
melden,15,172,4472,-15372,596,-1575,6748,-905
melden,15,173,2568,-14320,3432,-1809,7012,-884
melden,15,174,3616,-13732,4212,-1930,6601,-527
melden,15,175,3840,-13716,5072,-1830,5672,-52
melden,15,176,3736,-14288,5156,-1742,4653,170
melden,15,177,3168,-15232,4844,-1631,3697,218
melden,15,178,3740,-16052,3852,-1441,3018,104
melden,15,179,4308,-16384,2704,-1321,2797,-7
melden,15,180,3080,-17152,2484,-1078,2320,-75
melden,15,181,2268,-18188,1692,-553,1329,-143
melden,15,182,784,-17856,1732,-167,304,-192
melden,15,183,788,-17404,2840,38,-617,-226
melden,15,184,2920,-16980,1744,310,-1278,-210
melden,15,185,812,-17216,2204,438,-1929,-451
melden,15,186,-288,-13420,4420,644,-2780,-327
melden,15,187,3808,-18912,1044,1224,-5301,-234
melden,15,188,5928,-18336,1872,1588,-5843,-193
melden,15,189,1380,-16240,-5020,2826,-8293,-180
melden,15,190,8780,-7984,19604,2422,-10323,258
melden,15,191,3588,-14080,5028,539,-6245,667
melden,15,192,-1900,-14632,6860,790,-7744,672
melden,15,193,2000,-16020,4048,1765,-9761,970
melden,15,194,8516,-15632,-2504,1601,-8060,1176
melden,15,195,8428,-15936,-3452,838,-5076,758
melden,15,196,8832,-15244,-3044,154,-2015,215
melden,15,197,7068,-15492,-1460,-241,214,-82
melden,15,198,6264,-14628,208,-461,1621,-183
melden,15,199,5912,-13884,320,-856,2778,-186
melden,15,200,6100,-14800,-64,-983,3840,-347
melden,15,201,5396,-15076,-20,-1358,4986,-365
melden,15,202,4388,-15444,560,-1582,5603,-347
melden,15,203,3156,-15672,1764,-1441,5489,-264
melden,15,204,4876,-14576,2732,-1442,5514,-77
melden,15,205,4960,-14872,4092,-1388,5131,90
melden,15,206,6216,-14652,2644,-1498,5203,141
melden,15,207,4496,-15324,2612,-1746,5344,43
melden,15,208,3128,-16512,2696,-1613,4749,-102
melden,15,209,3472,-16580,2644,-1238,3761,-48
melden,15,210,2836,-16784,2444,-902,2819,51
melden,15,211,984,-17472,1632,-411,1412,81
melden,15,212,-128,-17220,1940,106,-106,40
melden,15,213,240,-16996,2176,302,-1212,-31
melden,15,214,940,-17064,1796,552,-2025,-78
melden,15,215,1188,-16428,2132,876,-3019,-209
melden,15,216,-112,-14396,5144,916,-3546,-32
melden,15,217,2948,-16900,2792,1290,-5016,322
melden,15,218,3360,-16712,5420,1743,-6459,651
melden,15,219,5284,-15168,2424,2067,-7189,1006
melden,15,220,7376,-14380,-1224,2165,-6880,1174
melden,15,221,7704,-15476,-1752,2212,-5704,1286
melden,15,222,8948,-15960,-4276,2410,-4489,1146
melden,15,223,24352,-16448,-17848,1924,-2483,1571
melden,15,224,-6380,-16408,8208,1993,-4134,725
melden,15,225,8788,4524,31680,1745,-11007,1482
melden,15,226,-4856,-26096,4460,1028,-9761,2338
melden,15,227,-3268,-10392,9664,1499,-10654,1575
melden,15,228,4372,-17972,852,1697,-10425,928
melden,15,229,9684,-15636,-4092,1623,-7165,427
melden,15,230,9664,-16372,-6664,493,-2005,-313
melden,15,231,8928,-14748,-4356,-279,1520,-1030
melden,15,232,6888,-14252,-2908,-979,4390,-1473
melden,15,233,6652,-14136,-972,-1504,6341,-1662
melden,15,234,7256,-13956,976,-1830,7719,-1616
melden,15,235,5764,-13452,1952,-2146,8403,-1387
melden,15,236,2256,-14568,5352,-2164,7684,-1100
melden,15,237,1464,-14612,4952,-2003,6329,-572
melden,15,238,2436,-14856,4384,-1697,4952,-177
melden,15,239,1756,-15920,5764,-1421,3611,166
melden,15,240,3200,-15712,4620,-811,1702,319
melden,15,241,4824,-16096,2516,-638,1205,273
melden,15,242,4996,-16416,2072,-589,1307,96
melden,15,243,5300,-16644,868,-402,968,-55
melden,15,244,6156,-15936,332,-242,732,-87
melden,15,245,5280,-15980,144,-402,830,-108
melden,15,246,5748,-16352,124,-367,888,-115
melden,15,247,5440,-16352,-772,-401,1214,-178
melden,15,248,5432,-16072,236,-430,1332,-411
melden,15,249,2772,-14124,2404,-885,2075,-554
melden,15,250,8180,-13936,900,-636,1552,-351
melden,15,251,4220,-16504,7612,-552,920,-177
melden,15,252,-1760,-16804,5380,-268,243,-107
melden,15,253,-476,-15928,2324,612,-1390,-74
melden,15,254,2424,-17284,-88,1100,-1794,-29
melden,15,255,6424,-16852,-3668,1353,-1412,-196
melden,15,256,15592,-19052,-21552,1754,-991,-901
melden,15,257,-2568,-16824,3156,669,1467,-1798
melden,15,258,7620,8460,32767,512,-6679,-318
melden,15,259,-5528,-24160,5004,88,-5727,72
melden,15,260,-3760,-9728,12580,1215,-9785,791
melden,15,261,12816,-16432,-2276,1200,-7827,1212
melden,15,262,7664,-16260,-932,1300,-5098,1014
melden,15,263,7140,-15876,-3536,591,-1869,460
melden,15,264,5748,-14736,-3272,-18,385,-103
melden,15,265,6868,-15540,-2032,-489,2569,-608
melden,15,266,6936,-14776,-1188,-859,4518,-940
melden,15,267,6728,-15400,-180,-1232,6223,-1124
melden,15,268,6616,-14976,1288,-1476,7083,-1132
melden,15,269,4436,-15740,1140,-1590,7220,-1048
melden,15,270,3188,-14744,2568,-1631,6827,-821
melden,15,271,1872,-14992,4492,-1505,5517,-600
melden,15,272,2336,-15216,6144,-1364,4317,-422
melden,15,273,4160,-14436,6076,-1096,3235,-195
melden,15,274,6684,-14516,5624,-944,2531,70
melden,15,275,5820,-14484,5940,-707,1679,213
melden,15,276,6444,-14640,4396,-634,1316,336
melden,15,277,4292,-15576,3496,-516,791,357
melden,15,278,3996,-16132,2664,-211,93,395
melden,15,279,4800,-16904,1120,19,-182,376
melden,15,280,3376,-16832,1080,119,-250,235
melden,15,281,2184,-17176,700,66,-511,56
melden,15,282,3504,-16728,636,210,-574,-63
melden,15,283,4136,-16080,508,-44,-258,-126
melden,15,284,4252,-16184,148,83,-152,-292
melden,15,285,6748,-14240,728,-152,398,-363
melden,15,286,5456,-11908,2712,-732,1795,-206
melden,15,287,6608,-13928,2096,-602,1123,-8
melden,15,288,2712,-17384,8140,-241,648,314
melden,15,289,2472,-15176,3468,-97,238,519
melden,15,290,3640,-15432,1252,507,-525,497
melden,15,291,6212,-16380,-1764,468,292,331
melden,15,292,9564,-19360,-11556,708,1452,-540
melden,15,293,8080,-20388,-6876,-113,3373,-1891
melden,15,294,-9428,-11488,16244,869,-841,-2606
melden,15,295,4924,-6272,15476,-610,-3667,-335
melden,15,296,-4908,-20876,5448,192,-3485,-478
melden,15,297,4372,-10888,8764,791,-6292,152
melden,15,298,8364,-16944,2268,875,-4812,672
melden,15,299,6232,-14040,216,958,-3875,497
melden,16,0,5240,-2416,12872,-121,47,-59
melden,16,1,5216,-2384,12932,-122,35,-51
melden,16,2,5324,-2452,12744,-111,20,-50
melden,16,3,5328,-2400,12824,-109,40,-38
melden,16,4,5320,-2504,12800,-103,82,-39
melden,16,5,5228,-2500,12928,-105,98,-40
melden,16,6,5080,-2496,12968,-103,99,-31
melden,16,7,5148,-2552,12956,-99,114,-21
melden,16,8,5124,-2600,13192,-91,141,-9
melden,16,9,5004,-2724,13332,-81,189,-9
melden,16,10,4900,-3068,13644,-65,260,18
melden,16,11,4428,-3488,14572,-45,348,75
melden,16,12,3228,-4000,16376,-54,453,125
melden,16,13,496,-4140,20044,-247,413,-7
melden,16,14,-2048,-4248,21452,-719,666,-157
melden,16,15,920,-8864,18052,-1195,-208,-83
melden,16,16,-7096,-10732,25376,-595,-3637,-567
melden,16,17,-1816,-10720,27728,-321,-4753,-1568
melden,16,18,10980,-6632,32767,87,-5834,-664
melden,16,19,15288,-188,32767,-462,-4234,681
melden,16,20,27000,488,32767,-1979,-875,2371
melden,16,21,28680,80,32767,-5131,3035,2434
melden,16,22,17548,-4392,32767,-9075,6885,1553
melden,16,23,8624,-7856,32767,-11594,7412,414
melden,16,24,5612,-8740,32767,-12704,6044,-135
melden,16,25,8072,-8764,32767,-12865,4136,159
melden,16,26,10372,-8220,29788,-12743,3049,924
melden,16,27,11396,-6820,25244,-12529,2482,1502
melden,16,28,11912,-6200,20360,-12373,2442,1814
melden,16,29,11488,-7024,16180,-12321,2785,1745
melden,16,30,10148,-8676,12936,-11920,2920,1564
melden,16,31,9212,-8840,10276,-11218,2840,1436
melden,16,32,8404,-9464,7336,-10378,2675,1250
melden,16,33,8672,-8348,5228,-9569,2790,1060
melden,16,34,9312,-7380,4228,-8980,3595,735
melden,16,35,9604,-6096,3552,-8501,4840,324
melden,16,36,7968,-6260,3844,-8020,5659,-263
melden,16,37,6072,-6796,3412,-7514,6198,-909
melden,16,38,5624,-7132,2032,-6789,6484,-1369
melden,16,39,5664,-7984,-484,-5974,6806,-1703
melden,16,40,5516,-9872,-2576,-5046,7064,-2005
melden,16,41,5100,-10560,-4152,-3916,7061,-2112
melden,16,42,5040,-10932,-6064,-2814,7130,-2135
melden,16,43,4792,-11672,-6844,-1890,7424,-2335
melden,16,44,4208,-12556,-5524,-862,7912,-2809
melden,16,45,448,-12324,-4448,-362,8424,-3232
melden,16,46,0,-10244,-3476,-21,9086,-3603
melden,16,47,-1248,-9760,-1788,801,8827,-4102
melden,16,48,-1348,-10448,1148,1829,8111,-4344
melden,16,49,-4168,-8212,2448,3155,6238,-4610
melden,16,50,-7168,-5556,1788,4668,3510,-5224
melden,16,51,-6668,-3028,3544,5832,842,-5902
melden,16,52,-6948,1268,6604,6461,-1988,-6314
melden,16,53,-7516,7908,7988,6332,-5459,-6496
melden,16,54,-4908,9900,5376,5809,-9493,-6460
melden,16,55,-40,6932,-1236,5304,-13801,-5935
melden,16,56,7656,956,-10636,5692,-16592,-4629
melden,16,57,14796,-3028,-18268,5739,-15996,-2859
melden,16,58,24044,-8536,-24840,4089,-10102,-2297
melden,16,59,14272,-6304,-21016,1538,108,-2055
melden,16,60,-1060,-276,-19100,-829,9387,-2582
melden,16,61,-4568,-8024,-6800,-3554,14287,-3399
melden,16,62,3604,-16804,1088,-5107,18423,-2768
melden,16,63,11532,-14892,7268,-6492,19580,-1683
melden,16,64,4860,-13920,10700,-7733,17654,-638
melden,16,65,1684,-11320,13076,-7740,13614,651
melden,16,66,732,-9740,10332,-7270,9385,2069
melden,16,67,-804,-12936,6776,-6099,4942,3219
melden,16,68,1720,-17388,868,-4578,1211,3582
melden,16,69,5992,-21324,-3320,-2901,-723,3282
melden,16,70,9476,-19148,-5736,-1541,-1399,2206
melden,16,71,8660,-19232,-2432,-1045,-1025,1132
melden,16,72,4556,-17744,4648,195,-3226,468
melden,16,73,700,-14636,9592,2385,-7709,680
melden,16,74,-396,-13704,12824,3995,-12620,1340
melden,16,75,-420,-13540,13080,5290,-17228,1923
melden,16,76,1016,-14012,10956,5903,-20165,2186
melden,16,77,2228,-14352,8740,6102,-21262,2178
melden,16,78,4848,-14640,3040,5447,-20437,1980
melden,16,79,11400,-14784,-6604,3927,-15210,1565
melden,16,80,10784,-15776,-10300,1732,-6263,831
melden,16,81,3072,-14864,-13460,518,1924,-572
melden,16,82,-2520,-11964,-13400,-660,9824,-1880
melden,16,83,-1160,-11048,-7148,-2089,16853,-2669
melden,16,84,796,-12524,1592,-4151,22092,-2589
melden,16,85,-2492,-15068,10904,-5583,23253,-2215
melden,16,86,-3640,-16988,16760,-6003,20995,-1453
melden,16,87,-2916,-16364,17044,-5535,17232,-535
melden,16,88,1492,-15624,14008,-4894,13651,289
melden,16,89,4456,-15280,8932,-3263,9754,1364
melden,16,90,1472,-15060,4860,-845,3555,1564
melden,16,91,-1684,-17032,4032,1011,-2431,685
melden,16,92,-6668,-16580,9832,3551,-9518,387
melden,16,93,-5316,-13956,13432,5184,-15632,532
melden,16,94,-2516,-13312,16736,6134,-20847,1185
melden,16,95,-1992,-14856,17928,7370,-24897,2294
melden,16,96,-1712,-13540,17156,7613,-28000,2607
melden,16,97,-5496,-15104,13452,7656,-30915,2566
melden,16,98,400,-11424,3000,7176,-31461,2889
melden,16,99,16020,-13000,-14524,5382,-24760,3210
melden,16,100,13020,-18072,-22792,3165,-12700,2393
melden,16,101,3860,-16576,-22724,1381,-828,984
melden,16,102,2504,-12504,-15020,-507,8942,-678
melden,16,103,8960,-11168,-4612,-3333,17667,-1597
melden,16,104,11512,-12108,4416,-6066,23618,-1782
melden,16,105,10620,-12872,9364,-7752,25781,-1385
melden,16,106,6444,-12416,13208,-8089,23803,-439
melden,16,107,380,-13676,15472,-7383,19428,702
melden,16,108,-1172,-13552,13576,-6383,14895,1597
melden,16,109,-2800,-17124,11968,-4778,10900,1649
melden,16,110,-216,-18056,7964,-2317,6630,1106
melden,16,111,712,-15796,5740,-89,1625,698
melden,16,112,2336,-14448,5340,1557,-3530,137
melden,16,113,-4228,-15224,10484,3215,-9534,382
melden,16,114,-3988,-15484,13344,4775,-15764,941
melden,16,115,-2540,-16276,14240,5936,-20672,1708
melden,16,116,-3672,-16044,13988,6469,-24097,2271
melden,16,117,-4948,-15384,11584,6755,-26374,2581
melden,16,118,-1724,-12668,5772,6180,-26824,2725
melden,16,119,9064,-12244,-3764,4404,-22469,2846
melden,16,120,10716,-15316,-11484,2163,-13089,2186
melden,16,121,2800,-15684,-14420,490,-3342,884
melden,16,122,-1336,-13920,-13060,-632,4821,-852
melden,16,123,944,-11544,-7412,-2200,12121,-2238
melden,16,124,7008,-11516,-892,-4359,18262,-2861
melden,16,125,8688,-13940,3680,-6065,21891,-2705
melden,16,126,6696,-16168,6616,-6586,22090,-1905
melden,16,127,2792,-15868,11036,-6180,18893,-818
melden,16,128,2160,-14920,12184,-5067,14247,342
melden,16,129,404,-14948,11480,-3687,9938,1029
melden,16,130,-1212,-15872,11288,-2092,5677,1039
melden,16,131,1512,-15916,9928,-460,1293,788
melden,16,132,5956,-13928,8616,470,-2489,375
melden,16,133,3108,-14760,10404,1236,-6230,254
melden,16,134,-548,-16024,12124,2311,-10414,371
melden,16,135,-2912,-16444,12640,3468,-14761,641
melden,16,136,-3204,-15668,11100,4423,-18200,965
melden,16,137,-2240,-15156,8424,4885,-20035,1242
melden,16,138,772,-14144,4064,4603,-19718,1489
melden,16,139,5740,-13468,-2316,3552,-16544,1352
melden,16,140,8276,-15196,-8240,2119,-10171,873
melden,16,141,7088,-14680,-10596,645,-2220,27
melden,16,142,5216,-13712,-9476,-810,5433,-1015
melden,16,143,6324,-12628,-6824,-2400,12372,-2001
melden,16,144,9496,-11372,-3832,-4502,19170,-2553
melden,16,145,8672,-11112,-716,-6622,23995,-2753
melden,16,146,3840,-12812,3628,-7956,25703,-2431
melden,16,147,-2060,-14132,9008,-8189,23751,-1624
melden,16,148,-4940,-15416,13360,-7639,19280,-621
melden,16,149,-5456,-16212,14336,-6860,14459,371
melden,16,150,-4764,-17096,12632,-5752,10075,976
melden,16,151,-4528,-18124,10252,-4433,6242,1082
melden,16,152,-188,-19036,4648,-3155,3805,894
melden,16,153,6124,-19128,192,-1696,3130,422
melden,16,154,10060,-16008,-2056,-440,2647,-206
melden,16,155,4204,-14960,2928,284,260,-498
melden,16,156,-1804,-14860,6888,1444,-3734,-370
melden,16,157,-3388,-15108,9228,2665,-8318,22
melden,16,158,-3080,-15884,10116,3862,-12945,619
melden,16,159,-2912,-16628,9532,4935,-16990,1140
melden,16,160,-3220,-17440,8712,5746,-20334,1516
melden,16,161,-2492,-16512,7468,6296,-22780,1728
melden,16,162,-260,-14780,5420,5988,-23605,1681
melden,16,163,6688,-13100,484,5048,-22256,1547
melden,16,164,14480,-15528,-7284,3099,-16044,1315
melden,16,165,11616,-16804,-9244,1351,-7427,316
melden,16,166,4692,-15300,-10784,-250,878,-778
melden,16,167,384,-12492,-8496,-1306,7160,-1988
melden,16,168,32,-12040,-4796,-2325,11978,-2748
melden,16,169,2464,-12444,-184,-3386,15645,-2745
melden,16,170,3508,-14388,3332,-4203,17810,-2210
melden,16,171,3116,-15360,5820,-4718,18385,-1507
melden,16,172,2152,-14592,7944,-5170,17419,-701
melden,16,173,-32,-14468,9372,-5307,15386,-87
melden,16,174,-764,-15196,10116,-5092,12375,296
melden,16,175,-1964,-17668,10200,-4075,8600,614
melden,16,176,-856,-17396,7232,-2436,4690,752
melden,16,177,2812,-17376,3680,-1206,2032,590
melden,16,178,700,-16876,5792,44,-1286,178
melden,16,179,-200,-15460,8724,1104,-5104,-168
melden,16,180,-2252,-15688,11472,2054,-9339,-241
melden,16,181,-3668,-16368,13996,3593,-14313,44
melden,16,182,-2860,-15648,13832,4720,-19001,534
melden,16,183,-2968,-15412,12796,5377,-22716,877
melden,16,184,-1812,-15336,9164,5387,-24813,1127
melden,16,185,1216,-14688,4524,5029,-24343,1374
melden,16,186,5384,-14508,-2736,4182,-21238,1358
melden,16,187,7596,-15300,-8388,2991,-15579,859
melden,16,188,7472,-16832,-13760,1544,-7360,-217
melden,16,189,5948,-15072,-14896,169,796,-1618
melden,16,190,4092,-13024,-10816,-992,7457,-2647
melden,16,191,6232,-11480,-5620,-2371,12712,-3064
melden,16,192,7916,-12308,-1844,-3890,16716,-2981
melden,16,193,7044,-14280,460,-4949,19148,-2593
melden,16,194,5456,-15084,2744,-5432,19592,-2012
melden,16,195,2088,-15916,5860,-5344,18392,-1355
melden,16,196,-408,-14896,9320,-5084,15611,-694
melden,16,197,-1500,-15584,11516,-4159,11921,-9
melden,16,198,-1072,-15988,12556,-2800,7592,540
melden,16,199,1264,-15660,12068,-1010,2625,969
melden,16,200,8296,-12936,8092,293,-1295,1047
melden,16,201,9748,-12852,6828,838,-3838,856
melden,16,202,6092,-14572,7588,1164,-6174,475
melden,16,203,1964,-16740,8736,1656,-8700,125
melden,16,204,564,-17400,8300,2277,-11391,-77
melden,16,205,1540,-16728,6636,2733,-13403,-72
melden,16,206,5000,-15104,1264,2858,-13742,74
melden,16,207,9092,-15996,-4452,2164,-10838,128
melden,16,208,6216,-15508,-5832,1400,-6073,-203
melden,16,209,3432,-14508,-6656,556,-995,-690
melden,16,210,908,-13056,-5300,-234,3752,-1073
melden,16,211,2492,-12472,-2248,-1119,7717,-1208
melden,16,212,5116,-11992,1780,-2196,10810,-806
melden,16,213,5132,-12624,5292,-3009,12188,-117
melden,16,214,3692,-12564,7844,-3651,11771,593
melden,16,215,2512,-12904,8972,-4163,9964,1087
melden,16,216,1252,-14928,9784,-3872,7397,1339
melden,16,217,4328,-15208,7348,-3404,5536,1364
melden,16,218,5888,-17244,4388,-2725,4176,919
melden,16,219,6976,-17416,3972,-1724,2723,329
melden,16,220,5400,-18288,5480,-819,1137,-327
melden,16,221,232,-18460,8976,226,-1261,-913
melden,16,222,-1216,-17888,10188,1442,-4285,-1216
melden,16,223,124,-16480,9304,2412,-6763,-1308
melden,16,224,172,-16580,8072,2992,-8512,-1261
melden,16,225,1040,-16476,4772,3285,-9483,-1171
melden,16,226,2044,-17228,-1688,2967,-8648,-1095
melden,16,227,-2848,-17836,-6668,2813,-6445,-905
melden,16,228,-2824,-14992,-10700,2234,-3999,-1137
melden,16,229,8300,-10964,-8616,808,1012,-1542
melden,16,230,11984,-8260,-648,-1481,6754,-1223
melden,16,231,10764,-6728,6412,-3571,10307,-180
melden,16,232,4880,-7652,11188,-4647,10092,1072
melden,16,233,2208,-10032,12000,-4937,7674,2013
melden,16,234,3636,-10864,9636,-4846,5634,2737
melden,16,235,4952,-14144,5232,-4689,4381,2730
melden,16,236,7412,-17204,2704,-4278,4533,2314
melden,16,237,6956,-18760,1504,-3911,4895,1571
melden,16,238,2496,-22388,2848,-3335,4117,457
melden,16,239,720,-22772,3844,-1975,2832,-128
melden,16,240,328,-21708,5012,-581,644,-335
melden,16,241,1336,-19932,4320,709,-1540,-390
melden,16,242,3260,-17000,3544,1594,-3158,-368
melden,16,243,2880,-16076,2856,1939,-4169,-419
melden,16,244,2288,-16560,1872,2139,-4794,-504
melden,16,245,1612,-16716,856,2332,-5173,-575
melden,16,246,1444,-16132,492,2374,-5295,-664
melden,16,247,1820,-15448,316,2293,-5078,-737
melden,16,248,2072,-14632,664,2128,-4518,-742
melden,16,249,2476,-13932,972,1866,-3630,-739
melden,16,250,3040,-13452,1412,1526,-2494,-705
melden,16,251,3192,-13528,1804,1168,-1267,-698
melden,16,252,4068,-13812,1916,790,55,-697
melden,16,253,4268,-14164,2120,439,1366,-680
melden,16,254,3704,-14376,2900,162,2274,-645
melden,16,255,3620,-14604,2792,-20,2818,-553
melden,16,256,3504,-14936,2800,-152,3061,-419
melden,16,257,3304,-14820,3148,-211,2952,-249
melden,16,258,2792,-14500,3952,-283,2516,-91
melden,16,259,3060,-14220,4432,-347,1932,89
melden,16,260,3332,-13892,4340,-487,1441,258
melden,16,261,3480,-14136,4588,-674,1018,403
melden,16,262,3232,-14604,4528,-683,410,539
melden,16,263,3476,-15208,4344,-614,-197,609
melden,16,264,3868,-15364,4040,-561,-456,604
melden,16,265,3696,-15720,4152,-543,-479,473
melden,16,266,3128,-16524,3980,-442,-367,203
melden,16,267,3608,-16424,3784,-372,3,-111
melden,16,268,3092,-16300,4288,-295,350,-400
melden,16,269,2260,-16488,5052,-91,361,-594
melden,16,270,1780,-16480,5156,256,161,-732
melden,16,271,1764,-16056,5396,602,-201,-791
melden,16,272,1992,-15576,5272,889,-637,-773
melden,16,273,2192,-15004,4860,1088,-1069,-699
melden,16,274,3040,-14712,4312,1115,-1281,-599
melden,16,275,2904,-14456,3972,1036,-1305,-474
melden,16,276,2848,-14300,3900,869,-1264,-417
melden,16,277,2888,-14344,3604,636,-1097,-361
melden,16,278,3284,-14396,3504,403,-794,-297
melden,16,279,3376,-14408,3640,130,-398,-287
melden,16,280,3052,-15108,3568,-55,89,-417
melden,16,281,4600,-14696,4740,-230,980,-622
melden,16,282,4720,-14416,6472,-444,1924,-774
melden,16,283,4392,-14044,7932,-606,2393,-851
melden,16,284,4332,-13984,8828,-509,2230,-769
melden,16,285,3692,-13804,9852,-348,1586,-576
melden,16,286,2508,-14764,8272,-7,508,-491
melden,16,287,1608,-15724,5420,374,-559,-533
melden,16,288,1252,-16468,2788,859,-1546,-645
melden,16,289,1900,-16488,200,1270,-2278,-742
melden,16,290,2768,-15864,-1108,1446,-2560,-795
melden,16,291,3628,-14768,-616,1278,-2177,-826
melden,16,292,4780,-13548,-264,936,-1292,-805
melden,16,293,6968,-13828,1372,450,-278,-811
melden,16,294,6216,-13856,2148,-97,957,-688
melden,16,295,5240,-13716,4468,-513,1491,-566
melden,16,296,5376,-13800,4132,-820,1842,-305
melden,16,297,4976,-14432,4592,-973,2009,-87
melden,16,298,5024,-14324,5048,-1032,1957,116
melden,16,299,4516,-14568,5644,-1038,1764,248
melden,17,0,10800,-132,23092,-647,-3831,146
melden,17,1,16284,112,26268,-1523,-1982,1125
melden,17,2,18792,-108,29224,-3038,1096,2001
melden,17,3,16424,-2268,29572,-4722,3334,2432
melden,17,4,12072,-4104,29280,-6736,5524,2446
melden,17,5,6476,-6748,28508,-8719,6415,1994
melden,17,6,3588,-9900,27280,-10302,6024,1426
melden,17,7,2512,-13320,26512,-10807,4912,1059
melden,17,8,-40,-15160,24696,-10528,3935,1110
melden,17,9,960,-14296,21712,-10089,2700,1737
melden,17,10,2876,-14400,19340,-9711,1800,2518
melden,17,11,4164,-14648,17368,-9631,1552,2989
melden,17,12,4116,-15068,16100,-9769,1615,3038
melden,17,13,4300,-15212,14604,-10101,1759,2820
melden,17,14,3832,-16108,12964,-10185,1670,2680
melden,17,15,4152,-17420,10844,-9936,1367,2684
melden,17,16,5160,-18148,8292,-9529,1061,2854
melden,17,17,5932,-19060,6180,-8925,928,2998
melden,17,18,7400,-19628,4152,-8327,1233,3003
melden,17,19,6496,-19972,2840,-7639,1512,2850
melden,17,20,5648,-20236,1412,-6951,1903,2548
melden,17,21,5632,-20644,708,-6448,2598,2195
melden,17,22,5368,-21224,1236,-5883,3101,1836
melden,17,23,3720,-20732,1556,-5444,3651,1398
melden,17,24,2240,-21108,996,-4995,4050,752
melden,17,25,2160,-20604,860,-4626,4664,107
melden,17,26,3524,-19448,772,-4331,5516,-383
melden,17,27,3572,-19516,1908,-3879,6084,-787
melden,17,28,3740,-19364,3368,-3087,6116,-914
melden,17,29,4680,-17500,3996,-1831,5427,-811
melden,17,30,4628,-15060,2928,-910,5297,-866
melden,17,31,2856,-12664,2596,-380,5631,-1142
melden,17,32,1172,-12184,3716,-12,6187,-1757
melden,17,33,352,-9384,3384,138,7025,-2449
melden,17,34,-184,-8680,880,-21,8228,-3335
melden,17,35,-2008,-11112,-1916,-206,9535,-4577
melden,17,36,-1636,-11232,-3728,-6,10963,-5589
melden,17,37,-880,-9428,-5236,499,12122,-6109
melden,17,38,-1976,-7876,-5700,1309,12160,-6536
melden,17,39,-2936,-7220,-4532,2459,11015,-6740
melden,17,40,-3300,-6748,-2744,4193,8857,-6661
melden,17,41,-3488,-1384,336,6162,5987,-6326
melden,17,42,-4256,6492,3420,7661,2780,-5824
melden,17,43,-4324,10904,5672,8059,-542,-5408
melden,17,44,-3588,9592,5892,7821,-3885,-5017
melden,17,45,-2396,5876,4332,7452,-6982,-4482
melden,17,46,-416,1884,572,7019,-9839,-3806
melden,17,47,16,-3268,-4636,6674,-12075,-3358
melden,17,48,2148,-7700,-9284,6147,-12468,-2854
melden,17,49,3460,-8636,-11120,5203,-10806,-2288
melden,17,50,3724,-9316,-10592,4062,-7828,-1867
melden,17,51,5984,-8152,-9552,2636,-3695,-1471
melden,17,52,10376,-9136,-6788,608,1661,-1182
melden,17,53,12440,-11424,-4016,-1359,6407,-912
melden,17,54,11908,-13004,-444,-2997,9673,-704
melden,17,55,9680,-13988,792,-4090,10613,-588
melden,17,56,6004,-14788,3428,-4624,9935,-317
melden,17,57,2856,-15216,5812,-4365,7560,168
melden,17,58,1964,-14912,6272,-3702,4492,706
melden,17,59,2044,-14604,5404,-2950,1698,1186
melden,17,60,3320,-14792,4004,-2320,-312,1404
melden,17,61,4836,-15376,2832,-1791,-1356,1387
melden,17,62,5444,-15740,2012,-1411,-1694,1127
melden,17,63,5104,-16276,2296,-1047,-1745,801
melden,17,64,4572,-16524,2780,-560,-1990,579
melden,17,65,4480,-16152,3128,-136,-2265,537
melden,17,66,3992,-15640,2908,230,-2558,589
melden,17,67,3760,-15452,2940,563,-2877,671
melden,17,68,3724,-15132,2944,807,-3159,737
melden,17,69,3808,-15128,2280,925,-3131,770
melden,17,70,3944,-15204,2184,938,-2875,745
melden,17,71,3740,-15348,2052,958,-2569,708
melden,17,72,3752,-14940,2312,928,-2306,669
melden,17,73,3600,-14948,2732,839,-1971,658
melden,17,74,3848,-14460,2948,737,-1563,625
melden,17,75,3788,-14168,3140,509,-1029,562
melden,17,76,3796,-14108,3044,320,-488,426
melden,17,77,3744,-14584,2472,152,143,335
melden,17,78,4376,-15008,1652,27,1134,194
melden,17,79,4696,-14452,1332,-291,2804,45
melden,17,80,4692,-14072,1748,-701,4620,-131
melden,17,81,4884,-13776,1452,-1219,6695,-255
melden,17,82,3860,-13376,2036,-1748,8565,-379
melden,17,83,2208,-13636,3304,-2152,9658,-450
melden,17,84,800,-14172,4496,-2296,9856,-429
melden,17,85,592,-14796,5392,-2396,9376,-396
melden,17,86,-56,-15488,6576,-2196,8092,-294
melden,17,87,-268,-15940,7432,-1834,6108,-265
melden,17,88,-136,-16288,7632,-1247,3603,-90
melden,17,89,-164,-16136,7764,-540,912,129
melden,17,90,-324,-16360,8180,143,-1751,260
melden,17,91,164,-16044,7984,764,-4156,287
melden,17,92,288,-15816,8168,1183,-5961,219
melden,17,93,-44,-15896,7992,1553,-7419,153
melden,17,94,296,-15844,7148,1880,-8484,72
melden,17,95,1620,-15504,6268,1990,-8683,190
melden,17,96,3080,-15136,3640,1969,-8089,162
melden,17,97,3732,-14980,1800,1583,-6359,97
melden,17,98,4648,-15024,156,1024,-3820,-35
melden,17,99,4688,-14016,-548,342,-607,-158
melden,17,100,5108,-14100,-492,-647,2977,-340
melden,17,101,4992,-14148,184,-1486,6298,-491
melden,17,102,3680,-13912,1988,-2146,8449,-593
melden,17,103,3464,-13896,3228,-2724,9542,-636
melden,17,104,228,-13752,5448,-3076,9263,-653
melden,17,105,-2176,-15668,7640,-2846,7308,-696
melden,17,106,-3300,-16176,8600,-1908,4629,-434
melden,17,107,-1568,-15448,8628,-975,1780,-112
melden,17,108,1564,-14756,6500,-168,-476,164
melden,17,109,5064,-13860,4432,334,-1843,328
melden,17,110,3896,-14804,3996,960,-3259,261
melden,17,111,3740,-15228,4004,1605,-4622,199
melden,17,112,2664,-15780,5032,2467,-6250,239
melden,17,113,1220,-15392,6200,3381,-8213,345
melden,17,114,620,-14952,6788,4136,-10243,434
melden,17,115,972,-15008,6512,4724,-11891,519
melden,17,116,3068,-13536,4804,4906,-12717,584
melden,17,117,7804,-14252,776,4272,-11685,604
melden,17,118,8764,-14032,-976,3303,-8797,462
melden,17,119,8092,-14328,-2744,1890,-4670,114
melden,17,120,6160,-15124,-4060,565,46,-395
melden,17,121,4576,-15332,-4328,-625,4721,-980
melden,17,122,4784,-14944,-2852,-1885,8962,-1528
melden,17,123,4592,-14684,740,-3106,12301,-1754
melden,17,124,2204,-15016,6528,-4051,13393,-1764
melden,17,125,-244,-15712,11108,-4515,12156,-1468
melden,17,126,-964,-15888,13208,-4089,9180,-1012
melden,17,127,1728,-14144,12380,-3032,5307,-151
melden,17,128,6436,-12704,8136,-1741,1857,680
melden,17,129,8448,-11804,3960,-563,-891,1022
melden,17,130,6984,-13516,3124,365,-3066,895
melden,17,131,3860,-14352,4752,1437,-5538,639
melden,17,132,4820,-14280,6324,2237,-7813,554
melden,17,133,5260,-14944,7496,2954,-9529,728
melden,17,134,3752,-14456,8552,3441,-10924,971
melden,17,135,5580,-12788,6680,3379,-11588,1079
melden,17,136,8228,-13476,4412,2913,-10709,1146
melden,17,137,6576,-12936,3140,2164,-8440,1071
melden,17,138,3892,-12896,2868,1244,-5817,677
melden,17,139,3500,-13144,1220,357,-2423,188
melden,17,140,2288,-13840,484,-357,1075,-343
melden,17,141,3260,-14076,288,-970,4383,-809
melden,17,142,3892,-14084,1656,-1587,7318,-1075
melden,17,143,3340,-14736,3596,-1971,9033,-1159
melden,17,144,3084,-15364,5288,-2164,9434,-1125
melden,17,145,3368,-15304,6824,-2164,8662,-978
melden,17,146,5196,-14624,7252,-2009,7006,-652
melden,17,147,6764,-14468,6604,-1585,4958,-198
melden,17,148,7960,-14104,5020,-959,2723,142
melden,17,149,8204,-14232,4588,-305,439,347
melden,17,150,5908,-14604,5812,296,-2062,387
melden,17,151,4496,-15100,7496,884,-4562,316
melden,17,152,3392,-15292,8956,1370,-6694,217
melden,17,153,1684,-15708,9808,1734,-8462,161
melden,17,154,1844,-15132,8192,2069,-9513,124
melden,17,155,2816,-14364,5624,2190,-9145,218
melden,17,156,3040,-13676,2192,1994,-7450,317
melden,17,157,4388,-13008,-768,1475,-4201,260
melden,17,158,4064,-12960,-1388,714,-219,-8
melden,17,159,4712,-13116,-752,-59,3641,-389
melden,17,160,5884,-13016,-224,-911,7228,-621
melden,17,161,5200,-13356,1040,-1665,9759,-877
melden,17,162,4152,-13384,3260,-2408,10997,-1195
melden,17,163,4696,-14456,4872,-2873,11232,-1460
melden,17,164,3356,-14260,7168,-2849,10386,-1365
melden,17,165,1788,-13980,9604,-2341,7939,-1004
melden,17,166,2400,-13728,10432,-1246,4373,-363
melden,17,167,3776,-12680,10256,-369,914,178
melden,17,168,4344,-13200,9840,509,-2596,537
melden,17,169,3848,-13600,10244,1277,-5497,662
melden,17,170,2308,-14436,10872,1916,-8010,626
melden,17,171,1420,-14928,11040,2594,-10169,541
melden,17,172,1668,-15136,10460,3283,-11630,515
melden,17,173,2076,-14860,8980,3677,-12415,497
melden,17,174,2372,-14440,6920,3893,-12837,430
melden,17,175,4632,-14432,3868,3623,-12192,380
melden,17,176,6964,-14132,-1224,3132,-9973,220
melden,17,177,7860,-13560,-2872,2334,-6052,67
melden,17,178,7188,-13024,-3992,1342,-1534,-381
melden,17,179,6712,-13060,-2960,313,2952,-812
melden,17,180,7164,-13076,-2680,-674,6931,-1183
melden,17,181,7668,-12776,-672,-1734,10394,-1372
melden,17,182,6380,-12812,1888,-2616,12643,-1400
melden,17,183,4480,-12960,4952,-3224,13294,-1357
melden,17,184,4024,-13236,8100,-3445,12515,-1195
melden,17,185,4768,-12848,9220,-3478,11274,-788
melden,17,186,3676,-12032,10480,-3479,9539,-396
melden,17,187,2896,-12896,11636,-2893,6698,19
melden,17,188,5032,-12588,9680,-2182,4151,396
melden,17,189,5804,-12068,8644,-1682,2039,570
melden,17,190,5444,-13296,8280,-1065,-362,655
melden,17,191,5676,-13592,8240,-353,-2485,740
melden,17,192,4048,-13976,9068,162,-4524,703
melden,17,193,864,-14900,10776,735,-6756,637
melden,17,194,-64,-15176,11212,1439,-8901,635
melden,17,195,536,-15380,9968,2082,-10461,679
melden,17,196,2188,-15084,7604,2477,-10919,736
melden,17,197,4408,-14628,4224,2511,-9910,749
melden,17,198,6156,-13672,1396,1975,-7166,663
melden,17,199,6852,-14000,-1788,1073,-2871,313
melden,17,200,5872,-13984,-2004,190,1869,-125
melden,17,201,4620,-14036,-1504,-547,6252,-622
melden,17,202,5268,-13112,48,-1369,10080,-977
melden,17,203,5080,-12556,2568,-2290,12942,-1183
melden,17,204,1736,-12048,6144,-3218,13921,-1288
melden,17,205,-228,-14180,10200,-3540,12670,-1304
melden,17,206,-1052,-15272,12448,-3242,10385,-979
melden,17,207,2688,-14352,11796,-2808,8013,-540
melden,17,208,4292,-12760,10316,-2553,6006,-243
melden,17,209,2824,-13104,10128,-2077,3206,-31
melden,17,210,1540,-14352,9516,-1182,-53,229
melden,17,211,1824,-13972,9796,-210,-3426,488
melden,17,212,2004,-13676,10124,476,-6632,659
melden,17,213,1068,-14388,10732,1268,-9706,858
melden,17,214,1160,-14480,10960,1926,-12344,1096
melden,17,215,1160,-14284,10424,2462,-14321,1337
melden,17,216,1400,-14380,9176,2882,-15585,1553
melden,17,217,2004,-14488,7032,3132,-16124,1688
melden,17,218,3640,-13660,3256,3018,-15497,1812
melden,17,219,6940,-13336,-3480,2247,-12706,1806
melden,17,220,10284,-13312,-9072,687,-6862,1471
melden,17,221,7812,-14636,-10820,-674,334,771
melden,17,222,4216,-14456,-9988,-1603,6636,-131
melden,17,223,6236,-13632,-8428,-2727,12748,-858
melden,17,224,6460,-12148,-4124,-4060,17864,-1096
melden,17,225,3664,-11904,768,-5320,20695,-1036
melden,17,226,-404,-13064,7120,-6082,20559,-805
melden,17,227,-3448,-15032,11960,-6061,17686,-377
melden,17,228,-4168,-15856,14572,-5547,13379,233
melden,17,229,-4656,-16180,14176,-4807,8675,732
melden,17,230,-1164,-16088,11324,-3971,4615,1194
melden,17,231,4292,-15460,6044,-2930,1871,1724
melden,17,232,8048,-15352,428,-1837,789,1825
melden,17,233,9316,-13224,-2280,-1226,348,1476
melden,17,234,2024,-17748,244,-946,-982,689
melden,17,235,-5816,-20992,5628,189,-3425,182
melden,17,236,-5456,-19424,6828,1643,-6756,-10
melden,17,237,-2148,-17008,7516,2811,-9709,214
melden,17,238,-144,-15588,7752,3854,-12079,701
melden,17,239,1224,-14424,8284,4276,-13481,1157
melden,17,240,1576,-14168,8792,4303,-14157,1393
melden,17,241,820,-14380,8944,4204,-14484,1489
melden,17,242,488,-15416,8352,4067,-14656,1381
melden,17,243,1452,-16324,6116,4007,-14181,1240
melden,17,244,4752,-15720,1980,3633,-12382,1082
melden,17,245,9892,-14540,-2556,2135,-7613,663
melden,17,246,8792,-15008,-4060,616,-1075,-16
melden,17,247,2180,-14700,-2840,-411,4420,-709
melden,17,248,-588,-14564,-1396,-917,7921,-1313
melden,17,249,-184,-13636,740,-1408,10632,-1508
melden,17,250,20,-13704,4072,-1845,12158,-1207
melden,17,251,308,-13880,6692,-2108,12317,-754
melden,17,252,36,-13976,8512,-2342,11668,-436
melden,17,253,4196,-13496,6884,-2783,11258,-337
melden,17,254,5400,-13428,4840,-3187,11426,-408
melden,17,255,3608,-14732,4404,-3343,10729,-735
melden,17,256,-76,-16080,5120,-2889,8527,-1002
melden,17,257,-2756,-17056,5744,-1926,5424,-994
melden,17,258,-2220,-15924,6616,-537,1327,-440
melden,17,259,-3048,-15180,7568,717,-3074,155
melden,17,260,-1860,-14552,7816,1572,-6718,428
melden,17,261,-2364,-14948,8408,2251,-9599,618
melden,17,262,-1696,-15372,7076,2895,-11576,730
melden,17,263,1600,-15456,6188,2896,-11965,743
melden,17,264,7104,-14036,-68,1576,-8127,127
melden,17,265,10388,-13000,-3616,-234,-1283,-492
melden,17,266,4420,-13172,-2760,-1757,5072,-959
melden,17,267,1812,-13920,-3176,-2398,9738,-1392
melden,17,268,2112,-13572,-2892,-2744,13377,-1214
melden,17,269,1596,-12604,-20,-3189,15342,-805
melden,17,270,128,-13260,3116,-3740,15740,-263
melden,17,271,-3408,-14652,6808,-4057,14804,236
melden,17,272,-6128,-16064,8976,-4223,12611,698
melden,17,273,-6764,-16588,10136,-4046,9353,906
melden,17,274,-3496,-16744,8840,-3922,6222,1104
melden,17,275,1368,-16944,4200,-3368,3936,1431
melden,17,276,6468,-14336,-2408,-2498,2996,1664
melden,17,277,3912,-14760,-4408,-1975,2081,1397
melden,17,278,-3576,-18388,-1428,-1430,473,685
melden,17,279,-8872,-20852,2896,-282,-2354,96
melden,17,280,-8016,-19348,4792,1085,-5606,-146
melden,17,281,-6628,-17436,5716,2262,-8538,32
melden,17,282,-5772,-16124,6432,3211,-11051,335
melden,17,283,-4464,-15440,6400,3827,-12978,689
melden,17,284,-2588,-14892,6340,4094,-14020,1025
melden,17,285,-1204,-14668,6312,4058,-14220,1179
melden,17,286,-2072,-15140,6620,3893,-13933,1116
melden,17,287,-2572,-16068,5804,3728,-13442,912
melden,17,288,-548,-15628,3768,3471,-12006,657
melden,17,289,2236,-15012,1252,2519,-8953,208
melden,17,290,3160,-14968,-844,1379,-4823,-386
melden,17,291,2456,-15220,-1136,338,-418,-918
melden,17,292,-228,-15548,-188,-323,3278,-1262
melden,17,293,-1540,-15228,1092,-627,5862,-1462
melden,17,294,-908,-14388,2608,-944,7878,-1281
melden,17,295,-1324,-13872,5280,-1320,9027,-949
melden,17,296,-2504,-14308,7740,-1627,9030,-670
melden,17,297,-1080,-14144,8628,-1964,8470,-534
melden,17,298,2400,-13384,6256,-2326,8393,-518
melden,17,299,3660,-13540,3704,-2785,8787,-736
melden,18,0,15240,-6204,25148,-3286,-114,1292
melden,18,1,15048,-6172,24468,-4131,955,1543
melden,18,2,15008,-7196,22860,-5084,2150,1414
melden,18,3,13348,-8536,21912,-5976,3034,1158
melden,18,4,11028,-9920,22940,-6666,3278,1040
melden,18,5,8960,-10796,23644,-6994,2516,1135
melden,18,6,8328,-11304,23164,-7090,1222,1461
melden,18,7,9740,-11512,20812,-7137,99,1981
melden,18,8,11080,-12516,17712,-7470,-683,2341
melden,18,9,11828,-13376,15468,-7714,-1873,2393
melden,18,10,12748,-15272,12200,-7658,-2704,2617
melden,18,11,12516,-16696,10652,-7283,-3693,2991
melden,18,12,13484,-16320,10520,-6381,-5347,3552
melden,18,13,14984,-15260,9364,-5600,-6594,4242
melden,18,14,16876,-15184,6596,-5037,-7149,4838
melden,18,15,19668,-14932,2272,-4716,-6602,5232
melden,18,16,21760,-14664,-1332,-5120,-4013,5076
melden,18,17,19600,-16592,-1360,-5450,-533,4931
melden,18,18,13232,-16608,-176,-5442,1808,4534
melden,18,19,8380,-14156,132,-5177,3145,3874
melden,18,20,6396,-11416,-220,-5028,4696,3266
melden,18,21,6432,-10608,-1360,-5138,6714,2437
melden,18,22,6832,-12176,-304,-5488,9577,1499
melden,18,23,6292,-12712,1588,-5567,11888,717
melden,18,24,5008,-12708,5044,-5673,13457,59
melden,18,25,4760,-11704,2540,-5347,15310,-133
melden,18,26,4204,-12444,3492,-5327,16686,-404
melden,18,27,2868,-12560,3352,-5317,18012,-724
melden,18,28,1092,-13764,3176,-5182,19001,-1218
melden,18,29,-2136,-16096,3732,-4884,19331,-1848
melden,18,30,-4628,-18124,2832,-4397,18913,-2594
melden,18,31,-4616,-20128,2156,-3608,18072,-3361
melden,18,32,-2136,-20540,1364,-2615,17760,-3964
melden,18,33,2188,-18492,-604,-1161,17360,-4190
melden,18,34,216,-13228,-1160,1002,14630,-4039
melden,18,35,-5980,-8576,-344,3511,9173,-3519
melden,18,36,-8732,-7200,3444,6562,3134,-2572
melden,18,37,-8756,-3144,6772,8808,-2291,-2026
melden,18,38,-9888,-324,9688,10345,-6338,-2343
melden,18,39,-9936,5636,10232,10396,-9745,-3167
melden,18,40,-7616,7732,9624,9848,-13358,-3806
melden,18,41,-3756,7292,6720,9168,-17037,-3728
melden,18,42,100,3404,3700,8589,-20879,-2811
melden,18,43,872,-4372,1076,8592,-24357,-1547
melden,18,44,-2568,-10312,516,9243,-28465,8
melden,18,45,6824,-9076,-10740,8811,-29800,1507
melden,18,46,18780,-12000,-16252,5919,-20501,1789
melden,18,47,4392,-8464,-17432,2765,-7783,1229
melden,18,48,-7616,-2356,-17980,63,2022,-1312
melden,18,49,1032,-5756,-15204,-2953,11705,-3353
melden,18,50,11252,-9588,-6152,-5350,21155,-3685
melden,18,51,8920,-11848,976,-7177,25676,-3095
melden,18,52,1020,-13160,8160,-7809,25157,-2049
melden,18,53,-3396,-13832,13260,-7288,21087,-1189
melden,18,54,-280,-14460,13820,-6398,16726,-699
melden,18,55,5176,-15000,10688,-5736,14341,-427
melden,18,56,6676,-15588,7356,-5046,12475,-661
melden,18,57,4564,-17704,5816,-3408,8947,-866
melden,18,58,5964,-16424,4784,-1544,4518,-499
melden,18,59,2508,-14184,8128,174,-995,-384
melden,18,60,1052,-11712,12156,1436,-7141,-74
melden,18,61,1268,-11668,15084,3016,-13702,325
melden,18,62,312,-12600,17264,4557,-20172,1069
melden,18,63,-96,-13852,17372,5806,-25841,1750
melden,18,64,1600,-14416,16036,6567,-29601,2362
melden,18,65,-952,-14764,14336,6869,-31383,2973
melden,18,66,1080,-11956,3124,6493,-30762,4043
melden,18,67,11108,-14860,-12588,4866,-24483,3813
melden,18,68,7412,-22464,-24304,3796,-13642,2412
melden,18,69,6384,-16840,-30324,2557,-2095,-197
melden,18,70,9880,-9080,-25500,116,10407,-2676
melden,18,71,10464,-4228,-13212,-3171,20801,-4026
melden,18,72,11036,-7228,-4128,-5809,27228,-3886
melden,18,73,6012,-12276,1788,-7125,29201,-3133
melden,18,74,5508,-14248,3792,-7246,28070,-2289
melden,18,75,1452,-15468,7440,-7059,25658,-1149
melden,18,76,-3176,-14756,11760,-6775,21589,-179
melden,18,77,-4196,-13796,13936,-6375,17392,496
melden,18,78,-3796,-15124,12748,-6178,14319,649
melden,18,79,-3912,-17028,11532,-5534,11407,-97
melden,18,80,-760,-17668,8880,-4887,9065,-1047
melden,18,81,2492,-15632,5812,-4427,7285,-1542
melden,18,82,2400,-14712,4412,-3781,5351,-1633
melden,18,83,-484,-15292,5868,-2776,2200,-1313
melden,18,84,-3844,-15884,7564,-1120,-2449,-680
melden,18,85,-4944,-16116,9120,561,-7166,-176
melden,18,86,-5012,-16024,9092,1996,-11279,90
melden,18,87,-4184,-14940,8056,2979,-14642,298
melden,18,88,-1332,-14748,6500,3485,-16892,412
melden,18,89,1500,-15768,5420,3879,-17985,544
melden,18,90,4048,-16548,3744,4038,-17884,530
melden,18,91,8220,-15344,-660,3303,-15072,505
melden,18,92,7584,-16116,-5380,2027,-9763,39
melden,18,93,6812,-15788,-8940,842,-2917,-757
melden,18,94,3552,-15920,-8420,-245,3991,-1479
melden,18,95,4536,-14140,-7040,-1102,9970,-2076
melden,18,96,6812,-12896,-2148,-2106,15281,-1957
melden,18,97,3344,-11872,4072,-2996,18243,-1576
melden,18,98,-676,-13352,10152,-3614,18428,-1197
melden,18,99,-684,-14948,12828,-3664,16924,-1073
melden,18,100,3984,-14212,10324,-3754,15579,-1346
melden,18,101,6116,-13620,8992,-3792,13219,-1807
melden,18,102,3212,-14404,7420,-2619,8871,-1648
melden,18,103,-1704,-14940,8888,-690,3002,-878
melden,18,104,-4752,-16336,11404,1461,-4367,-252
melden,18,105,-4164,-16692,12128,3469,-11076,1
melden,18,106,-1600,-14848,10744,4818,-16105,126
melden,18,107,1804,-13720,9732,5624,-19682,418
melden,18,108,4972,-14476,9144,6112,-21892,823
melden,18,109,5672,-13260,9676,6280,-22735,1284
melden,18,110,4728,-13380,8748,6215,-22903,1531
melden,18,111,4916,-11748,5292,6006,-22446,1788
melden,18,112,8656,-11732,-1896,4715,-20098,1860
melden,18,113,12444,-15064,-11988,3197,-14159,1331
melden,18,114,11112,-16268,-16700,1719,-5295,301
melden,18,115,6456,-13856,-15100,528,3002,-1156
melden,18,116,6832,-11028,-10540,-785,9938,-2314
melden,18,117,9320,-9332,-3920,-2449,15803,-2717
melden,18,118,8080,-11408,1728,-3875,19198,-2463
melden,18,119,7060,-13052,5180,-4642,19891,-1941
melden,18,120,5296,-13320,8296,-4907,18601,-1323
melden,18,121,3200,-13032,11388,-4529,15412,-672
melden,18,122,2540,-13280,13588,-3868,11226,253
melden,18,123,988,-13384,15312,-2366,5494,1325
melden,18,124,4244,-12700,13132,-1009,62,2083
melden,18,125,6888,-11376,10168,-171,-3941,2460
melden,18,126,6964,-12668,7988,510,-7334,2368
melden,18,127,5768,-14840,6416,1115,-9935,1992
melden,18,128,2540,-16764,7892,1890,-12488,1490
melden,18,129,2604,-16900,8520,2672,-14977,1066
melden,18,130,4672,-16584,8120,3175,-16456,851
melden,18,131,7300,-14664,5320,3239,-16105,765
melden,18,132,10628,-12732,1120,2817,-13787,734
melden,18,133,10636,-13584,-1912,1874,-9148,481
melden,18,134,6816,-13992,-3708,1349,-4666,-54
melden,18,135,6420,-12656,-5572,575,574,-741
melden,18,136,6532,-11220,-5000,-505,6276,-1540
melden,18,137,7760,-10880,-3220,-1638,11755,-1955
melden,18,138,7436,-10876,-208,-2728,16195,-1936
melden,18,139,7152,-11052,2764,-3798,19112,-1551
melden,18,140,4196,-11992,5736,-4851,20271,-1002
melden,18,141,1868,-12996,8504,-5505,19607,-643
melden,18,142,-180,-13824,11148,-5932,17705,-483
melden,18,143,-1368,-15180,12540,-5882,14878,-400
melden,18,144,-1132,-16884,13076,-5165,11473,-313
melden,18,145,408,-17788,11716,-3809,7661,103
melden,18,146,5848,-16744,6744,-1842,4061,515
melden,18,147,7196,-14332,5228,-318,491,821
melden,18,148,3556,-14288,5116,740,-3327,643
melden,18,149,612,-14524,8660,1865,-7704,519
melden,18,150,-1852,-14800,11796,2997,-12106,616
melden,18,151,-48,-15272,12976,4060,-15965,981
melden,18,152,1960,-15252,13156,4573,-18060,1459
melden,18,153,2200,-14712,10084,4389,-18838,1487
melden,18,154,4340,-14680,6216,3867,-17833,1340
melden,18,155,3472,-15284,244,3168,-14668,1235
melden,18,156,5704,-13656,-5656,2161,-9249,606
melden,18,157,7164,-12176,-9048,564,-1371,-155
melden,18,158,6936,-11200,-6272,-1169,6237,-858
melden,18,159,6652,-10820,-840,-2614,11862,-1003
melden,18,160,5216,-11640,4580,-3502,14487,-639
melden,18,161,1316,-13476,8700,-3843,14184,-176
melden,18,162,16,-14668,10824,-3739,11857,56
melden,18,163,4868,-14684,8344,-3734,10100,223
melden,18,164,6952,-14680,5536,-3522,8972,94
melden,18,165,5200,-15768,5368,-3076,7018,-237
melden,18,166,952,-17572,6980,-1930,3791,-537
melden,18,167,-1728,-17108,9232,-417,-282,-377
melden,18,168,-384,-15412,10080,993,-4563,4
melden,18,169,1748,-14320,9468,2097,-8381,403
melden,18,170,1864,-14392,8416,2827,-10909,647
melden,18,171,1040,-14768,8112,3159,-12634,655
melden,18,172,1288,-14996,7224,3314,-13519,583
melden,18,173,1872,-14776,5824,3348,-13680,460
melden,18,174,3692,-13876,3156,3157,-12783,442
melden,18,175,7476,-13056,-1400,2246,-9977,328
melden,18,176,7384,-13752,-4048,1025,-5089,-6
melden,18,177,5796,-13488,-4492,-216,281,-433
melden,18,178,4356,-13956,-3312,-1177,5252,-952
melden,18,179,4732,-13652,-236,-1867,8981,-1163
melden,18,180,5648,-13452,2328,-2462,11361,-954
melden,18,181,4868,-13424,4980,-2878,12037,-554
melden,18,182,2756,-13688,7768,-3094,10992,-188
melden,18,183,3364,-13604,8624,-3124,9311,69
melden,18,184,5876,-13052,7248,-3134,8067,253
melden,18,185,5484,-13840,6000,-3135,7081,156
melden,18,186,4528,-14812,5420,-2934,6022,-107
melden,18,187,2940,-16016,5600,-2288,4328,-235
melden,18,188,2524,-16260,5804,-1324,2203,-205
melden,18,189,3024,-15608,5596,-386,69,-77
melden,18,190,2912,-15036,5796,238,-1930,1
melden,18,191,2060,-15384,6428,813,-3766,87
melden,18,192,2224,-15148,6036,1276,-5188,141
melden,18,193,2728,-14868,5508,1558,-6052,179
melden,18,194,3248,-14684,5036,1685,-6389,177
melden,18,195,3420,-14652,4264,1637,-6238,145
melden,18,196,3588,-14664,4016,1529,-5611,86
melden,18,197,3508,-14240,3812,1340,-4819,-17
melden,18,198,3652,-14240,2848,1038,-3812,-126
melden,18,199,4396,-14084,1932,598,-2290,-225
melden,18,200,4552,-14004,1216,28,-294,-316
melden,18,201,3364,-14404,2124,-423,1531,-393
melden,18,202,2628,-14512,2916,-715,2904,-445
melden,18,203,2028,-14488,4260,-989,3767,-357
melden,18,204,880,-14940,5892,-929,3533,-210
melden,18,205,1332,-14596,6956,-918,2765,23
melden,18,206,-396,-15216,9212,-227,296,241
melden,18,207,2312,-14136,8844,510,-2514,464
melden,18,208,5912,-12684,7040,930,-4610,748
melden,18,209,4716,-13364,7468,1462,-6516,966
melden,18,210,4528,-14392,6964,1901,-8627,919
melden,18,211,5916,-14896,5740,2154,-9820,703
melden,18,212,8448,-15084,2908,2031,-9460,322
melden,18,213,11456,-14696,532,1494,-7420,-196
melden,18,214,11368,-14160,-1636,553,-3922,-605
melden,18,215,7676,-13900,-1748,-400,124,-1055
melden,18,216,4348,-13664,-760,-1179,3540,-1366
melden,18,217,1872,-13896,436,-1533,6255,-1512
melden,18,218,2700,-13468,1700,-1759,8389,-1481
melden,18,219,5312,-12888,3028,-2230,10542,-1218
melden,18,220,5092,-13092,5500,-2693,11499,-873
melden,18,221,4320,-13732,7228,-2976,10993,-624
melden,18,222,3692,-13964,8440,-3078,9845,-421
melden,18,223,3732,-14864,8844,-2950,8152,-201
melden,18,224,6180,-14408,7780,-2490,6060,77
melden,18,225,7164,-14248,5788,-1759,3961,370
melden,18,226,7488,-14320,4188,-1070,2151,443
melden,18,227,5536,-14620,4332,-417,223,312
melden,18,228,2868,-15752,5996,390,-2385,134
melden,18,229,2224,-15712,7300,1185,-5158,46
melden,18,230,3128,-15120,7708,1885,-7908,91
melden,18,231,2872,-15112,8280,2302,-9847,128
melden,18,232,2932,-14756,7412,2507,-11036,152
melden,18,233,3504,-14360,5832,2596,-11423,29
melden,18,234,4576,-13876,2748,2316,-10302,44
melden,18,235,6116,-13984,-724,1733,-7470,-110
melden,18,236,7420,-14080,-2672,950,-3214,-366
melden,18,237,6312,-13944,-2728,224,1126,-642
melden,18,238,5592,-13564,-720,-380,4694,-806
melden,18,239,6316,-12924,1100,-939,7294,-719
melden,18,240,6424,-12892,3168,-1475,8878,-459
melden,18,241,6124,-13276,4424,-1834,9313,-268
melden,18,242,5988,-13280,4936,-2048,8873,-169
melden,18,243,5008,-13864,5592,-2193,7949,-198
melden,18,244,3240,-14184,6456,-2325,6596,-375
melden,18,245,1956,-15720,7672,-1883,4605,-396
melden,18,246,1704,-15744,8068,-1078,2266,-212
melden,18,247,2396,-15292,7992,-281,-185,-25
melden,18,248,2960,-14824,7452,314,-2172,77
melden,18,249,3028,-14748,7316,743,-3696,131
melden,18,250,3108,-14832,6164,1089,-4772,96
melden,18,251,4064,-14824,4564,1202,-5063,11
melden,18,252,5564,-14432,2528,926,-3956,-205
melden,18,253,5920,-14636,492,251,-1231,-426
melden,18,254,4408,-14652,1068,-247,1666,-679
melden,18,255,3336,-14388,2200,-522,3915,-899
melden,18,256,4496,-13136,2900,-883,5775,-888
melden,18,257,5272,-12456,4832,-1486,6774,-844
melden,18,258,3884,-13440,6604,-1625,7078,-417
melden,18,259,1904,-13600,7900,-1658,6295,-144
melden,18,260,1244,-14432,7964,-1514,4939,32
melden,18,261,3864,-14524,6536,-1158,3537,267
melden,18,262,4584,-14160,5448,-979,2587,281
melden,18,263,3308,-14540,5544,-902,1581,138
melden,18,264,2348,-14728,6276,-665,306,75
melden,18,265,1604,-15124,6900,-331,-1098,81
melden,18,266,1308,-15252,7316,9,-2391,84
melden,18,267,1852,-15136,6488,255,-3277,76
melden,18,268,2712,-14732,5872,328,-3437,48
melden,18,269,3452,-14656,4604,185,-2853,-19
melden,18,270,4032,-14736,3852,-50,-1663,-118
melden,18,271,3912,-14536,3532,-220,-465,-207
melden,18,272,4400,-14400,3428,-417,756,-229
melden,18,273,4440,-14068,3876,-583,1769,-198
melden,18,274,3828,-14280,4368,-687,2405,-132
melden,18,275,3292,-14556,5020,-728,2595,-83
melden,18,276,3168,-14488,5228,-780,2509,-92
melden,18,277,3288,-14420,5348,-799,2319,-79
melden,18,278,3256,-14440,5304,-767,1987,-95
melden,18,279,3012,-14608,5212,-690,1518,-111
melden,18,280,2656,-14848,5260,-585,874,-126
melden,18,281,2232,-15156,5196,-365,51,-93
melden,18,282,2236,-15092,5240,-84,-803,-48
melden,18,283,2580,-14764,5092,131,-1615,7
melden,18,284,2936,-14708,4936,276,-2175,49
melden,18,285,3172,-14684,4936,376,-2545,90
melden,18,286,3348,-14444,4604,407,-2677,134
melden,18,287,3572,-14568,4292,363,-2528,137
melden,18,288,3592,-14424,4100,220,-2052,97
melden,18,289,3416,-14636,3784,91,-1532,25
melden,18,290,3488,-14964,3904,-9,-1011,-15
melden,18,291,3724,-14652,3640,-93,-492,-38
melden,18,292,3932,-14404,4004,-192,-57,-36
melden,18,293,3868,-14572,4336,-265,266,-6
melden,18,294,3632,-14568,4224,-323,460,2
melden,18,295,3632,-14744,4340,-360,525,-11
melden,18,296,3644,-14652,4316,-349,434,-13
melden,18,297,3320,-14704,4680,-333,235,-18
melden,18,298,3096,-14824,4924,-269,-85,11
melden,18,299,3004,-14780,4856,-183,-442,34
melden,19,0,0,-5600,18156,-768,-23,-40
melden,19,1,1520,-6460,19036,-966,-253,-15
melden,19,2,2388,-5988,20252,-1378,-3,84
melden,19,3,1448,-6320,21624,-2005,252,113
melden,19,4,684,-6904,21800,-2747,651,8
melden,19,5,612,-8132,21376,-3534,1260,-156
melden,19,6,2392,-8868,22188,-4066,1738,-115
melden,19,7,2756,-9096,22780,-4486,1873,12
melden,19,8,1672,-9604,22812,-5015,2072,-3
melden,19,9,1004,-10524,22720,-5600,1974,44
melden,19,10,1008,-11476,22612,-6162,1737,61
melden,19,11,692,-12136,22380,-6771,1477,-123
melden,19,12,320,-13224,22392,-7171,1401,-40
melden,19,13,-872,-14840,21824,-7030,1370,184
melden,19,14,1264,-14120,20344,-6875,1304,512
melden,19,15,3880,-13984,18412,-6891,1410,862
melden,19,16,5036,-12692,16476,-7103,1742,900
melden,19,17,4908,-13084,14960,-7247,2032,895
melden,19,18,4920,-13000,14004,-7372,2108,808
melden,19,19,5212,-13884,12408,-7389,2282,779
melden,19,20,5152,-14272,11784,-7248,2457,812
melden,19,21,4228,-14680,11752,-6928,2398,857
melden,19,22,4264,-15372,9856,-6491,2376,861
melden,19,23,3224,-15452,9112,-5929,2132,773
melden,19,24,3364,-15308,9140,-5426,1927,703
melden,19,25,4496,-14912,8220,-4973,1941,709
melden,19,26,4372,-15000,8088,-4572,1998,652
melden,19,27,4628,-14524,7700,-4339,2324,528
melden,19,28,4512,-14572,6996,-4310,3093,328
melden,19,29,3820,-14956,6928,-4365,3999,32
melden,19,30,2604,-15624,6520,-4327,4756,-342
melden,19,31,1416,-15968,6336,-4198,5313,-683
melden,19,32,340,-16880,6112,-4052,5831,-1044
melden,19,33,-416,-17568,5640,-3781,6316,-1446
melden,19,34,-1280,-17180,5792,-3628,6886,-1901
melden,19,35,-2256,-16688,5512,-3587,7468,-2446
melden,19,36,-2856,-16380,5568,-3485,8112,-3086
melden,19,37,-3084,-14976,5892,-3149,8448,-3657
melden,19,38,-3024,-13904,4940,-2704,8381,-4145
melden,19,39,-2892,-13012,6400,-2139,7911,-4589
melden,19,40,-3300,-11428,6992,-1358,7064,-4945
melden,19,41,-3436,-7508,6616,-423,5671,-5102
melden,19,42,-2900,-4612,6620,281,3957,-5115
melden,19,43,-1428,-4556,5900,1372,1955,-4910
melden,19,44,-856,-4544,4548,2529,-493,-4382
melden,19,45,120,-3368,3256,3648,-3635,-3720
melden,19,46,400,-4276,2596,4584,-7074,-3089
melden,19,47,684,-6236,2756,6148,-10735,-2296
melden,19,48,-148,-6592,1948,7426,-14337,-1634
melden,19,49,-1056,-8120,504,8193,-17171,-1405
melden,19,50,132,-6740,-84,8641,-19347,-1174
melden,19,51,-72,-6156,-2736,8161,-19775,-1310
melden,19,52,2680,-4968,-4656,6526,-17644,-1612
melden,19,53,4444,-4600,-7696,4567,-13979,-2106
melden,19,54,5508,-6504,-10988,2497,-8411,-2765
melden,19,55,4832,-7568,-12936,1097,-2775,-3432
melden,19,56,4980,-7304,-13080,-30,2528,-3858
melden,19,57,5548,-6772,-10380,-933,7081,-4006
melden,19,58,4900,-7432,-5364,-1766,10227,-3672
melden,19,59,5336,-7916,-968,-2385,11890,-3046
melden,19,60,4272,-9164,1828,-2802,12261,-2322
melden,19,61,3588,-10396,3160,-3108,11769,-1629
melden,19,62,3256,-11936,3604,-3185,10650,-1083
melden,19,63,2608,-12632,4716,-3166,9395,-610
melden,19,64,1124,-13756,5336,-2999,7995,-202
melden,19,65,-760,-14660,7568,-2495,5871,59
melden,19,66,-140,-14560,7892,-1901,3670,316
melden,19,67,956,-14240,7252,-1452,1809,511
melden,19,68,1744,-14300,6184,-1152,397,576
melden,19,69,1836,-14960,5088,-893,-559,518
melden,19,70,1524,-15116,4464,-636,-1139,428
melden,19,71,1648,-15320,4384,-344,-1490,232
melden,19,72,1564,-15044,4404,-52,-1687,96
melden,19,73,1656,-14816,4640,212,-1809,58
melden,19,74,1992,-14412,4368,368,-1780,92
melden,19,75,2124,-14496,4516,449,-1632,137
melden,19,76,2732,-14412,3952,495,-1334,153
melden,19,77,3280,-14008,3776,428,-790,126
melden,19,78,3596,-13932,3552,279,-104,59
melden,19,79,3636,-13812,3568,90,615,-11
melden,19,80,3540,-14028,3912,-104,1234,-80
melden,19,81,3648,-13776,3980,-324,1769,-119
melden,19,82,3280,-14040,4292,-524,2227,-132
melden,19,83,2656,-14280,5004,-648,2437,-107
melden,19,84,2512,-14240,5528,-700,2398,-60
melden,19,85,2488,-14208,5856,-684,2216,-4
melden,19,86,2548,-14092,6396,-631,1931,45
melden,19,87,2640,-13936,6524,-551,1502,77
melden,19,88,2620,-13956,6440,-459,987,81
melden,19,89,2448,-13992,6728,-348,432,64
melden,19,90,2216,-14124,7048,-180,-224,27
melden,19,91,2020,-14260,7492,18,-1026,-32
melden,19,92,1376,-14404,8856,386,-2353,-21
melden,19,93,1828,-14012,8772,782,-3966,-2
melden,19,94,1876,-14148,8492,1037,-5257,14
melden,19,95,1820,-14592,7772,1295,-6360,29
melden,19,96,2548,-14284,6344,1566,-7023,50
melden,19,97,3272,-14316,5160,1611,-7116,58
melden,19,98,4400,-13964,4160,1554,-6668,21
melden,19,99,4952,-13840,3952,1379,-5668,-47
melden,19,100,5028,-13544,4504,1268,-4927,-100
melden,19,101,5452,-13304,4392,1065,-4200,-55
melden,19,102,5924,-13092,4404,907,-3686,18
melden,19,103,6496,-12844,4380,787,-3394,86
melden,19,104,7276,-12808,4308,607,-2922,181
melden,19,105,6724,-12752,4336,427,-2471,212
melden,19,106,7060,-12644,4544,273,-2082,256
melden,19,107,6936,-12940,4256,96,-1625,274
melden,19,108,7028,-13008,4108,-51,-1238,264
melden,19,109,7492,-13032,4196,-190,-823,315
melden,19,110,7476,-13200,4256,-324,-524,310
melden,19,111,7948,-13088,4072,-455,-165,305
melden,19,112,7992,-13220,4240,-590,226,291
melden,19,113,7288,-13236,4404,-640,427,274
melden,19,114,7328,-13304,4752,-686,587,251
melden,19,115,6764,-13040,5004,-695,640,204
melden,19,116,6752,-12988,5184,-642,534,207
melden,19,117,6828,-13260,5252,-591,416,217
melden,19,118,6708,-13340,5072,-517,264,234
melden,19,119,6848,-13592,5076,-447,166,219
melden,19,120,6744,-13580,4732,-427,147,195
melden,19,121,6844,-13684,4560,-421,205,164
melden,19,122,6632,-13540,4476,-398,223,109
melden,19,123,6748,-13636,4452,-389,320,64
melden,19,124,6484,-13660,4768,-396,372,43
melden,19,125,6412,-13776,4356,-382,380,23
melden,19,126,6460,-13648,4600,-348,337,8
melden,19,127,6400,-13724,4608,-324,313,-3
melden,19,128,6364,-13572,4600,-304,249,-5
melden,19,129,6468,-13680,4376,-308,268,-20
melden,19,130,6360,-13664,4624,-299,318,-33
melden,19,131,6300,-13656,4424,-311,389,-52
melden,19,132,6364,-13728,4580,-320,496,-65
melden,19,133,5860,-13636,4464,-328,575,-79
melden,19,134,5780,-13772,4200,-292,555,-100
melden,19,135,6060,-14112,3704,-300,733,-102
melden,19,136,6396,-14004,4132,-298,898,-136
melden,19,137,6108,-13680,4728,-375,1116,-142
melden,19,138,5584,-13528,4428,-376,1151,-125
melden,19,139,5936,-13592,5156,-381,1130,-106
melden,19,140,6168,-14244,4640,-351,1127,-79
melden,19,141,5896,-14324,3996,-339,1098,-105
melden,19,142,6076,-13600,4136,-376,1169,-105
melden,19,143,5912,-13816,4828,-463,1336,-144
melden,19,144,5704,-13768,5204,-551,1589,-154
melden,19,145,4964,-14036,5128,-580,1633,-194
melden,19,146,4584,-13900,5804,-477,1316,-176
melden,19,147,4840,-13904,5556,-379,969,-131
melden,19,148,5356,-13488,5432,-330,768,-32
melden,19,149,5732,-13600,4708,-338,708,54
melden,19,150,6068,-13664,4984,-368,718,97
melden,19,151,5604,-14184,4832,-411,702,82
melden,19,152,5080,-14272,4940,-414,690,44
melden,19,153,4728,-13696,5496,-444,644,-18
melden,19,154,5212,-13720,5452,-472,642,-24
melden,19,155,3964,-13264,6624,-665,996,-17
melden,19,156,6168,-14148,4692,-577,1012,113
melden,19,157,4408,-14756,4472,-358,864,152
melden,19,158,4372,-14204,4916,-331,575,170
melden,19,159,5544,-14492,4124,-142,408,202
melden,19,160,6516,-13780,4696,-319,1010,109
melden,19,161,5056,-13764,5128,-691,1677,-53
melden,19,162,4256,-13780,6392,-770,1370,39
melden,19,163,4112,-13876,7680,-434,-55,195
melden,19,164,2172,-15156,7784,-279,-453,327
melden,19,165,6688,-13936,4588,-238,-426,322
melden,19,166,2236,-15844,2576,316,-443,157
melden,19,167,7200,-13796,3072,369,-125,52
melden,19,168,4716,-14280,4340,150,919,-137
melden,19,169,4176,-13972,5152,66,857,-295
melden,19,170,5168,-13908,4268,-5,957,-283
melden,19,171,10764,-16724,-19228,91,-214,-743
melden,19,172,-5044,-32768,-4316,-663,5428,-3148
melden,19,173,3228,5732,32767,-480,-6274,-149
melden,19,174,-5252,-17908,3264,360,-5602,-46
melden,19,175,-856,-6716,22388,265,-8455,886
melden,19,176,14800,-14556,16,266,-6959,1315
melden,19,177,9240,-15020,1896,488,-3647,1540
melden,19,178,7996,-15876,-5736,-266,144,882
melden,19,179,4408,-15880,-1896,-848,2611,286
melden,19,180,5472,-15456,-584,-1120,3941,-361
melden,19,181,6444,-14072,1664,-1339,5354,-588
melden,19,182,5032,-14040,4056,-1589,6066,-647
melden,19,183,4708,-14344,6076,-1500,5358,-750
melden,19,184,4608,-13428,6468,-1420,4776,-593
melden,19,185,3676,-13516,6820,-1297,3731,-314
melden,19,186,3552,-14076,6312,-1065,2628,2
melden,19,187,3236,-14944,5712,-744,1493,228
melden,19,188,3340,-15344,5352,-395,490,307
melden,19,189,4768,-15236,4384,-225,103,210
melden,19,190,5480,-14980,3600,-234,253,28
melden,19,191,4976,-14872,4064,-332,437,-198
melden,19,192,4584,-14392,4236,-396,493,-320
melden,19,193,4172,-14772,3896,-372,389,-363
melden,19,194,3804,-14620,3488,-265,419,-300
melden,19,195,3892,-14212,3920,-268,538,-242
melden,19,196,3984,-14096,4492,-381,773,-217
melden,19,197,3812,-14304,4796,-523,983,-246
melden,19,198,4260,-14424,4524,-638,1347,-266
melden,19,199,4332,-14416,3732,-797,2000,-291
melden,19,200,4804,-14604,2268,-1056,3096,-390
melden,19,201,4536,-14352,1624,-1452,4647,-613
melden,19,202,4084,-14356,2172,-1810,6068,-795
melden,19,203,4416,-13780,3208,-2218,7128,-816
melden,19,204,3604,-14028,3788,-2456,7918,-778
melden,19,205,2472,-14312,4716,-2740,8228,-819
melden,19,206,2308,-14376,6160,-2953,8121,-773
melden,19,207,2244,-14396,7104,-3024,7539,-587
melden,19,208,2580,-14132,7204,-3048,6684,-316
melden,19,209,1016,-15112,6272,-2959,5645,-145
melden,19,210,1220,-15840,5152,-2689,4519,-62
melden,19,211,1916,-16116,4440,-2272,3318,179
melden,19,212,920,-16620,3520,-1736,1805,347
melden,19,213,1852,-16596,2876,-1073,277,488
melden,19,214,2244,-16316,2888,-417,-1189,561
melden,19,215,3280,-15936,3488,333,-2767,788
melden,19,216,2420,-15432,2888,936,-4167,927
melden,19,217,868,-16656,4092,1545,-5567,830
melden,19,218,-420,-16800,4892,1993,-7136,850
melden,19,219,-1940,-17856,5684,2644,-8700,801
melden,19,220,-3556,-17952,7124,3336,-10589,756
melden,19,221,-4664,-17824,7656,3942,-12226,788
melden,19,222,-3656,-16288,4592,4406,-13261,840
melden,19,223,620,-14444,1136,4223,-12977,685
melden,19,224,5708,-13400,-7024,3408,-10113,245
melden,19,225,26460,-15380,-23736,1522,-5241,27
melden,19,226,-6252,-22948,1748,872,223,-2085
melden,19,227,3964,3784,22256,1068,-3915,-547
melden,19,228,3296,-17756,7084,457,-3460,-600
melden,19,229,-1532,-9804,10600,-319,-744,-649
melden,19,230,6548,-10668,10056,-748,-2218,-404
melden,19,231,9676,-14820,2176,-779,-599,242
melden,19,232,6884,-15072,-1480,-769,1198,355
melden,19,233,6636,-14936,-1528,-1206,2917,184
melden,19,234,4656,-15016,612,-1794,4251,-246
melden,19,235,3672,-15900,1816,-2077,4947,-671
melden,19,236,4108,-15416,2836,-2030,5564,-806
melden,19,237,4116,-14916,4592,-1970,5460,-967
melden,19,238,4468,-14356,4888,-1910,5263,-880
melden,19,239,4204,-15036,4624,-1672,4625,-595
melden,19,240,3992,-14624,3996,-1264,3746,-294
melden,19,241,2740,-15524,4316,-896,2570,-166
melden,19,242,3360,-14392,4880,-466,1573,86
melden,19,243,4300,-15920,4540,-342,735,86
melden,19,244,5152,-15152,4196,-334,448,-18
melden,19,245,4508,-14732,4412,-357,150,40
melden,19,246,4232,-15080,4248,-240,-347,64
melden,19,247,3524,-15180,4552,-197,-773,127
melden,19,248,2576,-16048,4280,124,-1705,106
melden,19,249,2616,-15204,5516,446,-2733,75
melden,19,250,5728,-11208,512,1183,-3052,473
melden,19,251,2740,-15416,5844,723,-3300,432
melden,19,252,4156,-18244,7340,1499,-4251,768
melden,19,253,1164,-16524,2952,1747,-4462,554
melden,19,254,3296,-16468,1564,2588,-6026,228
melden,19,255,4612,-15748,688,2751,-5761,172
melden,19,256,5528,-13740,3940,2427,-5531,-180
melden,19,257,6352,-16840,-6208,2167,-7018,-533
melden,19,258,-4864,-18308,-1540,1996,-4354,-1210
melden,19,259,13436,7776,32767,3405,-11826,253
melden,19,260,-7564,-22032,8672,1583,-6960,25
melden,19,261,5840,-11336,2156,2124,-9894,603
melden,19,262,14312,-13208,1824,1759,-6532,417
melden,19,263,12648,-14796,-7056,694,-1039,322
melden,19,264,10748,-13436,-4712,-484,2991,-387
melden,19,265,8992,-13148,-2328,-1353,6256,-749
melden,19,266,8084,-13336,-300,-1899,8388,-901
melden,19,267,6920,-13240,2352,-2411,9648,-899
melden,19,268,5252,-13160,5344,-2661,9544,-887
melden,19,269,3820,-13036,6372,-2585,8486,-640
melden,19,270,3588,-13128,7824,-2296,6771,-150
melden,19,271,2240,-13876,7916,-1911,5177,392
melden,19,272,1624,-14724,7564,-1388,3057,516
melden,19,273,4152,-14736,7060,-1306,2291,509
melden,19,274,4000,-15332,6432,-1127,1862,393
melden,19,275,6012,-16336,3240,-765,1319,329
melden,19,276,5408,-16056,2160,-535,1134,333
melden,19,277,3432,-15784,3132,-302,756,125
melden,19,278,3712,-15224,3752,-331,474,-27
melden,19,279,4068,-15416,4352,-284,160,-66
melden,19,280,2692,-15944,4636,-321,-325,-124
melden,19,281,1036,-17052,2616,122,-1283,-282
melden,19,282,-396,-14336,5044,273,-1313,-199
melden,19,283,8512,-16904,-220,227,-815,80
melden,19,284,7516,-14016,4512,-73,431,150
melden,19,285,3448,-12180,10148,-611,989,30
melden,19,286,1628,-13812,8564,-402,485,316
melden,19,287,5208,-14332,4520,-88,562,511
melden,19,288,7256,-15144,2184,-37,1116,449
melden,19,289,2628,-15440,4720,52,1200,108
melden,19,290,180,-15504,5396,128,135,-265
melden,19,291,18396,-21500,-22384,-250,-3660,-1074
melden,19,292,-24884,19592,32767,3456,836,-3225
melden,19,293,21292,7728,14252,-1429,-7006,1039
melden,19,294,-16480,-23756,13380,383,-7576,672
melden,19,295,10488,-17992,-4752,1368,-9451,813
melden,19,296,11572,-12008,-2336,1033,-4400,782
melden,19,297,1400,-14036,1300,-328,-210,-315
melden,19,298,7396,-13772,2192,-1128,1804,-776
melden,19,299,9464,-13424,1760,-1431,3943,-736
melden,20,0,3748,-3636,13572,-23,163,-88
melden,20,1,3596,-3848,13708,54,13,-115
melden,20,2,3248,-3380,13096,117,-93,-95
melden,20,3,3692,-2860,13632,52,-83,-5
melden,20,4,3512,-3372,12636,88,-103,-58
melden,20,5,3972,-2972,13204,-11,128,-16
melden,20,6,3824,-3160,13592,61,176,-73
melden,20,7,3296,-2696,13528,116,155,-48
melden,20,8,3076,-2740,13512,132,131,4
melden,20,9,3288,-2652,13848,174,106,74
melden,20,10,3180,-2508,13936,227,172,98
melden,20,11,2840,-2280,14076,287,266,69
melden,20,12,2480,-1952,14712,359,433,20
melden,20,13,2340,-2456,15528,402,602,-68
melden,20,14,2732,-2344,16380,287,928,-239
melden,20,15,3548,-2484,16512,295,1468,-469
melden,20,16,2888,-3968,17220,374,1542,-731
melden,20,17,1628,-5620,15984,-11,1559,-907
melden,20,18,1108,-4652,18152,176,1185,-943
melden,20,19,596,-3364,19728,2,1246,-706
melden,20,20,328,-2360,20832,-301,1513,-547
melden,20,21,228,-1396,24420,-1035,1657,-525
melden,20,22,1692,-1784,27748,-1890,1091,-459
melden,20,23,2924,-3700,28416,-2713,856,-641
melden,20,24,2212,-4764,27580,-3418,934,-811
melden,20,25,1032,-5296,26768,-4062,1501,-779
melden,20,26,-3952,-6456,27724,-4078,2057,-570
melden,20,27,16,-5224,28916,-3716,1458,404
melden,20,28,4892,-4812,27244,-3830,1492,1072
melden,20,29,5328,-3980,26808,-4941,2541,1003
melden,20,30,4688,-4676,26368,-5980,3107,696
melden,20,31,5700,-6408,24444,-6859,3871,530
melden,20,32,5044,-8792,23012,-7454,4423,391
melden,20,33,5244,-9684,22220,-7830,4808,278
melden,20,34,5764,-10304,22060,-8362,5347,129
melden,20,35,4804,-11084,22628,-8963,5847,-105
melden,20,36,3776,-11300,22660,-9467,5985,-367
melden,20,37,2488,-11420,22012,-9771,5863,-579
melden,20,38,2404,-11260,20388,-9794,5345,-742
melden,20,39,3212,-10668,17660,-9735,5012,-867
melden,20,40,5176,-10648,13688,-9672,5136,-952
melden,20,41,6516,-11128,11092,-9671,5922,-1139
melden,20,42,5172,-12332,8300,-9565,6873,-1561
melden,20,43,2348,-14884,5996,-9504,7721,-2162
melden,20,44,652,-17592,4308,-9278,8638,-2925
melden,20,45,116,-20048,2140,-8745,9505,-3633
melden,20,46,-2824,-22100,1528,-8218,10414,-4452
melden,20,47,-5400,-22696,2328,-7451,11045,-5380
melden,20,48,-8284,-23820,2932,-6527,11246,-6368
melden,20,49,-8264,-23844,5268,-5342,10936,-7223
melden,20,50,-8468,-25840,6004,-3292,9220,-7940
melden,20,51,-4920,-21696,7104,-633,6524,-7858
melden,20,52,-1864,-11964,8076,2840,2354,-7318
melden,20,53,-5068,-6752,8424,6232,-1942,-7339
melden,20,54,-6592,4536,8252,8019,-5046,-7401
melden,20,55,-3804,4952,7920,9152,-7353,-7910
melden,20,56,-700,4744,8056,9962,-8780,-8254
melden,20,57,-2000,9872,7840,10337,-9293,-9003
melden,20,58,-8536,14504,6856,10085,-10232,-9893
melden,20,59,-14332,18428,-1196,10231,-12278,-10214
melden,20,60,-14800,20756,-11620,9630,-14375,-9754
melden,20,61,-7616,17448,-21164,8298,-15277,-8514
melden,20,62,1516,9056,-24848,6609,-14550,-6842
melden,20,63,8260,1236,-22576,4832,-11901,-4943
melden,20,64,16972,-5244,-15776,2705,-7525,-3064
melden,20,65,19028,-10000,-4320,-21,-2066,-687
melden,20,66,15992,-11248,1984,-2470,1754,1355
melden,20,67,14776,-12644,596,-4209,4304,3060
melden,20,68,12648,-12628,-2824,-5445,7173,4147
melden,20,69,5972,-13468,-4152,-5721,7911,4776
melden,20,70,2664,-13700,-5272,-5254,7268,4982
melden,20,71,2300,-14228,-4728,-4603,6586,4388
melden,20,72,1740,-14824,-2084,-4135,6191,3094
melden,20,73,3492,-14844,1008,-3716,5358,1794
melden,20,74,4844,-15612,3280,-3507,4583,879
melden,20,75,5456,-16420,4140,-2952,3608,472
melden,20,76,5112,-17024,4800,-2114,2076,546
melden,20,77,4616,-17136,5028,-1147,-15,685
melden,20,78,4876,-16792,4232,-265,-2065,843
melden,20,79,5136,-16188,2820,241,-3283,940
melden,20,80,5504,-15508,1792,500,-3743,928
melden,20,81,5532,-15036,1048,532,-3497,805
melden,20,82,5992,-14752,324,422,-2801,607
melden,20,83,6324,-14500,-68,210,-1758,467
melden,20,84,6212,-14352,-288,49,-722,350
melden,20,85,5468,-14052,660,-57,127,315
melden,20,86,5492,-13472,1560,-135,750,282
melden,20,87,5292,-13324,2056,-279,1425,251
melden,20,88,5084,-13456,2324,-342,1947,187
melden,20,89,5104,-13780,2792,-339,2332,109
melden,20,90,4616,-13412,3228,-362,2567,-7
melden,20,91,4048,-13632,3812,-263,2624,-183
melden,20,92,4348,-13748,4152,-136,2743,-342
melden,20,93,4400,-13600,4728,-59,2743,-456
melden,20,94,3652,-13724,5612,67,2542,-446
melden,20,95,4012,-13824,5908,126,2206,-448
melden,20,96,4308,-14048,6184,211,1883,-336
melden,20,97,4296,-14044,6340,262,1504,-294
melden,20,98,4768,-13972,5984,253,1313,-228
melden,20,99,4472,-14356,5948,165,1225,-244
melden,20,100,2268,-17360,5596,45,1001,-232
melden,20,101,4700,-14040,5864,-107,821,-138
melden,20,102,4848,-14384,5576,-251,883,-125
melden,20,103,4172,-14348,6376,-329,864,-54
melden,20,104,4368,-13868,6028,-373,749,-45
melden,20,105,4304,-13680,6032,-453,767,-42
melden,20,106,4468,-13704,5824,-457,715,-57
melden,20,107,5136,-13320,5512,-467,766,-113
melden,20,108,4932,-13332,5744,-494,833,-139
melden,20,109,4532,-13360,6132,-492,665,-136
melden,20,110,4740,-13456,6044,-478,386,-142
melden,20,111,4980,-13088,6072,-461,153,-74
melden,20,112,5232,-13148,5916,-441,-106,-20
melden,20,113,5312,-13412,5876,-382,-343,14
melden,20,114,5424,-13464,5460,-339,-523,36
melden,20,115,5468,-13784,4840,-267,-610,2
melden,20,116,5628,-13756,4724,-212,-521,-44
melden,20,117,5872,-13660,4912,-205,-415,-95
melden,20,118,5752,-13480,4804,-216,-323,-124
melden,20,119,5708,-13592,4720,-219,-291,-146
melden,20,120,5688,-13552,4600,-171,-331,-122
melden,20,121,5664,-13676,4440,-112,-419,-92
melden,20,122,5672,-13740,3924,-52,-534,-61
melden,20,123,6028,-13728,3568,3,-538,-36
melden,20,124,5736,-13772,3360,-8,-503,-29
melden,20,125,5708,-14436,3668,-16,-417,-7
melden,20,126,5532,-14896,3724,15,-352,25
melden,20,127,5372,-14784,4132,97,-359,29
melden,20,128,5564,-14336,4172,164,-320,25
melden,20,129,5852,-14128,4060,188,-171,-31
melden,20,130,5868,-13796,3848,154,45,-101
melden,20,131,6112,-13796,4092,124,297,-169
melden,20,132,5752,-13908,4148,132,437,-195
melden,20,133,5560,-13900,4716,186,450,-200
melden,20,134,5348,-13772,4924,214,398,-185
melden,20,135,5332,-13864,5052,243,323,-160
melden,20,136,5624,-13624,4976,281,324,-146
melden,20,137,5604,-13540,5396,284,357,-150
melden,20,138,5476,-13444,5544,274,358,-167
melden,20,139,5528,-13264,5852,260,404,-182
melden,20,140,5608,-13164,5828,211,487,-196
melden,20,141,5652,-13244,6200,169,549,-206
melden,20,142,5444,-13272,6564,167,576,-204
melden,20,143,5492,-13280,6268,139,592,-197
melden,20,144,5420,-13320,6580,103,616,-188
melden,20,145,5368,-13344,6828,96,603,-168
melden,20,146,5148,-13232,6624,108,576,-155
melden,20,147,5340,-13084,6672,96,599,-146
melden,20,148,5396,-13004,6788,54,606,-127
melden,20,149,5396,-12896,6888,10,598,-93
melden,20,150,5220,-13108,6956,-39,579,-76
melden,20,151,5292,-13100,6480,-92,610,-81
melden,20,152,5252,-13064,6524,-163,685,-85
melden,20,153,5008,-13100,6904,-228,694,-74
melden,20,154,4884,-13116,6980,-267,607,-48
melden,20,155,4820,-13296,6952,-291,461,-13
melden,20,156,4936,-13388,6924,-291,297,25
melden,20,157,4900,-13156,6828,-300,174,41
melden,20,158,4756,-13140,6872,-326,65,36
melden,20,159,4824,-13168,6580,-325,-20,23
melden,20,160,5040,-13332,6308,-319,-68,18
melden,20,161,4908,-13352,6212,-317,-104,26
melden,20,162,4716,-13384,6184,-291,-243,32
melden,20,163,4852,-13480,6148,-259,-342,20
melden,20,164,4936,-13484,5880,-237,-341,-1
melden,20,165,5136,-13512,5700,-244,-299,-20
melden,20,166,5060,-13464,5720,-253,-204,-54
melden,20,167,4944,-13644,5692,-268,-134,-90
melden,20,168,5104,-13528,5784,-262,-94,-109
melden,20,169,5180,-13504,5644,-261,-86,-104
melden,20,170,5100,-13540,5560,-245,-93,-95
melden,20,171,5104,-13532,5640,-237,-107,-80
melden,20,172,5008,-13700,5712,-227,-143,-53
melden,20,173,5080,-13460,5744,-222,-181,-39
melden,20,174,5168,-13468,5752,-238,-182,-32
melden,20,175,5388,-13320,5780,-272,-149,-15
melden,20,176,5260,-13376,5424,-323,-81,-18
melden,20,177,5216,-13540,5276,-354,-29,-27
melden,20,178,5292,-13564,5608,-382,9,-4
melden,20,179,5228,-13448,5656,-394,-18,20
melden,20,180,5308,-13608,5548,-429,-4,54
melden,20,181,5200,-13488,5648,-443,32,90
melden,20,182,5224,-13588,5620,-467,49,111
melden,20,183,5232,-13596,5724,-486,75,157
melden,20,184,5124,-13708,5484,-502,57,190
melden,20,185,5264,-13564,5712,-497,22,212
melden,20,186,5276,-13796,5356,-520,63,230
melden,20,187,5192,-13800,5672,-544,87,221
melden,20,188,5112,-13924,5616,-550,114,208
melden,20,189,5056,-13664,5524,-582,148,188
melden,20,190,4980,-13788,5464,-588,158,162
melden,20,191,4780,-13900,5404,-573,148,157
melden,20,192,4860,-13820,5268,-561,121,137
melden,20,193,4976,-13788,5240,-552,139,128
melden,20,194,5028,-13876,5100,-563,209,133
melden,20,195,4864,-13812,5204,-528,188,138
melden,20,196,4716,-13972,5176,-501,84,140
melden,20,197,4776,-13896,5224,-461,16,132
melden,20,198,4732,-14180,4840,-462,68,113
melden,20,199,4736,-14108,4796,-451,77,95
melden,20,200,4588,-14032,4800,-422,61,81
melden,20,201,4496,-14008,4612,-407,28,75
melden,20,202,4608,-14184,4780,-389,-54,78
melden,20,203,4588,-14248,4988,-361,-141,79
melden,20,204,4700,-14180,4728,-345,-176,81
melden,20,205,4852,-14100,4584,-346,-189,89
melden,20,206,4848,-14284,4512,-352,-162,88
melden,20,207,4736,-14300,4492,-347,-127,87
melden,20,208,4776,-14108,4264,-342,-116,91
melden,20,209,4740,-14024,4484,-331,-119,93
melden,20,210,4744,-14248,4532,-328,-151,98
melden,20,211,4736,-14340,4496,-322,-122,100
melden,20,212,4844,-14032,4544,-354,-36,76
melden,20,213,4928,-14776,4556,-491,-35,23
melden,20,214,4492,-14556,4388,-354,45,65
melden,20,215,4620,-14240,4268,-332,10,59
melden,20,216,4460,-14228,4424,-308,-25,59
melden,20,217,4484,-14304,4556,-257,-83,68
melden,20,218,4660,-14576,4344,-225,-96,72
melden,20,219,4552,-14344,4456,-215,-105,67
melden,20,220,4624,-14192,4392,-238,-102,64
melden,20,221,4720,-14328,4308,-249,-52,57
melden,20,222,4720,-14232,4236,-219,30,66
melden,20,223,4436,-14388,4360,-222,111,49
melden,20,224,4268,-14548,4580,-216,131,25
melden,20,225,4400,-14400,4588,-192,155,18
melden,20,226,4304,-14296,4792,-194,171,9
melden,20,227,4292,-14360,4564,-178,139,-3
melden,20,228,4604,-14412,4372,-173,174,-30
melden,20,229,4308,-14536,4240,-162,212,-50
melden,20,230,4252,-14532,4452,-146,173,-73
melden,20,231,4264,-14552,4480,-119,97,-71
melden,20,232,4260,-14560,4476,-87,60,-72
melden,20,233,4232,-14364,4604,-69,60,-61
melden,20,234,4160,-14404,4708,-73,62,-66
melden,20,235,4100,-14324,4752,-66,82,-63
melden,20,236,4216,-14312,4684,-62,106,-71
melden,20,237,4104,-14452,4640,-66,123,-97
melden,20,238,4064,-14368,4628,-48,112,-122
melden,20,239,4196,-14456,4384,-37,80,-133
melden,20,240,4408,-14332,4596,-36,81,-138
melden,20,241,4240,-14336,4816,-67,78,-140
melden,20,242,4212,-14412,4756,-76,17,-140
melden,20,243,4252,-14380,4788,-86,-66,-140
melden,20,244,4420,-14252,4808,-102,-139,-109
melden,20,245,4420,-14276,4588,-119,-165,-78
melden,20,246,4428,-14388,4464,-140,-193,-57
melden,20,247,4580,-14384,4560,-137,-196,-40
melden,20,248,4600,-14328,4608,-151,-178,-33
melden,20,249,4588,-14324,4440,-196,-82,-49
melden,20,250,4488,-14276,4668,-215,26,-51
melden,20,251,4448,-14328,4708,-211,59,-53
melden,20,252,4408,-14292,4764,-193,15,-55
melden,20,253,4520,-14388,4656,-171,-26,-53
melden,20,254,4500,-14432,4640,-157,-61,-55
melden,20,255,4624,-14404,4536,-140,-75,-53
melden,20,256,4636,-14500,4544,-132,-39,-53
melden,20,257,4664,-14144,4492,-127,10,-70
melden,20,258,4552,-14236,4616,-139,25,-82
melden,20,259,4692,-14264,4432,-151,36,-89
melden,20,260,4652,-14456,4620,-159,45,-88
melden,20,261,4924,-14264,4392,-177,81,-53
melden,20,262,4528,-14308,4552,-191,87,-40
melden,20,263,4516,-14288,4648,-185,40,-52
melden,20,264,4876,-14220,4640,-199,31,-67
melden,20,265,4772,-14224,4840,-237,84,-68
melden,20,266,4596,-14216,4628,-240,74,-75
melden,20,267,4560,-14356,4800,-254,34,-74
melden,20,268,4584,-14260,4732,-261,-22,-43
melden,20,269,4552,-14308,4872,-265,-71,-25
melden,20,270,4804,-14196,4464,-292,-95,-19
melden,20,271,4760,-14316,4432,-338,-63,-1
melden,20,272,4652,-14420,4548,-370,-78,6
melden,20,273,4216,-13564,4616,-526,-131,-11
melden,20,274,4356,-14856,4820,-469,-227,25
melden,20,275,4456,-14444,4716,-383,-238,60
melden,20,276,4468,-14180,4496,-428,-246,89
melden,20,277,4516,-14336,4656,-448,-183,93
melden,20,278,4516,-14192,4604,-447,-146,101
melden,20,279,4364,-14316,4448,-463,-151,82
melden,20,280,4424,-14452,4416,-424,-122,99
melden,20,281,4736,-14464,4208,-430,-62,82
melden,20,282,4656,-14424,4244,-420,6,68
melden,20,283,4508,-14600,4292,-433,18,68
melden,20,284,4496,-14644,4600,-403,6,73
melden,20,285,4360,-14304,4484,-357,-28,89
melden,20,286,4480,-14440,4320,-315,-83,92
melden,20,287,4520,-14824,4220,-303,-72,90
melden,20,288,4536,-14824,4280,-291,-18,77
melden,20,289,4420,-14672,4204,-308,-16,48
melden,20,290,4528,-14716,3916,-296,-18,36
melden,20,291,4484,-14644,3952,-297,28,22
melden,20,292,4392,-14640,3976,-303,-3,20
melden,20,293,4260,-14820,4004,-281,-69,25
melden,20,294,4216,-14724,4012,-284,-113,30
melden,20,295,4108,-14784,3960,-269,-152,37
melden,20,296,4352,-14700,3712,-275,-149,45
melden,20,297,4208,-15004,3628,-306,-111,37
melden,20,298,4192,-14832,3432,-249,-105,53
melden,20,299,4180,-14720,3452,-243,-102,50
nicht_melden,1,0,2716,-5476,12752,-127,13,-60
nicht_melden,1,1,2600,-5484,12792,-120,10,-57
nicht_melden,1,2,2628,-5512,12656,-110,14,-62
nicht_melden,1,3,2744,-5636,12528,-112,19,-56
nicht_melden,1,4,2720,-5440,12604,-109,11,-54
nicht_melden,1,5,2692,-5536,12716,-98,13,-48
nicht_melden,1,6,2648,-5520,12784,-101,12,-59
nicht_melden,1,7,2732,-5484,12724,-110,9,-55
nicht_melden,1,8,2588,-5452,12680,-100,9,-53
nicht_melden,1,9,2728,-5532,12624,-104,5,-55
nicht_melden,1,10,2688,-5440,12776,-101,16,-57
nicht_melden,1,11,2684,-5492,12708,-113,26,-52
nicht_melden,1,12,2704,-5540,12800,-125,27,-57
nicht_melden,1,13,2776,-5512,12648,-129,19,-49
nicht_melden,1,14,2804,-5516,12672,-126,32,-44
nicht_melden,1,15,2692,-5456,12716,-136,45,-42
nicht_melden,1,16,2656,-5436,12584,-132,29,-42
nicht_melden,1,17,2612,-5480,12672,-122,7,-41
nicht_melden,1,18,2660,-5480,12712,-126,-14,-37
nicht_melden,1,19,2688,-5520,12796,-114,-62,-28
nicht_melden,1,20,2644,-5524,12772,-114,-105,-48
nicht_melden,1,21,2372,-5424,12772,-107,-174,-44
nicht_melden,1,22,2712,-5412,12796,-86,-213,-28
nicht_melden,1,23,2960,-5360,12604,-90,-183,-27
nicht_melden,1,24,2964,-5376,12760,-112,-115,-29
nicht_melden,1,25,2748,-5380,12744,-119,-66,-24
nicht_melden,1,26,2724,-5420,12668,-134,-69,-6
nicht_melden,1,27,2488,-5392,12612,-148,-80,7
nicht_melden,1,28,2552,-5312,12864,-175,-153,55
nicht_melden,1,29,2728,-5288,12736,-216,-202,85
nicht_melden,1,30,2680,-5148,12760,-266,-239,130
nicht_melden,1,31,2992,-5576,12740,-287,-220,109
nicht_melden,1,32,2720,-5200,12860,-402,-208,31
nicht_melden,1,33,2416,-6168,12624,-408,-300,58
nicht_melden,1,34,2756,-6012,12636,-320,-384,149
nicht_melden,1,35,1552,-5464,12492,-177,-530,308
nicht_melden,1,36,2532,-5584,14580,-355,-717,336
nicht_melden,1,37,1304,-4944,11744,-136,-1059,574
nicht_melden,1,38,4756,-7528,10216,-396,-950,467
nicht_melden,1,39,84,-2656,10248,387,-2116,1237
nicht_melden,1,40,-1204,-7088,9164,1606,-4472,1744
nicht_melden,1,41,8968,-5436,12540,1525,-4564,2085
nicht_melden,1,42,8440,-4168,12400,1280,-3921,2092
nicht_melden,1,43,7796,-3772,12924,1184,-3654,2216
nicht_melden,1,44,7676,-4816,13368,1001,-3457,2322
nicht_melden,1,45,9044,-4400,12960,656,-3098,2331
nicht_melden,1,46,9232,-4988,13892,298,-2761,2282
nicht_melden,1,47,9080,-5068,14496,-147,-2351,2322
nicht_melden,1,48,8832,-4556,14932,-661,-1880,2379
nicht_melden,1,49,8104,-5248,15184,-1036,-1739,2447
nicht_melden,1,50,6836,-5632,14816,-1177,-2084,2521
nicht_melden,1,51,6852,-6284,13680,-1189,-2386,2692
nicht_melden,1,52,7596,-6420,13240,-1152,-2555,2926
nicht_melden,1,53,8248,-6372,12736,-1176,-2576,3172
nicht_melden,1,54,8472,-6652,12892,-1206,-2517,3407
nicht_melden,1,55,8296,-6900,12820,-1307,-2451,3631
nicht_melden,1,56,8248,-6428,13816,-1422,-2457,3900
nicht_melden,1,57,8528,-6640,13932,-1553,-2520,4179
nicht_melden,1,58,7744,-7384,13244,-1625,-2586,4287
nicht_melden,1,59,7216,-7836,12636,-1755,-2550,4315
nicht_melden,1,60,7028,-8224,12312,-1854,-2624,4414
nicht_melden,1,61,6580,-8704,12000,-1818,-2865,4535
nicht_melden,1,62,6604,-8576,11272,-1727,-3090,4682
nicht_melden,1,63,6216,-8764,11388,-1712,-3577,4814
nicht_melden,1,64,6128,-8588,11180,-1714,-4078,4960
nicht_melden,1,65,6556,-8532,10464,-1637,-4502,5167
nicht_melden,1,66,7532,-8812,9556,-1559,-4690,5339
nicht_melden,1,67,8004,-9224,8952,-1486,-4734,5391
nicht_melden,1,68,7844,-9280,8612,-1472,-4534,5499
nicht_melden,1,69,7516,-9352,8920,-1455,-4461,5772
nicht_melden,1,70,6976,-9468,8236,-1463,-4700,5965
nicht_melden,1,71,6240,-9968,7880,-1427,-4980,6089
nicht_melden,1,72,6320,-10060,7468,-1260,-5387,6159
nicht_melden,1,73,6548,-10756,6676,-1045,-5627,6214
nicht_melden,1,74,6348,-11072,6280,-859,-5676,6187
nicht_melden,1,75,6632,-11072,5964,-699,-5585,6223
nicht_melden,1,76,6968,-11200,5832,-616,-5455,6261
nicht_melden,1,77,6444,-11116,5944,-525,-5374,6267
nicht_melden,1,78,6324,-11544,5868,-406,-5342,6285
nicht_melden,1,79,5720,-11956,6060,-308,-5262,6263
nicht_melden,1,80,5684,-12260,5964,-201,-5097,6331
nicht_melden,1,81,5472,-12000,5840,-216,-4973,6368
nicht_melden,1,82,5096,-12792,5832,-286,-4994,6342
nicht_melden,1,83,4988,-13396,5840,-323,-5189,6376
nicht_melden,1,84,4936,-13052,5764,-229,-5449,6471
nicht_melden,1,85,5068,-13020,5768,-175,-5456,6579
nicht_melden,1,86,5300,-12832,5576,-109,-5317,6697
nicht_melden,1,87,4476,-13216,5736,-158,-4995,6712
nicht_melden,1,88,3756,-13028,5952,-273,-4821,6671
nicht_melden,1,89,2920,-13528,6292,-290,-4952,6609
nicht_melden,1,90,3020,-13444,5992,-214,-5127,6552
nicht_melden,1,91,3212,-13532,5952,-123,-5260,6501
nicht_melden,1,92,3720,-12684,5328,17,-5392,6371
nicht_melden,1,93,1596,-13136,4332,-390,-5141,6391
nicht_melden,1,94,4768,-12180,3984,333,-5048,5890
nicht_melden,1,95,3564,-11172,4484,394,-4758,5855
nicht_melden,1,96,2404,-11264,4688,529,-4727,5647
nicht_melden,1,97,2736,-10720,4692,618,-4738,5380
nicht_melden,1,98,3408,-10016,4976,723,-4726,5168
nicht_melden,1,99,3416,-9960,5128,845,-4690,4851
nicht_melden,1,100,3160,-9852,4952,989,-4662,4511
nicht_melden,1,101,3060,-9828,3776,1262,-4428,4115
nicht_melden,1,102,1680,-9252,4020,1271,-3713,3448
nicht_melden,1,103,-1516,-8600,4124,1212,-2899,2470
nicht_melden,1,104,-3544,-7392,4568,976,-2707,1427
nicht_melden,1,105,-3120,-7464,5436,919,-2959,491
nicht_melden,1,106,596,-8412,7056,1139,-3153,-35
nicht_melden,1,107,3236,-9444,8704,1514,-2866,-204
nicht_melden,1,108,4024,-10312,9240,1917,-2364,-138
nicht_melden,1,109,2768,-11632,9088,2541,-2571,109
nicht_melden,1,110,3040,-11756,8296,3325,-3137,420
nicht_melden,1,111,3452,-11692,8688,3706,-3131,653
nicht_melden,1,112,2724,-11980,9160,3812,-3068,776
nicht_melden,1,113,1208,-12408,9800,3699,-2954,747
nicht_melden,1,114,60,-12796,9964,3502,-3000,645
nicht_melden,1,115,-340,-13196,10092,3133,-2976,444
nicht_melden,1,116,-828,-13812,10312,2762,-3013,190
nicht_melden,1,117,-1192,-14032,10228,2493,-3090,-163
nicht_melden,1,118,-908,-13824,9984,2363,-2971,-436
nicht_melden,1,119,108,-13384,9288,2279,-2588,-701
nicht_melden,1,120,1156,-12880,8720,2158,-1804,-986
nicht_melden,1,121,1340,-12300,8216,2049,-924,-1298
nicht_melden,1,122,688,-11936,8348,2043,-387,-1715
nicht_melden,1,123,320,-11600,8324,2116,-80,-2258
nicht_melden,1,124,924,-11392,7592,2150,227,-2986
nicht_melden,1,125,676,-11216,6912,2135,837,-3645
nicht_melden,1,126,1116,-10376,6884,2064,1580,-4233
nicht_melden,1,127,2752,-9160,7192,1949,2329,-4687
nicht_melden,1,128,3272,-10508,7112,1894,3198,-5221
nicht_melden,1,129,3060,-9620,6656,1770,4096,-5778
nicht_melden,1,130,2792,-9216,6188,1926,4490,-5922
nicht_melden,1,131,2620,-8780,6212,2018,4984,-5862
nicht_melden,1,132,1848,-8792,7436,2099,5049,-5806
nicht_melden,1,133,836,-9276,7880,2511,4469,-5776
nicht_melden,1,134,-780,-9732,8340,3126,3508,-5792
nicht_melden,1,135,-3656,-9944,9124,3596,2089,-5855
nicht_melden,1,136,-5480,-9280,7244,4538,131,-5805
nicht_melden,1,137,-5200,-7204,6884,5088,-1215,-5839
nicht_melden,1,138,-3288,-4680,7436,5376,-2301,-5925
nicht_melden,1,139,1288,156,9384,5364,-2614,-5797
nicht_melden,1,140,4696,196,10656,4956,-1823,-5557
nicht_melden,1,141,5888,28,11752,4749,-1080,-5623
nicht_melden,1,142,5184,-760,12492,4764,-898,-5825
nicht_melden,1,143,5340,-508,11524,4672,-244,-5730
nicht_melden,1,144,5028,-240,11968,4429,367,-5767
nicht_melden,1,145,6172,-236,11312,4171,1511,-5869
nicht_melden,1,146,5064,-708,11724,3915,2350,-6141
nicht_melden,1,147,4496,-392,12064,4080,2594,-6258
nicht_melden,1,148,5868,36,15636,3774,3190,-5791
nicht_melden,1,149,7924,5888,25316,3559,1421,-5646
nicht_melden,1,150,24736,18096,29880,4445,908,-3932
nicht_melden,1,151,29224,10964,25164,2001,7473,-3141
nicht_melden,1,152,22048,-560,4260,753,10998,-3344
nicht_melden,1,153,7932,768,12216,223,10944,-3665
nicht_melden,1,154,-2820,1220,15132,201,11230,-3592
nicht_melden,1,155,-3452,3800,27976,716,7624,-2542
nicht_melden,1,156,-20996,1932,32767,2358,-997,-2510
nicht_melden,1,157,-22724,4704,21372,976,-4708,-1833
nicht_melden,1,158,8232,9996,12604,240,-2460,-1124
nicht_melden,1,159,15056,12324,9988,-36,-941,-1347
nicht_melden,1,160,4176,8324,13624,-252,351,-1762
nicht_melden,1,161,-1208,6464,15260,97,-727,-1002
nicht_melden,1,162,4480,5064,12944,188,-1541,-93
nicht_melden,1,163,8760,3516,11100,372,-1426,172
nicht_melden,1,164,10048,3152,10960,350,-1120,492
nicht_melden,1,165,7936,2952,11900,51,-941,767
nicht_melden,1,166,6628,768,13172,-134,-795,869
nicht_melden,1,167,7392,700,13268,-437,-614,784
nicht_melden,1,168,6808,-184,13680,-622,-232,582
nicht_melden,1,169,5560,-768,13828,-818,207,394
nicht_melden,1,170,4496,-772,14016,-920,486,344
nicht_melden,1,171,3044,-900,14076,-905,553,380
nicht_melden,1,172,1236,-800,14968,-921,335,342
nicht_melden,1,173,1808,-1076,13616,-844,317,507
nicht_melden,1,174,1928,-1280,13108,-767,167,496
nicht_melden,1,175,1816,-1152,12620,-630,176,485
nicht_melden,1,176,1912,-796,12300,-483,177,492
nicht_melden,1,177,2212,-680,11960,-322,240,436
nicht_melden,1,178,2340,-448,11864,-192,355,342
nicht_melden,1,179,1892,-64,12480,-80,401,206
nicht_melden,1,180,1764,356,12968,8,390,125
nicht_melden,1,181,1648,548,13544,55,315,32
nicht_melden,1,182,1548,796,14068,72,233,-56
nicht_melden,1,183,1472,1116,14252,65,157,-128
nicht_melden,1,184,1736,1060,14448,36,58,-194
nicht_melden,1,185,2076,1332,14396,-23,-8,-208
nicht_melden,1,186,2576,1648,14116,-85,6,-203
nicht_melden,1,187,3444,1712,13816,-187,180,-176
nicht_melden,1,188,4316,1980,13844,-299,481,-143
nicht_melden,1,189,5216,2356,13712,-469,968,-58
nicht_melden,1,190,7016,3368,13612,-633,1586,-33
nicht_melden,1,191,8052,4924,14148,-860,2357,286
nicht_melden,1,192,7656,5028,13908,-1040,3096,813
nicht_melden,1,193,6132,4420,13628,-1046,3808,1119
nicht_melden,1,194,4752,4876,13332,-1114,4345,1237
nicht_melden,1,195,1784,7188,14632,-1457,4794,1074
nicht_melden,1,196,1140,7576,13816,-1635,4918,1542
nicht_melden,1,197,-1808,6608,13716,-1880,4076,1525
nicht_melden,1,198,-4616,4756,14332,-1935,2776,1406
nicht_melden,1,199,-6704,3140,14712,-1745,1248,1358
nicht_melden,1,200,-7192,2252,13728,-1443,147,1446
nicht_melden,1,201,-5296,2104,13536,-1436,-665,1299
nicht_melden,1,202,-5356,1912,14460,-1366,-1221,1161
nicht_melden,1,203,-5156,2020,14584,-1112,-1971,1318
nicht_melden,1,204,-3484,3160,13772,-1346,-2509,1395
nicht_melden,1,205,-1080,2304,13476,-1517,-2712,1275
nicht_melden,1,206,536,1948,12232,-1842,-2704,895
nicht_melden,1,207,3072,1576,20696,-1651,-3046,1159
nicht_melden,1,208,-3832,-956,11812,-1396,-2748,414
nicht_melden,1,209,2020,2444,12304,-1895,-3788,1485
nicht_melden,1,210,2392,-1344,11732,-1690,-3659,1610
nicht_melden,1,211,4452,-2232,10236,-1318,-3540,1025
nicht_melden,1,212,3264,-1560,10964,-1221,-3838,306
nicht_melden,1,213,1740,-1700,10072,-1345,-3700,20
nicht_melden,1,214,1944,-2352,11324,-1510,-3294,-157
nicht_melden,1,215,3224,-1928,12076,-1480,-3340,-200
nicht_melden,1,216,4124,-1624,12140,-1536,-3350,-531
nicht_melden,1,217,3540,-1600,12632,-1872,-3100,-1095
nicht_melden,1,218,3060,-1568,12996,-2056,-3051,-1458
nicht_melden,1,219,2072,-1860,13224,-2083,-3100,-1501
nicht_melden,1,220,2312,-2040,13044,-2019,-3299,-1448
nicht_melden,1,221,3252,-2156,12860,-1977,-3597,-1336
nicht_melden,1,222,3968,-1196,12896,-2120,-3997,-1566
nicht_melden,1,223,4740,-2156,13780,-2348,-4169,-1519
nicht_melden,1,224,6748,-1524,13840,-2715,-4346,-1755
nicht_melden,1,225,6912,-2816,13332,-3007,-4177,-2034
nicht_melden,1,226,9264,-2152,12816,-3771,-3786,-2725
nicht_melden,1,227,6848,-3108,12948,-4546,-3582,-3368
nicht_melden,1,228,7804,-3500,11392,-4649,-3428,-3619
nicht_melden,1,229,9612,-3268,11644,-4888,-3371,-3736
nicht_melden,1,230,8696,-2940,12704,-5231,-3573,-4089
nicht_melden,1,231,8452,-3192,13328,-5777,-3407,-4421
nicht_melden,1,232,8396,-3452,13344,-6207,-3619,-4580
nicht_melden,1,233,8308,-3456,12516,-6525,-3950,-4591
nicht_melden,1,234,10280,-3448,11236,-6782,-4160,-4530
nicht_melden,1,235,10980,-3976,9884,-7214,-4176,-4510
nicht_melden,1,236,12964,-5016,8772,-7582,-3874,-4961
nicht_melden,1,237,11356,-7116,8096,-7902,-3100,-4834
nicht_melden,1,238,10612,-8592,8136,-7804,-2827,-4530
nicht_melden,1,239,11068,-10528,7640,-7648,-2285,-4093
nicht_melden,1,240,12164,-12256,7744,-7477,-1321,-3442
nicht_melden,1,241,15164,-12432,9332,-7557,-222,-3080
nicht_melden,1,242,16772,-13140,9024,-8237,603,-2762
nicht_melden,1,243,12424,-15064,8408,-8034,226,-2699
nicht_melden,1,244,12056,-13368,7168,-7593,648,-1999
nicht_melden,1,245,11932,-12656,5660,-6950,868,-1314
nicht_melden,1,246,11364,-10572,4072,-6552,830,-1137
nicht_melden,1,247,11284,-9856,2812,-6346,1022,-1442
nicht_melden,1,248,10812,-9560,2496,-6227,1249,-1685
nicht_melden,1,249,9776,-9580,1976,-5948,990,-1787
nicht_melden,1,250,9000,-9216,1644,-5440,479,-1850
nicht_melden,1,251,9080,-8748,1064,-5034,149,-1974
nicht_melden,1,252,9124,-8524,-164,-4873,-1,-2203
nicht_melden,1,253,11020,-7728,-1504,-4595,-247,-2225
nicht_melden,1,254,15148,-6076,-1960,-4225,82,-2006
nicht_melden,1,255,18812,-5188,-2656,-3969,1128,-1802
nicht_melden,1,256,18768,-5028,-1884,-3988,2400,-1840
nicht_melden,1,257,17116,-5240,-688,-4051,3567,-2031
nicht_melden,1,258,14856,-5912,-612,-4000,4425,-2291
nicht_melden,1,259,14000,-6384,-1096,-3901,5375,-2575
nicht_melden,1,260,13052,-7652,-1516,-3910,6368,-3004
nicht_melden,1,261,10924,-7796,-1684,-3662,7264,-3416
nicht_melden,1,262,10272,-8112,-2084,-3371,8069,-3818
nicht_melden,1,263,10224,-7068,-1004,-2999,8738,-4219
nicht_melden,1,264,9400,-6940,-312,-2542,9195,-4416
nicht_melden,1,265,9288,-6416,924,-1855,9506,-4572
nicht_melden,1,266,8648,-6444,1616,-1099,9632,-4809
nicht_melden,1,267,7380,-7768,2628,49,9277,-5268
nicht_melden,1,268,5764,-5916,4012,741,8606,-5323
nicht_melden,1,269,4608,-5064,5052,1365,8032,-5366
nicht_melden,1,270,4252,-4068,6652,1783,7204,-5077
nicht_melden,1,271,5096,-1428,10536,2298,6285,-4361
nicht_melden,1,272,10000,156,11740,2240,5732,-3596
nicht_melden,1,273,14828,-1420,13772,1789,5401,-2931
nicht_melden,1,274,16452,-3604,13312,1692,5031,-2560
nicht_melden,1,275,21724,-8376,13144,1238,4481,-1751
nicht_melden,1,276,32156,-2236,32767,-180,346,2210
nicht_melden,1,277,32767,-16084,19140,-3696,4900,4338
nicht_melden,1,278,32352,-30356,8792,-2671,9992,3403
nicht_melden,1,279,8848,-23096,968,477,11071,1382
nicht_melden,1,280,-6960,-13972,1464,3597,9881,-157
nicht_melden,1,281,-15448,-3160,15048,4540,2110,-409
nicht_melden,1,282,-11016,-980,11212,1319,-1547,594
nicht_melden,1,283,2276,-4436,7408,-354,-683,2000
nicht_melden,1,284,5312,-604,13908,-1721,-324,2806
nicht_melden,1,285,4292,-2132,17088,-2066,286,1756
nicht_melden,1,286,4964,-3828,16692,-1367,962,652
nicht_melden,1,287,5176,-4940,13528,-467,1159,-156
nicht_melden,1,288,4736,-4364,10604,422,807,-655
nicht_melden,1,289,2416,-2988,9980,754,65,-822
nicht_melden,1,290,2696,-1912,10096,650,-981,-608
nicht_melden,1,291,1448,-1500,13272,278,-2011,-367
nicht_melden,1,292,5816,-3004,10316,-55,-1935,-29
nicht_melden,1,293,7856,-3540,9940,-177,-1322,29
nicht_melden,1,294,7836,-4700,9948,-65,-596,-239
nicht_melden,1,295,7440,-5196,10184,129,-31,-299
nicht_melden,1,296,6852,-5508,10544,191,122,-159
nicht_melden,1,297,6784,-5912,10984,104,164,-14
nicht_melden,1,298,7080,-6388,11644,37,202,75
nicht_melden,1,299,7352,-7124,11944,-4,228,61
nicht_melden,2,0,-4316,-4672,19148,5228,1587,-4661
nicht_melden,2,1,-1892,-5004,19128,5395,-207,-4084
nicht_melden,2,2,-1364,-5272,18384,5247,-1477,-3635
nicht_melden,2,3,-2784,-6664,17884,5019,-2382,-3506
nicht_melden,2,4,-1948,-6288,16844,4601,-2794,-3409
nicht_melden,2,5,-1896,-7332,14892,4027,-2462,-3470
nicht_melden,2,6,-1176,-5572,14160,3356,-1646,-3460
nicht_melden,2,7,-2212,-5340,13776,2677,-676,-3459
nicht_melden,2,8,-2512,-5064,12988,2141,60,-3567
nicht_melden,2,9,-2336,-5100,12024,1702,846,-3568
nicht_melden,2,10,-1460,-5528,12356,1370,1427,-3581
nicht_melden,2,11,-4204,-6296,14348,966,1718,-3611
nicht_melden,2,12,-6556,-8336,15672,1159,984,-4117
nicht_melden,2,13,-5848,-8092,15432,1320,666,-4143
nicht_melden,2,14,-4888,-6256,15996,1213,630,-3905
nicht_melden,2,15,-3616,-3780,17280,1128,641,-3685
nicht_melden,2,16,-2936,-3036,18004,984,680,-3516
nicht_melden,2,17,-2632,-3136,17856,663,1057,-3374
nicht_melden,2,18,-764,-2540,17016,532,1221,-3234
nicht_melden,2,19,-3660,-3852,16552,561,1414,-2854
nicht_melden,2,20,-4504,-3936,15276,852,1525,-2521
nicht_melden,2,21,-4100,-3068,14852,1034,1588,-2192
nicht_melden,2,22,-3592,-3240,13492,1006,2040,-1946
nicht_melden,2,23,-3788,-2896,14132,1083,2313,-1871
nicht_melden,2,24,-3872,-2036,14240,917,2797,-1738
nicht_melden,2,25,-5012,-2372,14004,743,3167,-1768
nicht_melden,2,26,-6572,-3340,14080,613,2916,-1938
nicht_melden,2,27,-7644,-3740,13156,600,2641,-1993
nicht_melden,2,28,-7464,-3352,11888,868,2232,-2019
nicht_melden,2,29,-8008,-3884,12056,939,1634,-2118
nicht_melden,2,30,-7132,-3368,11664,1160,1294,-2106
nicht_melden,2,31,-7236,-3088,11808,1162,1013,-2246
nicht_melden,2,32,-8072,-3704,12944,1205,686,-2487
nicht_melden,2,33,-7884,-3380,12228,1461,91,-2543
nicht_melden,2,34,-6676,-3156,9720,1428,-165,-2624
nicht_melden,2,35,-4040,-2456,11772,1577,36,-2388
nicht_melden,2,36,-3528,-540,12348,1211,686,-2113
nicht_melden,2,37,-3544,180,16640,755,1107,-2005
nicht_melden,2,38,-4488,944,13840,811,897,-1407
nicht_melden,2,39,-6528,-1140,16124,1813,-694,-843
nicht_melden,2,40,-5432,-3080,12924,2182,-1920,-571
nicht_melden,2,41,-6460,-4688,14928,2598,-3069,-445
nicht_melden,2,42,-7684,-4680,17844,2868,-4261,-544
nicht_melden,2,43,-5756,-3872,15744,2827,-4461,-709
nicht_melden,2,44,-3220,-3824,5784,2147,-3573,-854
nicht_melden,2,45,-6064,-4396,21624,1947,-3511,-906
nicht_melden,2,46,-4828,-3580,12024,1572,-3265,-1179
nicht_melden,2,47,-5492,-3492,14368,1932,-4379,-1239
nicht_melden,2,48,-2948,-1636,11528,1587,-3963,-1345
nicht_melden,2,49,-1888,-720,18816,1372,-4012,-1352
nicht_melden,2,50,-632,1344,16000,1374,-4366,-1277
nicht_melden,2,51,-300,2592,16752,1369,-4779,-1106
nicht_melden,2,52,2176,2724,13724,1358,-4840,-937
nicht_melden,2,53,3252,4044,12872,971,-3952,-696
nicht_melden,2,54,4596,5392,10412,568,-2553,-533
nicht_melden,2,55,8008,10452,15608,68,-1060,-263
nicht_melden,2,56,9080,14952,21048,-864,989,294
nicht_melden,2,57,7472,17556,27176,-2525,2395,706
nicht_melden,2,58,5388,16160,31880,-4186,2931,1251
nicht_melden,2,59,2796,11156,31940,-5182,2450,1847
nicht_melden,2,60,100,4988,31540,-5415,850,2404
nicht_melden,2,61,-3020,-168,30120,-4929,-1715,3159
nicht_melden,2,62,-6056,-3844,27216,-3609,-5495,3971
nicht_melden,2,63,-4380,-4184,22388,-2339,-8898,4765
nicht_melden,2,64,-6204,-6896,18604,-1552,-11470,5026
nicht_melden,2,65,-6120,-10344,12596,-575,-13656,5094
nicht_melden,2,66,-6248,-13492,7396,332,-15026,5083
nicht_melden,2,67,-4284,-14700,3760,1055,-15730,4988
nicht_melden,2,68,-1436,-14940,300,1328,-15281,4651
nicht_melden,2,69,-3224,-17672,236,1126,-13806,3824
nicht_melden,2,70,-2876,-15808,332,1301,-12771,2861
nicht_melden,2,71,-4488,-13604,3224,1342,-11613,1602
nicht_melden,2,72,-2292,-8396,4396,1688,-10957,594
nicht_melden,2,73,-2160,-4660,4724,1790,-9651,-418
nicht_melden,2,74,-900,-1984,4100,1644,-7909,-1558
nicht_melden,2,75,616,-400,3576,1149,-5501,-2609
nicht_melden,2,76,-328,-460,5188,729,-3224,-3597
nicht_melden,2,77,-196,68,7044,964,-2159,-4340
nicht_melden,2,78,68,408,7928,1461,-1766,-4925
nicht_melden,2,79,2324,948,7980,1954,-1736,-5387
nicht_melden,2,80,5408,1448,6892,2314,-1543,-5778
nicht_melden,2,81,8216,1716,6268,2418,-874,-6130
nicht_melden,2,82,10360,1440,6132,2417,66,-6340
nicht_melden,2,83,12004,1620,5848,2530,854,-6487
nicht_melden,2,84,14720,2872,5364,2635,1704,-6495
nicht_melden,2,85,15236,3024,5332,2770,2574,-6415
nicht_melden,2,86,16808,2636,4356,3088,3088,-6227
nicht_melden,2,87,17904,1564,4500,2852,4900,-5991
nicht_melden,2,88,17060,2400,3140,2629,6838,-5694
nicht_melden,2,89,13396,3576,3396,2191,9138,-5529
nicht_melden,2,90,7032,2860,2572,2111,11107,-5568
nicht_melden,2,91,2992,3192,2268,2697,11578,-5594
nicht_melden,2,92,-272,5456,-348,3333,12405,-5704
nicht_melden,2,93,-3484,6604,204,3940,12640,-5603
nicht_melden,2,94,-7576,4712,2960,4549,12552,-5815
nicht_melden,2,95,-12684,4832,7760,5450,11468,-6157
nicht_melden,2,96,-15412,5344,10132,6590,9369,-6340
nicht_melden,2,97,-11868,9964,8572,7478,7372,-6167
nicht_melden,2,98,-7540,8796,10956,7465,5462,-6576
nicht_melden,2,99,-5584,14968,3612,8541,4726,-6459
nicht_melden,2,100,-4588,10256,5448,8214,4433,-6157
nicht_melden,2,101,-3808,10344,5048,8535,3462,-5797
nicht_melden,2,102,-3716,9792,3520,9186,1994,-5526
nicht_melden,2,103,-3676,9040,5204,9875,105,-5213
nicht_melden,2,104,-1556,10216,5972,10590,-1929,-4652
nicht_melden,2,105,-488,10416,6428,11187,-3979,-4151
nicht_melden,2,106,760,11076,6580,11571,-5665,-3879
nicht_melden,2,107,2540,11772,7436,11733,-6943,-3582
nicht_melden,2,108,4676,12512,7968,11694,-7500,-3183
nicht_melden,2,109,8380,16536,7312,10675,-6926,-3111
nicht_melden,2,110,9844,18612,7744,8796,-5296,-3435
nicht_melden,2,111,10628,24016,7180,7131,-3335,-3426
nicht_melden,2,112,4632,27692,9588,5054,-1088,-2285
nicht_melden,2,113,1824,26596,8896,4346,-719,-1400
nicht_melden,2,114,4272,22812,5480,3802,-309,-763
nicht_melden,2,115,4188,16932,1564,3623,101,-147
nicht_melden,2,116,2796,13036,-660,3594,-61,501
nicht_melden,2,117,644,7688,-2824,3741,-569,566
nicht_melden,2,118,2764,9744,1160,4004,-1747,1057
nicht_melden,2,119,3940,14072,2184,4225,-1705,1307
nicht_melden,2,120,2492,16740,3124,3905,-902,1672
nicht_melden,2,121,844,16520,-1464,3609,126,1860
nicht_melden,2,122,3156,13112,-5200,3817,874,2006
nicht_melden,2,123,2088,17544,3640,3651,-725,2302
nicht_melden,2,124,-13944,8760,-6792,4195,-499,-368
nicht_melden,2,125,-11596,28800,8360,2426,-1784,1044
nicht_melden,2,126,-5648,12356,2140,3034,-3906,666
nicht_melden,2,127,-2376,14744,436,2613,-2405,-402
nicht_melden,2,128,-5704,13792,896,2001,-1351,-1286
nicht_melden,2,129,-6240,13480,-2804,2586,-1766,-1463
nicht_melden,2,130,-14388,31388,-1736,3428,-1639,-1198
nicht_melden,2,131,-17444,32767,-7608,2863,-872,886
nicht_melden,2,132,-15172,32767,-4112,1765,-670,594
nicht_melden,2,133,-13640,32767,948,363,-1248,130
nicht_melden,2,134,-9576,22776,-200,264,-1187,-474
nicht_melden,2,135,2064,12324,-1168,641,-343,-1258
nicht_melden,2,136,4644,5476,-2124,992,548,-2351
nicht_melden,2,137,1860,5396,-2436,1858,1108,-1808
nicht_melden,2,138,1792,9944,-4548,2123,754,-945
nicht_melden,2,139,-348,14308,-5732,1948,369,-844
nicht_melden,2,140,-3580,17012,-6852,1214,241,-954
nicht_melden,2,141,-4288,18904,-6376,575,208,-858
nicht_melden,2,142,-5076,19136,-5536,175,57,-836
nicht_melden,2,143,-6112,18552,-4244,-24,-76,-951
nicht_melden,2,144,-6320,17708,-3248,-66,-128,-960
nicht_melden,2,145,-5916,16424,-2780,156,-175,-859
nicht_melden,2,146,-4368,16100,-3648,389,75,-613
nicht_melden,2,147,-2536,17152,-3476,454,351,-526
nicht_melden,2,148,-1280,16352,-4792,438,650,-573
nicht_melden,2,149,-1604,16820,-5800,370,697,-586
nicht_melden,2,150,-1208,16732,-5920,158,834,-474
nicht_melden,2,151,-1864,17580,-5252,-18,1044,-278
nicht_melden,2,152,-2724,17036,-5884,-107,1170,-170
nicht_melden,2,153,-3924,17216,-4936,-140,1173,-31
nicht_melden,2,154,-5076,16972,-4620,-144,1186,-38
nicht_melden,2,155,-6120,15532,-5412,-106,1013,-164
nicht_melden,2,156,-5240,15388,-4860,-100,799,-74
nicht_melden,2,157,-3896,15796,-4236,-169,789,-78
nicht_melden,2,158,-3068,14892,-4552,-213,860,-213
nicht_melden,2,159,-2904,14896,-4564,-212,844,-282
nicht_melden,2,160,-2568,15500,-4024,-311,806,-339
nicht_melden,2,161,-2264,15724,-4128,-591,884,-457
nicht_melden,2,162,-2580,14908,-5264,-731,932,-562
nicht_melden,2,163,-3916,15392,-5504,-703,708,-516
nicht_melden,2,164,-3308,15284,-6356,-813,477,-463
nicht_melden,2,165,-4000,15020,-5264,-1238,581,-656
nicht_melden,2,166,-8304,11212,-3172,-1924,1199,-222
nicht_melden,2,167,-4648,15344,-5524,-1284,-114,122
nicht_melden,2,168,-2096,14892,-8228,-2067,707,227
nicht_melden,2,169,-5852,13028,-2120,-1679,37,297
nicht_melden,2,170,-5148,11628,-2592,-2028,161,279
nicht_melden,2,171,-4940,12080,-2160,-2077,373,318
nicht_melden,2,172,-3316,14344,-3148,-1932,359,534
nicht_melden,2,173,-4964,13360,-2456,-1675,279,883
nicht_melden,2,174,-6820,19960,-2804,-1200,-377,1591
nicht_melden,2,175,-1316,17288,-7052,-1812,-415,1690
nicht_melden,2,176,-48,16780,-7556,-2317,662,750
nicht_melden,2,177,-3588,15444,-2368,-2561,178,87
nicht_melden,2,178,-10716,17364,7572,-905,-892,61
nicht_melden,2,179,-1444,10424,-2920,-2223,-338,-177
nicht_melden,2,180,368,16908,-4856,-1478,-563,-1081
nicht_melden,2,181,-5892,26220,120,-2131,-1065,-950
nicht_melden,2,182,196,11768,216,-1142,-3205,-282
nicht_melden,2,183,-3128,15668,-636,-685,-2472,91
nicht_melden,2,184,-6096,18508,-964,-437,-3775,249
nicht_melden,2,185,-3280,17072,-4328,-1459,-5166,565
nicht_melden,2,186,-5980,15648,-2060,-1685,-5969,463
nicht_melden,2,187,-5432,17148,-1600,-2129,-6367,671
nicht_melden,2,188,-24000,32767,-6572,-3002,-5476,2855
nicht_melden,2,189,-3300,32767,-10536,-2403,-6683,2369
nicht_melden,2,190,-9008,16580,16600,-2428,-7768,3022
nicht_melden,2,191,-16304,-12840,11900,-12605,-4390,7659
nicht_melden,2,192,27484,-17260,13896,-7066,-13217,1191
nicht_melden,2,193,3176,6460,7660,-5340,-11450,314
nicht_melden,2,194,-9732,14708,11332,-3494,-13641,670
nicht_melden,2,195,-8912,13924,8820,-3363,-16310,897
nicht_melden,2,196,-1052,8764,6380,-3529,-17616,1089
nicht_melden,2,197,8080,7060,6816,-2525,-16002,875
nicht_melden,2,198,7016,8784,7896,-2454,-14635,1263
nicht_melden,2,199,6464,11976,7416,-1694,-13948,1838
nicht_melden,2,200,6896,18044,6856,-1387,-12661,2774
nicht_melden,2,201,6196,22116,9544,-1581,-11171,3512
nicht_melden,2,202,4748,22008,13768,-2528,-9536,3845
nicht_melden,2,203,5428,19796,13720,-3476,-8336,3894
nicht_melden,2,204,5628,17896,12860,-4275,-7392,3920
nicht_melden,2,205,6816,17260,10916,-4639,-7014,4008
nicht_melden,2,206,8484,17524,8972,-4656,-6941,4277
nicht_melden,2,207,10312,17784,7028,-4609,-6917,4646
nicht_melden,2,208,11228,17228,5604,-4419,-7067,5161
nicht_melden,2,209,11380,15908,4512,-4173,-7235,5559
nicht_melden,2,210,12336,15172,3380,-3989,-7268,5810
nicht_melden,2,211,13080,15640,2156,-4022,-7033,5958
nicht_melden,2,212,13800,15756,808,-4004,-6906,6115
nicht_melden,2,213,16452,13368,-1092,-3715,-6733,6442
nicht_melden,2,214,18024,12436,-3452,-3325,-5670,6797
nicht_melden,2,215,17140,12560,-5116,-3233,-4188,6895
nicht_melden,2,216,16588,11384,-5024,-3319,-2697,6818
nicht_melden,2,217,15944,11328,-5468,-3335,-1389,6747
nicht_melden,2,218,15568,10312,-4952,-3339,-248,6628
nicht_melden,2,219,16160,9336,-4820,-3318,651,6523
nicht_melden,2,220,17588,8836,-4572,-3213,1378,6504
nicht_melden,2,221,18852,8216,-4400,-3166,2205,6549
nicht_melden,2,222,18280,6772,-3636,-2986,2749,6625
nicht_melden,2,223,17732,6392,-3168,-2783,3006,6655
nicht_melden,2,224,18036,5200,-2876,-2543,3288,6708
nicht_melden,2,225,17204,3776,-2452,-2304,3684,6814
nicht_melden,2,226,17144,1952,-2148,-1988,4112,6895
nicht_melden,2,227,17572,1416,-1480,-1726,4901,7068
nicht_melden,2,228,16256,1296,-88,-1475,5601,7297
nicht_melden,2,229,15036,1736,996,-1264,6161,7412
nicht_melden,2,230,13796,1912,2008,-1152,6569,7468
nicht_melden,2,231,13996,1532,2876,-1033,6969,7539
nicht_melden,2,232,12456,1364,3632,-866,7219,7618
nicht_melden,2,233,12232,1064,3628,-657,7188,7706
nicht_melden,2,234,12672,1064,3636,-362,7106,7910
nicht_melden,2,235,11940,692,3416,-51,7084,8108
nicht_melden,2,236,11968,560,3620,221,7226,8267
nicht_melden,2,237,11928,676,4068,382,7466,8503
nicht_melden,2,238,11100,844,4384,528,7610,8679
nicht_melden,2,239,10576,928,4712,561,7684,8759
nicht_melden,2,240,9712,864,5380,633,7665,8874
nicht_melden,2,241,9248,1096,5884,846,7496,8946
nicht_melden,2,242,8504,876,6324,1077,7245,9082
nicht_melden,2,243,7712,560,6160,1209,6996,9124
nicht_melden,2,244,7496,-312,5716,1349,6796,9200
nicht_melden,2,245,6588,-556,5880,1518,6703,9357
nicht_melden,2,246,5136,-744,6540,1584,6656,9417
nicht_melden,2,247,4640,-524,6752,1464,6762,9365
nicht_melden,2,248,3824,-620,7188,1195,6957,9270
nicht_melden,2,249,2352,-1284,8008,810,7151,9109
nicht_melden,2,250,1792,-1692,7836,464,7296,8921
nicht_melden,2,251,424,-2156,8224,95,7381,8700
nicht_melden,2,252,-340,-2416,8100,-351,7702,8421
nicht_melden,2,253,-1612,-2336,7660,-881,8104,8046
nicht_melden,2,254,-2112,-3304,6856,-1345,8201,7632
nicht_melden,2,255,-3444,-3632,7228,-1547,7827,7171
nicht_melden,2,256,-4236,-3932,5944,-1542,7209,6741
nicht_melden,2,257,-5476,-3220,5844,-1388,6284,6273
nicht_melden,2,258,-6852,-2968,6444,-922,4893,5825
nicht_melden,2,259,-7484,44,7024,-879,3715,5764
nicht_melden,2,260,-6812,164,7556,157,1944,5857
nicht_melden,2,261,-8396,-3188,7488,1077,122,5806
nicht_melden,2,262,-6976,-1408,8316,1691,-1295,5331
nicht_melden,2,263,-6204,624,9016,1717,-1449,5019
nicht_melden,2,264,-7092,2008,11724,1462,-1427,4592
nicht_melden,2,265,-7056,2660,13056,1036,-1387,4223
nicht_melden,2,266,-6608,2772,13208,621,-1201,3866
nicht_melden,2,267,-6368,2792,12876,280,-1033,3534
nicht_melden,2,268,-6428,2496,12176,110,-969,3240
nicht_melden,2,269,-6452,2412,10336,81,-829,3072
nicht_melden,2,270,-6840,1856,10328,108,-704,2958
nicht_melden,2,271,-7836,768,10568,304,-984,2753
nicht_melden,2,272,-7900,1196,10568,617,-1279,2683
nicht_melden,2,273,-7248,1464,11100,825,-1510,2612
nicht_melden,2,274,-6656,1492,11700,991,-1514,2586
nicht_melden,2,275,-6648,1660,11848,1192,-1461,2609
nicht_melden,2,276,-6924,2000,12152,1401,-1477,2603
nicht_melden,2,277,-7224,2104,12280,1653,-1605,2582
nicht_melden,2,278,-7336,3312,13268,1808,-1797,2543
nicht_melden,2,279,-7268,2840,12452,2153,-1759,2505
nicht_melden,2,280,-5124,4696,11284,1926,-1421,2375
nicht_melden,2,281,-6300,3260,11180,1978,-911,2254
nicht_melden,2,282,-7052,3440,9564,2194,-854,2119
nicht_melden,2,283,-9172,3288,12876,2443,-1485,1837
nicht_melden,2,284,-7608,3132,13376,2061,-1097,1532
nicht_melden,2,285,-18464,5480,32767,1091,-3088,458
nicht_melden,2,286,-32768,9944,32767,-518,-5766,-558
nicht_melden,2,287,6688,3076,-428,260,-5030,-776
nicht_melden,2,288,5124,668,2244,-478,-1678,-337
nicht_melden,2,289,-3388,480,12896,-495,-1715,-255
nicht_melden,2,290,-4568,2328,16468,86,-3573,393
nicht_melden,2,291,-2096,848,10892,1272,-4859,735
nicht_melden,2,292,-8224,2924,17004,1410,-6346,268
nicht_melden,2,293,228,5624,12344,-157,-2833,148
nicht_melden,2,294,-1756,2428,16064,92,-1523,242
nicht_melden,2,295,-916,788,13940,230,281,-53
nicht_melden,2,296,576,1008,11276,-572,417,175
nicht_melden,2,297,-1228,-124,14456,4,-60,453
nicht_melden,2,298,-816,-1980,16924,289,-1183,676
nicht_melden,2,299,-2888,-1808,14756,1004,-2682,238
nicht_melden,3,0,-3872,1012,13388,192,-755,-66
nicht_melden,3,1,-3136,860,11824,170,-607,-99
nicht_melden,3,2,-1244,-592,11352,314,-595,-99
nicht_melden,3,3,-3232,-1308,12760,302,-517,-91
nicht_melden,3,4,-4560,-788,14688,384,-575,-230
nicht_melden,3,5,-3784,3104,16380,-218,-116,-489
nicht_melden,3,6,-3340,2460,16824,-587,180,-974
nicht_melden,3,7,-5484,2340,18316,-843,188,-804
nicht_melden,3,8,-5340,2584,17200,-936,-238,-818
nicht_melden,3,9,-4668,1924,15968,-1002,-419,-864
nicht_melden,3,10,-3908,1524,15044,-1301,-70,-921
nicht_melden,3,11,-3796,1732,15408,-1678,471,-1124
nicht_melden,3,12,-4140,1948,15728,-2087,939,-1347
nicht_melden,3,13,-5472,1796,15940,-2267,906,-1598
nicht_melden,3,14,-5772,1028,16260,-2373,606,-1705
nicht_melden,3,15,-6376,48,16336,-2167,-79,-1742
nicht_melden,3,16,-5776,320,15732,-1793,-867,-1692
nicht_melden,3,17,-4784,1068,14736,-1830,-858,-1799
nicht_melden,3,18,-5244,1212,14708,-2112,-526,-2166
nicht_melden,3,19,-6160,592,15064,-2327,-311,-2405
nicht_melden,3,20,-6720,380,15160,-2349,-401,-2533
nicht_melden,3,21,-6800,284,14808,-2360,-492,-2655
nicht_melden,3,22,-6636,396,14348,-2404,-463,-2854
nicht_melden,3,23,-7072,592,14656,-2401,-499,-3056
nicht_melden,3,24,-6868,1196,14660,-2367,-576,-3203
nicht_melden,3,25,-6268,1740,14292,-2364,-612,-3370
nicht_melden,3,26,-6016,2172,14112,-2340,-594,-3498
nicht_melden,3,27,-5600,2372,13728,-2308,-555,-3591
nicht_melden,3,28,-5092,2732,13340,-2260,-493,-3677
nicht_melden,3,29,-4572,2888,12704,-2245,-376,-3760
nicht_melden,3,30,-3668,2820,12268,-2251,-278,-3854
nicht_melden,3,31,-3512,2644,11452,-2204,-221,-3974
nicht_melden,3,32,-3512,2584,11232,-2040,-342,-4078
nicht_melden,3,33,-2552,2500,10920,-1769,-503,-4115
nicht_melden,3,34,-2140,2856,11032,-1464,-619,-4049
nicht_melden,3,35,-768,3188,10160,-1231,-729,-3968
nicht_melden,3,36,324,3136,9540,-1083,-521,-3867
nicht_melden,3,37,1088,2928,9076,-948,-192,-3747
nicht_melden,3,38,1736,2244,8780,-728,63,-3627
nicht_melden,3,39,1524,1556,8916,-407,255,-3454
nicht_melden,3,40,1188,1492,10068,-38,176,-3306
nicht_melden,3,41,1104,1436,11004,431,-159,-3056
nicht_melden,3,42,908,752,10636,1016,-751,-2790
nicht_melden,3,43,1136,-512,10332,1707,-1519,-2522
nicht_melden,3,44,1360,-1036,9416,2514,-2197,-2247
nicht_melden,3,45,2044,-976,9320,3178,-2757,-1929
nicht_melden,3,46,3032,-576,9416,3760,-3093,-1578
nicht_melden,3,47,4360,-416,9124,4264,-3137,-1205
nicht_melden,3,48,5884,-4,8948,4690,-2693,-842
nicht_melden,3,49,7856,420,8472,4526,-1233,-642
nicht_melden,3,50,7264,560,8964,4246,619,-542
nicht_melden,3,51,7108,60,9196,3376,3200,-680
nicht_melden,3,52,4632,-880,11184,2472,5434,-825
nicht_melden,3,53,4064,-1248,12684,1874,6823,-687
nicht_melden,3,54,5000,-2908,13632,1598,7468,-226
nicht_melden,3,55,4888,-3164,14788,1681,7645,383
nicht_melden,3,56,4372,-2276,14740,1722,7900,736
nicht_melden,3,57,2872,-2628,15816,1169,8176,927
nicht_melden,3,58,-348,-3244,16012,713,8108,1031
nicht_melden,3,59,-1352,-3820,15180,335,7948,1168
nicht_melden,3,60,-768,-4556,12852,113,7530,1571
nicht_melden,3,61,-524,-4076,10616,405,6698,2046
nicht_melden,3,62,-236,-4060,8636,555,6103,2522
nicht_melden,3,63,-1196,-3572,6780,1029,5138,2856
nicht_melden,3,64,-4476,-3948,6356,1510,4069,3097
nicht_melden,3,65,-7216,-4432,6840,2169,2704,3415
nicht_melden,3,66,-8000,-4772,7328,2947,1098,3714
nicht_melden,3,67,-8368,-4616,8364,3682,-492,3832
nicht_melden,3,68,-8568,-3856,9552,4110,-1740,3727
nicht_melden,3,69,-8000,-3216,9884,4251,-2609,3523
nicht_melden,3,70,-7492,-3408,10716,4364,-3280,3282
nicht_melden,3,71,-7200,-3776,11396,4571,-4023,2990
nicht_melden,3,72,-6900,-4052,11940,4758,-4702,2687
nicht_melden,3,73,-6744,-3844,13172,4964,-5461,2376
nicht_melden,3,74,-6956,-3332,14540,5115,-6270,2037
nicht_melden,3,75,-6664,-1984,15712,5157,-7191,1788
nicht_melden,3,76,-6516,-1592,15316,5204,-8213,1610
nicht_melden,3,77,-6388,-2256,14772,5264,-8949,1502
nicht_melden,3,78,-4600,-996,13472,5338,-9483,1164
nicht_melden,3,79,-2940,1244,13004,5188,-9599,1056
nicht_melden,3,80,-4344,2700,13096,5087,-9513,1029
nicht_melden,3,81,-3884,1196,13260,5732,-9924,1275
nicht_melden,3,82,1616,10184,10984,4570,-9553,2171
nicht_melden,3,83,-3588,5916,14316,5001,-8192,3261
nicht_melden,3,84,5108,8436,14832,5198,-7429,3914
nicht_melden,3,85,4704,10688,15616,4725,-6481,4173
nicht_melden,3,86,6144,13636,15624,3816,-5759,3666
nicht_melden,3,87,5284,15912,17200,2647,-4305,3049
nicht_melden,3,88,3960,14828,17560,2125,-3768,2351
nicht_melden,3,89,2056,16176,19216,1634,-2981,1730
nicht_melden,3,90,12,15032,19420,1538,-2485,1113
nicht_melden,3,91,44,15312,19300,1123,-2269,881
nicht_melden,3,92,-888,13580,18476,787,-2123,669
nicht_melden,3,93,-216,12536,16556,383,-1921,311
nicht_melden,3,94,20,12080,14552,-124,-1701,-53
nicht_melden,3,95,1172,11648,13120,-414,-1856,-268
nicht_melden,3,96,2296,11228,12056,-448,-2031,-259
nicht_melden,3,97,4540,11548,11256,-452,-2325,-226
nicht_melden,3,98,6120,11208,9796,-408,-2494,-268
nicht_melden,3,99,8888,11376,7644,-566,-2301,-422
nicht_melden,3,100,9620,11056,7436,-811,-1935,-403
nicht_melden,3,101,9632,11332,8028,-1135,-1865,-397
nicht_melden,3,102,8936,10640,8488,-1151,-1937,-236
nicht_melden,3,103,9692,9808,8032,-1137,-2224,4
nicht_melden,3,104,10004,9848,8196,-1420,-2136,73
nicht_melden,3,105,9840,9564,8672,-1849,-1895,33
nicht_melden,3,106,9392,8836,9032,-2141,-1963,24
nicht_melden,3,107,8692,7992,9400,-2194,-2528,100
nicht_melden,3,108,8428,7464,8852,-2081,-3171,225
nicht_melden,3,109,7396,6712,8648,-1753,-4305,448
nicht_melden,3,110,7660,6788,8292,-1076,-5635,745
nicht_melden,3,111,8540,7408,8276,-487,-6665,1081
nicht_melden,3,112,8452,7664,8844,-219,-6974,1410
nicht_melden,3,113,9412,7404,7804,292,-7401,1382
nicht_melden,3,114,9808,8264,6844,120,-6770,1241
nicht_melden,3,115,9372,8016,6780,-204,-5738,1064
nicht_melden,3,116,9228,7432,6400,-587,-4549,832
nicht_melden,3,117,10124,7740,5112,-867,-3139,681
nicht_melden,3,118,13020,7664,2140,-1138,-1180,665
nicht_melden,3,119,18676,9028,-1292,-1329,2260,896
nicht_melden,3,120,21300,10236,96,-2048,5988,1264
nicht_melden,3,121,20720,10160,2936,-2610,8374,1539
nicht_melden,3,122,19444,9280,5268,-2768,9808,1587
nicht_melden,3,123,15948,7100,7484,-2681,10531,1597
nicht_melden,3,124,12668,4864,8112,-2429,10792,1605
nicht_melden,3,125,8912,2704,8512,-2218,11040,1619
nicht_melden,3,126,6168,1484,8200,-2021,11103,1660
nicht_melden,3,127,4992,380,8148,-1846,10851,1675
nicht_melden,3,128,4556,680,8276,-1676,10168,1768
nicht_melden,3,129,2908,296,8568,-1508,9223,1686
nicht_melden,3,130,300,-8232,9744,-1061,7865,1553
nicht_melden,3,131,-1408,-2864,10236,-405,6298,1265
nicht_melden,3,132,1124,1532,10952,-375,3952,859
nicht_melden,3,133,2020,3564,8576,-328,2289,752
nicht_melden,3,134,-484,1220,8100,263,1194,872
nicht_melden,3,135,-1260,132,8140,735,386,1166
nicht_melden,3,136,744,224,7748,1620,-575,926
nicht_melden,3,137,2356,2904,7156,2165,-1175,594
nicht_melden,3,138,2924,4316,8476,2180,-1520,396
nicht_melden,3,139,968,5260,10644,1947,-2405,-188
nicht_melden,3,140,-3228,5896,12048,1749,-4286,-361
nicht_melden,3,141,-1656,8724,11864,2062,-6547,-142
nicht_melden,3,142,1496,7348,11192,2500,-8550,-115
nicht_melden,3,143,4200,9748,9556,2997,-9525,-18
nicht_melden,3,144,7136,13688,11660,2523,-10380,248
nicht_melden,3,145,15928,19392,10748,2254,-10768,670
nicht_melden,3,146,19624,21368,8532,2120,-8856,892
nicht_melden,3,147,23692,22896,6336,1181,-5093,660
nicht_melden,3,148,21820,20980,6560,-27,-1282,489
nicht_melden,3,149,16460,19960,7104,-1062,1806,349
nicht_melden,3,150,12628,17504,8144,-1819,3764,256
nicht_melden,3,151,9500,15852,8908,-2230,4773,251
nicht_melden,3,152,8460,14384,10188,-2170,5496,461
nicht_melden,3,153,8056,14216,11768,-2162,6236,647
nicht_melden,3,154,5748,14008,13480,-2304,6872,557
nicht_melden,3,155,3832,13056,14416,-2702,7167,579
nicht_melden,3,156,3376,12848,14892,-3185,7207,638
nicht_melden,3,157,1804,10844,14920,-3651,7178,587
nicht_melden,3,158,-420,8548,14436,-4000,6673,516
nicht_melden,3,159,-2568,7384,13832,-4115,5801,210
nicht_melden,3,160,-1088,8680,14412,-4305,5111,131
nicht_melden,3,161,604,8404,14284,-4466,4455,36
nicht_melden,3,162,692,7020,14392,-4556,4038,-401
nicht_melden,3,163,868,5728,14300,-4604,3615,-645
nicht_melden,3,164,-664,4656,14376,-4504,3045,-859
nicht_melden,3,165,-780,5048,15084,-4720,2490,-1097
nicht_melden,3,166,-524,4140,14056,-4709,2342,-1353
nicht_melden,3,167,484,2568,13892,-4789,2097,-1537
nicht_melden,3,168,148,2144,13256,-4828,2187,-1985
nicht_melden,3,169,-336,1532,13848,-4903,2069,-2474
nicht_melden,3,170,52,4204,17460,-5426,1146,-3476
nicht_melden,3,171,-1064,-1212,15592,-4640,-882,-2659
nicht_melden,3,172,-3492,-652,14532,-4282,-2367,-2580
nicht_melden,3,173,-1552,-212,14484,-3843,-3407,-2014
nicht_melden,3,174,324,4,12904,-3273,-3665,-1137
nicht_melden,3,175,3524,168,13164,-2584,-3780,-133
nicht_melden,3,176,6008,-68,13548,-2201,-3815,646
nicht_melden,3,177,6496,-496,13908,-2319,-3747,834
nicht_melden,3,178,4332,-2476,14568,-2483,-3969,697
nicht_melden,3,179,1436,-3904,14860,-2794,-4189,488
nicht_melden,3,180,2492,-5324,10752,-2221,-4412,310
nicht_melden,3,181,5740,-5532,7632,-2099,-3759,240
nicht_melden,3,182,4528,-4176,8468,-2596,-3240,-49
nicht_melden,3,183,5740,-4156,7784,-2825,-2804,-424
nicht_melden,3,184,4416,-4536,9040,-3538,-1965,-968
nicht_melden,3,185,1420,-3748,13444,-4171,-1908,-1527
nicht_melden,3,186,2576,-7424,9400,-3674,-2362,-1952
nicht_melden,3,187,-448,-7732,13144,-3241,-3370,-2285
nicht_melden,3,188,848,-6284,12588,-2963,-4161,-2374
nicht_melden,3,189,1192,-4896,10512,-2678,-4968,-2671
nicht_melden,3,190,3732,-3708,8772,-2975,-4604,-3068
nicht_melden,3,191,4080,-3392,8116,-3226,-4230,-3506
nicht_melden,3,192,4452,-2848,8076,-3279,-4051,-3877
nicht_melden,3,193,4880,-1928,9212,-3313,-3800,-4158
nicht_melden,3,194,5128,-1044,10708,-3604,-3384,-4466
nicht_melden,3,195,4824,-652,11624,-3867,-3173,-4778
nicht_melden,3,196,5172,4,11688,-4076,-3052,-4967
nicht_melden,3,197,5260,584,12008,-4441,-2897,-5187
nicht_melden,3,198,5796,1172,11848,-4657,-3113,-5419
nicht_melden,3,199,7000,1272,11352,-4842,-3164,-5548
nicht_melden,3,200,6920,1052,11788,-5120,-3040,-5678
nicht_melden,3,201,6896,1172,12236,-5189,-3547,-5780
nicht_melden,3,202,6944,1128,12944,-5249,-4117,-5809
nicht_melden,3,203,7164,876,12520,-5382,-4573,-5831
nicht_melden,3,204,8104,436,10884,-5460,-4919,-5794
nicht_melden,3,205,9848,196,8296,-5364,-5094,-5754
nicht_melden,3,206,11912,-164,7512,-5767,-4489,-5780
nicht_melden,3,207,10872,-1312,8556,-5726,-4727,-5700
nicht_melden,3,208,10096,-1056,7992,-5235,-5773,-5444
nicht_melden,3,209,10388,-112,7096,-4816,-6838,-5143
nicht_melden,3,210,12284,340,6000,-4708,-7230,-4795
nicht_melden,3,211,13576,824,5072,-4717,-7400,-4421
nicht_melden,3,212,15152,1080,3732,-4681,-7543,-3971
nicht_melden,3,213,16056,1336,2616,-4482,-7916,-3478
nicht_melden,3,214,16944,476,1024,-4199,-8206,-2900
nicht_melden,3,215,17008,-116,88,-3883,-8593,-2399
nicht_melden,3,216,17048,-272,-1928,-3637,-8921,-1924
nicht_melden,3,217,17972,144,-4324,-3562,-8546,-1611
nicht_melden,3,218,17480,-288,-5116,-3840,-7135,-1399
nicht_melden,3,219,18140,324,-6304,-4018,-5814,-1173
nicht_melden,3,220,18596,1724,-7048,-4371,-4236,-1060
nicht_melden,3,221,17792,1456,-7572,-4701,-2636,-1076
nicht_melden,3,222,17464,1736,-8468,-4552,-1869,-1209
nicht_melden,3,223,17896,1336,-8416,-4262,-1304,-1316
nicht_melden,3,224,17880,1276,-8300,-3949,-837,-1375
nicht_melden,3,225,18472,1144,-8108,-3519,-682,-1355
nicht_melden,3,226,19524,1120,-8236,-3145,-457,-1250
nicht_melden,3,227,19444,956,-8384,-2748,-266,-1073
nicht_melden,3,228,19272,504,-8072,-2281,-269,-895
nicht_melden,3,229,19372,-76,-8144,-1750,-497,-677
nicht_melden,3,230,19832,24,-8860,-1152,-914,-414
nicht_melden,3,231,20000,-232,-10328,-714,-882,-200
nicht_melden,3,232,19864,-800,-11140,-371,-509,-56
nicht_melden,3,233,19620,-900,-12212,-99,25,39
nicht_melden,3,234,19296,-828,-12612,0,887,30
nicht_melden,3,235,19104,-380,-12548,81,1748,6
nicht_melden,3,236,19040,-108,-12340,206,2464,37
nicht_melden,3,237,19304,180,-12120,325,3170,81
nicht_melden,3,238,19040,376,-11412,432,3864,177
nicht_melden,3,239,18664,408,-10396,577,4369,308
nicht_melden,3,240,18216,352,-9152,787,4580,467
nicht_melden,3,241,18164,172,-8236,1072,4631,638
nicht_melden,3,242,18336,212,-6772,1390,4531,863
nicht_melden,3,243,18976,312,-6216,1777,4301,1136
nicht_melden,3,244,19320,432,-5488,2122,4140,1437
nicht_melden,3,245,19724,344,-5092,2572,3930,1778
nicht_melden,3,246,19636,-300,-4708,3027,3749,2076
nicht_melden,3,247,19912,-72,-4156,3382,3711,2414
nicht_melden,3,248,20132,500,-2964,3732,3641,2805
nicht_melden,3,249,19032,764,-1864,4050,3528,3177
nicht_melden,3,250,18380,956,-1112,4365,3297,3453
nicht_melden,3,251,18108,1060,-488,4582,3140,3691
nicht_melden,3,252,18156,776,-208,4750,3238,3862
nicht_melden,3,253,18208,584,408,4878,3395,4109
nicht_melden,3,254,17756,484,1300,4937,3585,4385
nicht_melden,3,255,16856,84,1312,5062,3539,4680
nicht_melden,3,256,16876,-480,1688,5284,3517,4940
nicht_melden,3,257,15984,40,2408,5195,3742,5190
nicht_melden,3,258,15928,-656,3388,5441,3659,5417
nicht_melden,3,259,14928,-296,4248,5495,3716,5739
nicht_melden,3,260,14180,88,5404,5616,3441,5928
nicht_melden,3,261,12884,-296,7464,5871,3262,6278
nicht_melden,3,262,10788,192,9036,5955,2955,6361
nicht_melden,3,263,9124,24,10488,5639,3208,6223
nicht_melden,3,264,9088,-728,10568,4961,3897,5903
nicht_melden,3,265,10652,-1224,10528,4168,4705,5660
nicht_melden,3,266,13004,-1584,10680,3555,5415,5741
nicht_melden,3,267,14084,-1704,10516,2994,6232,5998
nicht_melden,3,268,13752,-1184,9832,2513,6895,6249
nicht_melden,3,269,12148,-1072,9444,2220,7326,6535
nicht_melden,3,270,10304,-812,9420,2013,7567,6826
nicht_melden,3,271,8628,-912,9544,1872,7519,7120
nicht_melden,3,272,7400,-1752,9280,1904,7309,7372
nicht_melden,3,273,4968,-2672,9328,2070,6785,7526
nicht_melden,3,274,1972,-2972,8764,2408,6073,7530
nicht_melden,3,275,-1096,-2900,7556,2844,5254,7497
nicht_melden,3,276,-1092,-2904,8444,3139,4168,7512
nicht_melden,3,277,-3420,-3316,8636,3293,2801,7187
nicht_melden,3,278,-5576,-3456,9376,3699,1156,6853
nicht_melden,3,279,-5420,-2800,10832,4288,-209,6729
nicht_melden,3,280,-3484,-2048,12472,4633,-590,6501
nicht_melden,3,281,-2216,-1068,13928,4647,-606,6097
nicht_melden,3,282,-1524,476,15632,4371,-572,5687
nicht_melden,3,283,-844,1272,16348,3915,-735,5234
nicht_melden,3,284,-120,1684,16872,3444,-1087,4711
nicht_melden,3,285,-144,1328,16748,2981,-1275,4086
nicht_melden,3,286,-580,752,16820,2552,-1191,3325
nicht_melden,3,287,-1412,408,17352,2123,-1021,2523
nicht_melden,3,288,-3144,-12,17980,1571,-748,1637
nicht_melden,3,289,-5156,-324,19140,999,-943,818
nicht_melden,3,290,-6544,-188,19828,535,-1584,174
nicht_melden,3,291,-6592,-268,20144,106,-2324,-331
nicht_melden,3,292,-6004,-380,20516,-350,-3107,-837
nicht_melden,3,293,-4776,-484,20024,-802,-3684,-1322
nicht_melden,3,294,-3220,-472,19428,-1354,-3821,-1834
nicht_melden,3,295,-1268,-260,18552,-1997,-3832,-2473
nicht_melden,3,296,-184,-72,17876,-2667,-3749,-3119
nicht_melden,3,297,476,-576,17280,-3220,-3675,-3701
nicht_melden,3,298,1504,-848,16288,-3644,-3687,-4163
nicht_melden,3,299,2572,-852,15276,-3877,-3738,-4551
nicht_melden,4,0,6016,1008,12800,2156,-3750,177
nicht_melden,4,1,5544,3076,14048,1964,-2957,299
nicht_melden,4,2,3292,4152,15380,1823,-2313,312
nicht_melden,4,3,1460,5324,15932,1957,-2103,296
nicht_melden,4,4,1532,6232,15896,1960,-1859,380
nicht_melden,4,5,3448,7180,15668,1764,-1589,458
nicht_melden,4,6,6160,7668,14480,1173,-473,436
nicht_melden,4,7,7316,7100,13772,599,780,346
nicht_melden,4,8,8244,6024,13752,-28,2252,249
nicht_melden,4,9,6900,4272,13968,-862,3933,110
nicht_melden,4,10,2776,888,12616,-1612,4691,-192
nicht_melden,4,11,1484,-604,12272,-1451,3847,-190
nicht_melden,4,12,1652,-464,11988,-1386,3249,-206
nicht_melden,4,13,1640,-836,12104,-1321,3013,-248
nicht_melden,4,14,2112,-396,13092,-1199,2523,-337
nicht_melden,4,15,4424,740,14992,-1203,1332,-317
nicht_melden,4,16,3432,-328,14188,-520,-778,-450
nicht_melden,4,17,4048,1712,11724,250,-2883,-502
nicht_melden,4,18,5344,1900,6932,514,-3380,-580
nicht_melden,4,19,6684,900,5332,209,-2677,-780
nicht_melden,4,20,8344,-192,5940,-324,-1275,-1069
nicht_melden,4,21,7092,-1820,8444,-814,-279,-1545
nicht_melden,4,22,5332,-3704,10748,-1077,135,-1980
nicht_melden,4,23,3664,-5116,11828,-1095,6,-2338
nicht_melden,4,24,3344,-5300,12228,-889,-445,-2445
nicht_melden,4,25,5076,-4428,11776,-532,-842,-2243
nicht_melden,4,26,7040,-2952,12296,-121,-939,-1869
nicht_melden,4,27,7672,-1720,12880,368,-638,-1514
nicht_melden,4,28,7188,164,14140,432,496,-1234
nicht_melden,4,29,3704,-384,16092,127,1165,-1463
nicht_melden,4,30,608,2448,18088,-154,1634,-1142
nicht_melden,4,31,-1208,2324,20852,-248,985,-1284
nicht_melden,4,32,1172,3240,20972,-263,184,-1179
nicht_melden,4,33,3632,2200,20168,-550,10,-1104
nicht_melden,4,34,5548,640,17960,-632,-246,-853
nicht_melden,4,35,6072,-188,16884,-940,-164,-812
nicht_melden,4,36,5568,-1512,16352,-1480,148,-975
nicht_melden,4,37,5716,-2652,13284,-1356,-346,-1002
nicht_melden,4,38,7600,-1496,10888,-997,-928,-787
nicht_melden,4,39,7716,-624,8212,-849,-954,-661
nicht_melden,4,40,7184,-276,5960,-565,-1043,-703
nicht_melden,4,41,6876,472,5200,-562,-737,-922
nicht_melden,4,42,5532,-240,5820,-724,-216,-1369
nicht_melden,4,43,5492,-1960,6580,-841,-86,-1754
nicht_melden,4,44,6184,-3468,8924,-797,-125,-1907
nicht_melden,4,45,6280,-4220,11324,-785,-791,-2036
nicht_melden,4,46,7472,-4268,11772,-553,-1299,-1958
nicht_melden,4,47,9076,-3184,12040,-429,-1391,-1787
nicht_melden,4,48,9992,-1612,12868,-346,-1151,-1530
nicht_melden,4,49,10120,48,13332,-328,-780,-1220
nicht_melden,4,50,9244,932,13732,-111,204,-866
nicht_melden,4,51,6896,996,14408,-388,1015,-893
nicht_melden,4,52,3800,272,15524,-502,862,-1049
nicht_melden,4,53,3052,1516,17352,-656,673,-646
nicht_melden,4,54,3524,1264,17372,-261,-268,-395
nicht_melden,4,55,5292,964,16396,-270,-492,-218
nicht_melden,4,56,5672,0,15516,-366,-476,-152
nicht_melden,4,57,6416,-548,15272,-484,-328,-119
nicht_melden,4,58,6976,-492,15532,-1023,259,-244
nicht_melden,4,59,6596,-900,17080,-1762,808,-526
nicht_melden,4,60,6240,-1868,17572,-2427,829,-837
nicht_melden,4,61,5032,-3700,14164,-2584,254,-1010
nicht_melden,4,62,4452,-4600,9016,-2051,-769,-1039
nicht_melden,4,63,4548,-2992,5004,-1633,-1142,-1124
nicht_melden,4,64,5752,-900,3568,-1448,-732,-1289
nicht_melden,4,65,4780,164,3348,-1435,-151,-1649
nicht_melden,4,66,4840,368,4516,-1208,-97,-2023
nicht_melden,4,67,5048,-948,6224,-1037,-195,-2324
nicht_melden,4,68,5816,-2300,7504,-919,-172,-2524
nicht_melden,4,69,6168,-3436,10680,-1066,-20,-2703
nicht_melden,4,70,7816,-4572,10844,-889,197,-2665
nicht_melden,4,71,8672,-4172,11996,-854,320,-2798
nicht_melden,4,72,9944,-3088,12868,-910,836,-2708
nicht_melden,4,73,11204,-1860,13100,-946,1711,-2402
nicht_melden,4,74,11120,-600,13336,-1103,2885,-2057
nicht_melden,4,75,7920,-96,14872,-1056,3758,-1754
nicht_melden,4,76,5576,1132,16444,-956,4155,-1369
nicht_melden,4,77,2264,1784,18908,-1024,4410,-884
nicht_melden,4,78,-1204,1512,20668,-976,3741,-506
nicht_melden,4,79,-2424,828,21576,-850,2525,-124
nicht_melden,4,80,-1476,-924,21756,-499,915,244
nicht_melden,4,81,632,-2632,19628,-52,-450,467
nicht_melden,4,82,2388,-3696,17548,152,-1133,503
nicht_melden,4,83,3320,-4384,16736,-15,-1165,340
nicht_melden,4,84,3960,-4928,15520,-397,-964,58
nicht_melden,4,85,4672,-5584,14260,-784,-941,-183
nicht_melden,4,86,6436,-6052,10704,-602,-1330,-99
nicht_melden,4,87,8936,-3412,8644,-57,-1880,299
nicht_melden,4,88,9320,-1452,6472,128,-1793,434
nicht_melden,4,89,8664,-628,4196,188,-1389,289
nicht_melden,4,90,5816,-232,4524,116,-868,-200
nicht_melden,4,91,4752,464,4396,-151,-212,-774
nicht_melden,4,92,3584,-920,5580,-372,424,-1286
nicht_melden,4,93,3048,-3112,7280,-131,96,-1658
nicht_melden,4,94,3980,-3948,8520,211,-476,-1866
nicht_melden,4,95,4796,-5084,8216,330,-725,-2094
nicht_melden,4,96,5692,-4992,8556,381,-831,-2387
nicht_melden,4,97,6880,-4176,10916,39,-564,-2702
nicht_melden,4,98,6424,-3020,15912,-575,-50,-2970
nicht_melden,4,99,5296,-3440,17896,-842,-105,-3136
nicht_melden,4,100,2664,-4368,18816,-1178,-433,-3452
nicht_melden,4,101,1648,-3696,18328,-1049,-941,-3627
nicht_melden,4,102,1768,-1748,18228,-1091,-1183,-3671
nicht_melden,4,103,2568,-740,18500,-977,-1656,-3591
nicht_melden,4,104,3972,548,17956,-639,-2207,-3382
nicht_melden,4,105,4940,1576,18012,-404,-2556,-2919
nicht_melden,4,106,5332,1500,16604,-432,-2440,-2608
nicht_melden,4,107,4936,1552,17300,-342,-2133,-2153
nicht_melden,4,108,5112,1200,14596,-641,-1492,-1960
nicht_melden,4,109,6664,384,12616,-670,-614,-1744
nicht_melden,4,110,8496,376,12884,-1077,859,-1620
nicht_melden,4,111,9212,376,14176,-1698,2196,-1602
nicht_melden,4,112,9640,-316,15180,-2378,3232,-1615
nicht_melden,4,113,8304,-2612,15936,-2987,3566,-1681
nicht_melden,4,114,6356,-5384,11092,-2454,2603,-1586
nicht_melden,4,115,7732,-3884,9552,-1226,1118,-1199
nicht_melden,4,116,10256,-1240,6004,-582,676,-783
nicht_melden,4,117,8124,-688,4912,-109,209,-808
nicht_melden,4,118,6744,204,5996,-37,-168,-1258
nicht_melden,4,119,5600,56,8632,-425,-121,-1874
nicht_melden,4,120,5796,-1280,10968,-819,-152,-2385
nicht_melden,4,121,5132,-2340,13264,-1122,-527,-2789
nicht_melden,4,122,4520,-2912,14224,-1084,-1432,-3047
nicht_melden,4,123,5116,-2956,13592,-927,-2233,-3136
nicht_melden,4,124,7304,-1320,12980,-628,-2975,-2997
nicht_melden,4,125,8892,-1256,11768,-530,-3548,-2996
nicht_melden,4,126,10624,-1468,11440,-326,-3474,-2590
nicht_melden,4,127,10984,-1948,11556,-83,-3055,-2190
nicht_melden,4,128,7140,-2052,15172,-62,-2661,-2023
nicht_melden,4,129,2432,-220,19164,-473,-2262,-1908
nicht_melden,4,130,3092,2492,22280,-1099,-1672,-1906
nicht_melden,4,131,5072,2352,21244,-1146,-1858,-1741
nicht_melden,4,132,12220,1944,16388,-883,-1868,-1073
nicht_melden,4,133,16788,-748,10548,-804,-642,-246
nicht_melden,4,134,16564,-2112,7844,-743,709,497
nicht_melden,4,135,15696,-2100,7040,-1025,2124,852
nicht_melden,4,136,11656,-3096,5468,-1601,3304,775
nicht_melden,4,137,8980,-3860,3376,-1513,3556,583
nicht_melden,4,138,8948,-1936,4924,-1273,3141,403
nicht_melden,4,139,6192,-628,5516,-784,2278,103
nicht_melden,4,140,2720,1172,4828,-203,766,-452
nicht_melden,4,141,2924,2140,4728,121,-301,-1097
nicht_melden,4,142,4468,1264,5684,106,-770,-1731
nicht_melden,4,143,7092,40,7000,82,-1131,-2131
nicht_melden,4,144,8972,-1000,9076,-15,-1299,-2425
nicht_melden,4,145,11072,-1560,8980,-215,-1068,-2551
nicht_melden,4,146,12188,-2312,9424,-324,-710,-2598
nicht_melden,4,147,13940,-1252,9112,-512,181,-2621
nicht_melden,4,148,14444,-2192,9236,-1085,1861,-2700
nicht_melden,4,149,14472,-2144,10544,-1305,3864,-2450
nicht_melden,4,150,12048,-1428,12604,-2001,5855,-2566
nicht_melden,4,151,11628,60,12168,-2946,8722,-2663
nicht_melden,4,152,11412,1396,14296,-3974,11775,-2631
nicht_melden,4,153,6272,2384,20564,-5030,12453,-2699
nicht_melden,4,154,4176,880,21104,-4865,11696,-2219
nicht_melden,4,155,1700,-512,25748,-4252,9254,-841
nicht_melden,4,156,856,-1688,23532,-3239,5619,788
nicht_melden,4,157,1080,-684,20408,-2423,2240,1672
nicht_melden,4,158,-1608,24,16228,-2184,143,2071
nicht_melden,4,159,3404,2784,9776,-1274,-1338,2472
nicht_melden,4,160,2340,1124,13600,-1047,-1562,2767
nicht_melden,4,161,6976,1744,12640,-1380,-1686,2469
nicht_melden,4,162,7644,1136,12988,-1823,-1264,2634
nicht_melden,4,163,7288,-344,13624,-2134,-1196,2892
nicht_melden,4,164,6116,-2416,14092,-2043,-1561,3220
nicht_melden,4,165,4164,-4292,14728,-1542,-2517,3623
nicht_melden,4,166,3188,-4996,15140,-790,-4012,4017
nicht_melden,4,167,3056,-5324,14820,-183,-5369,4436
nicht_melden,4,168,3104,-6348,13644,590,-6727,4801
nicht_melden,4,169,5276,-6160,11972,1305,-7734,5194
nicht_melden,4,170,6816,-6388,10544,1954,-8445,5604
nicht_melden,4,171,7924,-6648,9232,2575,-9177,5987
nicht_melden,4,172,8964,-6964,7528,3389,-9844,6370
nicht_melden,4,173,10440,-6852,5388,4161,-10085,6722
nicht_melden,4,174,11344,-6672,4492,4895,-10093,6979
nicht_melden,4,175,12264,-6080,3920,5536,-9913,7267
nicht_melden,4,176,13128,-6148,3024,6229,-9677,7479
nicht_melden,4,177,14252,-5840,2292,6964,-9337,7665
nicht_melden,4,178,15428,-4808,1664,7525,-8598,7736
nicht_melden,4,179,16648,-4164,1476,7864,-7577,7702
nicht_melden,4,180,18344,-2552,624,8075,-6282,7579
nicht_melden,4,181,21172,480,-412,7900,-4258,7388
nicht_melden,4,182,24564,4260,-1268,6957,-602,7187
nicht_melden,4,183,24272,5460,-172,5195,4336,7073
nicht_melden,4,184,21792,5284,1364,3635,8169,7120
nicht_melden,4,185,18412,6260,2304,2468,10937,7323
nicht_melden,4,186,13004,4904,4944,790,13614,7301
nicht_melden,4,187,4880,3004,9824,-477,14800,7286
nicht_melden,4,188,-1760,1624,12300,-1640,15260,7185
nicht_melden,4,189,-5972,-1204,13248,-3136,15948,6799
nicht_melden,4,190,-10804,-3136,14700,-4417,15838,6239
nicht_melden,4,191,-13844,-5492,15196,-5095,14489,5691
nicht_melden,4,192,-17252,-7852,16720,-4452,11262,5431
nicht_melden,4,193,-22864,-9904,19428,-2759,6376,5554
nicht_melden,4,194,-24364,-9328,20456,-85,40,5163
nicht_melden,4,195,-20976,-5232,17648,1809,-4809,4608
nicht_melden,4,196,-20016,-4556,13872,3294,-7768,3970
nicht_melden,4,197,-16600,-2372,10020,4189,-9217,3203
nicht_melden,4,198,-14536,-8520,9948,5422,-10137,1827
nicht_melden,4,199,-10528,-216,9288,4525,-8817,2397
nicht_melden,4,200,-6804,1572,11052,4245,-9026,607
nicht_melden,4,201,-2720,3468,10952,3499,-8646,-577
nicht_melden,4,202,-1572,3308,12480,2970,-7582,-963
nicht_melden,4,203,148,3092,13532,2706,-7407,-1430
nicht_melden,4,204,4372,3124,11568,2532,-7341,-1530
nicht_melden,4,205,7536,2808,12000,2000,-6487,-1637
nicht_melden,4,206,10336,3688,11360,1804,-5470,-1546
nicht_melden,4,207,11536,2212,10940,1881,-4659,-1334
nicht_melden,4,208,9704,2408,11448,1882,-3698,-943
nicht_melden,4,209,8932,4796,12272,1517,-2243,-737
nicht_melden,4,210,5296,5256,14412,766,-335,-804
nicht_melden,4,211,1068,7068,17648,-252,1607,-1146
nicht_melden,4,212,-752,8228,17976,-1354,3069,-1539
nicht_melden,4,213,280,7220,19720,-1695,2956,-1545
nicht_melden,4,214,3012,4564,19960,-1538,1899,-1244
nicht_melden,4,215,1780,416,18864,-1369,874,-1126
nicht_melden,4,216,-772,-2464,16908,-551,-1097,-1037
nicht_melden,4,217,-744,-3656,13032,500,-3237,-975
nicht_melden,4,218,1056,-2508,10992,1300,-4833,-870
nicht_melden,4,219,4672,-520,9836,1302,-5130,-976
nicht_melden,4,220,7316,-64,9476,647,-4241,-1343
nicht_melden,4,221,9840,808,7792,-149,-2967,-1797
nicht_melden,4,222,12560,1860,6992,-1213,-936,-2178
nicht_melden,4,223,15608,2244,5936,-2106,1224,-2422
nicht_melden,4,224,14292,-108,5944,-3056,3710,-2713
nicht_melden,4,225,11124,-3156,6108,-3356,5133,-3007
nicht_melden,4,226,7956,-5648,6576,-3437,6220,-3376
nicht_melden,4,227,4044,-7752,7304,-3219,6684,-3719
nicht_melden,4,228,1848,-7920,8604,-2757,6540,-4002
nicht_melden,4,229,1328,-6344,11272,-2117,5932,-4066
nicht_melden,4,230,1656,-3776,14584,-1634,5415,-3815
nicht_melden,4,231,940,-696,19752,-1435,4891,-3365
nicht_melden,4,232,-2220,1256,27240,-1027,2995,-2670
nicht_melden,4,233,-4524,2204,30296,-488,188,-2058
nicht_melden,4,234,-4160,456,26752,492,-3094,-1614
nicht_melden,4,235,-1836,-844,21520,1614,-5936,-1099
nicht_melden,4,236,1688,-2576,13692,2389,-7057,-676
nicht_melden,4,237,5516,-2120,9592,2628,-6650,-465
nicht_melden,4,238,8608,-816,8212,1948,-4584,-633
nicht_melden,4,239,10416,-64,9120,642,-1873,-1098
nicht_melden,4,240,10876,-1064,9732,-858,644,-1584
nicht_melden,4,241,11828,-2844,11056,-1649,1878,-1747
nicht_melden,4,242,12204,-1264,13784,-1952,1970,-1393
nicht_melden,4,243,9952,-900,13024,-1480,873,-1125
nicht_melden,4,244,8784,-392,9376,-814,-429,-1172
nicht_melden,4,245,8228,540,5888,-675,-450,-1007
nicht_melden,4,246,6588,-60,5048,-575,-216,-1334
nicht_melden,4,247,6596,144,5100,-748,182,-1868
nicht_melden,4,248,7332,-1392,6964,-858,342,-2263
nicht_melden,4,249,8072,-3408,6992,-547,302,-2284
nicht_melden,4,250,8656,-3836,8468,-505,436,-2319
nicht_melden,4,251,8752,-3736,10400,-768,836,-2385
nicht_melden,4,252,8500,-3824,12556,-1007,1441,-2499
nicht_melden,4,253,8164,-3548,13540,-1195,2020,-2518
nicht_melden,4,254,7332,-2368,14712,-1371,2519,-2444
nicht_melden,4,255,3992,-1288,16904,-1454,2535,-2277
nicht_melden,4,256,1492,60,19224,-1406,2049,-2153
nicht_melden,4,257,1192,556,20016,-1253,1388,-1946
nicht_melden,4,258,276,840,20676,-1158,605,-1760
nicht_melden,4,259,132,944,21800,-930,-471,-1496
nicht_melden,4,260,208,-924,21408,-496,-2271,-1470
nicht_melden,4,261,608,-1628,18996,-96,-3533,-1126
nicht_melden,4,262,2240,-1768,16960,-171,-4250,-1338
nicht_melden,4,263,3580,-2356,15308,-649,-3914,-1561
nicht_melden,4,264,3492,-3740,14364,-1452,-3122,-1949
nicht_melden,4,265,4972,-4752,10184,-1691,-2896,-2246
nicht_melden,4,266,8628,-2644,8872,-1408,-3198,-1997
nicht_melden,4,267,10208,-232,7508,-1291,-3001,-1767
nicht_melden,4,268,11392,2048,6224,-1236,-2735,-1601
nicht_melden,4,269,11920,3356,5292,-1509,-1797,-1583
nicht_melden,4,270,11176,2880,4160,-1883,-471,-1761
nicht_melden,4,271,9532,1740,3992,-2062,610,-2035
nicht_melden,4,272,9988,504,5020,-2119,1372,-2238
nicht_melden,4,273,10128,-1824,6100,-2008,1789,-2373
nicht_melden,4,274,11076,-2528,7180,-1835,2113,-2388
nicht_melden,4,275,10504,-3684,9264,-2169,2794,-2566
nicht_melden,4,276,9120,-4396,12120,-2485,3277,-2834
nicht_melden,4,277,7936,-4348,14428,-2845,3689,-2988
nicht_melden,4,278,5240,-3712,17576,-3177,3902,-3140
nicht_melden,4,279,2696,-2412,20316,-3355,3812,-3183
nicht_melden,4,280,-68,-1716,23408,-3694,3431,-3264
nicht_melden,4,281,-2968,-2660,26080,-3481,1785,-3246
nicht_melden,4,282,-4996,-3752,27020,-2359,-1905,-2922
nicht_melden,4,283,-3212,-5404,20352,-1338,-4820,-2617
nicht_melden,4,284,-2044,-5372,15852,-853,-6362,-2565
nicht_melden,4,285,1612,-4004,12316,-1126,-6409,-2786
nicht_melden,4,286,6340,-3720,9664,-1686,-5501,-2932
nicht_melden,4,287,11036,-2508,7548,-2123,-4293,-2876
nicht_melden,4,288,13596,-1460,6944,-2295,-2973,-2516
nicht_melden,4,289,14844,-348,4064,-2386,-1792,-2139
nicht_melden,4,290,14160,192,1308,-2350,-305,-1739
nicht_melden,4,291,13564,852,1484,-2104,1243,-1350
nicht_melden,4,292,10512,1096,4768,-1684,1719,-1073
nicht_melden,4,293,8036,-684,5948,-1075,1151,-1090
nicht_melden,4,294,7188,-1252,6836,-577,534,-1273
nicht_melden,4,295,8500,-2228,6932,-589,736,-1546
nicht_melden,4,296,9088,-3660,7272,-829,1345,-1909
nicht_melden,4,297,10356,-4608,6784,-1106,2036,-2282
nicht_melden,4,298,10916,-5856,6832,-1454,2835,-2735
nicht_melden,4,299,9648,-6456,8904,-1766,3326,-3181
nicht_melden,5,0,3772,-32,13244,-90,31,-84
nicht_melden,5,1,3716,-148,13264,-91,64,-102
nicht_melden,5,2,3812,-44,13296,-102,99,-101
nicht_melden,5,3,3752,-96,13164,-123,189,-118
nicht_melden,5,4,3948,136,12840,-147,351,-136
nicht_melden,5,5,3640,68,12524,-182,478,-156
nicht_melden,5,6,2564,-228,13524,-196,336,-247
nicht_melden,5,7,3480,-868,12668,-46,124,-237
nicht_melden,5,8,2476,-552,13276,75,-132,-260
nicht_melden,5,9,2852,-540,14300,-18,-238,-298
nicht_melden,5,10,3196,-1212,15240,-65,-388,-297
nicht_melden,5,11,2180,-840,15644,-6,-798,-326
nicht_melden,5,12,2716,-256,15144,70,-1207,-319
nicht_melden,5,13,3188,380,14620,169,-1634,-259
nicht_melden,5,14,3388,1132,14124,299,-2127,-115
nicht_melden,5,15,3908,664,13024,475,-2475,23
nicht_melden,5,16,5172,356,14216,663,-2798,159
nicht_melden,5,17,5696,332,14152,744,-2990,281
nicht_melden,5,18,7244,1216,14240,926,-3159,404
nicht_melden,5,19,9284,2020,13696,780,-2974,559
nicht_melden,5,20,10828,2436,13356,468,-2501,702
nicht_melden,5,21,11896,2448,13468,66,-2006,868
nicht_melden,5,22,12020,2708,13784,-160,-1806,1141
nicht_melden,5,23,11940,1868,13760,76,-2550,1689
nicht_melden,5,24,11740,1416,12656,320,-3034,2195
nicht_melden,5,25,10972,1364,12696,532,-3333,2602
nicht_melden,5,26,11732,1648,12928,621,-3544,2968
nicht_melden,5,27,12552,2128,13124,671,-3625,3288
nicht_melden,5,28,13580,2452,12336,650,-3532,3638
nicht_melden,5,29,14120,2140,11904,524,-3185,3925
nicht_melden,5,30,14104,1868,10724,324,-2749,4160
nicht_melden,5,31,14292,1664,9512,216,-2211,4407
nicht_melden,5,32,14068,2064,9084,94,-1637,4703
nicht_melden,5,33,16008,1596,7656,130,-923,5069
nicht_melden,5,34,16264,1356,8548,85,-398,5434
nicht_melden,5,35,16552,1924,9052,58,114,5891
nicht_melden,5,36,16160,1700,9432,63,481,6353
nicht_melden,5,37,15596,1860,9256,-33,976,6800
nicht_melden,5,38,15220,664,8284,68,1384,7211
nicht_melden,5,39,14124,-328,8472,46,1767,7637
nicht_melden,5,40,12788,-892,9740,177,1651,8070
nicht_melden,5,41,12048,-980,10376,459,1298,8618
nicht_melden,5,42,11952,-1440,10128,754,1000,9077
nicht_melden,5,43,12248,-1280,9724,808,1165,9453
nicht_melden,5,44,11756,-2112,10208,758,1481,9723
nicht_melden,5,45,11840,-2404,9320,765,1914,9974
nicht_melden,5,46,11684,-2132,8772,664,2598,10191
nicht_melden,5,47,11608,-1228,8980,327,3529,10395
nicht_melden,5,48,9032,-1832,10968,275,4054,10716
nicht_melden,5,49,7680,308,11132,-281,4456,11081
nicht_melden,5,50,5796,-1252,13092,-335,4669,11349
nicht_melden,5,51,5468,-1828,12796,-686,4626,11204
nicht_melden,5,52,4352,-2172,12392,-1099,5162,11197
nicht_melden,5,53,3840,-2524,12372,-1609,5656,11133
nicht_melden,5,54,2144,-2736,12844,-2166,6049,11034
nicht_melden,5,55,244,-2228,13888,-2490,6078,11095
nicht_melden,5,56,-432,-832,15108,-2917,5914,11170
nicht_melden,5,57,-1992,-392,15172,-3374,5614,11221
nicht_melden,5,58,-2760,-200,14888,-3652,5209,11188
nicht_melden,5,59,-2968,8,13840,-3905,4874,11039
nicht_melden,5,60,-3292,1304,13412,-4136,4558,10887
nicht_melden,5,61,-3652,1048,12456,-4262,4185,10818
nicht_melden,5,62,-2448,4320,12848,-4354,3825,10771
nicht_melden,5,63,-3636,3780,10820,-3924,3618,10579
nicht_melden,5,64,-5752,5608,10956,-3791,3641,10115
nicht_melden,5,65,-6732,7656,10872,-3684,3668,9690
nicht_melden,5,66,-11016,8156,11152,-3611,3495,8791
nicht_melden,5,67,-15088,8496,11072,-3425,2845,7574
nicht_melden,5,68,-17752,8200,10144,-2920,1732,6230
nicht_melden,5,69,-19612,9056,9116,-2308,419,5115
nicht_melden,5,70,-20816,10248,7904,-1647,-1217,3984
nicht_melden,5,71,-21024,10264,6840,-892,-2745,2981
nicht_melden,5,72,-21308,10476,5884,-250,-4060,2028
nicht_melden,5,73,-20892,10468,4760,253,-5054,987
nicht_melden,5,74,-20796,9780,4344,676,-5663,-92
nicht_melden,5,75,-20396,9040,4316,951,-5753,-1244
nicht_melden,5,76,-19440,8296,4572,1124,-5417,-2402
nicht_melden,5,77,-16164,8892,9260,2124,-4007,-3878
nicht_melden,5,78,-20716,5972,8892,1597,-4404,-4597
nicht_melden,5,79,-19452,4840,9516,1830,-4652,-5529
nicht_melden,5,80,-19904,2968,11556,2303,-5191,-6324
nicht_melden,5,81,-19044,3104,14252,2853,-6333,-7018
nicht_melden,5,82,-17348,3152,16752,3027,-7189,-7604
nicht_melden,5,83,-19768,1512,21296,3218,-8979,-8308
nicht_melden,5,84,-16588,1792,21724,3716,-11687,-8809
nicht_melden,5,85,-12780,1528,21220,3319,-12982,-9404
nicht_melden,5,86,-7884,3804,19536,2386,-13399,-10065
nicht_melden,5,87,-2040,5864,17928,645,-12088,-10712
nicht_melden,5,88,2012,8224,15544,-1339,-9870,-11141
nicht_melden,5,89,5320,10132,13268,-3201,-7277,-11420
nicht_melden,5,90,7116,11448,12240,-4786,-4739,-11586
nicht_melden,5,91,8260,11672,10552,-5761,-2652,-11679
nicht_melden,5,92,9148,11212,8640,-6331,-806,-11697
nicht_melden,5,93,9476,10020,6328,-6820,1461,-11875
nicht_melden,5,94,8632,6884,5888,-7278,3763,-12380
nicht_melden,5,95,6740,3384,7396,-7374,5258,-13073
nicht_melden,5,96,4664,1532,9796,-6664,5022,-13437
nicht_melden,5,97,5088,1968,12152,-5723,3800,-13473
nicht_melden,5,98,7308,3948,14032,-4784,2027,-13106
nicht_melden,5,99,9620,5324,14780,-3988,173,-12535
nicht_melden,5,100,11876,5712,14208,-3775,-956,-12156
nicht_melden,5,101,13244,6180,14216,-4161,-1296,-11982
nicht_melden,5,102,13948,5912,13632,-5240,-519,-12131
nicht_melden,5,103,14248,6168,12352,-6510,679,-12440
nicht_melden,5,104,14320,6412,10632,-7540,1771,-12752
nicht_melden,5,105,14972,6672,9768,-8268,2455,-13005
nicht_melden,5,106,14120,5852,9420,-8197,1834,-12926
nicht_melden,5,107,14072,5556,7116,-7402,-145,-12672
nicht_melden,5,108,13784,3396,3636,-6516,-2142,-12297
nicht_melden,5,109,12664,1904,1216,-5419,-4651,-11948
nicht_melden,5,110,14560,2212,-1900,-4034,-8094,-11293
nicht_melden,5,111,20536,4216,-5812,-3038,-10592,-10309
nicht_melden,5,112,25208,3720,-7992,-3195,-10107,-9458
nicht_melden,5,113,27236,-124,-7316,-3262,-8941,-8682
nicht_melden,5,114,29704,-3244,-6260,-2980,-7418,-7721
nicht_melden,5,115,25016,-6116,-3532,-2863,-5121,-6842
nicht_melden,5,116,20172,-4556,-1740,-1891,-3891,-6156
nicht_melden,5,117,15568,1256,-1472,-1588,-2054,-5863
nicht_melden,5,118,13060,3976,-2552,-1446,-527,-6034
nicht_melden,5,119,14280,10124,-4216,-1261,1286,-5976
nicht_melden,5,120,18928,12040,-4392,-1335,3904,-5695
nicht_melden,5,121,22452,14300,-856,-1463,6228,-4835
nicht_melden,5,122,24040,15308,3404,-1213,7198,-3580
nicht_melden,5,123,23872,14736,7124,-510,6681,-2075
nicht_melden,5,124,22636,13564,9556,312,5310,-508
nicht_melden,5,125,20316,10912,9884,770,3946,698
nicht_melden,5,126,18040,7084,8000,1308,2910,1596
nicht_melden,5,127,17472,3864,4376,1801,2367,2138
nicht_melden,5,128,19584,2592,640,2173,2731,2598
nicht_melden,5,129,21060,3100,-1360,2103,4035,2983
nicht_melden,5,130,21636,3804,-2212,2051,5282,3468
nicht_melden,5,131,23024,5600,-1300,2089,6258,4134
nicht_melden,5,132,22808,6876,-284,2445,6731,5077
nicht_melden,5,133,20452,7056,100,2765,6695,5881
nicht_melden,5,134,18156,6380,-548,3406,5912,6679
nicht_melden,5,135,17460,5656,-32,4394,4680,7566
nicht_melden,5,136,17960,5856,872,5334,3747,8373
nicht_melden,5,137,17776,6444,2220,5899,3294,9026
nicht_melden,5,138,18036,7732,3956,6428,2742,9620
nicht_melden,5,139,17704,8248,6280,6304,2943,9985
nicht_melden,5,140,17048,7460,10324,5767,3476,10296
nicht_melden,5,141,16340,5516,13216,4957,3623,10657
nicht_melden,5,142,15804,4320,14952,4411,3203,11202
nicht_melden,5,143,16856,4004,15312,4306,2325,12103
nicht_melden,5,144,17072,3512,13224,4374,1497,13003
nicht_melden,5,145,17156,2604,9752,4752,806,13742
nicht_melden,5,146,18252,3772,5456,5350,535,14621
nicht_melden,5,147,17952,5696,3436,5576,1311,15193
nicht_melden,5,148,13728,6900,6864,5097,2520,15294
nicht_melden,5,149,7484,8064,11812,3979,3670,14934
nicht_melden,5,150,1192,6808,16576,1980,4838,14281
nicht_melden,5,151,-4340,824,16292,649,5068,13919
nicht_melden,5,152,-2384,-2336,17304,761,3605,14174
nicht_melden,5,153,2288,-3168,17352,902,2526,14438
nicht_melden,5,154,4760,-1776,16596,954,1880,14216
nicht_melden,5,155,6536,1288,14888,872,1655,13845
nicht_melden,5,156,7972,2684,13784,769,1648,13611
nicht_melden,5,157,8488,3336,14040,774,1565,13374
nicht_melden,5,158,8188,2884,14172,684,1813,12992
nicht_melden,5,159,6568,2280,14216,660,1766,12512
nicht_melden,5,160,5704,2600,13932,701,1642,12053
nicht_melden,5,161,6244,4496,14972,571,1801,11695
nicht_melden,5,162,7700,6776,16744,229,2278,11468
nicht_melden,5,163,7264,8428,18428,-424,2992,11105
nicht_melden,5,164,4792,7732,19212,-984,3706,10824
nicht_melden,5,165,4516,11336,16684,-2250,4140,9671
nicht_melden,5,166,-652,6592,17788,-2928,5366,9420
nicht_melden,5,167,-1896,6276,16024,-3379,5601,8865
nicht_melden,5,168,-3936,4788,13752,-3373,5492,8179
nicht_melden,5,169,-5776,4188,11660,-3269,5182,7724
nicht_melden,5,170,-7212,3368,11620,-2362,4761,7930
nicht_melden,5,171,-8416,2076,10908,-1328,3347,7736
nicht_melden,5,172,-10340,2376,10168,-228,1626,6965
nicht_melden,5,173,-9920,4704,8880,488,820,6047
nicht_melden,5,174,-10124,6320,9140,956,451,5118
nicht_melden,5,175,-11384,8168,10896,1198,230,4139
nicht_melden,5,176,-11900,10504,11008,1379,-17,3289
nicht_melden,5,177,-12076,12440,10892,1525,-160,2404
nicht_melden,5,178,-12872,15064,11076,987,327,1801
nicht_melden,5,179,-11828,14628,9164,1360,-281,587
nicht_melden,5,180,-13928,16064,9624,1643,228,178
nicht_melden,5,181,-12076,17284,10152,1379,160,-691
nicht_melden,5,182,-13292,17028,11316,796,580,-1421
nicht_melden,5,183,-13300,14904,11932,309,975,-2345
nicht_melden,5,184,-12996,12880,11304,-80,1379,-3159
nicht_melden,5,185,-13956,9992,11660,-307,1816,-3965
nicht_melden,5,186,-14564,8088,12532,-247,1789,-4803
nicht_melden,5,187,-14948,6536,12956,-15,1360,-5589
nicht_melden,5,188,-17420,4968,14656,346,87,-6236
nicht_melden,5,189,-16360,3632,14052,1182,-1668,-6702
nicht_melden,5,190,-16616,2588,13808,1774,-3252,-7158
nicht_melden,5,191,-16332,4348,13788,2399,-5177,-7578
nicht_melden,5,192,-13988,5272,13196,2645,-6750,-7964
nicht_melden,5,193,-12944,5492,13452,2582,-8129,-8493
nicht_melden,5,194,-10576,7292,15200,2243,-9187,-8981
nicht_melden,5,195,-8380,8484,16088,1373,-9446,-9548
nicht_melden,5,196,-5396,8332,17420,268,-8926,-10282
nicht_melden,5,197,-2520,7056,19124,-1268,-8054,-11085
nicht_melden,5,198,-1568,5212,19744,-2551,-7495,-11721
nicht_melden,5,199,28,4232,20756,-3493,-7407,-12147
nicht_melden,5,200,3360,2016,20656,-4089,-7943,-12297
nicht_melden,5,201,7068,-80,19428,-4359,-8907,-11994
nicht_melden,5,202,10696,-928,16108,-4405,-10436,-11343
nicht_melden,5,203,14448,-956,12136,-4620,-12093,-10468
nicht_melden,5,204,18036,416,7120,-5110,-13313,-9400
nicht_melden,5,205,22260,2008,904,-5742,-14171,-8186
nicht_melden,5,206,27256,4192,-4324,-6709,-13847,-6822
nicht_melden,5,207,32496,5416,-8660,-8078,-12042,-5463
nicht_melden,5,208,32767,2732,-11976,-8986,-10072,-3827
nicht_melden,5,209,32196,-2540,-15620,-8638,-9031,-2305
nicht_melden,5,210,29624,-7644,-18292,-7753,-7921,-767
nicht_melden,5,211,25124,-12592,-16948,-6614,-7373,273
nicht_melden,5,212,19576,-13688,-11756,-4909,-7754,1030
nicht_melden,5,213,14784,-10504,-7108,-3394,-8131,1668
nicht_melden,5,214,11764,-3060,-4376,-2531,-7886,2107
nicht_melden,5,215,12032,4580,-3684,-2657,-6273,2238
nicht_melden,5,216,11348,6520,-4216,-3692,-2745,1713
nicht_melden,5,217,9676,6816,-4768,-4211,-51,766
nicht_melden,5,218,11572,4640,-6280,-4166,1669,-195
nicht_melden,5,219,13308,980,-7748,-3512,2703,-620
nicht_melden,5,220,17872,-2872,-8808,-2288,3484,-360
nicht_melden,5,221,20032,-6492,-10196,-750,4059,118
nicht_melden,5,222,20664,-9168,-11396,920,4921,477
nicht_melden,5,223,17072,-11020,-9472,2479,5588,885
nicht_melden,5,224,14200,-10188,-8056,4164,5392,1328
nicht_melden,5,225,14624,-8088,-5964,5357,5371,1754
nicht_melden,5,226,14784,-6800,-2940,6212,5656,2178
nicht_melden,5,227,14748,-5676,608,6874,5702,2609
nicht_melden,5,228,14904,-3876,4492,7133,5617,3062
nicht_melden,5,229,15136,-3360,7500,7070,5440,3393
nicht_melden,5,230,12016,-5012,10616,6926,4674,3466
nicht_melden,5,231,11452,-5636,11240,7039,3648,3533
nicht_melden,5,232,11140,-7200,11068,7100,3117,3733
nicht_melden,5,233,11688,-7792,9916,7593,2919,4219
nicht_melden,5,234,12988,-6264,9524,7859,3221,4696
nicht_melden,5,235,10696,-3820,11048,7699,4487,5151
nicht_melden,5,236,8832,-1292,13248,6674,6978,5156
nicht_melden,5,237,10124,-1988,15452,4669,9594,4919
nicht_melden,5,238,11396,-3036,9964,3401,12726,5415
nicht_melden,5,239,14116,-3180,6588,2700,16380,6027
nicht_melden,5,240,13328,460,7204,1461,18867,6118
nicht_melden,5,241,1056,1632,7276,399,19360,5494
nicht_melden,5,242,-8360,2280,5176,353,16708,4720
nicht_melden,5,243,-25676,2364,8604,1548,10977,4258
nicht_melden,5,244,-32768,5444,7884,3023,4824,3868
nicht_melden,5,245,-28156,5348,10820,3611,1083,3160
nicht_melden,5,246,-21552,3632,17248,3220,-69,1203
nicht_melden,5,247,-20188,1444,23540,2266,-383,-247
nicht_melden,5,248,-20944,1820,25120,1106,-131,-1812
nicht_melden,5,249,-21476,2368,27632,-222,-894,-3429
nicht_melden,5,250,-20504,2620,27428,-822,-2809,-5013
nicht_melden,5,251,-18164,2944,23004,-909,-4695,-6023
nicht_melden,5,252,-12920,3436,18000,-877,-5800,-6622
nicht_melden,5,253,-7396,4248,15244,-868,-6108,-7319
nicht_melden,5,254,-4292,5684,15468,-1340,-6209,-8142
nicht_melden,5,255,-2960,7412,16836,-2002,-6642,-8736
nicht_melden,5,256,-1824,7664,17212,-2691,-7415,-9132
nicht_melden,5,257,-3024,3840,15284,-2929,-7557,-9782
nicht_melden,5,258,-2268,3532,13248,-2847,-7354,-10051
nicht_melden,5,259,1128,6484,14740,-2873,-7292,-9715
nicht_melden,5,260,-712,5120,17544,-2973,-7152,-8598
nicht_melden,5,261,-564,4876,19056,-2901,-8646,-8233
nicht_melden,5,262,1176,5816,18180,-3107,-10460,-8190
nicht_melden,5,263,4556,5000,13544,-3294,-11576,-8024
nicht_melden,5,264,9828,5652,11104,-3714,-11860,-7562
nicht_melden,5,265,14416,7404,9332,-4458,-11184,-6993
nicht_melden,5,266,18364,8068,7520,-5449,-9730,-6594
nicht_melden,5,267,20372,7168,5456,-6387,-7612,-6336
nicht_melden,5,268,21100,5668,4760,-7576,-5019,-6251
nicht_melden,5,269,16828,2132,5364,-8381,-3761,-6294
nicht_melden,5,270,13424,1284,4104,-8516,-3416,-6176
nicht_melden,5,271,12676,2180,3040,-8369,-3552,-5922
nicht_melden,5,272,12716,2208,1468,-8077,-3761,-5672
nicht_melden,5,273,13884,2452,104,-7713,-3990,-5498
nicht_melden,5,274,14944,3416,-1212,-7803,-3463,-5436
nicht_melden,5,275,13984,3668,-580,-7947,-2815,-5452
nicht_melden,5,276,14076,4880,-1428,-7904,-2504,-5425
nicht_melden,5,277,14952,4884,-2036,-7530,-2608,-5247
nicht_melden,5,278,18660,6276,-5192,-7048,-2411,-4858
nicht_melden,5,279,22744,6340,-6676,-6934,-1382,-4373
nicht_melden,5,280,23996,5524,-7092,-6625,-320,-3769
nicht_melden,5,281,23816,4556,-7916,-6097,324,-3309
nicht_melden,5,282,23440,2804,-8692,-5400,816,-2836
nicht_melden,5,283,23312,2260,-9728,-4678,1443,-2357
nicht_melden,5,284,23940,1480,-10832,-4202,2710,-2026
nicht_melden,5,285,23928,372,-11672,-3864,4475,-1760
nicht_melden,5,286,24248,1504,-12896,-3595,6911,-1546
nicht_melden,5,287,24552,-1948,-10576,-3518,9546,-1594
nicht_melden,5,288,21920,-4204,-7680,-4107,12255,-1506
nicht_melden,5,289,24580,-5600,-4404,-4574,13758,-1442
nicht_melden,5,290,28864,-7936,2224,-5043,14028,-600
nicht_melden,5,291,30760,-7664,6856,-4993,12486,784
nicht_melden,5,292,32767,-5312,8896,-4147,9845,2684
nicht_melden,5,293,32276,-5436,7180,-2997,7105,4294
nicht_melden,5,294,29520,-2280,1924,-1965,5376,6172
nicht_melden,5,295,24852,-2280,616,-585,3806,7949
nicht_melden,5,296,15804,-3068,552,956,2032,9257
nicht_melden,5,297,10244,-2300,1136,2600,770,10475
nicht_melden,5,298,7240,-2740,1784,3951,627,11550
nicht_melden,5,299,4708,-2256,2656,4933,1251,12043
nicht_melden,6,0,880,1416,11944,501,843,129
nicht_melden,6,1,112,4956,12548,520,945,465
nicht_melden,6,2,-1824,1324,9856,699,1459,404
nicht_melden,6,3,1472,3336,10136,1146,1617,801
nicht_melden,6,4,2100,4784,10480,1091,2420,916
nicht_melden,6,5,976,5368,11080,848,3106,964
nicht_melden,6,6,3196,6028,10592,1043,3793,1418
nicht_melden,6,7,2504,3584,10528,1271,3625,1882
nicht_melden,6,8,-2648,2368,10972,2273,2483,2150
nicht_melden,6,9,264,5344,11676,2818,2317,2728
nicht_melden,6,10,596,5060,10084,3125,2123,3293
nicht_melden,6,11,-1224,5288,10236,3948,976,3705
nicht_melden,6,12,120,7176,9892,4531,381,4181
nicht_melden,6,13,464,6552,9776,5024,-38,4627
nicht_melden,6,14,-1768,5020,8404,5710,-546,4694
nicht_melden,6,15,-2908,4492,7224,6542,-1017,4710
nicht_melden,6,16,-2892,2884,5976,7291,-1062,4611
nicht_melden,6,17,-4140,2628,4912,7740,-668,4157
nicht_melden,6,18,-4688,2744,5612,7664,38,3409
nicht_melden,6,19,-5728,848,6600,7719,303,2711
nicht_melden,6,20,-7144,-596,7704,7948,45,1999
nicht_melden,6,21,-8348,-1456,9396,8205,-775,1324
nicht_melden,6,22,-9520,-2948,9380,8681,-2194,704
nicht_melden,6,23,-9108,-3332,8764,9152,-3926,236
nicht_melden,6,24,-7968,-1712,8684,9474,-5488,-173
nicht_melden,6,25,-5496,1944,9968,9331,-6615,-690
nicht_melden,6,26,-3676,4224,10904,8904,-7523,-1297
nicht_melden,6,27,-2484,6972,12488,8164,-8308,-1939
nicht_melden,6,28,-1076,7460,12032,7577,-9235,-2570
nicht_melden,6,29,568,9256,11564,6980,-10005,-2840
nicht_melden,6,30,2512,11356,11220,6403,-10681,-2970
nicht_melden,6,31,4872,13620,10616,5535,-10924,-3160
nicht_melden,6,32,6680,15456,9812,4414,-10732,-3131
nicht_melden,6,33,7140,15136,8796,3273,-10214,-3061
nicht_melden,6,34,7144,14104,7604,2473,-9820,-3197
nicht_melden,6,35,6660,13356,6376,1862,-9278,-3458
nicht_melden,6,36,6548,13464,5512,1474,-8748,-3661
nicht_melden,6,37,7484,13908,4716,1184,-8294,-3766
nicht_melden,6,38,7944,14540,4936,942,-7700,-3990
nicht_melden,6,39,7204,14648,4852,815,-7271,-4019
nicht_melden,6,40,5980,14208,5304,912,-7353,-3865
nicht_melden,6,41,5640,14564,5448,1231,-7911,-3622
nicht_melden,6,42,5456,14552,4148,1575,-8424,-3427
nicht_melden,6,43,5452,14588,2024,1778,-8679,-3260
nicht_melden,6,44,4900,14360,592,1737,-8504,-3141
nicht_melden,6,45,5200,14568,-996,1655,-7839,-3162
nicht_melden,6,46,5824,15508,-2020,1467,-6873,-3384
nicht_melden,6,47,6656,16132,-2792,1203,-5660,-3614
nicht_melden,6,48,9492,14140,-4692,874,-3925,-5160
nicht_melden,6,49,8420,18368,-5004,-337,-870,-5346
nicht_melden,6,50,3864,17188,-3040,-183,42,-4775
nicht_melden,6,51,1724,17512,-1696,942,-1116,-4192
nicht_melden,6,52,3344,18856,-2568,1602,-1510,-3844
nicht_melden,6,53,3808,19712,-2204,1554,-789,-3655
nicht_melden,6,54,2620,20916,-532,1572,-335,-3699
nicht_melden,6,55,1172,20876,208,1531,-129,-3841
nicht_melden,6,56,348,20312,768,1488,-76,-3746
nicht_melden,6,57,-988,19220,1520,1437,-176,-3417
nicht_melden,6,58,-1160,18976,1124,1663,-754,-2953
nicht_melden,6,59,-276,18800,-200,1820,-1107,-2564
nicht_melden,6,60,948,18860,-1112,1797,-1050,-2308
nicht_melden,6,61,1040,17764,-1752,1532,-527,-2132
nicht_melden,6,62,396,17152,-1576,1329,1,-2090
nicht_melden,6,63,164,17332,-1920,1066,558,-2088
nicht_melden,6,64,-68,16852,-1492,921,1042,-2078
nicht_melden,6,65,-224,16664,-1420,974,1228,-1796
nicht_melden,6,66,-572,17152,-2408,1143,1111,-1719
nicht_melden,6,67,360,17196,-3160,1231,1341,-1627
nicht_melden,6,68,184,16784,-3020,1278,1706,-1503
nicht_melden,6,69,-932,17892,-2332,1220,1917,-1412
nicht_melden,6,70,-1340,18128,-1968,1210,2008,-1263
nicht_melden,6,71,-2352,18700,-2308,1186,1965,-1071
nicht_melden,6,72,-1292,18516,-3712,1088,2104,-1385
nicht_melden,6,73,-2084,17868,-3676,921,2617,-1643
nicht_melden,6,74,-3316,18184,-3300,892,2752,-1659
nicht_melden,6,75,-2664,19004,-3192,911,2800,-1434
nicht_melden,6,76,-4296,18832,-2488,999,2715,-1080
nicht_melden,6,77,-3544,19488,-3344,867,2668,-1089
nicht_melden,6,78,-4816,17960,-3788,798,2791,-1020
nicht_melden,6,79,-3028,17960,-4552,673,3024,-1386
nicht_melden,6,80,-4648,18460,-3824,472,3731,-1373
nicht_melden,6,81,-2104,20684,-4700,-320,4394,-2216
nicht_melden,6,82,-5136,15224,-820,-104,4653,-1432
nicht_melden,6,83,-6256,15288,-1260,511,2939,-1233
nicht_melden,6,84,-4436,16132,-2964,610,2441,-1122
nicht_melden,6,85,-4144,15572,-3080,515,2526,-1175
nicht_melden,6,86,-4332,15512,-3256,368,2525,-1480
nicht_melden,6,87,-3844,15908,-3376,422,2394,-1387
nicht_melden,6,88,-4088,16804,-3372,426,2142,-1304
nicht_melden,6,89,-4452,17004,-3912,402,1921,-1191
nicht_melden,6,90,-5524,16888,-3792,514,1425,-1185
nicht_melden,6,91,-6104,17468,-4032,689,791,-1205
nicht_melden,6,92,-5124,18280,-3864,863,295,-1131
nicht_melden,6,93,-5560,19156,-3364,839,-27,-1056
nicht_melden,6,94,-6248,19688,-3536,671,-239,-901
nicht_melden,6,95,-8248,18940,-4472,774,-770,-723
nicht_melden,6,96,-6260,19736,-5740,1217,-1186,-335
nicht_melden,6,97,-7380,17568,-8088,1745,-1743,-92
nicht_melden,6,98,-7928,17388,-6092,1526,-2323,24
nicht_melden,6,99,-9024,16828,-5284,1628,-2742,166
nicht_melden,6,100,-8508,17220,-4952,1975,-3619,415
nicht_melden,6,101,-8156,16500,-5588,2483,-4505,728
nicht_melden,6,102,-6392,17028,-7456,2750,-4799,1054
nicht_melden,6,103,-5532,17912,-8612,2662,-4017,1384
nicht_melden,6,104,-6824,20076,-9844,2329,-2795,1375
nicht_melden,6,105,-3052,17340,-3528,1959,-3390,1467
nicht_melden,6,106,-10816,14412,-2648,1131,-3680,838
nicht_melden,6,107,-3880,18024,-5200,590,-2455,589
nicht_melden,6,108,-5636,14096,-4940,210,-2088,801
nicht_melden,6,109,-5552,15716,-6040,312,-2092,915
nicht_melden,6,110,-2492,16528,-9828,-257,-469,1222
nicht_melden,6,111,-3040,17236,-8844,-917,1239,1208
nicht_melden,6,112,-3448,17584,-7976,-1346,2097,1059
nicht_melden,6,113,-3384,17672,-5460,-1896,2821,892
nicht_melden,6,114,-4404,16940,-4796,-2092,2709,684
nicht_melden,6,115,-4872,16912,-4924,-1958,1930,622
nicht_melden,6,116,-4480,17136,-4496,-1957,1495,607
nicht_melden,6,117,-4816,17172,-4160,-1832,1356,866
nicht_melden,6,118,-5752,17752,-4088,-1792,993,1043
nicht_melden,6,119,-5472,18440,-3744,-1844,662,1265
nicht_melden,6,120,-4356,17548,-4968,-1802,516,1346
nicht_melden,6,121,-3664,18412,-4416,-1764,699,1488
nicht_melden,6,122,-3488,18568,-4296,-1831,893,1566
nicht_melden,6,123,-4048,18956,-4772,-1906,909,1618
nicht_melden,6,124,-4032,19216,-4276,-1833,720,1794
nicht_melden,6,125,-3712,19164,-3268,-1813,459,2095
nicht_melden,6,126,-4332,18540,-3528,-1810,100,2252
nicht_melden,6,127,-4264,18188,-2488,-1665,-550,2386
nicht_melden,6,128,-2920,18464,-3004,-1437,-1122,2553
nicht_melden,6,129,-1420,18328,-3348,-1417,-1299,2658
nicht_melden,6,130,-1460,18008,-2872,-1543,-1117,2688
nicht_melden,6,131,-2216,17476,-2264,-1630,-1042,2619
nicht_melden,6,132,-1408,17268,-2344,-1721,-996,2295
nicht_melden,6,133,-1172,16568,-2240,-1606,-1045,2065
nicht_melden,6,134,-396,16732,-2244,-1476,-1076,1967
nicht_melden,6,135,-540,16444,-1680,-1507,-972,1920
nicht_melden,6,136,-884,16808,-1504,-1426,-972,1782
nicht_melden,6,137,-300,16800,-1704,-1335,-898,1792
nicht_melden,6,138,-28,16864,-1760,-1215,-654,1861
nicht_melden,6,139,160,17184,-1940,-1191,-321,1812
nicht_melden,6,140,296,17444,-1864,-1208,3,1753
nicht_melden,6,141,628,17212,-1956,-1175,261,1708
nicht_melden,6,142,1048,16864,-2628,-1142,510,1615
nicht_melden,6,143,1592,17032,-2324,-1122,795,1589
nicht_melden,6,144,1640,17516,-1348,-1202,1051,1587
nicht_melden,6,145,1388,17412,-1388,-1280,1160,1507
nicht_melden,6,146,1348,17468,-1456,-1372,1153,1416
nicht_melden,6,147,2036,16960,-1876,-1452,1205,1355
nicht_melden,6,148,2768,16220,-2364,-1538,1373,1238
nicht_melden,6,149,3740,16220,-2340,-1570,1581,1091
nicht_melden,6,150,4208,16512,-2492,-1726,2031,998
nicht_melden,6,151,3844,16932,-2028,-1818,2407,944
nicht_melden,6,152,3740,16960,-880,-2041,2575,887
nicht_melden,6,153,3660,16868,-824,-2313,2890,809
nicht_melden,6,154,2816,16836,-1416,-2256,2769,733
nicht_melden,6,155,4140,16924,-800,-2376,2984,674
nicht_melden,6,156,3808,15596,-624,-2679,3438,486
nicht_melden,6,157,3524,15104,356,-2711,3515,314
nicht_melden,6,158,4188,15608,1240,-3027,3835,284
nicht_melden,6,159,3044,14572,412,-2941,3645,388
nicht_melden,6,160,3360,16376,1472,-2683,3221,612
nicht_melden,6,161,2912,17056,2852,-2928,3272,703
nicht_melden,6,162,2336,16544,2508,-2891,2913,668
nicht_melden,6,163,3272,17628,3604,-3077,3014,748
nicht_melden,6,164,2544,15512,2332,-3691,3548,569
nicht_melden,6,165,3520,14332,1944,-3696,3782,573
nicht_melden,6,166,4932,16156,3616,-4388,4803,537
nicht_melden,6,167,1864,14400,6224,-5107,5431,-43
nicht_melden,6,168,2572,18324,8568,-5765,5465,-320
nicht_melden,6,169,408,16548,9216,-6322,5070,-141
nicht_melden,6,170,1156,15288,8600,-6360,4304,169
nicht_melden,6,171,2776,15364,8676,-6468,3913,407
nicht_melden,6,172,3064,14376,8364,-6783,3779,234
nicht_melden,6,173,3580,14408,9196,-7351,3817,60
nicht_melden,6,174,2208,13548,10444,-7617,3537,124
nicht_melden,6,175,2044,13592,9808,-7717,2942,612
nicht_melden,6,176,2500,11840,9780,-7476,1895,1017
nicht_melden,6,177,2660,11472,10416,-7258,945,1482
nicht_melden,6,178,3196,10860,10284,-7187,165,1935
nicht_melden,6,179,4288,9256,11696,-7090,-641,1823
nicht_melden,6,180,4392,9420,11156,-7648,-871,1656
nicht_melden,6,181,3036,7596,10804,-8058,-538,1778
nicht_melden,6,182,2668,6260,10744,-8119,-849,1879
nicht_melden,6,183,2100,5088,10664,-8282,-943,1984
nicht_melden,6,184,2436,5300,11264,-8617,-803,2107
nicht_melden,6,185,1588,3760,10296,-8769,-815,2221
nicht_melden,6,186,1520,2320,9336,-8742,-741,2359
nicht_melden,6,187,1972,1600,8496,-8759,-417,2447
nicht_melden,6,188,2268,308,7584,-8776,112,2446
nicht_melden,6,189,2436,776,6916,-8810,644,2399
nicht_melden,6,190,2160,432,7128,-8784,1023,2384
nicht_melden,6,191,3024,-972,8572,-8541,1111,2287
nicht_melden,6,192,4300,-560,8676,-8391,1320,2284
nicht_melden,6,193,4380,-936,8552,-8272,1614,2164
nicht_melden,6,194,3308,-1564,9164,-7918,1418,2141
nicht_melden,6,195,3248,-2196,8856,-7366,1053,2200
nicht_melden,6,196,3436,-1840,9104,-6743,705,2348
nicht_melden,6,197,2944,-2340,9152,-6107,273,2476
nicht_melden,6,198,2504,-1988,9080,-5383,-273,2612
nicht_melden,6,199,2264,-1884,8956,-4677,-767,2797
nicht_melden,6,200,2320,-1760,8732,-4028,-1062,2967
nicht_melden,6,201,2088,-1824,8500,-3418,-1149,3088
nicht_melden,6,202,1720,-2056,7920,-2801,-1160,3171
nicht_melden,6,203,1016,-1616,8056,-2087,-1116,3341
nicht_melden,6,204,552,-1504,7556,-1473,-994,3509
nicht_melden,6,205,-804,-1528,8100,-913,-858,3600
nicht_melden,6,206,-1472,-1288,8624,-601,-458,3478
nicht_melden,6,207,-1640,-1712,8756,-698,416,3228
nicht_melden,6,208,-1812,-2076,9332,-882,1358,2994
nicht_melden,6,209,-2164,-3584,8168,-1004,2318,2739
nicht_melden,6,210,-2680,-4880,7044,-676,2797,2458
nicht_melden,6,211,-2700,-4904,6996,-258,3045,2176
nicht_melden,6,212,-1184,-4480,6132,58,3643,1944
nicht_melden,6,213,-36,-4288,7132,535,3771,1846
nicht_melden,6,214,-1044,-2448,8528,1105,3269,1773
nicht_melden,6,215,-1840,-1876,9068,1814,2244,1842
nicht_melden,6,216,-4668,-3460,8204,2502,838,1842
nicht_melden,6,217,-5196,-3508,6352,3929,-318,1895
nicht_melden,6,218,-980,820,5060,4588,-225,2115
nicht_melden,6,219,728,3980,7336,4635,554,1988
nicht_melden,6,220,980,5616,10436,4197,1051,1624
nicht_melden,6,221,2020,7044,11096,3638,1288,977
nicht_melden,6,222,-600,4732,11756,3287,2122,973
nicht_melden,6,223,-664,3544,11080,3398,1875,935
nicht_melden,6,224,-2320,1496,8872,3800,1122,665
nicht_melden,6,225,-5412,-172,5852,4565,404,562
nicht_melden,6,226,-5120,1020,6180,5131,-99,458
nicht_melden,6,227,-4424,2376,7824,5182,-80,340
nicht_melden,6,228,-3692,2820,8240,4884,323,-33
nicht_melden,6,229,-3536,2356,8700,4651,866,-469
nicht_melden,6,230,-4856,1264,8736,4659,933,-828
nicht_melden,6,231,-10104,32767,32767,-3342,-7740,-388
nicht_melden,6,232,6160,336,10852,-2312,-1754,-2336
nicht_melden,6,233,12836,-21816,-19788,324,-182,-1412
nicht_melden,6,234,-5656,1052,24824,857,-2182,-2242
nicht_melden,6,235,-11604,6600,21748,-365,-2922,-1668
nicht_melden,6,236,-5868,2976,10888,760,-3462,-474
nicht_melden,6,237,-904,1484,4068,589,-2345,-648
nicht_melden,6,238,-996,2168,8300,44,-1474,-1324
nicht_melden,6,239,952,3344,13428,-903,652,-1863
nicht_melden,6,240,-3868,4896,22932,-1720,1170,-2157
nicht_melden,6,241,-4452,-72,17572,-1038,106,-1950
nicht_melden,6,242,-768,-752,12172,96,-1162,-1543
nicht_melden,6,243,1312,2052,12420,452,-1253,-1076
nicht_melden,6,244,2332,2276,11168,148,-133,-452
nicht_melden,6,245,564,2180,16164,55,121,-223
nicht_melden,6,246,-784,1136,15620,-16,-150,-339
nicht_melden,6,247,820,836,13892,-53,-74,-359
nicht_melden,6,248,636,2352,11120,-317,543,-431
nicht_melden,6,249,-740,648,12556,-417,1076,-324
nicht_melden,6,250,-2100,-1088,13644,-133,696,-344
nicht_melden,6,251,-2008,-660,14612,-84,278,-573
nicht_melden,6,252,-684,644,14408,-101,214,-605
nicht_melden,6,253,-1196,676,15200,-268,331,-549
nicht_melden,6,254,-976,588,14248,-287,281,-513
nicht_melden,6,255,-1700,44,14012,-138,28,-397
nicht_melden,6,256,-1712,668,13252,26,-439,-482
nicht_melden,6,257,-1872,524,13096,260,-729,-452
nicht_melden,6,258,-1424,1448,12932,266,-913,-474
nicht_melden,6,259,-972,1780,12572,177,-834,-491
nicht_melden,6,260,-872,1948,12460,34,-628,-545
nicht_melden,6,261,-924,1948,12804,-158,-459,-616
nicht_melden,6,262,-1376,1956,13484,-308,-437,-702
nicht_melden,6,263,-1536,1996,13812,-359,-543,-739
nicht_melden,6,264,-464,1940,13404,-382,-544,-696
nicht_melden,6,265,-404,1444,13140,-345,-505,-647
nicht_melden,6,266,-272,1104,12656,-268,-565,-645
nicht_melden,6,267,-412,968,13172,-214,-677,-653
nicht_melden,6,268,-528,1088,13788,-208,-784,-688
nicht_melden,6,269,-248,1072,14108,-232,-803,-701
nicht_melden,6,270,-324,988,14368,-296,-811,-759
nicht_melden,6,271,-244,564,13640,-275,-869,-814
nicht_melden,6,272,-124,604,13304,-206,-989,-844
nicht_melden,6,273,68,828,13484,-139,-1134,-837
nicht_melden,6,274,216,1180,13684,-93,-1215,-784
nicht_melden,6,275,416,1368,13788,-109,-1218,-767
nicht_melden,6,276,472,1080,13244,-160,-1113,-779
nicht_melden,6,277,372,908,13048,-131,-1051,-784
nicht_melden,6,278,256,1096,12940,-89,-1088,-758
nicht_melden,6,279,156,1472,13680,-42,-1149,-675
nicht_melden,6,280,612,1560,14128,-52,-1154,-562
nicht_melden,6,281,888,1244,14024,-142,-1098,-577
nicht_melden,6,282,700,908,13996,-190,-1099,-607
nicht_melden,6,283,628,756,13804,-163,-1145,-631
nicht_melden,6,284,740,620,13332,-129,-1152,-596
nicht_melden,6,285,900,844,13116,-139,-1084,-575
nicht_melden,6,286,896,960,13352,-171,-957,-542
nicht_melden,6,287,616,816,13840,-206,-874,-518
nicht_melden,6,288,580,616,14100,-257,-756,-492
nicht_melden,6,289,692,688,14124,-332,-642,-479
nicht_melden,6,290,756,600,14284,-351,-611,-460
nicht_melden,6,291,816,468,14172,-306,-644,-439
nicht_melden,6,292,864,540,13996,-257,-690,-391
nicht_melden,6,293,936,524,13640,-212,-703,-343
nicht_melden,6,294,1236,696,13764,-197,-640,-284
nicht_melden,6,295,1312,644,13800,-215,-497,-229
nicht_melden,6,296,1400,484,13720,-198,-388,-171
nicht_melden,6,297,1352,812,13904,-180,-324,-107
nicht_melden,6,298,1392,928,13696,-171,-263,-59
nicht_melden,6,299,1648,1116,13620,-169,-185,2
nicht_melden,7,0,4656,-936,15732,-879,-672,1152
nicht_melden,7,1,4828,-1324,15328,-953,-516,1316
nicht_melden,7,2,4860,-1144,15084,-1071,-294,1500
nicht_melden,7,3,4496,-1104,15300,-1212,-157,1664
nicht_melden,7,4,4480,-1456,15544,-1280,-177,1847
nicht_melden,7,5,4504,-1772,15660,-1318,-312,2062
nicht_melden,7,6,4488,-2096,15908,-1295,-585,2295
nicht_melden,7,7,4460,-2064,15712,-1269,-864,2498
nicht_melden,7,8,4604,-2476,15116,-1236,-1032,2738
nicht_melden,7,9,4600,-2560,14596,-1139,-1102,3015
nicht_melden,7,10,4712,-2680,13912,-1041,-1190,3191
nicht_melden,7,11,5340,-2384,13024,-1040,-965,3356
nicht_melden,7,12,5724,-2256,12604,-1143,-465,3483
nicht_melden,7,13,5580,-2256,12532,-1309,103,3546
nicht_melden,7,14,5372,-2376,12600,-1505,675,3596
nicht_melden,7,15,4656,-2296,12708,-1723,1206,3624
nicht_melden,7,16,3796,-2660,13092,-1894,1577,3631
nicht_melden,7,17,3572,-3000,12972,-1959,1791,3655
nicht_melden,7,18,3040,-3216,12720,-1933,1923,3682
nicht_melden,7,19,2888,-3180,12536,-1882,1971,3712
nicht_melden,7,20,2612,-3116,12208,-1781,1947,3768
nicht_melden,7,21,2244,-3308,12160,-1615,1789,3819
nicht_melden,7,22,1932,-3192,11856,-1442,1656,3866
nicht_melden,7,23,1680,-2924,11768,-1316,1604,3884
nicht_melden,7,24,688,-2992,11876,-1240,1592,3833
nicht_melden,7,25,340,-2700,11192,-1288,1827,3742
nicht_melden,7,26,-524,-3256,11452,-1438,2155,3560
nicht_melden,7,27,-1104,-3256,11212,-1472,2334,3437
nicht_melden,7,28,-1340,-3684,10940,-1434,2452,3356
nicht_melden,7,29,-1444,-3328,11012,-1280,2350,3280
nicht_melden,7,30,-2488,-3252,10748,-1026,2099,3165
nicht_melden,7,31,-2880,-2880,10472,-859,2050,3007
nicht_melden,7,32,-1892,-2228,9900,-746,2196,2921
nicht_melden,7,33,-1932,-1668,9748,-650,2376,2821
nicht_melden,7,34,-2412,-1588,10160,-652,2595,2668
nicht_melden,7,35,-3420,-1388,10192,-772,2880,2477
nicht_melden,7,36,-4952,-1524,10628,-977,3213,2217
nicht_melden,7,37,-6224,-1132,11716,-1182,3417,1975
nicht_melden,7,38,-4904,-420,10932,-1363,3635,2009
nicht_melden,7,39,-4708,-408,11124,-1283,3696,1912
nicht_melden,7,40,-5692,-120,12204,-1053,3690,1786
nicht_melden,7,41,-6400,-388,11996,-1117,3363,1845
nicht_melden,7,42,-6840,-1360,10972,-979,3034,1722
nicht_melden,7,43,-8396,-2096,10324,-793,2644,1487
nicht_melden,7,44,-9340,-2872,8756,-465,2156,1346
nicht_melden,7,45,-8952,-2392,7960,-28,1802,1249
nicht_melden,7,46,-9024,-2680,7184,312,1637,1058
nicht_melden,7,47,-8280,904,9736,99,1212,1296
nicht_melden,7,48,-10116,-2752,8268,590,1320,511
nicht_melden,7,49,-10552,-2044,8856,750,1051,285
nicht_melden,7,50,-11312,-1660,9844,1056,589,41
nicht_melden,7,51,-10392,-1120,11640,1225,-100,1
nicht_melden,7,52,-9068,-624,11200,1238,-315,-10
nicht_melden,7,53,-9748,-452,13300,1117,-464,-101
nicht_melden,7,54,-10988,1336,18572,465,-723,-149
nicht_melden,7,55,-6356,1596,11680,216,98,-122
nicht_melden,7,56,-10524,-556,14640,-35,447,-307
nicht_melden,7,57,-10836,-2948,13232,54,-372,-407
nicht_melden,7,58,-8792,-3228,13748,31,-594,-336
nicht_melden,7,59,-9304,-3512,14132,-56,-574,-270
nicht_melden,7,60,-8404,-3672,12540,200,-737,-292
nicht_melden,7,61,-7704,-3060,11656,415,-974,-315
nicht_melden,7,62,-7776,-2788,12484,473,-1250,-368
nicht_melden,7,63,-6936,-2424,12888,519,-1551,-393
nicht_melden,7,64,-6060,-2388,12292,586,-1811,-334
nicht_melden,7,65,-5996,-2688,11700,636,-1974,-337
nicht_melden,7,66,-6036,-2688,11420,677,-2095,-391
nicht_melden,7,67,-5644,-1836,12636,707,-2249,-431
nicht_melden,7,68,-4640,-1964,12144,652,-2392,-384
nicht_melden,7,69,-4780,-2344,11740,587,-2323,-474
nicht_melden,7,70,-5524,-2696,12584,473,-2424,-643
nicht_melden,7,71,-6308,-3108,13380,527,-2984,-794
nicht_melden,7,72,-5596,-3156,13560,677,-3639,-887
nicht_melden,7,73,-4724,-2916,13624,736,-4081,-1006
nicht_melden,7,74,-4136,-2948,13612,772,-4462,-1128
nicht_melden,7,75,-3360,-2728,13520,735,-4698,-1197
nicht_melden,7,76,-2948,-2676,13388,730,-4992,-1196
nicht_melden,7,77,-2552,-2748,13380,741,-5224,-1106
nicht_melden,7,78,-2044,-3156,12572,872,-5444,-945
nicht_melden,7,79,-704,-2724,12036,963,-5342,-803
nicht_melden,7,80,-268,-2632,11036,917,-4869,-745
nicht_melden,7,81,132,-2204,11140,872,-4152,-726
nicht_melden,7,82,-348,-2020,12056,743,-3703,-791
nicht_melden,7,83,-1596,-2224,13176,694,-3817,-855
nicht_melden,7,84,-1060,-1980,13432,956,-4485,-834
nicht_melden,7,85,312,-1560,12912,1170,-4922,-729
nicht_melden,7,86,1512,-1532,12132,1219,-4779,-675
nicht_melden,7,87,2408,-1112,11824,1163,-4574,-754
nicht_melden,7,88,2684,-844,11952,1017,-4396,-848
nicht_melden,7,89,3280,-856,12472,939,-4327,-875
nicht_melden,7,90,3380,-1080,13264,903,-4235,-799
nicht_melden,7,91,3512,-1104,13208,983,-4452,-696
nicht_melden,7,92,3528,-1276,13564,1007,-4569,-572
nicht_melden,7,93,3196,-2420,13172,1248,-5006,-476
nicht_melden,7,94,3192,-2636,13060,1479,-5384,-388
nicht_melden,7,95,3816,-2380,11792,1796,-6004,-294
nicht_melden,7,96,6800,-412,9724,2085,-6285,-155
nicht_melden,7,97,9376,172,9068,2098,-5691,-16
nicht_melden,7,98,11156,1708,9940,1881,-4870,93
nicht_melden,7,99,9756,1460,12260,1299,-3603,33
nicht_melden,7,100,8428,-1456,13000,666,-2773,-216
nicht_melden,7,101,6896,-748,14364,876,-3306,-23
nicht_melden,7,102,8240,812,14696,1278,-4498,266
nicht_melden,7,103,9216,1168,12884,1184,-4749,326
nicht_melden,7,104,10124,196,11620,971,-4242,393
nicht_melden,7,105,8104,-1212,11580,701,-3628,203
nicht_melden,7,106,8480,-692,11612,648,-3585,85
nicht_melden,7,107,9760,-292,11264,635,-3513,162
nicht_melden,7,108,10480,728,11036,620,-3490,216
nicht_melden,7,109,11388,2144,11032,411,-3149,278
nicht_melden,7,110,11672,1888,10456,35,-2412,238
nicht_melden,7,111,11888,1408,9836,-57,-2063,235
nicht_melden,7,112,11764,868,9380,-140,-1723,298
nicht_melden,7,113,11532,856,9064,-109,-1740,241
nicht_melden,7,114,12092,1408,9396,-297,-1233,232
nicht_melden,7,115,11328,1364,10340,-655,-684,116
nicht_melden,7,116,12036,2224,10728,-1023,-218,14
nicht_melden,7,117,13944,2300,10520,-1502,577,-37
nicht_melden,7,118,14180,1856,10420,-2194,1594,-210
nicht_melden,7,119,10728,1932,11256,-2621,2661,-324
nicht_melden,7,120,9696,1552,12648,-2999,3269,-260
nicht_melden,7,121,7580,340,13052,-2945,3009,-263
nicht_melden,7,122,8656,2016,13652,-3131,2848,-286
nicht_melden,7,123,10068,2124,13580,-3475,3215,-247
nicht_melden,7,124,10684,800,12404,-3635,3701,-224
nicht_melden,7,125,10256,-1148,11572,-3549,3902,-186
nicht_melden,7,126,9640,-2112,11184,-3081,3287,59
nicht_melden,7,127,9280,-2348,11012,-2528,2416,327
nicht_melden,7,128,8436,-3004,11328,-1982,1407,544
nicht_melden,7,129,9116,-2880,11864,-1627,742,716
nicht_melden,7,130,7884,-2804,12596,-1468,294,726
nicht_melden,7,131,6280,-3060,12264,-1238,-508,642
nicht_melden,7,132,6560,-3228,12504,-1024,-1153,676
nicht_melden,7,133,6952,-3136,12332,-908,-1700,711
nicht_melden,7,134,7196,-3496,10368,-484,-2292,737
nicht_melden,7,135,9036,-3196,8324,-93,-2572,899
nicht_melden,7,136,9756,-3308,8552,-198,-2228,859
nicht_melden,7,137,6580,-3256,10280,-226,-2238,731
nicht_melden,7,138,6108,-2764,10976,-109,-2709,672
nicht_melden,7,139,6516,-2472,11096,-96,-3218,631
nicht_melden,7,140,6268,-2652,11312,-225,-3668,544
nicht_melden,7,141,6108,-2540,10428,-190,-4187,378
nicht_melden,7,142,8472,-2180,9260,-243,-4222,310
nicht_melden,7,143,10304,-1384,8848,-491,-3601,255
nicht_melden,7,144,11392,-484,9280,-881,-2861,215
nicht_melden,7,145,11124,-44,10072,-1108,-2537,271
nicht_melden,7,146,11044,-56,10020,-961,-2975,502
nicht_melden,7,147,10712,-740,9680,-608,-3776,744
nicht_melden,7,148,10368,-1088,10028,-412,-4316,918
nicht_melden,7,149,8208,-1424,12256,-256,-5237,958
nicht_melden,7,150,9060,-1356,10228,-176,-5917,946
nicht_melden,7,151,10932,-1896,7800,-372,-5520,800
nicht_melden,7,152,10200,-2104,7564,-697,-4880,488
nicht_melden,7,153,10148,-1796,7784,-883,-4704,223
nicht_melden,7,154,10908,-2100,7268,-991,-4583,51
nicht_melden,7,155,12164,-1872,7016,-916,-4730,16
nicht_melden,7,156,12476,-2140,6808,-975,-4552,-79
nicht_melden,7,157,13616,-2540,5384,-954,-4373,-133
nicht_melden,7,158,14024,-3020,4840,-957,-4086,-170
nicht_melden,7,159,12584,-3476,6352,-1057,-3820,-115
nicht_melden,7,160,12500,-4568,6672,-879,-4451,-125
nicht_melden,7,161,12780,-5268,5432,-877,-4682,-223
nicht_melden,7,162,12728,-6132,4780,-880,-4979,-289
nicht_melden,7,163,14096,-6016,3528,-759,-5375,-306
nicht_melden,7,164,15536,-5624,2716,-756,-5191,-171
nicht_melden,7,165,16664,-5448,2644,-694,-5405,-72
nicht_melden,7,166,16660,-5524,2300,-653,-5524,48
nicht_melden,7,167,16728,-5956,2060,-596,-5749,230
nicht_melden,7,168,17764,-6140,1440,-536,-5969,313
nicht_melden,7,169,18296,-6972,480,-451,-5768,391
nicht_melden,7,170,19380,-6636,-1544,-603,-4668,392
nicht_melden,7,171,18564,-7392,-928,-767,-3085,406
nicht_melden,7,172,16108,-7496,-2632,-669,-1750,262
nicht_melden,7,173,12892,-6632,-4092,-852,-517,-322
nicht_melden,7,174,13112,-4908,-5868,-938,963,-1050
nicht_melden,7,175,15120,-3916,-6688,-1096,2977,-1703
nicht_melden,7,176,16236,-2820,-5812,-1405,5465,-2189
nicht_melden,7,177,17396,-1184,-4960,-1608,7622,-2449
nicht_melden,7,178,16928,-240,-3432,-1692,9271,-2550
nicht_melden,7,179,18400,744,-2416,-1601,10227,-2516
nicht_melden,7,180,16272,424,-948,-1638,11245,-2475
nicht_melden,7,181,15676,-400,1012,-1431,11476,-2204
nicht_melden,7,182,15512,-1388,2924,-1174,11614,-1809
nicht_melden,7,183,14844,-2188,4640,-819,11533,-1327
nicht_melden,7,184,14036,-2688,7032,-482,11321,-856
nicht_melden,7,185,12628,-3316,8532,-304,11135,-410
nicht_melden,7,186,10932,-4608,9884,-167,10731,-128
nicht_melden,7,187,10464,-5152,10588,-250,10572,149
nicht_melden,7,188,9860,-5748,10852,-454,10727,163
nicht_melden,7,189,9928,-6408,10052,-801,11558,4
nicht_melden,7,190,10644,-6720,9056,-1445,13160,-226
nicht_melden,7,191,10296,-6920,9732,-2349,15087,-753
nicht_melden,7,192,7928,-6256,11768,-3350,16748,-1373
nicht_melden,7,193,6372,-5656,14700,-4338,17646,-2032
nicht_melden,7,194,6176,-2520,17104,-4634,17053,-2552
nicht_melden,7,195,740,-3732,22748,-5281,13794,-1783
nicht_melden,7,196,2752,-304,16424,-3441,8318,-1671
nicht_melden,7,197,9624,-6948,12640,-1383,3545,889
nicht_melden,7,198,6800,-7124,7528,456,-116,1959
nicht_melden,7,199,1344,-8800,6396,1816,-3205,1990
nicht_melden,7,200,-3512,-11188,7416,2888,-5790,1850
nicht_melden,7,201,-4436,-10904,10124,3509,-7372,1567
nicht_melden,7,202,-1392,-7048,13676,3545,-8485,941
nicht_melden,7,203,1708,-3036,15980,2863,-9197,534
nicht_melden,7,204,4412,-1540,16864,2165,-10034,321
nicht_melden,7,205,6568,-1488,17492,1855,-11255,282
nicht_melden,7,206,7460,-1824,17496,1887,-12966,457
nicht_melden,7,207,8968,-2444,16164,2245,-14846,630
nicht_melden,7,208,9756,-3760,14144,2544,-16322,818
nicht_melden,7,209,10936,-4752,11540,3017,-17497,1225
nicht_melden,7,210,11224,-6376,8880,3446,-18113,1536
nicht_melden,7,211,14656,-5824,6124,3877,-17595,1929
nicht_melden,7,212,16436,-5200,5956,3535,-15267,2219
nicht_melden,7,213,15048,-4656,4720,3537,-13045,2281
nicht_melden,7,214,16068,-2052,2504,2742,-9559,1852
nicht_melden,7,215,9120,-2688,2368,1629,-5741,1104
nicht_melden,7,216,8100,388,-1328,1220,-2971,159
nicht_melden,7,217,8988,1896,-2936,305,741,-766
nicht_melden,7,218,10504,3760,-2260,-282,3731,-1344
nicht_melden,7,219,14644,5216,-308,-844,6599,-1586
nicht_melden,7,220,15048,4764,2496,-1089,8594,-1651
nicht_melden,7,221,15168,3716,4172,-1160,10003,-1663
nicht_melden,7,222,14488,1564,6672,-1339,10949,-1526
nicht_melden,7,223,12168,-316,9644,-1416,11187,-1345
nicht_melden,7,224,10468,-1648,11412,-1515,11307,-1274
nicht_melden,7,225,9240,-2180,13456,-1818,11458,-1275
nicht_melden,7,226,8292,-3340,14800,-2285,11844,-1449
nicht_melden,7,227,8660,-4920,14128,-2895,12991,-1797
nicht_melden,7,228,8488,-6384,14460,-3581,14199,-2270
nicht_melden,7,229,7956,-6532,14836,-4235,15515,-3039
nicht_melden,7,230,8500,-4784,16544,-4965,16679,-3758
nicht_melden,7,231,8940,-4100,18484,-5752,16695,-4073
nicht_melden,7,232,5580,-2984,22400,-6149,13623,-3979
nicht_melden,7,233,4388,-2692,21064,-4720,7753,-2646
nicht_melden,7,234,7360,-3960,16828,-2601,2033,-529
nicht_melden,7,235,6060,-5128,11808,-998,-2487,1194
nicht_melden,7,236,5892,-8124,9840,451,-5844,1587
nicht_melden,7,237,5388,-8588,10712,1337,-7759,1218
nicht_melden,7,238,756,-6320,12124,1407,-8886,1113
nicht_melden,7,239,-280,-5584,13884,1423,-9780,1238
nicht_melden,7,240,2596,-4528,13752,1180,-10501,1009
nicht_melden,7,241,5624,-3316,13376,694,-10954,681
nicht_melden,7,242,7712,-3568,13352,422,-11378,681
nicht_melden,7,243,8256,-4704,13096,542,-12398,892
nicht_melden,7,244,8432,-6328,11404,1192,-13787,1160
nicht_melden,7,245,8960,-7180,8280,2156,-15127,1467
nicht_melden,7,246,10972,-7156,5512,3000,-15677,1853
nicht_melden,7,247,12748,-6796,4116,3569,-15377,2163
nicht_melden,7,248,15956,-5044,2128,3871,-14217,2421
nicht_melden,7,249,18492,-3072,676,3577,-11773,2407
nicht_melden,7,250,18860,-2464,464,2775,-8495,2168
nicht_melden,7,251,15868,-2484,2032,1938,-5603,1784
nicht_melden,7,252,12220,-2232,2880,1482,-3804,1350
nicht_melden,7,253,10540,-1532,2372,1369,-2735,944
nicht_melden,7,254,10184,-1072,2684,1299,-1677,555
nicht_melden,7,255,9884,-332,3088,1139,-720,141
nicht_melden,7,256,10808,-204,2472,816,384,-283
nicht_melden,7,257,11596,-992,2912,439,1777,-680
nicht_melden,7,258,11924,-1716,3832,195,2789,-943
nicht_melden,7,259,13040,-1360,4036,57,3324,-1090
nicht_melden,7,260,15084,-1328,4080,-19,3823,-1148
nicht_melden,7,261,15520,-1908,4732,0,4087,-1052
nicht_melden,7,262,17240,-2216,3340,309,4166,-920
nicht_melden,7,263,18868,-2836,3132,293,5145,-791
nicht_melden,7,264,18192,-3084,4124,88,6064,-693
nicht_melden,7,265,16080,-3316,4544,-163,6549,-620
nicht_melden,7,266,14436,-3876,6076,-185,6464,-470
nicht_melden,7,267,12720,-4492,8148,-134,6001,-344
nicht_melden,7,268,12384,-4480,9856,58,5130,-59
nicht_melden,7,269,12364,-4660,11268,283,4221,280
nicht_melden,7,270,11944,-4872,12744,385,3283,521
nicht_melden,7,271,10692,-4580,14908,390,1778,829
nicht_melden,7,272,11128,-4772,15304,612,-53,1027
nicht_melden,7,273,10144,-5952,13924,936,-1733,1107
nicht_melden,7,274,10964,-6684,10328,1274,-2816,1104
nicht_melden,7,275,13700,-6820,6472,1493,-2566,1015
nicht_melden,7,276,14676,-6660,4284,1348,-1390,942
nicht_melden,7,277,14128,-6248,3552,1238,-146,886
nicht_melden,7,278,13492,-4768,4368,1012,1029,867
nicht_melden,7,279,13744,-3868,5616,696,2110,880
nicht_melden,7,280,12184,-3792,7408,425,2842,819
nicht_melden,7,281,10628,-3808,9288,367,2833,786
nicht_melden,7,282,10668,-3388,10468,415,2494,747
nicht_melden,7,283,10360,-3296,11144,484,2110,716
nicht_melden,7,284,9888,-3524,11392,610,1490,709
nicht_melden,7,285,10280,-3644,10720,769,896,721
nicht_melden,7,286,10304,-3944,10332,875,437,697
nicht_melden,7,287,10068,-4184,9612,984,86,609
nicht_melden,7,288,9920,-4168,8908,1071,-68,511
nicht_melden,7,289,10000,-3844,8496,1109,-8,389
nicht_melden,7,290,9768,-3656,8600,1089,202,220
nicht_melden,7,291,9524,-3332,8840,1120,282,40
nicht_melden,7,292,9540,-2916,9020,1128,405,-117
nicht_melden,7,293,9556,-2512,10036,1115,494,-207
nicht_melden,7,294,10216,-2084,9860,1113,635,-281
nicht_melden,7,295,10596,-1968,9592,980,1071,-433
nicht_melden,7,296,10716,-1648,9176,791,1731,-594
nicht_melden,7,297,10196,-1800,9208,565,2509,-749
nicht_melden,7,298,9632,-1836,9436,378,2996,-834
nicht_melden,7,299,9260,-1676,9672,370,3118,-871
nicht_melden,8,0,3280,56,13712,-193,406,33
nicht_melden,8,1,3468,4,13516,-236,551,42
nicht_melden,8,2,3284,-136,13588,-255,646,13
nicht_melden,8,3,3132,-148,13820,-285,682,29
nicht_melden,8,4,2752,-276,13716,-254,623,66
nicht_melden,8,5,2860,-460,13492,-233,609,93
nicht_melden,8,6,3016,-300,13516,-265,741,78
nicht_melden,8,7,2572,-424,14180,-279,732,44
nicht_melden,8,8,2396,-336,14260,-251,696,48
nicht_melden,8,9,2028,-172,14928,-322,708,41
nicht_melden,8,10,2600,-156,14684,-373,729,63
nicht_melden,8,11,3756,-172,14500,-385,721,231
nicht_melden,8,12,4460,-448,14940,-470,698,470
nicht_melden,8,13,3836,-1920,15804,-601,478,566
nicht_melden,8,14,2428,-1644,16340,-1079,173,650
nicht_melden,8,15,428,-2264,18952,-994,-168,504
nicht_melden,8,16,1048,-1176,19412,-1488,-161,602
nicht_melden,8,17,188,-2704,19300,-1811,-668,622
nicht_melden,8,18,2504,-3100,18844,-1823,-1073,597
nicht_melden,8,19,4464,-7812,13584,-1857,-546,304
nicht_melden,8,20,5240,-6456,14104,-2090,893,55
nicht_melden,8,21,5012,-5332,15380,-2557,1670,14
nicht_melden,8,22,3416,-6104,15296,-2641,2078,-70
nicht_melden,8,23,3548,-6132,14700,-2772,2437,-201
nicht_melden,8,24,852,-7000,14712,-3199,2669,-540
nicht_melden,8,25,-1016,-8208,14380,-3197,2544,-887
nicht_melden,8,26,-2616,-9356,14496,-2774,1996,-1036
nicht_melden,8,27,-2096,-9332,14812,-2297,1128,-1006
nicht_melden,8,28,-1048,-8808,15372,-1784,307,-883
nicht_melden,8,29,1428,-6900,15780,-1438,-145,-591
nicht_melden,8,30,3396,-5736,15056,-1397,-205,-417
nicht_melden,8,31,4456,-5396,13892,-1559,81,-472
nicht_melden,8,32,4312,-5776,12536,-1638,486,-525
nicht_melden,8,33,3888,-5716,11276,-1733,893,-586
nicht_melden,8,34,3328,-6196,9932,-1532,1218,-657
nicht_melden,8,35,2088,-7556,8916,-1201,1344,-715
nicht_melden,8,36,1572,-7604,8312,-764,1485,-844
nicht_melden,8,37,1284,-7400,8696,-273,1490,-889
nicht_melden,8,38,1276,-6696,8892,187,1367,-935
nicht_melden,8,39,1908,-6208,8616,576,1544,-997
nicht_melden,8,40,2360,-5492,8268,838,1921,-1032
nicht_melden,8,41,1744,-5500,7572,1142,2402,-1098
nicht_melden,8,42,804,-5084,7928,1435,2918,-1085
nicht_melden,8,43,-320,-4908,8764,1791,3204,-1029
nicht_melden,8,44,-1852,-4276,9740,2214,3012,-1023
nicht_melden,8,45,-3340,-3620,9980,2714,2359,-1032
nicht_melden,8,46,-3412,-2776,9568,3424,1558,-956
nicht_melden,8,47,-2636,-3152,10436,4072,967,-874
nicht_melden,8,48,-244,-456,9776,4784,630,-626
nicht_melden,8,49,1788,3428,9316,4715,913,-772
nicht_melden,8,50,2448,6292,10152,4107,1772,-1060
nicht_melden,8,51,1872,7436,10080,3408,2799,-1210
nicht_melden,8,52,540,7732,11044,2794,3529,-1358
nicht_melden,8,53,-1708,7132,12296,2388,3739,-1498
nicht_melden,8,54,-3292,6672,13376,2126,3358,-1565
nicht_melden,8,55,-4556,5600,12992,1943,2799,-1682
nicht_melden,8,56,-5116,5128,14100,1891,2149,-1772
nicht_melden,8,57,-5156,4312,15260,1877,1199,-1813
nicht_melden,8,58,-4960,4988,15716,1881,202,-1731
nicht_melden,8,59,-5464,5936,16068,1815,-815,-1533
nicht_melden,8,60,-4844,5496,16356,2037,-2187,-1223
nicht_melden,8,61,-4072,5000,16004,2220,-3409,-855
nicht_melden,8,62,-5548,4780,17920,2210,-4622,-644
nicht_melden,8,63,-6324,2756,18172,2693,-6384,-304
nicht_melden,8,64,-6380,1312,18236,3237,-8352,-100
nicht_melden,8,65,-7120,1348,20352,3810,-10702,52
nicht_melden,8,66,-5548,2224,18388,4923,-13790,480
nicht_melden,8,67,-2232,3944,14920,5076,-14862,658
nicht_melden,8,68,1152,5536,11728,4790,-14474,592
nicht_melden,8,69,7424,7132,4760,3970,-11968,433
nicht_melden,8,70,12736,8744,1416,2226,-7472,159
nicht_melden,8,71,16208,8476,1336,569,-2571,-99
nicht_melden,8,72,15084,8068,2584,-880,1877,-143
nicht_melden,8,73,13336,8752,4704,-1978,5258,4
nicht_melden,8,74,7464,7724,9424,-3033,7622,21
nicht_melden,8,75,1376,5920,15068,-3347,7348,-64
nicht_melden,8,76,4308,6052,14120,-3315,7245,348
nicht_melden,8,77,3920,5012,12632,-3619,7734,543
nicht_melden,8,78,484,2124,13156,-3545,7448,643
nicht_melden,8,79,-1492,436,14592,-3181,6119,485
nicht_melden,8,80,-3120,-1328,12304,-2504,4670,378
nicht_melden,8,81,-1640,-1480,10388,-1649,3667,435
nicht_melden,8,82,-736,-796,10512,-1091,3194,367
nicht_melden,8,83,512,-56,10828,-718,2682,239
nicht_melden,8,84,1116,248,10420,-550,2402,104
nicht_melden,8,85,1580,544,11120,-522,2322,-151
nicht_melden,8,86,4364,1376,11020,-351,2032,-5
nicht_melden,8,87,2856,1132,10956,-219,2203,-22
nicht_melden,8,88,2660,428,9732,-248,2303,-264
nicht_melden,8,89,1976,-348,10660,-244,3170,-440
nicht_melden,8,90,1440,-276,12472,-551,3941,-648
nicht_melden,8,91,192,32,14612,-649,3564,-883
nicht_melden,8,92,-2680,560,16168,-591,3055,-811
nicht_melden,8,93,-5380,2168,18204,-432,1730,-768
nicht_melden,8,94,-8868,3224,20864,-344,191,-546
nicht_melden,8,95,-4356,88,15400,-115,-192,-705
nicht_melden,8,96,-3844,-68,20464,322,-1351,-484
nicht_melden,8,97,40,3804,17516,754,-2630,46
nicht_melden,8,98,1608,2456,13396,526,-2011,122
nicht_melden,8,99,1536,2468,13988,71,-998,18
nicht_melden,8,100,1340,2388,13864,-271,-451,-70
nicht_melden,8,101,-328,2056,14384,-368,-332,-63
nicht_melden,8,102,-1404,1392,15468,-162,-960,112
nicht_melden,8,103,-2324,872,14912,259,-1878,314
nicht_melden,8,104,-2352,664,14792,614,-2672,476
nicht_melden,8,105,-2284,1016,14672,959,-3623,577
nicht_melden,8,106,-1380,592,13656,1412,-4516,608
nicht_melden,8,107,836,1888,13096,1344,-4312,608
nicht_melden,8,108,644,2036,12500,1168,-4025,433
nicht_melden,8,109,2848,3232,11052,785,-2946,258
nicht_melden,8,110,5796,5092,7928,1,-636,278
nicht_melden,8,111,7376,6176,5768,-1170,2637,171
nicht_melden,8,112,7660,5936,6128,-2547,6404,-15
nicht_melden,8,113,5320,5328,7600,-3882,9669,-96
nicht_melden,8,114,904,3304,10072,-4769,11683,-274
nicht_melden,8,115,-2500,2096,13176,-5191,12308,-415
nicht_melden,8,116,-6328,2176,15696,-5448,11282,-506
nicht_melden,8,117,-8572,-544,17744,-5083,8759,-690
nicht_melden,8,118,-9676,-1544,17376,-4028,5713,-605
nicht_melden,8,119,-9804,-3584,16128,-2702,2784,-126
nicht_melden,8,120,-8008,-3940,13756,-1348,246,319
nicht_melden,8,121,-3576,-2880,11084,-344,-805,799
nicht_melden,8,122,-788,-1180,9560,-236,-255,896
nicht_melden,8,123,-940,-800,9964,-793,997,609
nicht_melden,8,124,-2880,-2772,11340,-1293,2049,300
nicht_melden,8,125,-4988,-4904,11292,-1293,2772,116
nicht_melden,8,126,-6500,-5340,11860,-973,2886,17
nicht_melden,8,127,-7656,-5040,12616,-487,2407,-59
nicht_melden,8,128,-8484,-4612,13292,63,1626,4
nicht_melden,8,129,-8788,-3392,13200,578,748,76
nicht_melden,8,130,-8100,-1924,14004,893,-96,157
nicht_melden,8,131,-7116,-324,14600,873,-660,145
nicht_melden,8,132,-6476,740,15268,780,-1259,181
nicht_melden,8,133,-4748,1684,15552,681,-1792,332
nicht_melden,8,134,-5592,1680,16088,482,-2446,280
nicht_melden,8,135,-6900,996,15532,342,-3246,98
nicht_melden,8,136,-6192,1096,15156,234,-3851,-85
nicht_melden,8,137,-6044,1276,14596,37,-4131,-243
nicht_melden,8,138,-6524,1512,14248,-258,-4293,-469
nicht_melden,8,139,-8524,800,13496,-202,-4894,-717
nicht_melden,8,140,-8108,2728,13124,134,-5881,-833
nicht_melden,8,141,-6320,5084,12184,190,-6776,-642
nicht_melden,8,142,-4580,5484,10796,113,-7566,-330
nicht_melden,8,143,-2088,4944,8716,81,-7629,28
nicht_melden,8,144,52,4944,7712,-38,-6971,357
nicht_melden,8,145,1200,5572,6820,-156,-6028,714
nicht_melden,8,146,1772,6344,6936,-353,-5010,1001
nicht_melden,8,147,2052,6684,7344,-584,-4086,1236
nicht_melden,8,148,2120,6752,7848,-922,-3152,1423
nicht_melden,8,149,2008,5640,7836,-1137,-2531,1569
nicht_melden,8,150,2808,3896,9180,-1109,-1984,1755
nicht_melden,8,151,2096,2792,10172,-1004,-1823,1908
nicht_melden,8,152,1444,2460,9832,-900,-1718,1908
nicht_melden,8,153,1536,3236,10344,-801,-1596,1768
nicht_melden,8,154,1720,3844,11508,-931,-1480,1619
nicht_melden,8,155,672,3676,13088,-1012,-1703,1483
nicht_melden,8,156,-232,2620,13584,-889,-2229,1355
nicht_melden,8,157,-612,776,13392,-521,-3021,1208
nicht_melden,8,158,1468,108,12504,-297,-3164,1028
nicht_melden,8,159,3816,-1088,11244,-303,-2878,815
nicht_melden,8,160,6540,-1120,8744,-325,-1831,507
nicht_melden,8,161,10432,-784,6660,-722,365,125
nicht_melden,8,162,11216,-1552,7464,-1481,2991,-247
nicht_melden,8,163,8764,-1620,9816,-2304,5202,-631
nicht_melden,8,164,7492,-1952,11944,-3090,7015,-1060
nicht_melden,8,165,4540,-3236,13420,-3815,8214,-1532
nicht_melden,8,166,1820,-4872,15172,-4104,8437,-1918
nicht_melden,8,167,-2960,-7064,17120,-3747,7576,-2147
nicht_melden,8,168,-5416,-8072,18304,-2724,5635,-1891
nicht_melden,8,169,-4964,-7844,18876,-1609,3186,-1384
nicht_melden,8,170,-4120,-9048,17708,-359,673,-960
nicht_melden,8,171,-2204,-8816,16624,288,-793,-509
nicht_melden,8,172,-508,-7816,15636,463,-1372,-378
nicht_melden,8,173,1056,-8164,14088,613,-1394,-145
nicht_melden,8,174,2712,-7528,13128,918,-1419,97
nicht_melden,8,175,2856,-6852,13372,1240,-1306,644
nicht_melden,8,176,2056,-5708,13072,1312,-1069,823
nicht_melden,8,177,-176,-6248,12888,1336,-1024,661
nicht_melden,8,178,-1476,-6480,12012,1436,-1272,324
nicht_melden,8,179,-2116,-7068,12152,1789,-1536,82
nicht_melden,8,180,-1996,-6564,12544,2149,-2016,-148
nicht_melden,8,181,-632,-6792,13220,2363,-2505,-286
nicht_melden,8,182,8028,-8380,9504,2393,-1112,-363
nicht_melden,8,183,644,-8632,14264,1382,241,-877
nicht_melden,8,184,-8172,-8168,21848,1162,-2512,-1101
nicht_melden,8,185,1100,-10320,16148,1514,-3083,-1006
nicht_melden,8,186,6180,-6488,16836,1011,-406,-1041
nicht_melden,8,187,2068,-4988,21588,-275,-365,-954
nicht_melden,8,188,-4552,-6496,20500,56,-2221,-1244
nicht_melden,8,189,380,-6020,16992,213,-2888,-1016
nicht_melden,8,190,752,-5640,14144,395,-2967,-1037
nicht_melden,8,191,2792,-4500,12996,261,-2576,-1006
nicht_melden,8,192,3228,-3916,12224,303,-2253,-971
nicht_melden,8,193,4460,-2848,11668,302,-1782,-821
nicht_melden,8,194,4604,-2004,11652,286,-1393,-624
nicht_melden,8,195,4500,-468,11812,288,-1122,-382
nicht_melden,8,196,4316,-252,9552,371,-660,-217
nicht_melden,8,197,3676,-628,10632,430,-369,-184
nicht_melden,8,198,1956,-1400,11268,384,-142,-233
nicht_melden,8,199,1112,-1688,10888,849,-407,-203
nicht_melden,8,200,1932,-1268,10672,1160,-529,-181
nicht_melden,8,201,972,-892,11660,1260,-653,-253
nicht_melden,8,202,1592,-172,12500,1246,-486,-263
nicht_melden,8,203,2116,412,14248,1101,-318,-290
nicht_melden,8,204,2620,840,15492,860,-218,-309
nicht_melden,8,205,3232,1172,16808,562,-77,-311
nicht_melden,8,206,3636,992,17236,264,-50,-324
nicht_melden,8,207,3788,360,16360,93,-156,-308
nicht_melden,8,208,3732,-156,15116,37,-314,-275
nicht_melden,8,209,3484,-696,13864,84,-483,-228
nicht_melden,8,210,3708,-424,13788,70,-543,-164
nicht_melden,8,211,3636,-584,13452,32,-478,-132
nicht_melden,8,212,3416,-536,13308,-28,-396,-109
nicht_melden,8,213,3284,-392,13272,-48,-343,-65
nicht_melden,8,214,3284,-344,13224,-88,-265,-49
nicht_melden,8,215,3084,-232,13276,-101,-204,-15
nicht_melden,8,216,3200,-200,13364,-82,-239,3
nicht_melden,8,217,3196,-192,13624,-41,-252,6
nicht_melden,8,218,3124,-52,13924,-41,-290,-19
nicht_melden,8,219,3432,-124,13812,-38,-325,-38
nicht_melden,8,220,3712,-28,13972,-37,-325,-38
nicht_melden,8,221,3996,8,14028,-91,-278,-37
nicht_melden,8,222,3764,-92,13888,-152,-240,-49
nicht_melden,8,223,3844,-404,13780,-167,-133,-35
nicht_melden,8,224,3720,-488,13676,-196,-32,-27
nicht_melden,8,225,3304,-468,13676,-164,-48,-6
nicht_melden,8,226,3304,-456,13312,-107,-111,39
nicht_melden,8,227,3392,-288,13380,-81,-111,77
nicht_melden,8,228,3512,-40,13156,-77,-52,74
nicht_melden,8,229,3540,-52,13244,-98,7,73
nicht_melden,8,230,3440,24,13220,-94,12,73
nicht_melden,8,231,3436,88,13208,-81,-14,84
nicht_melden,8,232,3612,92,13128,-66,-40,93
nicht_melden,8,233,3560,-100,13080,-50,-55,99
nicht_melden,8,234,3756,-212,13096,-9,-66,89
nicht_melden,8,235,3668,-204,13080,7,-69,96
nicht_melden,8,236,3956,-172,13188,20,-46,78
nicht_melden,8,237,4056,-4,13300,3,4,87
nicht_melden,8,238,4276,200,13828,-58,74,93
nicht_melden,8,239,4168,152,14612,-170,118,55
nicht_melden,8,240,3692,-352,14512,-184,36,1
nicht_melden,8,241,3880,-504,14060,-180,-75,-18
nicht_melden,8,242,3936,-568,13280,-157,-139,-22
nicht_melden,8,243,4072,-416,12936,-139,-137,-19
nicht_melden,8,244,3952,-284,12804,-138,-99,-13
nicht_melden,8,245,3984,-176,13068,-149,-62,-43
nicht_melden,8,246,3776,-156,13204,-151,-54,-68
nicht_melden,8,247,3940,36,13268,-157,-73,-71
nicht_melden,8,248,3936,-84,13344,-180,-68,-88
nicht_melden,8,249,3804,-68,13376,-163,-72,-112
nicht_melden,8,250,3728,-64,13444,-132,-57,-136
nicht_melden,8,251,3740,-144,13452,-175,4,-185
nicht_melden,8,252,3612,-280,13580,-201,14,-217
nicht_melden,8,253,3632,-276,13316,-167,-67,-205
nicht_melden,8,254,3704,-36,13184,-138,-123,-180
nicht_melden,8,255,3852,-88,12996,-145,-93,-168
nicht_melden,8,256,3932,-116,13164,-146,-53,-167
nicht_melden,8,257,3952,-164,13004,-131,-33,-144
nicht_melden,8,258,3840,-140,13100,-100,-39,-125
nicht_melden,8,259,3800,-124,13108,-73,-50,-105
nicht_melden,8,260,3856,-188,13500,-87,-15,-86
nicht_melden,8,261,3928,-208,13508,-114,21,-77
nicht_melden,8,262,3756,-324,13624,-122,23,-80
nicht_melden,8,263,3684,-324,13588,-112,5,-66
nicht_melden,8,264,3684,-256,13304,-110,-7,-51
nicht_melden,8,265,3836,-132,13448,-140,43,-41
nicht_melden,8,266,3880,-132,13712,-183,83,-55
nicht_melden,8,267,3744,-396,13652,-186,63,-64
nicht_melden,8,268,3776,-384,13532,-152,-7,-63
nicht_melden,8,269,3812,-324,13200,-119,-67,-46
nicht_melden,8,270,3900,-200,13040,-119,-41,-37
nicht_melden,8,271,3808,-64,12964,-133,25,-38
nicht_melden,8,272,3932,-200,13032,-138,75,-40
nicht_melden,8,273,4036,-40,13328,-164,97,-36
nicht_melden,8,274,4072,-12,13412,-200,105,-41
nicht_melden,8,275,3860,-116,13676,-198,92,-50
nicht_melden,8,276,3848,-216,13480,-171,41,-61
nicht_melden,8,277,3772,-276,13204,-127,-9,-76
nicht_melden,8,278,3756,-184,13112,-105,-20,-74
nicht_melden,8,279,4000,-72,12992,-97,-2,-85
nicht_melden,8,280,3916,-164,13108,-108,27,-91
nicht_melden,8,281,3932,-252,13176,-104,30,-87
nicht_melden,8,282,3912,-236,13288,-108,32,-85
nicht_melden,8,283,3884,-188,13204,-124,39,-73
nicht_melden,8,284,3764,-236,13432,-118,33,-73
nicht_melden,8,285,3796,-248,13412,-109,8,-79
nicht_melden,8,286,3852,-204,13388,-110,9,-78
nicht_melden,8,287,3928,-200,13532,-128,21,-86
nicht_melden,8,288,3972,-176,13332,-146,41,-98
nicht_melden,8,289,3768,-320,13292,-134,20,-98
nicht_melden,8,290,3892,-292,13152,-114,-9,-86
nicht_melden,8,291,3896,-232,13276,-119,1,-85
nicht_melden,8,292,3896,-148,13332,-128,42,-92
nicht_melden,8,293,3928,-200,13496,-160,88,-94
nicht_melden,8,294,3820,-192,13660,-147,87,-107
nicht_melden,8,295,3864,-356,13424,-121,37,-99
nicht_melden,8,296,3736,-204,13364,-105,9,-79
nicht_melden,8,297,3908,-200,13188,-105,13,-62
nicht_melden,8,298,3944,-136,13256,-133,58,-57
nicht_melden,8,299,3760,-108,13212,-140,92,-66
nicht_melden,9,0,7612,-5760,17480,-3632,-4322,3697
nicht_melden,9,1,8340,-6632,17036,-3763,-4540,4065
nicht_melden,9,2,9084,-6976,16500,-4049,-4492,4466
nicht_melden,9,3,9212,-8216,16040,-4312,-4492,4808
nicht_melden,9,4,9472,-9284,15544,-4421,-4698,5247
nicht_melden,9,5,9412,-10092,14508,-4429,-5017,5733
nicht_melden,9,6,9152,-10608,13288,-4387,-5400,6285
nicht_melden,9,7,8872,-10828,12060,-4220,-5820,6792
nicht_melden,9,8,8800,-11160,11480,-4019,-6206,7299
nicht_melden,9,9,8492,-11828,10800,-3689,-6689,7898
nicht_melden,9,10,8052,-13444,9504,-3192,-7340,8388
nicht_melden,9,11,7696,-14844,8524,-2563,-8019,8867
nicht_melden,9,12,7312,-15452,7120,-1831,-8518,9293
nicht_melden,9,13,7072,-15752,6124,-1173,-8640,9560
nicht_melden,9,14,6900,-14612,5280,-599,-8529,9780
nicht_melden,9,15,7372,-13664,3700,-210,-7998,10012
nicht_melden,9,16,8428,-13720,2712,132,-7330,10010
nicht_melden,9,17,9212,-13828,1544,319,-6332,9932
nicht_melden,9,18,9488,-14352,848,465,-5273,9712
nicht_melden,9,19,9004,-14824,1172,726,-4498,9466
nicht_melden,9,20,7484,-14724,1368,1320,-4414,9425
nicht_melden,9,21,10944,-12880,352,1298,-3314,8462
nicht_melden,9,22,7592,-10632,472,875,-1844,7595
nicht_melden,9,23,4460,-11128,2300,1018,-1579,7253
nicht_melden,9,24,3284,-10536,3032,1402,-2216,6926
nicht_melden,9,25,4352,-9568,2140,1648,-2479,6536
nicht_melden,9,26,3864,-9456,1932,1609,-2200,6095
nicht_melden,9,27,3484,-9008,2028,1799,-2243,5746
nicht_melden,9,28,3240,-8444,2448,1999,-2586,5442
nicht_melden,9,29,5420,-7568,-228,2233,-2563,5224
nicht_melden,9,30,4752,-7604,-340,2448,-2635,5092
nicht_melden,9,31,800,-6656,4904,2491,-3202,4756
nicht_melden,9,32,-2356,-7812,7632,2332,-3428,4347
nicht_melden,9,33,-4332,-8384,9012,2152,-3864,3850
nicht_melden,9,34,-624,-6604,9628,1613,-4182,3262
nicht_melden,9,35,2316,-6372,8324,1021,-3585,2726
nicht_melden,9,36,3840,-7776,6276,459,-2713,2335
nicht_melden,9,37,5972,-9092,5448,266,-2140,2057
nicht_melden,9,38,4192,-11584,5620,405,-1877,1927
nicht_melden,9,39,3896,-12776,6396,828,-2329,1864
nicht_melden,9,40,5444,-11864,6552,1193,-2899,1925
nicht_melden,9,41,4412,-10848,9700,1419,-3487,1857
nicht_melden,9,42,4892,-7928,14416,1882,-1622,1504
nicht_melden,9,43,1552,-8292,11696,1338,-3453,1793
nicht_melden,9,44,2512,-8044,12020,1179,-3203,1442
nicht_melden,9,45,3188,-11164,8348,704,-2165,1103
nicht_melden,9,46,3476,-11372,7328,501,-1626,919
nicht_melden,9,47,3556,-11728,8168,299,-930,578
nicht_melden,9,48,1612,-11872,9700,-217,-731,261
nicht_melden,9,49,2424,-12724,8384,-323,-935,40
nicht_melden,9,50,3400,-12276,7064,-437,-1135,78
nicht_melden,9,51,5604,-11800,6048,-586,-993,230
nicht_melden,9,52,5672,-10356,4192,-668,-948,304
nicht_melden,9,53,8720,-8624,1344,-420,-1002,555
nicht_melden,9,54,9916,-5164,-456,-323,-793,989
nicht_melden,9,55,5000,-3144,2800,-373,-879,1307
nicht_melden,9,56,-4156,-584,6460,-74,-2506,1397
nicht_melden,9,57,-5144,4584,4184,262,-4529,1717
nicht_melden,9,58,-636,5832,364,-216,-4068,1538
nicht_melden,9,59,1772,3504,-1256,-1372,-1577,810
nicht_melden,9,60,2352,-740,-524,-1876,193,255
nicht_melden,9,61,4,-5404,1704,-1756,796,-377
nicht_melden,9,62,-1356,-9352,4112,-1348,531,-848
nicht_melden,9,63,-588,-13376,6056,-646,-253,-1195
nicht_melden,9,64,1324,-17260,8964,-67,-948,-1458
nicht_melden,9,65,5004,-21272,11012,340,-1347,-1464
nicht_melden,9,66,8520,-24688,13272,768,-1829,-1237
nicht_melden,9,67,11068,-26944,13752,1090,-1684,-841
nicht_melden,9,68,12428,-28180,16804,997,-1137,-501
nicht_melden,9,69,12396,-28116,18468,677,-252,-123
nicht_melden,9,70,9248,-28272,19716,254,507,74
nicht_melden,9,71,7620,-26460,20356,-37,706,284
nicht_melden,9,72,5368,-23980,19304,-406,1000,337
nicht_melden,9,73,4996,-21496,17036,-653,1094,365
nicht_melden,9,74,4548,-21648,13988,-737,1047,361
nicht_melden,9,75,5248,-19888,12144,-956,1357,297
nicht_melden,9,76,4732,-19160,9756,-1216,1958,154
nicht_melden,9,77,4760,-16156,8824,-1403,1860,161
nicht_melden,9,78,7996,-13068,5856,-1303,1728,473
nicht_melden,9,79,5700,-11252,5256,-1260,1418,611
nicht_melden,9,80,7868,-8396,3060,-901,534,1041
nicht_melden,9,81,5544,-6772,2852,-807,236,1323
nicht_melden,9,82,4704,-4140,2684,-826,-30,1450
nicht_melden,9,83,6332,-3124,1036,-796,11,1634
nicht_melden,9,84,4972,-1212,-456,-1044,837,1710
nicht_melden,9,85,-2252,-784,2688,-1367,1150,1383
nicht_melden,9,86,-8640,-200,4824,-1099,-72,1140
nicht_melden,9,87,-9884,1588,3496,-760,-1495,884
nicht_melden,9,88,-4204,4256,-172,-934,-1081,568
nicht_melden,9,89,-2344,3672,-12,-1594,523,0
nicht_melden,9,90,-988,688,2332,-1669,820,-384
nicht_melden,9,91,-2012,-3124,3992,-1568,701,-843
nicht_melden,9,92,-2488,-4908,5300,-1514,397,-1253
nicht_melden,9,93,-424,-6100,5832,-1704,412,-1609
nicht_melden,9,94,1692,-10168,7284,-1798,482,-2025
nicht_melden,9,95,4304,-11424,8772,-1796,241,-2063
nicht_melden,9,96,7336,-14040,9440,-1834,78,-2100
nicht_melden,9,97,8760,-16664,10944,-1828,-189,-1870
nicht_melden,9,98,12200,-18864,10668,-1737,-284,-1363
nicht_melden,9,99,12204,-24912,10596,-1846,468,-1163
nicht_melden,9,100,12652,-27668,9496,-2093,1681,-969
nicht_melden,9,101,11496,-30448,9328,-2122,2595,-771
nicht_melden,9,102,10392,-30724,8116,-1988,3156,-598
nicht_melden,9,103,7132,-30996,7276,-1838,3606,-500
nicht_melden,9,104,4836,-29168,5740,-1544,3805,-444
nicht_melden,9,105,1876,-26056,5368,-1222,3487,-352
nicht_melden,9,106,2160,-22192,5176,-637,2266,-69
nicht_melden,9,107,2992,-19768,4132,-360,1534,155
nicht_melden,9,108,3740,-16604,2912,-218,1000,347
nicht_melden,9,109,4832,-13332,1676,-197,849,615
nicht_melden,9,110,4200,-10228,708,-503,1137,649
nicht_melden,9,111,5296,-7268,-444,-666,1375,791
nicht_melden,9,112,5092,-4684,-1328,-829,1720,983
nicht_melden,9,113,1700,-3896,-824,-1064,2095,993
nicht_melden,9,114,-2024,-2340,284,-1177,2074,831
nicht_melden,9,115,-9848,-2852,3804,-1285,1415,279
nicht_melden,9,116,-11708,-1216,2636,-1099,-15,-258
nicht_melden,9,117,-6188,808,-180,-1286,-114,-749
nicht_melden,9,118,-1476,684,-732,-1923,1122,-1187
nicht_melden,9,119,812,-1112,628,-2150,1520,-1470
nicht_melden,9,120,412,-3084,2288,-2046,1444,-1864
nicht_melden,9,121,-276,-5304,4036,-2013,1252,-2062
nicht_melden,9,122,608,-9380,5876,-2119,1371,-2162
nicht_melden,9,123,2008,-13192,6352,-2214,1423,-2220
nicht_melden,9,124,5420,-17728,7108,-2258,1582,-2202
nicht_melden,9,125,9332,-22484,7108,-2519,2378,-2232
nicht_melden,9,126,10440,-23868,7300,-2400,1932,-1956
nicht_melden,9,127,13168,-28224,8324,-2384,2224,-1352
nicht_melden,9,128,14728,-29640,5788,-2253,2378,-530
nicht_melden,9,129,13596,-30220,4192,-2408,3090,84
nicht_melden,9,130,12728,-30644,5056,-2731,4339,680
nicht_melden,9,131,9244,-30796,5660,-3212,5495,1034
nicht_melden,9,132,7480,-29224,4124,-3241,5517,1435
nicht_melden,9,133,3432,-27988,3476,-3402,5708,1618
nicht_melden,9,134,200,-26144,3520,-3177,4663,1878
nicht_melden,9,135,-2716,-25252,1760,-2767,3507,1870
nicht_melden,9,136,-2576,-21664,-296,-2435,2504,1911
nicht_melden,9,137,744,-18076,-2460,-2184,2189,2092
nicht_melden,9,138,1824,-15596,-1388,-2186,2190,2074
nicht_melden,9,139,3052,-13448,-3996,-2294,2946,1871
nicht_melden,9,140,3116,-11612,-4284,-2139,3111,1880
nicht_melden,9,141,1844,-10116,-3420,-1991,3101,2019
nicht_melden,9,142,4016,-7096,-3892,-1733,2963,2411
nicht_melden,9,143,904,-6196,-3236,-1791,3700,2602
nicht_melden,9,144,-9604,-5924,772,-2138,3581,1984
nicht_melden,9,145,-12724,-3900,-132,-1827,1822,1262
nicht_melden,9,146,-5296,-2220,-5292,-1498,1455,1044
nicht_melden,9,147,-1760,-2216,-6476,-1779,2885,701
nicht_melden,9,148,-1496,-2468,-6176,-1927,4049,124
nicht_melden,9,149,-604,-2476,-5968,-1861,4713,-576
nicht_melden,9,150,-1476,-4824,-4484,-2085,5545,-1307
nicht_melden,9,151,-2960,-8000,-2196,-2311,5877,-1921
nicht_melden,9,152,-3872,-12408,704,-2346,5364,-2127
nicht_melden,9,153,-4484,-17208,1828,-2313,4331,-1955
nicht_melden,9,154,-6544,-22620,3764,-1984,2288,-1758
nicht_melden,9,155,-3644,-25892,-432,-1442,254,-1178
nicht_melden,9,156,-1824,-31128,-980,-995,-856,-624
nicht_melden,9,157,3312,-30588,-6428,-1019,-558,-24
nicht_melden,9,158,16,-32768,-4876,-918,-889,348
nicht_melden,9,159,1780,-32500,-7984,-703,-1042,816
nicht_melden,9,160,-1640,-32768,-9492,-379,-1226,998
nicht_melden,9,161,-3420,-31556,-9624,-164,-1051,1036
nicht_melden,9,162,-6332,-29572,-8956,63,-936,912
nicht_melden,9,163,-8032,-27220,-9716,714,-1735,748
nicht_melden,9,164,-7748,-25164,-10588,1400,-2381,468
nicht_melden,9,165,-8384,-22700,-10280,2250,-3291,47
nicht_melden,9,166,-7248,-19752,-10468,3193,-4316,-414
nicht_melden,9,167,-3232,-14912,-11048,3877,-4766,-637
nicht_melden,9,168,-1640,-11324,-10684,4079,-4192,-949
nicht_melden,9,169,740,-7536,-10116,3894,-3156,-1396
nicht_melden,9,170,3944,-3040,-6320,3475,-2236,-1588
nicht_melden,9,171,5704,96,-2884,2965,-1446,-1440
nicht_melden,9,172,292,308,4712,2251,-1145,-1492
nicht_melden,9,173,-6748,-1136,7792,2872,-4705,-1336
nicht_melden,9,174,1900,924,4752,2985,-7063,-407
nicht_melden,9,175,14700,56,3876,895,-3638,133
nicht_melden,9,176,9784,-5496,6560,-1184,257,-310
nicht_melden,9,177,2056,-9648,7256,-2445,2066,-857
nicht_melden,9,178,-132,-12596,8248,-2534,1451,-630
nicht_melden,9,179,1144,-14096,8744,-2560,720,-142
nicht_melden,9,180,2480,-17908,7484,-2785,527,94
nicht_melden,9,181,5196,-21776,2428,-2931,594,333
nicht_melden,9,182,3340,-28080,3308,-3075,980,529
nicht_melden,9,183,4252,-31248,544,-2931,1248,1034
nicht_melden,9,184,4592,-31380,-2476,-2427,1304,1558
nicht_melden,9,185,2900,-30708,-2100,-2362,2217,1829
nicht_melden,9,186,-628,-30144,-2284,-2039,2219,1873
nicht_melden,9,187,-2352,-28268,-4572,-1521,2079,1899
nicht_melden,9,188,-4344,-26144,-3616,-1004,1642,1991
nicht_melden,9,189,-5020,-23964,-3672,-427,888,1921
nicht_melden,9,190,-5812,-22016,-3216,-99,582,1668
nicht_melden,9,191,-7132,-19820,-2752,341,-32,1277
nicht_melden,9,192,-7208,-16840,-4768,836,-422,879
nicht_melden,9,193,-5680,-12824,-7032,1594,-1218,619
nicht_melden,9,194,-3212,-8156,-7284,2095,-1668,376
nicht_melden,9,195,-1640,-3896,-6652,2374,-1852,263
nicht_melden,9,196,376,600,-5108,2381,-1832,187
nicht_melden,9,197,32,2060,-2396,2076,-1713,-36
nicht_melden,9,198,852,1720,-540,1394,-906,-299
nicht_melden,9,199,-596,-1680,1324,470,444,-826
nicht_melden,9,200,-4360,-4248,1652,7,832,-1405
nicht_melden,9,201,-4760,-5144,2172,-275,794,-1839
nicht_melden,9,202,-4220,-7284,2152,-460,676,-2289
nicht_melden,9,203,-4980,-10288,484,-90,-581,-2718
nicht_melden,9,204,-2332,-10088,-1272,-68,-1123,-2990
nicht_melden,9,205,-124,-13152,372,279,-2278,-3096
nicht_melden,9,206,1780,-12756,524,-272,-1429,-3452
nicht_melden,9,207,4168,-11780,-2812,-461,-826,-3555
nicht_melden,9,208,896,-11956,532,-378,-1338,-3848
nicht_melden,9,209,6536,-13672,-1456,-724,128,-3839
nicht_melden,9,210,4884,-13844,-5108,-764,978,-3956
nicht_melden,9,211,3588,-16504,-2880,-774,1641,-3980
nicht_melden,9,212,4832,-18556,-2448,-493,1869,-3946
nicht_melden,9,213,4824,-19948,-2188,-549,2582,-3887
nicht_melden,9,214,3752,-20636,-1036,-417,2627,-3907
nicht_melden,9,215,4064,-20800,-376,-393,2707,-3988
nicht_melden,9,216,3808,-19780,-620,-259,2781,-4125
nicht_melden,9,217,4280,-18684,-1372,-96,2908,-4264
nicht_melden,9,218,3792,-17724,-1380,151,3022,-4477
nicht_melden,9,219,3848,-16380,-1992,423,3166,-4713
nicht_melden,9,220,2744,-16872,-2416,973,3305,-4702
nicht_melden,9,221,3864,-14680,-2752,1325,3226,-5088
nicht_melden,9,222,3896,-13688,-2792,1580,3528,-5559
nicht_melden,9,223,3660,-14784,-2412,1973,3519,-5947
nicht_melden,9,224,3472,-15136,-2248,2482,3417,-6211
nicht_melden,9,225,3620,-14760,-1720,3061,3399,-6304
nicht_melden,9,226,4528,-14696,-728,3310,3649,-6385
nicht_melden,9,227,5704,-14640,-360,3495,4060,-6522
nicht_melden,9,228,7284,-14348,124,3459,5015,-6634
nicht_melden,9,229,7100,-14444,1380,3484,5820,-6648
nicht_melden,9,230,7212,-14088,2476,3617,6343,-6538
nicht_melden,9,231,8140,-12808,2888,3928,6725,-6425
nicht_melden,9,232,8036,-12696,4144,4062,6822,-6303
nicht_melden,9,233,8040,-12824,4776,4328,6619,-6250
nicht_melden,9,234,9208,-12828,5232,4562,6969,-6112
nicht_melden,9,235,9416,-11956,6368,4595,7573,-5992
nicht_melden,9,236,9688,-11220,7092,4368,8365,-5841
nicht_melden,9,237,9340,-10788,7756,4006,9419,-5690
nicht_melden,9,238,8400,-9956,8880,3387,10382,-5602
nicht_melden,9,239,6540,-9648,10016,2999,10186,-5453
nicht_melden,9,240,8444,-8868,11212,3108,9764,-4662
nicht_melden,9,241,5828,-8896,11628,3086,9146,-4331
nicht_melden,9,242,3964,-9304,11196,2944,8032,-4621
nicht_melden,9,243,4776,-9792,10900,2746,6931,-4925
nicht_melden,9,244,4640,-10632,11440,2821,6099,-4923
nicht_melden,9,245,3204,-9096,14240,2859,4931,-4688
nicht_melden,9,246,-1376,-8712,15824,2365,3215,-4389
nicht_melden,9,247,10504,-5448,13980,3749,3684,-3631
nicht_melden,9,248,6980,-6160,13856,3575,3850,-2922
nicht_melden,9,249,4380,-5952,16004,3523,3506,-2502
nicht_melden,9,250,5052,-6248,17176,3538,2586,-2295
nicht_melden,9,251,5700,-4372,16720,3224,1677,-2387
nicht_melden,9,252,6132,-4280,18228,3110,1524,-2141
nicht_melden,9,253,6792,-3604,18316,2731,1397,-1727
nicht_melden,9,254,6292,-4120,17708,2549,929,-1452
nicht_melden,9,255,6796,-4288,16564,2615,513,-996
nicht_melden,9,256,7644,-4060,15024,2624,301,-644
nicht_melden,9,257,7764,-4052,14076,2348,460,-415
nicht_melden,9,258,8060,-4152,13256,2087,718,-409
nicht_melden,9,259,6300,-5396,13724,1864,1025,-411
nicht_melden,9,260,5028,-5944,13536,1936,969,-449
nicht_melden,9,261,5008,-4556,13852,1922,868,-578
nicht_melden,9,262,5432,-3404,13960,1699,1111,-636
nicht_melden,9,263,5272,-2500,14196,1410,1378,-778
nicht_melden,9,264,5340,-1896,14472,1097,1600,-896
nicht_melden,9,265,5692,-1484,14120,750,1989,-908
nicht_melden,9,266,5016,-1752,14060,453,2252,-923
nicht_melden,9,267,3728,-2140,14004,442,2086,-848
nicht_melden,9,268,1900,-2800,13520,826,1396,-643
nicht_melden,9,269,2140,-1684,13420,1319,288,-381
nicht_melden,9,270,4208,-1232,14784,1641,-233,117
nicht_melden,9,271,5492,-1548,14212,1678,-402,298
nicht_melden,9,272,5064,-752,15264,1485,-439,358
nicht_melden,9,273,6280,220,15516,1000,158,348
nicht_melden,9,274,6360,296,15632,460,651,324
nicht_melden,9,275,5504,-424,15476,140,848,267
nicht_melden,9,276,4360,-1208,15404,-15,983,257
nicht_melden,9,277,3504,-1472,14708,23,910,292
nicht_melden,9,278,3032,-1320,13908,193,814,304
nicht_melden,9,279,2736,-1320,13068,349,680,349
nicht_melden,9,280,2136,-1580,11632,499,515,274
nicht_melden,9,281,2344,-1244,11388,766,605,123
nicht_melden,9,282,2928,-1124,11616,864,720,209
nicht_melden,9,283,2380,-876,11224,998,725,224
nicht_melden,9,284,476,-1508,12240,1164,772,198
nicht_melden,9,285,1240,-320,12212,1370,700,132
nicht_melden,9,286,1316,-56,14028,1306,493,-35
nicht_melden,9,287,1756,1176,16752,1193,239,-114
nicht_melden,9,288,2652,2384,18236,930,-35,-187
nicht_melden,9,289,3616,2644,18468,434,-186,-284
nicht_melden,9,290,3592,1864,16360,110,-166,-467
nicht_melden,9,291,2832,148,14688,39,-224,-642
nicht_melden,9,292,2160,-460,13820,170,-568,-725
nicht_melden,9,293,2288,-720,13376,438,-1031,-687
nicht_melden,9,294,3156,-336,13056,549,-1263,-565
nicht_melden,9,295,4056,-284,12940,506,-1204,-426
nicht_melden,9,296,4076,192,12788,343,-795,-366
nicht_melden,9,297,4424,364,13312,192,-508,-261
nicht_melden,9,298,4664,-228,13188,34,-172,-234
nicht_melden,9,299,4180,-748,13564,35,-18,-188
nicht_melden,10,0,-7420,-11048,-1500,-4894,-871,5541
nicht_melden,10,1,-7532,-10332,-1324,-4702,-621,5179
nicht_melden,10,2,-7436,-10176,-2008,-4684,-254,4765
nicht_melden,10,3,-6844,-10376,-2264,-4436,-74,4502
nicht_melden,10,4,-6472,-10424,-2788,-4065,118,4384
nicht_melden,10,5,-6648,-10852,-3952,-3736,255,4250
nicht_melden,10,6,-7048,-10952,-5016,-3359,384,4104
nicht_melden,10,7,-7384,-10820,-6740,-2952,617,3953
nicht_melden,10,8,-7932,-10572,-7280,-2594,947,3748
nicht_melden,10,9,-8272,-9052,-5772,-2473,1492,3491
nicht_melden,10,10,-11676,-9412,-4464,-2164,1180,3276
nicht_melden,10,11,-13668,-9344,-4172,-1904,938,2847
nicht_melden,10,12,-10452,-7488,-2032,-1839,977,2668
nicht_melden,10,13,-10792,-8100,-2164,-2000,1146,2473
nicht_melden,10,14,-12360,-9520,-3016,-1943,1389,2168
nicht_melden,10,15,-14052,-9608,-2120,-2196,1316,1760
nicht_melden,10,16,-15992,-10128,-1672,-2193,758,1325
nicht_melden,10,17,-13288,-9608,-3688,-2239,832,974
nicht_melden,10,18,-11756,-9316,-5296,-2612,1695,533
nicht_melden,10,19,-13204,-10312,-6368,-2989,2621,-73
nicht_melden,10,20,-14744,-11868,-8160,-2947,2989,-739
nicht_melden,10,21,-14260,-13016,-10304,-2489,2905,-1243
nicht_melden,10,22,-12440,-12908,-10260,-1840,2407,-1410
nicht_melden,10,23,-10452,-11884,-9048,-1242,1689,-1239
nicht_melden,10,24,-9208,-10612,-7516,-619,765,-886
nicht_melden,10,25,-9100,-11236,-7400,-239,162,-558
nicht_melden,10,26,-10488,-11580,-6660,-55,-92,-308
nicht_melden,10,27,-11028,-11536,-7336,-85,16,-224
nicht_melden,10,28,-9876,-11244,-8904,-143,598,-253
nicht_melden,10,29,-9768,-11372,-8864,-473,1517,-405
nicht_melden,10,30,-11796,-11976,-7960,-634,2061,-637
nicht_melden,10,31,-12680,-12236,-6844,-463,1592,-768
nicht_melden,10,32,-10532,-11956,-7832,-175,964,-669
nicht_melden,10,33,-9812,-11804,-6616,192,205,-406
nicht_melden,10,34,-8180,-10368,-4816,366,-447,-23
nicht_melden,10,35,-6972,-9020,-4260,148,-719,250
nicht_melden,10,36,-5980,-8416,-3332,0,-1003,601
nicht_melden,10,37,-3592,-6372,-1532,-420,-1333,1156
nicht_melden,10,38,-3820,-6332,-3424,-806,-1432,1647
nicht_melden,10,39,-4692,-7400,-5188,-1096,-1152,2090
nicht_melden,10,40,-6276,-8604,-8028,-1160,-733,2307
nicht_melden,10,41,-6732,-8372,-10188,-1096,-362,2381
nicht_melden,10,42,-6868,-8520,-11900,-924,-86,2319
nicht_melden,10,43,-8244,-8684,-12340,-574,-95,2265
nicht_melden,10,44,-9840,-9052,-12388,-95,-221,2268
nicht_melden,10,45,-10872,-8872,-11248,321,-275,2326
nicht_melden,10,46,-13772,-9168,-9324,371,172,2133
nicht_melden,10,47,-18348,-11064,-8944,350,547,1530
nicht_melden,10,48,-20172,-12668,-7896,608,492,857
nicht_melden,10,49,-23144,-15124,-9348,529,687,-262
nicht_melden,10,50,-23700,-16208,-12396,381,1765,-1580
nicht_melden,10,51,-19196,-16132,-13584,754,2290,-2331
nicht_melden,10,52,-12268,-14212,-11692,867,3309,-2303
nicht_melden,10,53,-13636,-13164,-10544,348,4781,-2439
nicht_melden,10,54,-13852,-13624,-5328,452,3936,-2261
nicht_melden,10,55,-14216,-15212,-5384,840,2661,-2080
nicht_melden,10,56,-16472,-16108,-9084,782,2279,-2587
nicht_melden,10,57,-15644,-15712,-10764,865,2018,-3047
nicht_melden,10,58,-9296,-12560,-7780,1297,890,-2505
nicht_melden,10,59,-5460,-9600,-6860,1152,618,-1932
nicht_melden,10,60,-7684,-10948,-8616,789,809,-2353
nicht_melden,10,61,-9488,-10092,-6128,1109,-318,-2219
nicht_melden,10,62,-3888,-7696,-3096,1497,-1861,-1010
nicht_melden,10,63,1596,-2980,-1612,1321,-1897,-44
nicht_melden,10,64,3984,-2464,-3120,764,-1630,483
nicht_melden,10,65,5932,-1004,-2496,447,-1738,1416
nicht_melden,10,66,6680,-2992,-6128,-351,-972,2340
nicht_melden,10,67,-232,-5708,-8336,-927,-537,2469
nicht_melden,10,68,-5804,-8120,-11032,-939,-355,2576
nicht_melden,10,69,-11392,-9860,-10744,-932,-141,2460
nicht_melden,10,70,-14728,-9336,-8780,-609,-337,2187
nicht_melden,10,71,-12812,-9956,-8720,-443,-624,2215
nicht_melden,10,72,-19008,-14740,-9792,-676,-261,1415
nicht_melden,10,73,-25592,-18428,-11420,-427,-511,199
nicht_melden,10,74,-25800,-19752,-13764,114,-547,-890
nicht_melden,10,75,-23560,-20672,-16428,495,145,-1955
nicht_melden,10,76,-20552,-20568,-14676,1047,354,-2662
nicht_melden,10,77,-16712,-17696,-13404,1310,909,-2836
nicht_melden,10,78,-14928,-16460,-9376,1261,1097,-2885
nicht_melden,10,79,-14708,-17404,-8272,1524,460,-2973
nicht_melden,10,80,-16852,-19008,-8628,2066,-629,-3011
nicht_melden,10,81,-16456,-17500,-5148,3058,-3052,-2388
nicht_melden,10,82,-10140,-12816,-2740,3371,-4816,-1492
nicht_melden,10,83,-9852,-12364,-1828,3193,-5888,-1602
nicht_melden,10,84,-12608,-14628,-3196,3351,-7030,-1965
nicht_melden,10,85,-11388,-15512,-5568,3798,-8515,-1813
nicht_melden,10,86,-6416,-14272,-9780,3912,-8846,-1623
nicht_melden,10,87,-4060,-13772,-13776,3385,-7030,-1676
nicht_melden,10,88,-3644,-14592,-13252,3021,-5525,-1653
nicht_melden,10,89,-5648,-13832,-10620,3286,-5208,-1272
nicht_melden,10,90,-6388,-14552,-9056,3666,-5741,-834
nicht_melden,10,91,-8840,-16700,-7092,4336,-6570,-743
nicht_melden,10,92,-10948,-16512,-6340,4989,-8006,-758
nicht_melden,10,93,-9232,-13452,-4160,5278,-8880,-642
nicht_melden,10,94,-8116,-13064,-2784,4774,-8232,-879
nicht_melden,10,95,-8512,-11324,-580,4524,-8347,-1172
nicht_melden,10,96,-7556,-8424,1148,4427,-8818,-1059
nicht_melden,10,97,-5612,-7732,1756,3711,-7834,-1161
nicht_melden,10,98,-7432,-8864,2372,3443,-7906,-1442
nicht_melden,10,99,-964,-13820,-12992,4345,-4859,-1351
nicht_melden,10,100,-8880,-9404,1812,3206,-6812,-1306
nicht_melden,10,101,-5548,-6804,4668,3091,-7105,-1119
nicht_melden,10,102,-2732,-6120,2468,2789,-6520,-1061
nicht_melden,10,103,-7240,-7992,4348,2154,-5240,-1487
nicht_melden,10,104,-7476,-7352,3780,2381,-5194,-1631
nicht_melden,10,105,-7496,-7740,5108,2228,-5750,-1795
nicht_melden,10,106,-6660,-10260,1956,2298,-5039,-2037
nicht_melden,10,107,-7316,-10620,860,2615,-5185,-2293
nicht_melden,10,108,-3764,-9256,2396,2814,-5255,-2462
nicht_melden,10,109,-1612,-8920,1956,2986,-4778,-2481
nicht_melden,10,110,3436,-7208,1776,2982,-3493,-2382
nicht_melden,10,111,5300,-7640,4392,2452,-1506,-2269
nicht_melden,10,112,7420,-9048,5988,1936,634,-2275
nicht_melden,10,113,6788,-9556,8276,1920,1290,-1822
nicht_melden,10,114,5720,-8672,14268,1563,1674,-1327
nicht_melden,10,115,2832,-8860,19740,1776,-155,-679
nicht_melden,10,116,6024,-7936,17556,1544,-596,141
nicht_melden,10,117,6592,-4856,20884,1266,-1674,1207
nicht_melden,10,118,12752,-3904,19912,-484,202,2110
nicht_melden,10,119,6144,-7572,19280,-2583,2668,2032
nicht_melden,10,120,-1104,-10472,17004,-3459,2753,1984
nicht_melden,10,121,-792,-9824,15624,-3673,1612,2378
nicht_melden,10,122,5152,-8236,14348,-3775,564,3195
nicht_melden,10,123,3444,-9284,14320,-4367,656,3759
nicht_melden,10,124,3712,-5832,12292,-5099,671,4338
nicht_melden,10,125,6288,-4844,9828,-6367,2645,4503
nicht_melden,10,126,396,-6128,10244,-7688,4069,4292
nicht_melden,10,127,1656,-6012,7748,-8472,4186,4537
nicht_melden,10,128,3880,-7644,4488,-8494,4256,5323
nicht_melden,10,129,1996,-10516,-2284,-8165,4475,5778
nicht_melden,10,130,-3152,-11940,-5732,-7410,4406,5721
nicht_melden,10,131,-10220,-12720,-7848,-5962,2901,5565
nicht_melden,10,132,-11308,-15004,-13304,-4646,2403,5541
nicht_melden,10,133,-13212,-14868,-16128,-3323,2624,5030
nicht_melden,10,134,-15832,-15376,-15508,-1861,2351,4338
nicht_melden,10,135,-16780,-13800,-14244,-1161,3153,3319
nicht_melden,10,136,-22384,-14520,-9400,-1591,5940,1291
nicht_melden,10,137,-31644,-15796,-3176,-2302,7498,-1661
nicht_melden,10,138,-32768,-18640,3420,-1437,4513,-4200
nicht_melden,10,139,-32768,-20116,3792,26,1784,-4841
nicht_melden,10,140,-30104,-18844,1952,1741,-1266,-4875
nicht_melden,10,141,-23712,-16564,-7192,3837,-4407,-5156
nicht_melden,10,142,-20208,-15392,-8068,4100,-3230,-5335
nicht_melden,10,143,-15264,-10136,-2688,4866,-4982,-5429
nicht_melden,10,144,-5596,-7532,-7512,4392,-2718,-5538
nicht_melden,10,145,-3856,-7648,-5712,4131,-913,-5931
nicht_melden,10,146,212,-7004,-4600,4435,-37,-5594
nicht_melden,10,147,-976,-5640,964,5519,-2139,-4820
nicht_melden,10,148,-3812,-4756,2420,5898,-3792,-4099
nicht_melden,10,149,-4344,-6696,1748,6439,-6070,-3115
nicht_melden,10,150,-8568,-8456,384,7445,-9599,-2367
nicht_melden,10,151,-988,-8260,-2324,7747,-12106,-1568
nicht_melden,10,152,4064,-7708,-2612,7080,-11936,-1155
nicht_melden,10,153,5660,-10316,-92,5457,-9836,-1556
nicht_melden,10,154,1712,-10316,3784,4890,-9587,-1483
nicht_melden,10,155,4588,-11216,3056,3972,-8718,-1206
nicht_melden,10,156,6080,-11628,2656,3115,-7771,-1070
nicht_melden,10,157,7908,-11944,728,2763,-7061,-771
nicht_melden,10,158,8608,-13232,-232,2065,-5103,-710
nicht_melden,10,159,4936,-15080,-2540,2497,-5153,-615
nicht_melden,10,160,5136,-15340,-2732,3801,-6621,-19
nicht_melden,10,161,9512,-13192,-1848,4482,-6730,618
nicht_melden,10,162,7828,-12952,692,4542,-5872,734
nicht_melden,10,163,8536,-10192,4056,4887,-5836,822
nicht_melden,10,164,11296,-8376,5620,4694,-4469,1036
nicht_melden,10,165,12128,-6804,11316,4565,-4237,1440
nicht_melden,10,166,10964,-6776,14592,5030,-5607,2103
nicht_melden,10,167,12188,-4688,15396,4864,-6218,2734
nicht_melden,10,168,15100,-2652,17856,3722,-5247,3170
nicht_melden,10,169,13556,-3792,24252,2574,-5159,3548
nicht_melden,10,170,13096,-7188,20744,1660,-4425,3839
nicht_melden,10,171,9036,-6260,19704,1406,-4917,4202
nicht_melden,10,172,10720,-5928,18192,710,-4826,4550
nicht_melden,10,173,10416,-5260,20216,85,-4473,4619
nicht_melden,10,174,10080,-5272,19620,-759,-3464,4621
nicht_melden,10,175,9712,-5928,18328,-1549,-2571,4546
nicht_melden,10,176,6240,-6676,17680,-1694,-2679,4439
nicht_melden,10,177,5752,-8776,14848,-1687,-3009,4262
nicht_melden,10,178,6144,-9700,11780,-1551,-3360,4192
nicht_melden,10,179,6552,-10300,10276,-1463,-3555,4222
nicht_melden,10,180,7224,-11868,9116,-1118,-4041,4155
nicht_melden,10,181,6336,-14040,3024,-1073,-3037,4033
nicht_melden,10,182,3556,-16324,3716,-425,-3863,3823
nicht_melden,10,183,3488,-15080,4012,196,-4723,3903
nicht_melden,10,184,2508,-13088,2376,434,-4289,3654
nicht_melden,10,185,1592,-10804,1012,613,-3742,3179
nicht_melden,10,186,10576,-13216,-15076,1662,-2301,3902
nicht_melden,10,187,16380,-20488,1084,4068,-6234,4551
nicht_melden,10,188,17996,-13908,8396,4711,-6459,5380
nicht_melden,10,189,11340,-5332,14984,4369,-5333,5028
nicht_melden,10,190,9504,-2736,16884,4160,-4417,4389
nicht_melden,10,191,11132,-1804,15452,2994,-1128,3617
nicht_melden,10,192,9080,-4208,15352,1601,2883,2799
nicht_melden,10,193,1368,-6444,16480,886,4660,2007
nicht_melden,10,194,-6812,-7992,25392,1507,1694,1429
nicht_melden,10,195,-2408,-4832,22972,2522,-2817,1128
nicht_melden,10,196,8692,500,18552,1680,-2472,1151
nicht_melden,10,197,9300,-1352,20816,541,-1278,976
nicht_melden,10,198,6808,-4348,18500,-472,-457,573
nicht_melden,10,199,7104,-7756,15308,-1292,591,301
nicht_melden,10,200,5584,-11872,12840,-1741,1571,175
nicht_melden,10,201,3732,-14208,9524,-1377,1083,151
nicht_melden,10,202,7548,-13268,4884,-494,-27,662
nicht_melden,10,203,11008,-12140,816,427,-775,1324
nicht_melden,10,204,11804,-12068,-164,1254,-1204,2024
nicht_melden,10,205,9876,-11796,2304,1873,-1579,2594
nicht_melden,10,206,7788,-11364,4332,2497,-2111,2952
nicht_melden,10,207,3060,-11140,6664,2880,-2161,2942
nicht_melden,10,208,-8540,-9352,13416,3138,-3308,2197
nicht_melden,10,209,-6300,-3940,11892,3102,-4477,1415
nicht_melden,10,210,4864,1216,7176,2267,-3063,929
nicht_melden,10,211,7612,400,7764,845,450,174
nicht_melden,10,212,5168,1944,12640,-19,1540,-294
nicht_melden,10,213,5468,2224,15100,-236,1072,-278
nicht_melden,10,214,4092,-1912,13136,-39,-86,-341
nicht_melden,10,215,4812,-2988,14032,-186,-686,-429
nicht_melden,10,216,5188,-4856,15976,-821,5,-503
nicht_melden,10,217,2964,-7664,17016,-1366,697,-930
nicht_melden,10,218,2892,-10360,16816,-1725,1509,-1371
nicht_melden,10,219,5040,-11668,18640,-2206,2086,-1633
nicht_melden,10,220,4840,-14508,17968,-2408,2299,-1876
nicht_melden,10,221,9756,-12372,18540,-3029,2334,-1737
nicht_melden,10,222,10988,-15328,17092,-3413,2755,-1447
nicht_melden,10,223,12784,-13988,14780,-3423,2035,-877
nicht_melden,10,224,12400,-14604,13100,-2978,644,-58
nicht_melden,10,225,12468,-13884,11172,-2741,-192,869
nicht_melden,10,226,12780,-13576,7968,-2507,-591,1537
nicht_melden,10,227,6888,-14284,8712,-2498,-220,1721
nicht_melden,10,228,9364,-9508,7288,-2417,-204,2094
nicht_melden,10,229,4836,-10312,6000,-2158,140,2082
nicht_melden,10,230,2508,-7788,-392,-1775,680,1881
nicht_melden,10,231,-4148,-11412,-6008,-956,2017,1441
nicht_melden,10,232,-20660,-12756,-2748,595,871,52
nicht_melden,10,233,-7692,-1892,-3472,2290,-1797,-247
nicht_melden,10,234,5728,412,2404,2525,-399,-133
nicht_melden,10,235,3140,-232,11316,2360,536,-452
nicht_melden,10,236,-496,-808,16596,1896,542,-726
nicht_melden,10,237,392,-2832,18600,1240,282,-1079
nicht_melden,10,238,5488,-2628,20100,-150,1406,-1440
nicht_melden,10,239,5056,-4860,23040,-1466,2354,-1801
nicht_melden,10,240,2004,-7012,22868,-2746,3117,-2443
nicht_melden,10,241,6640,-7312,20980,-3527,2950,-2619
nicht_melden,10,242,8756,-7384,19024,-4231,3332,-2568
nicht_melden,10,243,12460,-6136,18216,-4988,3766,-2291
nicht_melden,10,244,12224,-8396,18816,-5674,4451,-1988
nicht_melden,10,245,7684,-10736,19004,-5883,3751,-1801
nicht_melden,10,246,6620,-11380,14428,-5686,2143,-1469
nicht_melden,10,247,-312,-17916,8332,-5528,2009,-1619
nicht_melden,10,248,444,-10524,5708,-5658,1687,-2315
nicht_melden,10,249,19780,-3920,3524,-6969,4944,-1935
nicht_melden,10,250,20044,-8216,4164,-8473,9497,-1838
nicht_melden,10,251,16452,-10328,3348,-8988,11510,-1862
nicht_melden,10,252,14044,-10328,4252,-8710,11102,-1317
nicht_melden,10,253,14404,-10576,1500,-8532,10817,-617
nicht_melden,10,254,16008,-9916,-2428,-8639,11774,185
nicht_melden,10,255,15420,-12792,-6216,-8832,14417,897
nicht_melden,10,256,10452,-14348,-8888,-8685,16457,953
nicht_melden,10,257,6036,-15636,-10412,-8373,17972,682
nicht_melden,10,258,3040,-18124,-9012,-7591,16980,295
nicht_melden,10,259,6636,-17216,-10832,-6557,15490,654
nicht_melden,10,260,6068,-18816,-11204,-5348,14195,1642
nicht_melden,10,261,2196,-19308,-9128,-4178,12368,2453
nicht_melden,10,262,-900,-18240,-8652,-2919,9797,3010
nicht_melden,10,263,464,-17704,-9668,-2072,8381,3715
nicht_melden,10,264,-468,-17076,-9700,-1791,8814,4072
nicht_melden,10,265,-3888,-15100,-5688,-2003,9022,3957
nicht_melden,10,266,-10032,-19336,-2688,-2345,9184,3005
nicht_melden,10,267,-4460,-13512,-5548,-2603,8760,2846
nicht_melden,10,268,-4308,-14772,-7304,-2471,8692,3099
nicht_melden,10,269,-6864,-15008,-8976,-2135,8364,3000
nicht_melden,10,270,-12456,-18544,-10988,-1190,6666,2725
nicht_melden,10,271,-17484,-21268,-12052,296,3425,2481
nicht_melden,10,272,-18384,-22312,-14952,2112,1064,2239
nicht_melden,10,273,-16372,-21832,-16724,3575,771,2031
nicht_melden,10,274,-17684,-21576,-17128,3990,2939,936
nicht_melden,10,275,-21456,-19320,-13364,3436,5587,-1573
nicht_melden,10,276,-21952,-18020,-7188,3745,5001,-3470
nicht_melden,10,277,-16716,-15664,-2036,4605,4367,-3519
nicht_melden,10,278,-11536,-11676,6628,5909,961,-2625
nicht_melden,10,279,-1984,-7940,5592,6751,-1623,-1914
nicht_melden,10,280,7372,-4936,364,6639,-1921,-1605
nicht_melden,10,281,15740,-2740,-240,5934,-68,-1133
nicht_melden,10,282,22696,-356,-448,4670,3375,37
nicht_melden,10,283,16064,688,2092,1947,5363,1766
nicht_melden,10,284,4492,-5904,5620,-171,4147,2465
nicht_melden,10,285,-5512,-12480,4492,-712,768,2712
nicht_melden,10,286,-11280,-16228,2172,4,-2349,3365
nicht_melden,10,287,-3892,-14668,-4796,398,-2806,4331
nicht_melden,10,288,-2212,-15440,-5920,-298,-1045,4327
nicht_melden,10,289,-7556,-16008,-8668,-1643,1747,3177
nicht_melden,10,290,-9156,-16044,-7448,-2997,4150,1936
nicht_melden,10,291,-14916,-19076,-5772,-2979,3223,939
nicht_melden,10,292,-15968,-19692,-6836,-2866,2813,261
nicht_melden,10,293,-16276,-21984,-7960,-2377,2195,32
nicht_melden,10,294,-20292,-25068,-9336,-1478,1372,-898
nicht_melden,10,295,-23640,-25692,-10988,-251,870,-1831
nicht_melden,10,296,-22968,-25532,-9076,1077,582,-2352
nicht_melden,10,297,-19160,-23876,-5880,2397,-209,-2339
nicht_melden,10,298,-13656,-20044,-1060,3376,-750,-2054
nicht_melden,10,299,-9784,-15620,1532,3547,-925,-2530
nicht_melden,11,0,5812,796,13352,-239,-784,130
nicht_melden,11,1,5588,552,13644,-185,-860,158
nicht_melden,11,2,5260,848,13352,-68,-991,247
nicht_melden,11,3,4664,2512,14500,113,-1665,506
nicht_melden,11,4,6580,-44,12848,-50,-2114,459
nicht_melden,11,5,5428,1512,13796,-62,-1920,495
nicht_melden,11,6,6696,1336,13732,-22,-2225,705
nicht_melden,11,7,7440,1752,13788,-94,-2499,776
nicht_melden,11,8,8200,2276,13280,-449,-2618,670
nicht_melden,11,9,7984,1028,12992,-756,-2779,579
nicht_melden,11,10,7788,812,12796,-760,-2957,680
nicht_melden,11,11,7660,788,13128,-656,-3199,918
nicht_melden,11,12,8212,1204,13392,-394,-3801,1151
nicht_melden,11,13,9548,1280,13024,-259,-4322,1360
nicht_melden,11,14,10936,1248,13184,-246,-4576,1505
nicht_melden,11,15,12784,1664,13920,-335,-4608,1758
nicht_melden,11,16,13884,1356,13816,-448,-4424,2023
nicht_melden,11,17,13940,956,14224,-612,-4273,2320
nicht_melden,11,18,13292,-80,14484,-750,-4519,2631
nicht_melden,11,19,12788,-288,14248,-589,-5031,2973
nicht_melden,11,20,13544,-428,13584,-378,-5494,3501
nicht_melden,11,21,14784,-496,12260,-198,-5864,3989
nicht_melden,11,22,15860,-296,11396,-171,-5763,4492
nicht_melden,11,23,17924,540,11320,-308,-5417,5066
nicht_melden,11,24,19896,1612,12048,-631,-4988,5683
nicht_melden,11,25,20068,1992,12080,-1017,-4527,6351
nicht_melden,11,26,16444,-1264,11560,-1177,-4507,6733
nicht_melden,11,27,17152,-764,10524,-1006,-5474,6929
nicht_melden,11,28,15508,-2728,8728,-512,-5880,7789
nicht_melden,11,29,15048,-4260,8872,55,-6633,8445
nicht_melden,11,30,15992,-4728,7328,689,-7461,9075
nicht_melden,11,31,14240,-7352,6056,1371,-7968,9685
nicht_melden,11,32,13364,-9316,4100,2310,-8935,10128
nicht_melden,11,33,13316,-10712,3228,2988,-9227,10324
nicht_melden,11,34,12996,-11612,3788,3529,-9026,10508
nicht_melden,11,35,12728,-10352,4012,3931,-8647,10621
nicht_melden,11,36,13240,-9244,4000,3975,-7516,10637
nicht_melden,11,37,11672,-9536,4324,3828,-6302,10465
nicht_melden,11,38,11244,-9508,4264,3636,-5444,10214
nicht_melden,11,39,9948,-10008,4220,3443,-4626,9990
nicht_melden,11,40,8716,-10508,3692,3384,-4127,9691
nicht_melden,11,41,6776,-10900,3148,3425,-3705,9259
nicht_melden,11,42,5108,-10852,2516,3643,-3699,8845
nicht_melden,11,43,4256,-10388,3328,3907,-4105,8373
nicht_melden,11,44,5452,-9260,2788,4089,-4356,7887
nicht_melden,11,45,6248,-8164,2620,4045,-4030,7412
nicht_melden,11,46,6412,-7564,2648,3779,-3547,6854
nicht_melden,11,47,6960,-7228,1840,3500,-3042,6331
nicht_melden,11,48,6528,-8060,2160,3100,-2314,5772
nicht_melden,11,49,6112,-8416,1760,2753,-1897,5285
nicht_melden,11,50,6260,-9000,1776,2529,-1579,4972
nicht_melden,11,51,6148,-9544,1772,2581,-1686,4776
nicht_melden,11,52,4424,-11800,228,2663,-1726,4528
nicht_melden,11,53,2348,-6304,3156,2890,-3282,4247
nicht_melden,11,54,-6324,-8516,1588,3525,-4808,3664
nicht_melden,11,55,-5052,-96,3136,3207,-6249,2443
nicht_melden,11,56,6772,2364,1456,1404,-3992,972
nicht_melden,11,57,10836,-1560,-68,-1099,832,-28
nicht_melden,11,58,12480,-6432,844,-2478,3536,-184
nicht_melden,11,59,14036,-9848,1364,-3213,4998,-920
nicht_melden,11,60,13460,-12548,2200,-2701,4553,-580
nicht_melden,11,61,11476,-12860,4156,-2324,3429,24
nicht_melden,11,62,5232,-17016,8624,-1922,2147,244
nicht_melden,11,63,2556,-18492,11264,-1221,-220,18
nicht_melden,11,64,6364,-14580,7900,-1725,208,-432
nicht_melden,11,65,7616,-15544,8968,-2140,1553,-637
nicht_melden,11,66,8220,-14728,10440,-2187,1585,-731
nicht_melden,11,67,10540,-14640,8264,-2094,1748,-673
nicht_melden,11,68,9264,-14124,6744,-1756,1825,-400
nicht_melden,11,69,7896,-13988,5272,-1301,1609,-166
nicht_melden,11,70,6328,-13328,5468,-921,1377,-217
nicht_melden,11,71,5376,-13332,5128,-806,1471,-483
nicht_melden,11,72,5900,-13828,5760,-732,1389,-719
nicht_melden,11,73,7640,-14980,4648,-851,1472,-871
nicht_melden,11,74,8416,-15580,3416,-740,1361,-703
nicht_melden,11,75,9668,-16432,2260,-605,1387,-500
nicht_melden,11,76,8388,-16520,2600,-380,1430,-191
nicht_melden,11,77,6888,-14676,3328,-178,1229,69
nicht_melden,11,78,5840,-13304,3936,-78,908,97
nicht_melden,11,79,5680,-12076,3812,-83,758,92
nicht_melden,11,80,6424,-12272,3496,-122,674,16
nicht_melden,11,81,8284,-11788,3164,-221,1082,-66
nicht_melden,11,82,6660,-11812,5516,-487,1689,-139
nicht_melden,11,83,5436,-13540,5760,-389,1328,-190
nicht_melden,11,84,6748,-14424,5748,-358,1180,-32
nicht_melden,11,85,7520,-14692,5156,-404,1188,76
nicht_melden,11,86,6504,-13776,4916,-426,1223,134
nicht_melden,11,87,4724,-12800,4996,-534,1601,-45
nicht_melden,11,88,4596,-12072,4944,-586,1495,-320
nicht_melden,11,89,6240,-11760,4132,-620,1662,-515
nicht_melden,11,90,6612,-11000,5804,-787,1964,-704
nicht_melden,11,91,5296,-11004,5536,-922,2001,-918
nicht_melden,11,92,7156,-12924,1444,-523,1476,-830
nicht_melden,11,93,7988,-12720,2060,-322,1737,-726
nicht_melden,11,94,7504,-13084,3136,-233,1659,-690
nicht_melden,11,95,7700,-15620,4668,22,879,-600
nicht_melden,11,96,8180,-16872,5072,158,466,-404
nicht_melden,11,97,6844,-16408,4420,172,274,-333
nicht_melden,11,98,7024,-15564,3500,186,232,-329
nicht_melden,11,99,6880,-14588,3980,235,310,-268
nicht_melden,11,100,6052,-14676,4400,350,165,-242
nicht_melden,11,101,6328,-13784,2764,619,30,-86
nicht_melden,11,102,6432,-13252,2468,960,-110,98
nicht_melden,11,103,5120,-11928,3168,1196,-300,153
nicht_melden,11,104,5048,-10528,4644,1360,-932,201
nicht_melden,11,105,5512,-10140,4920,1367,-1480,200
nicht_melden,11,106,6016,-10668,2720,1200,-1514,92
nicht_melden,11,107,7800,-10756,1304,885,-889,6
nicht_melden,11,108,9312,-11096,2112,157,163,11
nicht_melden,11,109,5964,-13952,4268,-184,265,-129
nicht_melden,11,110,5040,-15288,2928,-148,-314,-210
nicht_melden,11,111,7508,-15180,1656,94,-920,125
nicht_melden,11,112,11092,-14820,0,181,-422,613
nicht_melden,11,113,11184,-13300,1380,46,512,979
nicht_melden,11,114,10572,-12008,3948,-311,1525,1343
nicht_melden,11,115,8964,-13200,6684,-556,2398,1583
nicht_melden,11,116,7960,-14200,5524,-964,4090,1874
nicht_melden,11,117,4180,-16360,8848,-1348,4930,1979
nicht_melden,11,118,-236,-18780,12256,-1418,3783,1813
nicht_melden,11,119,-1060,-22488,12528,-1188,2097,1886
nicht_melden,11,120,-3496,-25100,12440,-359,-372,1938
nicht_melden,11,121,-2448,-23752,10912,167,-2792,2085
nicht_melden,11,122,-3120,-22232,7280,1215,-4542,1845
nicht_melden,11,123,1076,-19572,3372,1403,-3866,1589
nicht_melden,11,124,4688,-17244,1260,1223,-1875,1539
nicht_melden,11,125,8592,-13996,356,822,713,1593
nicht_melden,11,126,7108,-12000,1752,577,2476,1534
nicht_melden,11,127,4860,-11388,4272,870,2146,1562
nicht_melden,11,128,4988,-11436,5204,1343,905,1827
nicht_melden,11,129,2732,-13036,7684,1614,-320,2073
nicht_melden,11,130,1312,-12488,7804,1720,-1537,1898
nicht_melden,11,131,864,-12176,6796,1716,-1991,1759
nicht_melden,11,132,468,-13704,7520,1545,-2144,1548
nicht_melden,11,133,1348,-14072,7964,1369,-2470,1486
nicht_melden,11,134,216,-14840,8324,1276,-2171,1403
nicht_melden,11,135,-2400,-14228,9324,834,-2231,1085
nicht_melden,11,136,-2144,-12856,9252,428,-2277,746
nicht_melden,11,137,-1864,-13012,9920,-85,-2141,407
nicht_melden,11,138,68,-14252,6972,-352,-2768,5
nicht_melden,11,139,5368,-12484,5936,-781,-2935,-158
nicht_melden,11,140,10984,-11260,5948,-1321,-2234,135
nicht_melden,11,141,9484,-14496,4804,-1415,-1576,372
nicht_melden,11,142,3996,-14188,2292,-1306,-1154,293
nicht_melden,11,143,1688,-15032,3280,-1064,-908,178
nicht_melden,11,144,1836,-14728,1732,-508,-1173,101
nicht_melden,11,145,4856,-14980,1044,-86,-1141,-36
nicht_melden,11,146,8968,-14612,3356,-386,63,-204
nicht_melden,11,147,11480,-12908,8332,-993,1142,-13
nicht_melden,11,148,9652,-13584,10712,-1447,1854,403
nicht_melden,11,149,1072,-14052,9020,-1400,1097,393
nicht_melden,11,150,-2080,-13584,3384,-561,-983,293
nicht_melden,11,151,3344,-11120,548,13,-2050,383
nicht_melden,11,152,6084,-10416,44,-26,-1495,243
nicht_melden,11,153,4472,-10648,488,-265,-558,-190
nicht_melden,11,154,4704,-11512,1248,-309,-116,-393
nicht_melden,11,155,3220,-13644,2176,-271,125,-416
nicht_melden,11,156,1504,-15228,3484,-27,-256,-396
nicht_melden,11,157,1332,-16680,4812,288,-1010,-332
nicht_melden,11,158,2856,-17996,5124,618,-1625,-149
nicht_melden,11,159,4272,-18760,4440,872,-1964,79
nicht_melden,11,160,5708,-18572,3944,1043,-1930,277
nicht_melden,11,161,4948,-17252,4856,1008,-1566,276
nicht_melden,11,162,3124,-17404,5824,1000,-1638,166
nicht_melden,11,163,3096,-20144,5928,1140,-2004,147
nicht_melden,11,164,12420,-21012,1208,2178,-3052,791
nicht_melden,11,165,6080,-19664,-2032,1833,-1046,984
nicht_melden,11,166,236,-9428,4664,2196,-2112,926
nicht_melden,11,167,5040,2244,3988,2224,-3341,519
nicht_melden,11,168,7612,3084,5792,384,-35,-108
nicht_melden,11,169,3196,-16,9704,-720,1129,-600
nicht_melden,11,170,-4076,-7744,11556,-1123,248,-1064
nicht_melden,11,171,-1152,-13908,8660,-762,-1935,-1120
nicht_melden,11,172,1112,-18856,5004,-323,-2932,-1024
nicht_melden,11,173,3352,-20688,1940,180,-3329,-908
nicht_melden,11,174,4860,-21708,1460,626,-3000,-807
nicht_melden,11,175,5400,-20672,1428,1277,-3421,-802
nicht_melden,11,176,12448,-16908,660,1611,-2830,-439
nicht_melden,11,177,16304,-12576,1800,1556,-1424,3
nicht_melden,11,178,13476,-8836,4224,1516,-560,355
nicht_melden,11,179,13668,-3936,5368,1249,149,484
nicht_melden,11,180,10424,-3540,6760,499,2094,365
nicht_melden,11,181,3336,-5872,10328,-88,3198,101
nicht_melden,11,182,464,-10312,10708,266,1614,-154
nicht_melden,11,183,4856,-13240,6516,692,783,-161
nicht_melden,11,184,6036,-15080,3592,1037,677,-130
nicht_melden,11,185,7528,-16548,4648,1488,323,112
nicht_melden,11,186,3616,-14276,6512,1558,41,-58
nicht_melden,11,187,3472,-11148,9520,881,598,-265
nicht_melden,11,188,6464,-9564,9724,57,1225,-387
nicht_melden,11,189,11680,-10912,7684,-471,1974,-276
nicht_melden,11,190,9160,-12776,6144,-628,2618,-28
nicht_melden,11,191,5560,-13416,5500,-240,2048,274
nicht_melden,11,192,3704,-14116,4772,183,1289,355
nicht_melden,11,193,4024,-14180,4780,573,772,361
nicht_melden,11,194,3124,-13796,6556,701,409,239
nicht_melden,11,195,3524,-13332,5672,598,252,-126
nicht_melden,11,196,4864,-12836,5272,522,93,-335
nicht_melden,11,197,6160,-11756,4952,355,183,-441
nicht_melden,11,198,6936,-11680,5572,292,128,-476
nicht_melden,11,199,6876,-12136,4140,87,475,-516
nicht_melden,11,200,4776,-11984,9840,-251,268,-429
nicht_melden,11,201,4672,-13568,9376,-268,-753,-325
nicht_melden,11,202,5892,-13360,7728,-421,-1107,-161
nicht_melden,11,203,5428,-13348,6804,-615,-674,-193
nicht_melden,11,204,3776,-12884,6396,-653,-434,-403
nicht_melden,11,205,3204,-11828,6328,-584,-719,-437
nicht_melden,11,206,3708,-11300,5716,-344,-1307,-388
nicht_melden,11,207,4664,-11352,5168,-27,-1829,-257
nicht_melden,11,208,5716,-12040,3948,281,-1958,-178
nicht_melden,11,209,4540,-12308,7704,599,-2507,8
nicht_melden,11,210,5708,-12348,6636,697,-3015,0
nicht_melden,11,211,6988,-12176,6220,322,-2071,-78
nicht_melden,11,212,7400,-12524,10012,-156,-1407,-44
nicht_melden,11,213,6844,-12788,11044,-465,-1323,-55
nicht_melden,11,214,8552,-13688,8764,-713,-1005,78
nicht_melden,11,215,7788,-13664,7356,-950,-319,180
nicht_melden,11,216,7252,-13088,7384,-996,91,247
nicht_melden,11,217,5480,-13504,7656,-814,78,393
nicht_melden,11,218,6508,-12436,6932,-603,31,351
nicht_melden,11,219,6252,-11244,6888,-463,-9,366
nicht_melden,11,220,6880,-10556,6040,-274,28,394
nicht_melden,11,221,6792,-10696,5632,-157,193,392
nicht_melden,11,222,6180,-10924,5524,-49,230,321
nicht_melden,11,223,5736,-10612,4556,73,454,275
nicht_melden,11,224,4332,-9828,4840,89,605,8
nicht_melden,11,225,4820,-9504,4532,162,500,-225
nicht_melden,11,226,5608,-9656,4828,215,292,-352
nicht_melden,11,227,6652,-9848,3468,354,91,-405
nicht_melden,11,228,6408,-9636,2688,408,164,-447
nicht_melden,11,229,6020,-10768,4320,318,332,-600
nicht_melden,11,230,5804,-12816,4884,185,436,-765
nicht_melden,11,231,4960,-13356,5660,-102,599,-945
nicht_melden,11,232,6252,-13728,6452,-377,735,-1042
nicht_melden,11,233,6676,-13996,6812,-393,528,-911
nicht_melden,11,234,5004,-13972,6820,-332,231,-956
nicht_melden,11,235,5428,-13052,5244,-121,-153,-869
nicht_melden,11,236,4392,-13016,4908,35,-157,-886
nicht_melden,11,237,3796,-11632,5280,109,-240,-1145
nicht_melden,11,238,6588,-12340,5756,80,-29,-1259
nicht_melden,11,239,7348,-13828,7036,86,123,-1250
nicht_melden,11,240,6720,-15656,7024,-10,254,-1310
nicht_melden,11,241,7296,-13980,7476,-258,503,-1305
nicht_melden,11,242,7300,-14004,6632,-370,982,-1254
nicht_melden,11,243,5832,-14908,8240,-546,1300,-1351
nicht_melden,11,244,4608,-13996,9580,-421,608,-1347
nicht_melden,11,245,5036,-13184,9132,-189,-67,-1158
nicht_melden,11,246,6724,-13108,8788,-201,12,-1097
nicht_melden,11,247,9152,-13108,8816,-397,551,-1057
nicht_melden,11,248,8772,-13688,8472,-558,1258,-1020
nicht_melden,11,249,5412,-12776,8808,-663,1388,-1219
nicht_melden,11,250,6928,-13012,8284,-617,1167,-1261
nicht_melden,11,251,7236,-12568,7684,-598,1193,-1227
nicht_melden,11,252,7212,-10956,6396,-516,1152,-1225
nicht_melden,11,253,7872,-10096,5544,-419,1255,-1132
nicht_melden,11,254,7240,-9736,5736,-295,1354,-1078
nicht_melden,11,255,6632,-9872,5272,-125,1280,-1105
nicht_melden,11,256,6820,-10140,5328,-32,1342,-1200
nicht_melden,11,257,6360,-10692,6160,-98,1559,-1396
nicht_melden,11,258,5884,-11116,7852,-145,1402,-1539
nicht_melden,11,259,7604,-12152,8144,-247,1280,-1554
nicht_melden,11,260,6784,-13024,8880,-361,1187,-1547
nicht_melden,11,261,6248,-12468,8908,-560,1142,-1589
nicht_melden,11,262,7004,-12092,9156,-661,913,-1489
nicht_melden,11,263,7832,-12120,7984,-676,816,-1385
nicht_melden,11,264,8472,-11400,7060,-700,963,-1233
nicht_melden,11,265,8848,-11076,8360,-791,1176,-1023
nicht_melden,11,266,7288,-11376,7168,-848,1484,-1094
nicht_melden,11,267,5868,-12440,5868,-890,1871,-1270
nicht_melden,11,268,5612,-12796,6596,-904,2157,-1453
nicht_melden,11,269,5300,-12112,7336,-924,2409,-1658
nicht_melden,11,270,6028,-11264,7084,-939,2629,-1798
nicht_melden,11,271,6928,-10744,7704,-851,2678,-1837
nicht_melden,11,272,6664,-10088,7896,-765,2596,-1798
nicht_melden,11,273,7232,-9540,7452,-765,2643,-1731
nicht_melden,11,274,7224,-9780,7600,-668,2459,-1693
nicht_melden,11,275,6908,-10432,7164,-542,2228,-1663
nicht_melden,11,276,7424,-11256,6448,-354,2048,-1616
nicht_melden,11,277,6792,-11156,6552,-365,2195,-1597
nicht_melden,11,278,11264,-8540,8740,-359,1988,-927
nicht_melden,11,279,7796,-11036,8992,-580,2705,-1107
nicht_melden,11,280,1696,-12384,7848,-1021,3726,-1761
nicht_melden,11,281,3996,-12732,7472,-862,3563,-1511
nicht_melden,11,282,6128,-14452,5620,-404,3382,-1361
nicht_melden,11,283,5336,-9720,6896,-938,4435,-1521
nicht_melden,11,284,8956,-12376,10336,-982,4407,-1197
nicht_melden,11,285,7412,-11776,10220,-639,3615,-826
nicht_melden,11,286,7036,-11844,9480,-1028,4594,-1266
nicht_melden,11,287,656,-14068,10012,-1520,5365,-2002
nicht_melden,11,288,1184,-14512,9188,-1652,5428,-2809
nicht_melden,11,289,2368,-15168,8688,-1571,5951,-3269
nicht_melden,11,290,2948,-14076,7948,-1498,6456,-3539
nicht_melden,11,291,3168,-13296,7728,-1622,7008,-3859
nicht_melden,11,292,2908,-11672,8088,-1627,7171,-4087
nicht_melden,11,293,3464,-10740,8084,-1637,7413,-4213
nicht_melden,11,294,3532,-10880,7140,-1527,7494,-4409
nicht_melden,11,295,3116,-10672,6764,-1379,7580,-4669
nicht_melden,11,296,2500,-11100,6380,-1198,7819,-4902
nicht_melden,11,297,1596,-10420,6324,-1094,8174,-5171
nicht_melden,11,298,620,-10460,7268,-1100,8567,-5431
nicht_melden,11,299,736,-10052,7304,-1000,8734,-5577
nicht_melden,12,0,-3292,-15736,-1712,-597,359,-312
nicht_melden,12,1,-2584,-13996,184,-534,633,-339
nicht_melden,12,2,-2320,-12764,2068,-510,744,-215
nicht_melden,12,3,-888,-12276,2756,-386,536,18
nicht_melden,12,4,1728,-11452,1768,-124,443,545
nicht_melden,12,5,-1004,-13392,448,106,235,842
nicht_melden,12,6,-6732,-15100,-324,786,-936,554
nicht_melden,12,7,-4140,-15924,-836,1357,-1581,323
nicht_melden,12,8,-2628,-16768,488,1447,-1504,-49
nicht_melden,12,9,-1768,-16752,2492,1112,-1199,-471
nicht_melden,12,10,-840,-17144,3792,589,-715,-687
nicht_melden,12,11,-240,-17216,3428,104,-127,-767
nicht_melden,12,12,1032,-16264,2772,-269,294,-681
nicht_melden,12,13,992,-16584,916,-484,553,-529
nicht_melden,12,14,-340,-16380,-276,-424,600,-334
nicht_melden,12,15,-940,-15328,-68,-217,560,-134
nicht_melden,12,16,-1144,-14024,-1284,74,522,8
nicht_melden,12,17,-1276,-13440,-1616,325,571,46
nicht_melden,12,18,-732,-13228,-3768,450,1100,-36
nicht_melden,12,19,-5080,-12084,4620,422,812,-388
nicht_melden,12,20,3100,-12376,6128,-365,1236,-325
nicht_melden,12,21,-1340,-18524,6952,-818,1214,-584
nicht_melden,12,22,-7192,-20748,6656,-355,-511,-722
nicht_melden,12,23,-6636,-19852,3592,73,-1540,-565
nicht_melden,12,24,-3404,-17888,1136,-202,-654,-515
nicht_melden,12,25,-2220,-16960,120,-983,1242,-776
nicht_melden,12,26,-3144,-17196,852,-1638,2730,-1095
nicht_melden,12,27,-4128,-17324,884,-1775,3222,-1169
nicht_melden,12,28,-4784,-17136,1484,-1478,2919,-1007
nicht_melden,12,29,-4024,-16744,1012,-1024,2258,-744
nicht_melden,12,30,-2720,-16684,280,-540,1478,-426
nicht_melden,12,31,-2996,-16876,76,-159,721,-245
nicht_melden,12,32,-1940,-16364,368,49,555,-153
nicht_melden,12,33,-1752,-16156,1204,172,575,-66
nicht_melden,12,34,-1404,-15804,2432,71,560,-3
nicht_melden,12,35,-1960,-15832,3336,-125,333,-65
nicht_melden,12,36,-2228,-16036,3108,-299,164,-141
nicht_melden,12,37,-1960,-16204,2664,-445,84,-128
nicht_melden,12,38,-2288,-16452,1616,-545,171,-206
nicht_melden,12,39,-1704,-16280,760,-695,513,-312
nicht_melden,12,40,-1648,-16052,960,-893,1048,-396
nicht_melden,12,41,-1432,-15976,1124,-1039,1343,-428
nicht_melden,12,42,-600,-16044,1308,-1081,1567,-348
nicht_melden,12,43,-1192,-15672,1648,-1013,1484,-141
nicht_melden,12,44,-988,-15320,1008,-829,1168,103
nicht_melden,12,45,-312,-15160,1112,-818,1206,296
nicht_melden,12,46,-2612,-14988,1328,-844,1326,331
nicht_melden,12,47,-3876,-14980,1568,-795,1137,218
nicht_melden,12,48,-3184,-15460,1048,-813,1050,71
nicht_melden,12,49,-2940,-15748,760,-834,1059,-79
nicht_melden,12,50,-3320,-16140,640,-676,743,-43
nicht_melden,12,51,-2852,-16576,352,-428,224,86
nicht_melden,12,52,-2624,-18280,80,-200,-166,175
nicht_melden,12,53,-2240,-17496,12,-153,-405,322
nicht_melden,12,54,-2752,-17564,188,-63,-703,466
nicht_melden,12,55,-2628,-16892,168,67,-1182,608
nicht_melden,12,56,-2664,-16784,0,203,-1735,762
nicht_melden,12,57,-3288,-16972,-172,487,-2450,865
nicht_melden,12,58,-2944,-16816,-808,726,-2805,964
nicht_melden,12,59,-2604,-16732,-1672,874,-2798,1033
nicht_melden,12,60,-2388,-16020,-2112,898,-2379,992
nicht_melden,12,61,-1832,-14824,-2012,720,-1650,859
nicht_melden,12,62,-2088,-13708,-472,583,-1143,738
nicht_melden,12,63,-2732,-13052,1320,490,-1070,555
nicht_melden,12,64,-3196,-13068,996,627,-1524,434
nicht_melden,12,65,-3552,-13716,1308,963,-2325,401
nicht_melden,12,66,-3052,-13812,1260,1286,-3230,328
nicht_melden,12,67,-1776,-14000,1016,1336,-3425,174
nicht_melden,12,68,-3848,-14760,2244,1177,-3393,-225
nicht_melden,12,69,-4616,-14500,3336,962,-3337,-689
nicht_melden,12,70,-7560,-15736,4652,828,-3773,-1204
nicht_melden,12,71,-6748,-16928,3472,1302,-5148,-1438
nicht_melden,12,72,-4120,-16668,1676,1296,-5277,-1535
nicht_melden,12,73,-1396,-15728,2152,879,-4499,-1867
nicht_melden,12,74,-1576,-16404,2108,360,-3601,-2205
nicht_melden,12,75,556,-16436,2196,199,-3231,-2205
nicht_melden,12,76,-1208,-18296,3796,211,-3034,-1940
nicht_melden,12,77,-2712,-18272,4860,861,-4494,-1351
nicht_melden,12,78,-3664,-19492,6620,1427,-5720,-499
nicht_melden,12,79,-3436,-19572,6860,2186,-7885,172
nicht_melden,12,80,-5820,-22484,6580,2184,-8236,156
nicht_melden,12,81,-8884,-19828,6920,1771,-8314,-367
nicht_melden,12,82,-8908,-21732,3344,1301,-7576,-1057
nicht_melden,12,83,-5168,-22468,836,701,-6094,-1591
nicht_melden,12,84,-6120,-24008,2488,556,-5932,-2192
nicht_melden,12,85,-7856,-25848,-968,1687,-8092,-2529
nicht_melden,12,86,-480,-20052,-7244,3027,-10053,-1685
nicht_melden,12,87,6548,-16848,-1508,2415,-7846,-1485
nicht_melden,12,88,1044,-14792,964,2680,-7819,-1495
nicht_melden,12,89,7144,-12544,-8100,3541,-8395,-959
nicht_melden,12,90,13540,-5076,-892,2648,-6927,-475
nicht_melden,12,91,9556,-10820,4328,2284,-5509,52
nicht_melden,12,92,11008,-4692,3344,2004,-6030,407
nicht_melden,12,93,15744,-2192,3660,1173,-4624,947
nicht_melden,12,94,11300,-7924,6012,227,-3025,1396
nicht_melden,12,95,-988,-18072,2072,216,-3311,1321
nicht_melden,12,96,-5252,-19604,5528,702,-5787,953
nicht_melden,12,97,-7792,-23496,72,1624,-7201,672
nicht_melden,12,98,-4068,-20948,-3916,2198,-7900,24
nicht_melden,12,99,-1244,-21364,-7380,2795,-7828,-774
nicht_melden,12,100,3920,-21212,-9300,3819,-8477,-1346
nicht_melden,12,101,16800,-17988,-15040,5113,-8663,-1065
nicht_melden,12,102,23340,-11660,-11564,6299,-8638,-261
nicht_melden,12,103,24688,-6776,2720,5484,-4504,334
nicht_melden,12,104,19988,-6096,-2872,6132,-4182,825
nicht_melden,12,105,13792,-4700,6104,5776,-3031,1185
nicht_melden,12,106,9076,-5236,11820,5303,-2293,1544
nicht_melden,12,107,6024,-1344,13512,4052,-2304,1269
nicht_melden,12,108,11400,-332,19008,2892,-2450,1406
nicht_melden,12,109,8148,-5152,17336,1340,-1761,1234
nicht_melden,12,110,10168,-3120,15212,184,-1434,1154
nicht_melden,12,111,8496,-7152,9500,-1138,213,610
nicht_melden,12,112,5240,-9452,2516,-1362,535,328
nicht_melden,12,113,6156,-14084,616,-703,63,26
nicht_melden,12,114,10288,-13996,-2608,193,-563,46
nicht_melden,12,115,9136,-14032,52,833,-508,66
nicht_melden,12,116,7624,-12312,3776,1354,-888,107
nicht_melden,12,117,8164,-10592,6808,1618,-1488,228
nicht_melden,12,118,6468,-10948,9644,1395,-1378,96
nicht_melden,12,119,8320,-9608,9392,1057,-1413,63
nicht_melden,12,120,10028,-9944,10332,420,-852,-48
nicht_melden,12,121,10288,-10736,9828,-225,-37,-123
nicht_melden,12,122,9780,-10512,8668,-664,432,-146
nicht_melden,12,123,7548,-12668,8408,-879,677,-232
nicht_melden,12,124,7428,-12128,6572,-903,782,-254
nicht_melden,12,125,7548,-11884,6180,-1042,1419,-406
nicht_melden,12,126,6672,-11240,6360,-1046,1671,-629
nicht_melden,12,127,6912,-11472,6248,-832,1391,-657
nicht_melden,12,128,5796,-11776,5788,-434,949,-709
nicht_melden,12,129,6408,-11056,5988,-24,148,-714
nicht_melden,12,130,7840,-10120,4816,43,160,-809
nicht_melden,12,131,7808,-9632,4868,37,426,-937
nicht_melden,12,132,7168,-9660,4000,4,590,-1112
nicht_melden,12,133,6292,-10756,3796,31,512,-1258
nicht_melden,12,134,9096,-10880,5760,320,-357,-1028
nicht_melden,12,135,9048,-9204,8328,-134,262,-1013
nicht_melden,12,136,6068,-12176,4724,-386,427,-1342
nicht_melden,12,137,8000,-14328,6900,-160,-369,-1092
nicht_melden,12,138,8028,-14320,9696,-677,-260,-1044
nicht_melden,12,139,8128,-12700,9024,-943,-420,-929
nicht_melden,12,140,9088,-13672,8244,-1324,-164,-818
nicht_melden,12,141,9332,-13752,7912,-1745,387,-701
nicht_melden,12,142,9328,-13176,6892,-1933,729,-552
nicht_melden,12,143,8460,-13044,6052,-2013,998,-447
nicht_melden,12,144,7716,-12992,5588,-1900,1019,-325
nicht_melden,12,145,6560,-13292,5640,-1542,674,-263
nicht_melden,12,146,6796,-13796,5684,-1151,197,-209
nicht_melden,12,147,8200,-14360,6060,-822,-117,-126
nicht_melden,12,148,7732,-15284,6488,-591,-216,-115
nicht_melden,12,149,8128,-16108,7176,-314,-507,-71
nicht_melden,12,150,9724,-16980,7772,-244,-391,50
nicht_melden,12,151,9208,-17460,8348,-303,-10,161
nicht_melden,12,152,8496,-17304,8152,-277,180,222
nicht_melden,12,153,8808,-17280,8440,-159,210,430
nicht_melden,12,154,9284,-15552,8348,96,-162,714
nicht_melden,12,155,9624,-13332,7724,203,-103,940
nicht_melden,12,156,8940,-11264,8540,-38,258,994
nicht_melden,12,157,10136,-9696,7972,-407,632,1046
nicht_melden,12,158,9004,-9464,7048,-590,955,1119
nicht_melden,12,159,6148,-9600,6968,-695,675,981
nicht_melden,12,160,7668,-8188,6072,-526,-263,1035
nicht_melden,12,161,8884,-6212,5460,-620,-492,1033
nicht_melden,12,162,7020,-6708,4376,-725,-629,758
nicht_melden,12,163,6840,-6432,3580,-922,-588,472
nicht_melden,12,164,7320,-7048,2616,-1035,-507,226
nicht_melden,12,165,8068,-9144,1392,-990,-605,26
nicht_melden,12,166,9524,-11532,1172,-802,-972,103
nicht_melden,12,167,11544,-13052,532,-646,-981,332
nicht_melden,12,168,10416,-13572,-248,-775,-356,422
nicht_melden,12,169,11180,-12912,-360,-1039,714,586
nicht_melden,12,170,8236,-13484,528,-1428,2265,349
nicht_melden,12,171,4132,-14144,1876,-1502,2807,-24
nicht_melden,12,172,2052,-14388,3284,-1194,2307,-245
nicht_melden,12,173,2076,-13572,4256,-674,1134,-347
nicht_melden,12,174,2656,-12132,4828,-313,184,-505
nicht_melden,12,175,4112,-10800,4968,-138,-353,-703
nicht_melden,12,176,5828,-9312,4700,-253,-200,-953
nicht_melden,12,177,5892,-8412,4820,-507,381,-1256
nicht_melden,12,178,6472,-8944,5456,-659,621,-1471
nicht_melden,12,179,7584,-10092,5696,-672,474,-1511
nicht_melden,12,180,8072,-11880,5632,-722,327,-1502
nicht_melden,12,181,9588,-14584,6788,-821,-144,-1324
nicht_melden,12,182,12860,-15696,7664,-1134,-42,-1116
nicht_melden,12,183,13692,-15908,7336,-1634,851,-860
nicht_melden,12,184,11396,-14892,7816,-2062,1580,-639
nicht_melden,12,185,13216,-14448,6416,-2124,1909,-277
nicht_melden,12,186,13736,-15136,6796,-2291,2697,137
nicht_melden,12,187,14480,-14376,6084,-2442,3638,526
nicht_melden,12,188,14784,-13432,5988,-2775,4843,695
nicht_melden,12,189,12944,-13664,5368,-3289,6604,727
nicht_melden,12,190,9600,-14360,5768,-3416,7213,701
nicht_melden,12,191,6736,-15436,3552,-3033,7055,582
nicht_melden,12,192,-604,-17812,3092,-2456,6461,269
nicht_melden,12,193,-3596,-16924,5316,-1112,3401,53
nicht_melden,12,194,-132,-16752,6248,-146,918,118
nicht_melden,12,195,4440,-16328,6096,422,-316,226
nicht_melden,12,196,7036,-15564,6648,392,-648,286
nicht_melden,12,197,8820,-14384,9092,-10,-534,409
nicht_melden,12,198,8880,-15152,8392,-505,327,419
nicht_melden,12,199,7028,-15168,7496,-1198,1414,431
nicht_melden,12,200,5752,-13500,10104,-2113,2412,422
nicht_melden,12,201,10168,-14712,7048,-3018,3669,390
nicht_melden,12,202,9752,-18056,-340,-3072,5116,285
nicht_melden,12,203,7536,-19796,-4348,-2681,5513,100
nicht_melden,12,204,4832,-17600,-4640,-2308,5543,232
nicht_melden,12,205,10512,-16612,-7204,-1881,6158,410
nicht_melden,12,206,11716,-15324,-7032,-1664,7405,956
nicht_melden,12,207,8284,-15672,-6132,-1127,7701,1328
nicht_melden,12,208,4920,-14104,-6960,-539,7575,1480
nicht_melden,12,209,304,-12580,-4500,-459,7757,1270
nicht_melden,12,210,-3388,-13180,-732,-563,7732,619
nicht_melden,12,211,192,-8220,3624,-1709,9588,602
nicht_melden,12,212,-13252,-8996,14452,-2481,8489,162
nicht_melden,12,213,-244,-9428,10040,-2387,5673,86
nicht_melden,12,214,3512,-12200,5032,-2623,5992,627
nicht_melden,12,215,5208,-10692,4104,-2805,5749,1097
nicht_melden,12,216,9700,-14680,-120,-3037,6158,1432
nicht_melden,12,217,9876,-17680,-7028,-2546,7450,1780
nicht_melden,12,218,732,-16772,-6892,-1933,7566,2164
nicht_melden,12,219,2308,-14852,-4832,-1816,7770,2230
nicht_melden,12,220,-796,-17616,-4784,-1721,8017,2057
nicht_melden,12,221,-4972,-16928,-6568,-850,8070,1656
nicht_melden,12,222,-2564,-12176,528,-1060,8258,1855
nicht_melden,12,223,2760,-14132,4820,-1905,8463,1951
nicht_melden,12,224,-5460,-16128,3684,-1822,7247,1301
nicht_melden,12,225,-16880,-16320,-72,-1046,4284,755
nicht_melden,12,226,-13260,-10020,8044,-450,1057,1430
nicht_melden,12,227,6868,-16080,2572,-184,2388,2804
nicht_melden,12,228,-5484,-19300,-1156,-27,2930,2418
nicht_melden,12,229,-21876,-14888,6632,541,-1891,876
nicht_melden,12,230,-8576,-10660,-924,1295,-2978,587
nicht_melden,12,231,-2664,-17324,-1436,1208,-1501,477
nicht_melden,12,232,-13616,-14352,1736,1164,-1516,-942
nicht_melden,12,233,-3756,-13708,-844,871,-564,-1658
nicht_melden,12,234,-5324,-15420,12,284,1367,-2519
nicht_melden,12,235,-2732,-14008,-2544,208,2249,-2894
nicht_melden,12,236,-644,-11456,3984,131,1839,-2637
nicht_melden,12,237,2012,-13524,-664,103,2269,-2566
nicht_melden,12,238,584,-13340,2088,167,2556,-2138
nicht_melden,12,239,-1468,-14260,2012,566,2053,-2084
nicht_melden,12,240,-1312,-13796,1820,916,1739,-1815
nicht_melden,12,241,-1872,-14300,1668,1092,1543,-1712
nicht_melden,12,242,-1856,-14828,2060,1202,1435,-1672
nicht_melden,12,243,-2424,-15252,3016,1207,1507,-1762
nicht_melden,12,244,-3200,-15776,3732,1099,1665,-1943
nicht_melden,12,245,-3636,-16684,4184,1073,1578,-2126
nicht_melden,12,246,-3100,-16696,4572,1210,1336,-2150
nicht_melden,12,247,-1156,-9116,3252,1079,1189,-2165
nicht_melden,12,248,-1864,-16472,4768,1456,951,-2096
nicht_melden,12,249,-2768,-16148,5448,1517,609,-2097
nicht_melden,12,250,-2300,-15748,7440,1488,229,-2268
nicht_melden,12,251,-1496,-14992,7040,1079,325,-2548
nicht_melden,12,252,-1068,-15124,6056,618,869,-2779
nicht_melden,12,253,-2096,-14848,6528,288,1202,-3068
nicht_melden,12,254,-2136,-14404,5752,-4,1421,-3265
nicht_melden,12,255,-2480,-14248,5544,-203,1453,-3503
nicht_melden,12,256,-2468,-14008,5176,-261,1273,-3707
nicht_melden,12,257,-1456,-14484,4712,-227,1124,-3781
nicht_melden,12,258,-120,-15452,4132,-220,1218,-3779
nicht_melden,12,259,724,-16068,4000,-169,1434,-3744
nicht_melden,12,260,1400,-16140,3360,-162,1595,-3707
nicht_melden,12,261,1276,-15932,2880,-105,1898,-3673
nicht_melden,12,262,1196,-15848,2692,-49,2216,-3629
nicht_melden,12,263,1132,-15548,2492,10,2483,-3591
nicht_melden,12,264,440,-15596,2072,120,2782,-3675
nicht_melden,12,265,720,-15008,2096,229,3116,-3744
nicht_melden,12,266,604,-14876,1736,433,3388,-3840
nicht_melden,12,267,828,-14660,2180,695,3492,-3990
nicht_melden,12,268,1732,-15236,2268,909,3732,-4061
nicht_melden,12,269,2516,-15532,2436,1091,4156,-4085
nicht_melden,12,270,1988,-15428,2784,1220,4403,-4155
nicht_melden,12,271,2336,-15640,2912,1406,4467,-4259
nicht_melden,12,272,2564,-14792,3060,1561,4537,-4351
nicht_melden,12,273,2436,-14384,3980,1678,4833,-4399
nicht_melden,12,274,3268,-13416,4204,1701,4956,-4385
nicht_melden,12,275,3272,-12816,-372,1858,4388,-4192
nicht_melden,12,276,4816,-12836,4748,1810,4866,-4136
nicht_melden,12,277,5628,-13088,4100,1949,4857,-4042
nicht_melden,12,278,5276,-13432,4364,2039,4692,-4006
nicht_melden,12,279,5120,-13536,4540,2259,4490,-4011
nicht_melden,12,280,4980,-13320,5204,2214,4470,-3992
nicht_melden,12,281,4676,-14132,5280,2327,4259,-3977
nicht_melden,12,282,3916,-13876,5896,2575,3673,-3940
nicht_melden,12,283,3220,-13468,7208,2863,2927,-3817
nicht_melden,12,284,3484,-12544,7564,3014,2191,-3698
nicht_melden,12,285,4188,-12448,7144,3093,1717,-3582
nicht_melden,12,286,5176,-12400,6868,3101,1555,-3544
nicht_melden,12,287,5976,-11812,6880,2935,1752,-3531
nicht_melden,12,288,6108,-11720,6356,2695,2023,-3543
nicht_melden,12,289,5916,-12088,5796,2710,2143,-3571
nicht_melden,12,290,6236,-10976,6272,2813,2265,-3576
nicht_melden,12,291,6920,-9800,7140,2790,2346,-3467
nicht_melden,12,292,6920,-9172,8144,2643,2235,-3266
nicht_melden,12,293,6644,-9552,9768,2551,2093,-3185
nicht_melden,12,294,7648,-8976,9732,2329,2442,-3057
nicht_melden,12,295,7952,-9216,9544,2053,2831,-2960
nicht_melden,12,296,6772,-10192,8764,1956,3142,-2972
nicht_melden,12,297,5864,-9628,7668,2091,3323,-3011
nicht_melden,12,298,6328,-8684,7384,2347,3229,-3121
nicht_melden,12,299,4352,-9656,8088,2706,3065,-3027
nicht_melden,13,0,-3180,14772,2644,-22,2332,-1654
nicht_melden,13,1,1972,16412,3116,560,1519,-1331
nicht_melden,13,2,4808,15488,3288,576,1555,-1476
nicht_melden,13,3,4884,14856,4932,169,1990,-1784
nicht_melden,13,4,5804,14240,7228,-601,2564,-2170
nicht_melden,13,5,4092,13616,11960,-1447,2372,-2510
nicht_melden,13,6,5552,8340,5676,-2163,2885,-2862
nicht_melden,13,7,5388,3496,1800,-2034,3612,-2660
nicht_melden,13,8,196,3316,2840,-1431,2853,-2449
nicht_melden,13,9,-1168,3432,2260,-337,698,-1977
nicht_melden,13,10,156,6392,720,1001,-1488,-903
nicht_melden,13,11,2288,11920,2472,1816,-2919,325
nicht_melden,13,12,2496,15100,3208,2318,-3692,619
nicht_melden,13,13,2360,19140,6544,2674,-5195,586
nicht_melden,13,14,3576,17244,8656,3506,-6680,2
nicht_melden,13,15,3440,19616,6660,4312,-8237,319
nicht_melden,13,16,2448,19804,7144,4503,-10393,919
nicht_melden,13,17,7012,19104,5156,4346,-11042,1373
nicht_melden,13,18,9228,18716,5676,3780,-10430,1536
nicht_melden,13,19,14108,20844,6748,2587,-8046,1625
nicht_melden,13,20,18164,20336,5532,955,-3932,1420
nicht_melden,13,21,18800,17864,3772,-416,-317,1272
nicht_melden,13,22,19360,17144,2684,-1340,2965,1301
nicht_melden,13,23,14772,19872,11468,-2478,4595,1097
nicht_melden,13,24,11200,22344,13524,-3311,5155,961
nicht_melden,13,25,5584,19520,11776,-4342,6404,242
nicht_melden,13,26,4788,21424,8460,-4497,5622,42
nicht_melden,13,27,3320,16528,2556,-3571,4062,773
nicht_melden,13,28,5916,16544,2176,-3616,4860,980
nicht_melden,13,29,8788,14344,3376,-4092,6540,1175
nicht_melden,13,30,7296,14544,9740,-4314,6803,887
nicht_melden,13,31,8100,17032,6612,-4596,6895,623
nicht_melden,13,32,9696,7872,-2596,-4250,6627,891
nicht_melden,13,33,5924,3860,8708,-4076,4884,1582
nicht_melden,13,34,956,2472,2724,-2847,3468,2061
nicht_melden,13,35,9696,3184,2096,-1820,3157,3671
nicht_melden,13,36,12360,732,7344,-1646,3044,4693
nicht_melden,13,37,10172,-624,6700,-1837,3525,4582
nicht_melden,13,38,3952,-396,8300,-2173,3268,3979
nicht_melden,13,39,2636,-820,5792,-2059,2069,3890
nicht_melden,13,40,2916,-1616,4612,-1682,356,4380
nicht_melden,13,41,2020,-3080,3604,-955,-561,4463
nicht_melden,13,42,1236,1520,5488,-292,-1418,4536
nicht_melden,13,43,-1792,2764,7016,53,-2141,4321
nicht_melden,13,44,-892,6188,4104,479,-3253,3778
nicht_melden,13,45,1064,12360,4364,185,-2181,2900
nicht_melden,13,46,-456,15872,5484,-502,-391,1967
nicht_melden,13,47,252,17764,10216,-748,365,726
nicht_melden,13,48,1228,19900,10100,-701,881,-370
nicht_melden,13,49,3020,20408,8884,-445,1181,-614
nicht_melden,13,50,3272,21604,11804,-442,1644,-934
nicht_melden,13,51,644,21572,14464,-569,1611,-1695
nicht_melden,13,52,-2180,18760,14420,-389,538,-2744
nicht_melden,13,53,-2884,15516,10992,-155,-2189,-3150
nicht_melden,13,54,-3816,14560,11524,-181,-5428,-2814
nicht_melden,13,55,-808,14824,13432,-521,-7867,-2435
nicht_melden,13,56,-328,12596,13196,-417,-9931,-2511
nicht_melden,13,57,2976,11608,12348,-713,-10033,-2755
nicht_melden,13,58,2592,10956,7824,-676,-9026,-3120
nicht_melden,13,59,-1976,11560,14484,-679,-10982,-2446
nicht_melden,13,60,-8920,13896,11868,26,-13351,-1919
nicht_melden,13,61,2824,11876,6456,2309,-13263,-2076
nicht_melden,13,62,2348,13528,152,2048,-12003,-1778
nicht_melden,13,63,13700,14300,-4612,1997,-9692,-2093
nicht_melden,13,64,19128,16544,-12656,1512,-6103,-1663
nicht_melden,13,65,26752,18036,-14788,1458,-3038,-270
nicht_melden,13,66,29176,19020,-12376,1208,-227,875
nicht_melden,13,67,25320,17196,-6120,795,1943,722
nicht_melden,13,68,19688,14292,788,-158,3876,51
nicht_melden,13,69,14324,10940,2904,-929,4681,-119
nicht_melden,13,70,13248,8384,5232,-1180,4497,325
nicht_melden,13,71,10888,8992,5168,-1522,4038,368
nicht_melden,13,72,9428,6292,5560,-1580,3783,53
nicht_melden,13,73,11256,9024,3148,-1223,3153,-140
nicht_melden,13,74,9788,7428,7260,-929,2304,387
nicht_melden,13,75,12288,7476,9348,-1257,3022,258
nicht_melden,13,76,9248,10480,10488,-1661,3185,265
nicht_melden,13,77,13928,10828,8852,-1514,2739,542
nicht_melden,13,78,14316,9744,8084,-2151,4180,280
nicht_melden,13,79,13676,8844,8404,-3292,6855,-93
nicht_melden,13,80,12536,7440,9572,-4109,8660,-302
nicht_melden,13,81,10232,5924,10936,-4379,8814,-285
nicht_melden,13,82,6420,3020,11072,-4265,8000,-10
nicht_melden,13,83,4220,960,12688,-3441,6086,747
nicht_melden,13,84,2516,-1104,11868,-2268,3631,1145
nicht_melden,13,85,-2608,-2852,13988,-609,46,1169
nicht_melden,13,86,6140,7176,10424,-682,-630,2163
nicht_melden,13,87,2064,-384,148,83,-1644,1886
nicht_melden,13,88,6104,5204,6220,1126,-5023,2826
nicht_melden,13,89,16832,3720,576,2189,-3839,3376
nicht_melden,13,90,14112,6896,-4004,2600,-1954,4125
nicht_melden,13,91,15376,8036,2412,1503,1195,3731
nicht_melden,13,92,11448,7956,7496,222,3811,2878
nicht_melden,13,93,9060,8316,6368,-535,5530,2335
nicht_melden,13,94,7492,7684,5936,-635,6699,2120
nicht_melden,13,95,5236,9520,5860,-818,7351,1951
nicht_melden,13,96,-2116,10508,10660,-1476,5774,1380
nicht_melden,13,97,-7928,11172,13184,-1934,2800,856
nicht_melden,13,98,-8572,10316,16148,-2089,156,493
nicht_melden,13,99,-6716,8680,15292,-1586,-2110,-236
nicht_melden,13,100,-2048,9188,12252,-1092,-3594,-854
nicht_melden,13,101,688,10452,13172,-225,-4484,-1745
nicht_melden,13,102,-828,12276,11208,-145,-5153,-2135
nicht_melden,13,103,512,11072,9592,73,-6418,-2539
nicht_melden,13,104,-684,7964,11816,560,-8223,-2704
nicht_melden,13,105,3024,8160,7124,1279,-9689,-2395
nicht_melden,13,106,6412,7040,4896,1976,-10037,-2041
nicht_melden,13,107,14600,10552,9232,1417,-8892,-1629
nicht_melden,13,108,13908,13124,-2964,1837,-7926,-1885
nicht_melden,13,109,23744,13004,-748,1693,-5889,-1022
nicht_melden,13,110,23600,18008,-4576,496,-40,-1050
nicht_melden,13,111,15076,16708,3520,-346,2141,-1578
nicht_melden,13,112,14264,12376,1008,-344,2655,-2164
nicht_melden,13,113,17572,10756,4480,561,2784,-483
nicht_melden,13,114,17336,14172,5604,-32,5672,-331
nicht_melden,13,115,10780,13728,7112,-938,7305,-1066
nicht_melden,13,116,6552,11944,9660,-1618,6820,-1858
nicht_melden,13,117,3176,8236,10792,-1713,5600,-2251
nicht_melden,13,118,464,7256,11116,-1578,3395,-2327
nicht_melden,13,119,-2500,6872,11812,-935,467,-2462
nicht_melden,13,120,-356,7716,10480,-376,-1680,-2396
nicht_melden,13,121,3384,6996,6016,264,-2339,-2293
nicht_melden,13,122,5228,8296,6016,-199,-2004,-2490
nicht_melden,13,123,2260,6732,9564,-532,-2129,-3099
nicht_melden,13,124,-1944,6988,9996,-153,-3571,-3572
nicht_melden,13,125,-1816,10108,10472,896,-4914,-3455
nicht_melden,13,126,3964,14832,5340,1719,-5250,-2487
nicht_melden,13,127,12060,17808,212,1944,-3080,-1652
nicht_melden,13,128,22080,19272,-716,971,1789,-1144
nicht_melden,13,129,21840,16400,276,-759,7942,-1542
nicht_melden,13,130,17376,13516,1540,-1604,12578,-2029
nicht_melden,13,131,15536,11436,3524,-1727,14250,-2397
nicht_melden,13,132,13560,10768,6744,-1431,14301,-2550
nicht_melden,13,133,12768,10288,9236,-1133,13357,-2488
nicht_melden,13,134,7900,10320,14280,-804,9933,-2010
nicht_melden,13,135,3072,6184,13100,55,4932,-1037
nicht_melden,13,136,-8488,5112,14800,1841,385,1140
nicht_melden,13,137,-304,3228,12632,3473,-1592,2136
nicht_melden,13,138,11460,10092,15104,3038,-1133,2864
nicht_melden,13,139,11772,9388,16124,815,846,2593
nicht_melden,13,140,5160,6292,16024,-324,-93,1617
nicht_melden,13,141,588,6528,16676,-1539,-2135,1578
nicht_melden,13,142,2832,3500,13204,-1555,-3214,2133
nicht_melden,13,143,7448,4060,13008,-1059,-3328,3113
nicht_melden,13,144,9000,4312,12456,-87,-3902,3983
nicht_melden,13,145,10764,9376,10460,915,-4287,4512
nicht_melden,13,146,11952,10500,8824,1033,-3660,4964
nicht_melden,13,147,11820,9952,5876,824,-1125,4288
nicht_melden,13,148,11928,11788,3180,730,1680,3801
nicht_melden,13,149,12072,12636,5872,555,2680,4054
nicht_melden,13,150,4132,12428,8868,533,2782,3582
nicht_melden,13,151,-1276,8060,9336,1287,1491,2740
nicht_melden,13,152,-4268,7468,7460,1871,37,2222
nicht_melden,13,153,-5540,11108,10756,1863,-902,1849
nicht_melden,13,154,-7072,17816,17424,389,-1384,786
nicht_melden,13,155,-6328,23380,21672,-1877,-1929,-664
nicht_melden,13,156,-1772,19256,17616,-3441,-3175,-1265
nicht_melden,13,157,-4980,14512,12616,-4005,-4832,-1867
nicht_melden,13,158,-2228,10976,7216,-3162,-5954,-1186
nicht_melden,13,159,484,9124,1796,-1445,-7645,-91
nicht_melden,13,160,8128,10252,-2612,1233,-7462,166
nicht_melden,13,161,5528,13400,-1316,1274,-8519,918
nicht_melden,13,162,5884,12320,1712,1432,-9717,817
nicht_melden,13,163,9300,9428,-184,1991,-10524,1069
nicht_melden,13,164,9908,8216,-80,2318,-11153,1321
nicht_melden,13,165,13252,7584,-2864,2733,-11623,1517
nicht_melden,13,166,19740,8256,-960,1958,-8991,1995
nicht_melden,13,167,14384,6872,-116,1091,-6495,1602
nicht_melden,13,168,12684,6652,-1616,1190,-6303,1171
nicht_melden,13,169,12872,6456,-608,1455,-6215,1063
nicht_melden,13,170,9776,7964,2724,1439,-6132,819
nicht_melden,13,171,6912,8684,344,1727,-7041,715
nicht_melden,13,172,10528,5288,-3184,2176,-6943,686
nicht_melden,13,173,13888,10312,-192,1985,-5513,504
nicht_melden,13,174,9936,10792,4932,1783,-5208,-188
nicht_melden,13,175,18324,12020,1056,1267,-4041,-327
nicht_melden,13,176,16352,11112,8160,429,-1960,-656
nicht_melden,13,177,18608,14492,7432,-377,-505,-596
nicht_melden,13,178,20420,13856,7324,-1346,1899,-684
nicht_melden,13,179,18456,13108,5604,-1711,3050,-675
nicht_melden,13,180,18504,11976,1496,-1469,3366,-527
nicht_melden,13,181,13204,12004,4440,-1486,3710,-691
nicht_melden,13,182,14280,11548,1616,-1515,4195,-662
nicht_melden,13,183,17452,12336,-3204,-1534,5123,-461
nicht_melden,13,184,9908,11740,1452,-1232,4390,-622
nicht_melden,13,185,11380,13044,196,-856,3461,-457
nicht_melden,13,186,11568,13436,164,-855,3302,-306
nicht_melden,13,187,12396,14280,444,-1110,3643,-223
nicht_melden,13,188,14372,14348,1256,-1701,4711,-218
nicht_melden,13,189,14080,13848,3920,-2751,6692,-392
nicht_melden,13,190,16336,13260,5752,-4104,9562,-671
nicht_melden,13,191,17824,13200,7744,-5190,12229,-872
nicht_melden,13,192,18620,14192,11168,-5429,12820,-879
nicht_melden,13,193,20876,8656,740,-5052,12905,-400
nicht_melden,13,194,9332,8068,12256,-4596,11584,-322
nicht_melden,13,195,10772,13156,15544,-4054,8613,185
nicht_melden,13,196,15904,3064,-1384,-3158,8536,797
nicht_melden,13,197,12896,2380,2472,-3297,10735,806
nicht_melden,13,198,6072,2740,3212,-3866,12326,-117
nicht_melden,13,199,6928,-1044,-2484,-3614,12089,-163
nicht_melden,13,200,772,-4716,-5788,-2844,12296,-338
nicht_melden,13,201,-1768,-7072,-1796,-1593,12408,-347
nicht_melden,13,202,-7248,-5052,528,-346,10848,-551
nicht_melden,13,203,-8984,276,6068,577,7331,-302
nicht_melden,13,204,-3064,10212,12448,1010,3891,666
nicht_melden,13,205,12144,14928,23244,-1212,3088,1662
nicht_melden,13,206,1960,12944,32767,-3819,744,1733
nicht_melden,13,207,764,2212,15936,-3096,2605,-932
nicht_melden,13,208,972,3596,7068,-1014,377,-40
nicht_melden,13,209,2332,10188,10044,218,-1771,1396
nicht_melden,13,210,10424,9052,3436,989,-961,1586
nicht_melden,13,211,10876,12764,1808,1239,-694,2084
nicht_melden,13,212,6960,6840,6228,813,-543,2145
nicht_melden,13,213,-944,10628,14644,1278,-2370,2583
nicht_melden,13,214,-996,5796,8312,1720,-4391,3020
nicht_melden,13,215,2292,5180,9484,1683,-4801,3168
nicht_melden,13,216,1304,5016,12860,1277,-2964,2256
nicht_melden,13,217,-1204,6676,12264,1302,-2590,1473
nicht_melden,13,218,-3732,9456,13288,1570,-4111,1242
nicht_melden,13,219,-1872,10164,10536,1771,-5980,1276
nicht_melden,13,220,-280,11444,9336,2034,-7943,1364
nicht_melden,13,221,3100,10548,7120,2130,-9509,1456
nicht_melden,13,222,4496,9340,7836,2429,-10252,1465
nicht_melden,13,223,4900,7412,10268,2166,-10239,978
nicht_melden,13,224,364,8644,16504,1486,-10649,391
nicht_melden,13,225,5444,7648,9528,1661,-11564,315
nicht_melden,13,226,7652,8012,14056,3139,-13249,-531
nicht_melden,13,227,4868,10132,12636,2867,-14061,14
nicht_melden,13,228,3856,15960,9016,2069,-13679,-350
nicht_melden,13,229,11632,17560,4280,1340,-11064,-492
nicht_melden,13,230,16964,20080,3364,527,-7934,-288
nicht_melden,13,231,19984,17140,1612,-145,-3767,-676
nicht_melden,13,232,19840,12432,180,-680,-52,-1061
nicht_melden,13,233,17816,12500,4452,-1021,2258,-892
nicht_melden,13,234,17600,14776,5616,-1188,4256,-601
nicht_melden,13,235,19768,14916,4940,-1494,6301,-280
nicht_melden,13,236,18600,13108,3144,-1813,8554,-443
nicht_melden,13,237,15948,11456,2860,-2168,10769,-931
nicht_melden,13,238,11772,10772,8160,-2350,11065,-1135
nicht_melden,13,239,10868,10156,7708,-2279,10887,-1446
nicht_melden,13,240,10684,8452,7772,-2355,10843,-1560
nicht_melden,13,241,5628,7856,14048,-2197,9078,-1766
nicht_melden,13,242,2164,7348,14048,-2087,5908,-2214
nicht_melden,13,243,9056,-572,2944,-1829,4813,-2001
nicht_melden,13,244,7716,-244,9400,-2041,5647,-1241
nicht_melden,13,245,8068,872,-348,-1388,6110,-735
nicht_melden,13,246,6376,6516,8516,-1541,5522,-255
nicht_melden,13,247,4092,4052,10788,-1950,5630,-881
nicht_melden,13,248,3732,428,5656,-1443,4620,-1147
nicht_melden,13,249,1224,80,6332,-624,2772,-564
nicht_melden,13,250,2820,2268,5664,264,1396,111
nicht_melden,13,251,7264,3928,4640,877,1258,630
nicht_melden,13,252,8036,6060,7204,1043,1341,719
nicht_melden,13,253,8092,6740,8520,1013,1297,680
nicht_melden,13,254,6828,6896,9320,1044,591,780
nicht_melden,13,255,5108,5916,7184,1292,-82,841
nicht_melden,13,256,5984,7280,9460,1262,-300,1195
nicht_melden,13,257,7176,9436,11636,868,373,1287
nicht_melden,13,258,9616,11492,13620,404,947,1405
nicht_melden,13,259,9288,13008,15108,-148,1397,1327
nicht_melden,13,260,5240,13884,18116,-1088,1374,1092
nicht_melden,13,261,1492,10972,16632,-1071,1337,190
nicht_melden,13,262,-440,11564,17084,-1168,858,-35
nicht_melden,13,263,-2120,11008,15712,-1097,-128,-1
nicht_melden,13,264,-812,10204,12168,-890,-224,-93
nicht_melden,13,265,900,9592,6684,21,356,-569
nicht_melden,13,266,-1148,10016,1456,1047,1209,-1229
nicht_melden,13,267,2768,9972,-500,1515,2352,-1648
nicht_melden,13,268,5768,12144,1060,1860,3654,-1613
nicht_melden,13,269,2044,11440,6776,1151,4671,-1746
nicht_melden,13,270,-864,9132,4428,1494,4966,-2520
nicht_melden,13,271,-3072,13400,9412,1639,4308,-2449
nicht_melden,13,272,-1904,17144,13940,1599,2827,-1991
nicht_melden,13,273,708,18168,15932,1257,1589,-1852
nicht_melden,13,274,2416,16016,15412,985,1076,-2130
nicht_melden,13,275,520,12400,15216,869,441,-2630
nicht_melden,13,276,-1280,11496,14496,918,-449,-2758
nicht_melden,13,277,-1448,11788,13792,789,-1321,-2498
nicht_melden,13,278,-824,11356,13260,584,-2101,-2349
nicht_melden,13,279,-1124,12324,13984,229,-2578,-2449
nicht_melden,13,280,48,12176,14376,-380,-2792,-2742
nicht_melden,13,281,776,12108,14668,-927,-2828,-3129
nicht_melden,13,282,588,12548,15124,-1495,-2620,-3254
nicht_melden,13,283,-488,11836,16488,-2203,-2617,-3274
nicht_melden,13,284,-1260,11908,17388,-3023,-2488,-3440
nicht_melden,13,285,-388,12468,18276,-4180,-1737,-3613
nicht_melden,13,286,-480,11232,18404,-5044,-1334,-3450
nicht_melden,13,287,-1132,10052,19300,-5684,-2095,-3193
nicht_melden,13,288,356,9232,18772,-6419,-2750,-2698
nicht_melden,13,289,-168,7380,18060,-7169,-3321,-2157
nicht_melden,13,290,-928,6008,16188,-7401,-3798,-1991
nicht_melden,13,291,980,5836,14504,-7433,-3600,-1829
nicht_melden,13,292,3916,1816,15144,-4130,-1359,-2196
nicht_melden,13,293,5692,8356,10064,-5243,-491,-1333
nicht_melden,13,294,7920,8592,9276,-5143,123,-1509
nicht_melden,13,295,8540,8960,9348,-5511,782,-1543
nicht_melden,13,296,6364,7684,10668,-5686,623,-1769
nicht_melden,13,297,4200,5472,9956,-5859,813,-1882
nicht_melden,13,298,3384,4560,9704,-5440,518,-1694
nicht_melden,13,299,4916,2992,6876,-5199,783,-1475
nicht_melden,14,0,-596,-788,16868,272,-2831,-25
nicht_melden,14,1,-536,-1640,15140,415,-3362,-165
nicht_melden,14,2,-304,-1472,15804,574,-3771,-206
nicht_melden,14,3,1500,-716,16620,762,-4435,-34
nicht_melden,14,4,1772,-1200,16136,935,-5104,159
nicht_melden,14,5,2112,-1584,14104,1151,-5604,227
nicht_melden,14,6,4500,-276,12056,1406,-5873,593
nicht_melden,14,7,5556,-356,12472,2604,-8196,1066
nicht_melden,14,8,10284,1248,11156,1934,-6820,1337
nicht_melden,14,9,9284,1704,11244,1562,-5560,1400
nicht_melden,14,10,10432,2484,12996,1110,-4765,1503
nicht_melden,14,11,11136,2520,14844,712,-3913,1548
nicht_melden,14,12,11092,2672,15088,477,-3498,1646
nicht_melden,14,13,11124,1396,14820,320,-3334,1681
nicht_melden,14,14,11140,476,13856,358,-3484,1778
nicht_melden,14,15,11584,-136,12012,586,-3595,2019
nicht_melden,14,16,12404,8,9900,933,-3684,2403
nicht_melden,14,17,15528,1120,7064,1270,-3138,2952
nicht_melden,14,18,19128,2708,6424,1140,-1345,3448
nicht_melden,14,19,20652,3624,7524,497,1159,3701
nicht_melden,14,20,19840,3856,8668,-304,3608,3740
nicht_melden,14,21,18264,3360,9336,-1153,5992,3658
nicht_melden,14,22,16284,2012,9256,-2079,8349,3665
nicht_melden,14,23,12852,784,9680,-2718,10152,3787
nicht_melden,14,24,10316,-72,9236,-3198,11712,3998
nicht_melden,14,25,7560,-544,9612,-3503,12963,4311
nicht_melden,14,26,6432,-452,10420,-3674,13988,4572
nicht_melden,14,27,5992,972,11716,-4308,14950,4263
nicht_melden,14,28,4300,332,13256,-5495,15800,3702
nicht_melden,14,29,440,-1628,13492,-6638,16161,3021
nicht_melden,14,30,-2248,-3244,12432,-7427,16092,2710
nicht_melden,14,31,-5964,-4320,12204,-7926,15659,2881
nicht_melden,14,32,-9756,-5400,12504,-8271,15589,3369
nicht_melden,14,33,-10176,-4816,13540,-8195,15268,4233
nicht_melden,14,34,-10216,-5872,15088,-8090,13670,4956
nicht_melden,14,35,-9304,-8508,14336,-7914,11563,5135
nicht_melden,14,36,-6000,-1988,9852,-7376,9850,5545
nicht_melden,14,37,-8500,-5736,9044,-6966,8412,6019
nicht_melden,14,38,-7640,-4108,7884,-6577,6936,6591
nicht_melden,14,39,-6560,-4552,6012,-5721,5898,6700
nicht_melden,14,40,-6892,-1876,4808,-5650,5315,6873
nicht_melden,14,41,-8064,-3044,3456,-5619,5136,6919
nicht_melden,14,42,-9292,-3528,3252,-5290,4838,6734
nicht_melden,14,43,-10728,-4080,3080,-4927,4388,6418
nicht_melden,14,44,-12108,-4864,2984,-4573,3883,5990
nicht_melden,14,45,-12676,-5028,2352,-4252,3348,5554
nicht_melden,14,46,-12480,-5468,1984,-3847,2947,5047
nicht_melden,14,47,-13384,-4752,948,-3739,2832,4473
nicht_melden,14,48,-13240,-5240,60,-3519,2660,3827
nicht_melden,14,49,-13520,-5660,20,-3299,2521,3150
nicht_melden,14,50,-13980,-5840,-68,-3002,2244,2448
nicht_melden,14,51,-14156,-5412,-148,-2658,1849,1750
nicht_melden,14,52,-14256,-4640,-188,-2316,1379,1106
nicht_melden,14,53,-13944,-3932,-328,-1983,872,535
nicht_melden,14,54,-13988,-3340,-492,-1652,349,11
nicht_melden,14,55,-14580,-1656,4008,-2034,529,-277
nicht_melden,14,56,-12552,-616,2180,-1202,-44,-560
nicht_melden,14,57,-13876,-4840,1116,-1259,-557,-957
nicht_melden,14,58,-12580,-4088,1276,-840,-900,-1395
nicht_melden,14,59,-12756,-4444,1212,-859,-1045,-1543
nicht_melden,14,60,-13260,-5880,528,-747,-1282,-1610
nicht_melden,14,61,-13652,-6904,100,-549,-1418,-1606
nicht_melden,14,62,-13532,-6756,220,-303,-1562,-1572
nicht_melden,14,63,-12740,-5656,504,-115,-1615,-1502
nicht_melden,14,64,-12512,-5588,1176,38,-1463,-1391
nicht_melden,14,65,-12348,-5188,2668,117,-1360,-1264
nicht_melden,14,66,-11936,-4404,3740,199,-1384,-1163
nicht_melden,14,67,-11840,-4056,4840,157,-1345,-1043
nicht_melden,14,68,-12124,-3024,5524,96,-1311,-1021
nicht_melden,14,69,-12496,-3172,6144,9,-1289,-935
nicht_melden,14,70,-13204,-4284,6404,72,-1411,-824
nicht_melden,14,71,-13560,-4376,5724,99,-1567,-764
nicht_melden,14,72,-13880,-5228,4276,208,-1534,-787
nicht_melden,14,73,-13156,-4824,3740,329,-1313,-773
nicht_melden,14,74,-12900,-4760,3392,398,-1003,-735
nicht_melden,14,75,-13084,-4340,3848,425,-683,-721
nicht_melden,14,76,-13128,-3976,4464,466,-525,-616
nicht_melden,14,77,-13652,-4048,5004,595,-559,-501
nicht_melden,14,78,-13972,-3888,5560,721,-670,-403
nicht_melden,14,79,-14144,-3612,5980,763,-757,-302
nicht_melden,14,80,-14140,-3676,6288,730,-794,-255
nicht_melden,14,81,-14196,-4220,6024,588,-764,-224
nicht_melden,14,82,-14200,-4844,5096,501,-723,-233
nicht_melden,14,83,-13900,-5228,4784,487,-611,-244
nicht_melden,14,84,-13148,-5076,4280,449,-460,-260
nicht_melden,14,85,-12560,-4780,4176,351,-211,-280
nicht_melden,14,86,-12540,-4816,4716,227,-51,-274
nicht_melden,14,87,-12900,-5224,5232,145,-79,-262
nicht_melden,14,88,-13076,-5596,5748,132,-236,-218
nicht_melden,14,89,-12732,-6012,5896,128,-397,-168
nicht_melden,14,90,-12404,-6328,5852,104,-480,-162
nicht_melden,14,91,-12084,-6628,5784,57,-445,-165
nicht_melden,14,92,-11868,-6676,5872,-6,-330,-203
nicht_melden,14,93,-11628,-6484,6164,-121,-149,-234
nicht_melden,14,94,-11484,-6328,6204,-245,51,-252
nicht_melden,14,95,-11568,-6272,6332,-347,193,-262
nicht_melden,14,96,-11672,-6056,6456,-388,232,-261
nicht_melden,14,97,-11776,-6128,6404,-387,159,-241
nicht_melden,14,98,-12084,-6268,6500,-375,30,-218
nicht_melden,14,99,-12148,-6336,6196,-323,-98,-190
nicht_melden,14,100,-11968,-6160,5864,-309,-149,-153
nicht_melden,14,101,-11976,-6284,5568,-285,-270,-129
nicht_melden,14,102,-11268,-6504,6496,268,-841,-126
nicht_melden,14,103,-12296,-4320,4824,-17,-507,9
nicht_melden,14,104,-11580,-5252,5704,8,-408,-86
nicht_melden,14,105,-10948,-5496,4432,-496,181,48
nicht_melden,14,106,-12452,-7616,5692,79,-122,3
nicht_melden,14,107,-12628,-6908,5700,323,-364,129
nicht_melden,14,108,-12916,-4640,5824,-5,-150,159
nicht_melden,14,109,-12860,-4768,7060,-584,315,38
nicht_melden,14,110,-11992,-7216,6348,-943,694,135
nicht_melden,14,111,-10860,-4552,6816,-841,752,376
nicht_melden,14,112,-13092,-7640,5824,-963,536,186
nicht_melden,14,113,-12148,-6972,5184,-831,578,-34
nicht_melden,14,114,-14768,-8816,5572,-569,498,-170
nicht_melden,14,115,-12228,-6484,5336,-133,-37,-26
nicht_melden,14,116,-11936,-6460,4528,-105,0,176
nicht_melden,14,117,-4048,5836,2156,-1290,534,1143
nicht_melden,14,118,-26336,-25548,16456,-217,1268,-1111
nicht_melden,14,119,-8700,-1956,5000,380,-1303,-129
nicht_melden,14,120,-3372,5096,1876,-2273,685,1175
nicht_melden,14,121,-19792,-15852,12936,-70,1650,-801
nicht_melden,14,122,-11472,-4036,5520,478,-1130,-353
nicht_melden,14,123,-9524,-2080,3460,-186,-869,-21
nicht_melden,14,124,-10652,-4608,4368,-883,293,-51
nicht_melden,14,125,-13516,-8700,6780,-770,591,-348
nicht_melden,14,126,-14252,-9180,7376,108,-272,-534
nicht_melden,14,127,-12684,-5424,5488,291,-900,-287
nicht_melden,14,128,-12164,-4508,3540,-618,-1059,-316
nicht_melden,14,129,-10316,-6012,1108,-1527,-494,-304
nicht_melden,14,130,-16320,-6860,9940,-762,3705,-847
nicht_melden,14,131,-16876,-11816,7252,293,1815,-369
nicht_melden,14,132,-19156,-10584,8348,2189,-597,-290
nicht_melden,14,133,-15660,-7912,8484,3248,-2487,888
nicht_melden,14,134,-14804,-8096,7232,4000,-3165,1497
nicht_melden,14,135,-10964,-5724,8740,4509,-3120,2470
nicht_melden,14,136,-15800,-7884,6636,4050,-4639,1854
nicht_melden,14,137,11952,21604,-7648,-601,-1225,218
nicht_melden,14,138,-28,-1528,956,-3563,2169,-1489
nicht_melden,14,139,1532,-8708,-372,-5701,1181,-1858
nicht_melden,14,140,-29896,-12484,1784,-3931,2491,-3629
nicht_melden,14,141,-22056,-8368,8696,-426,2798,-1825
nicht_melden,14,142,-15672,-6240,7948,142,-70,-51
nicht_melden,14,143,-12504,-5064,4588,400,-599,-77
nicht_melden,14,144,-10676,-4984,5248,270,-252,131
nicht_melden,14,145,-11968,-6096,5696,241,-238,-43
nicht_melden,14,146,-12548,-6656,5940,386,-406,-260
nicht_melden,14,147,-11812,-6156,6044,409,-456,-283
nicht_melden,14,148,-11392,-5968,5960,353,-312,-319
nicht_melden,14,149,-10576,-5124,5468,14,32,-374
nicht_melden,14,150,-11248,-5980,5856,-161,343,-270
nicht_melden,14,151,13756,14828,-19136,-1019,-1532,358
nicht_melden,14,152,-27228,-18128,8720,-2261,3601,170
nicht_melden,14,153,-18520,-13948,10456,475,579,-1139
nicht_melden,14,154,-10824,-5176,6392,507,-1317,-3
nicht_melden,14,155,-7924,-1392,1880,-28,-559,125
nicht_melden,14,156,-16152,-8444,9332,317,436,-605
nicht_melden,14,157,-12716,-6368,5980,897,-740,-830
nicht_melden,14,158,-11532,-5444,5712,867,-1066,-549
nicht_melden,14,159,-10256,-4128,4700,583,-770,-455
nicht_melden,14,160,-10488,-4720,5340,199,-307,-561
nicht_melden,14,161,-11164,-5448,5780,57,-29,-575
nicht_melden,14,162,-12312,-5988,6024,59,-64,-590
nicht_melden,14,163,-12180,-6232,6060,184,-270,-643
nicht_melden,14,164,-11676,-5936,5776,256,-338,-625
nicht_melden,14,165,-11660,-5956,5648,320,-368,-613
nicht_melden,14,166,-11852,-5988,5788,335,-386,-615
nicht_melden,14,167,-12604,-8008,5464,848,-772,-733
nicht_melden,14,168,-11236,-5712,6760,1067,-821,-706
nicht_melden,14,169,-12408,-4292,5472,561,-489,-651
nicht_melden,14,170,-9392,-5868,7268,1213,-529,-776
nicht_melden,14,171,-11628,-4792,5988,808,-279,-717
nicht_melden,14,172,-11680,-6048,5696,411,-242,-776
nicht_melden,14,173,-10600,-4248,6452,67,-208,-707
nicht_melden,14,174,-9936,-4288,5732,-57,-220,-695
nicht_melden,14,175,-12040,-5376,5616,-145,-170,-715
nicht_melden,14,176,-12380,-6252,5180,506,-666,-1333
nicht_melden,14,177,-11528,-5244,5120,1277,-1475,-1586
nicht_melden,14,178,-9568,-3388,4380,1260,-1679,-1129
nicht_melden,14,179,-10100,-3684,4124,1345,-1516,-1274
nicht_melden,14,180,-10036,-4060,4416,1478,-1581,-1371
nicht_melden,14,181,-10140,-4288,4576,1680,-1723,-1485
nicht_melden,14,182,15768,22956,-1668,-1460,-73,726
nicht_melden,14,183,-32768,-29060,16944,3467,-1234,-3623
nicht_melden,14,184,-2992,2048,5844,2981,-3368,-1983
nicht_melden,14,185,-9512,-3648,3988,2758,-2923,-1787
nicht_melden,14,186,-8840,-3888,5336,2796,-2420,-2126
nicht_melden,14,187,-8800,-4224,6736,2859,-2430,-2203
nicht_melden,14,188,-9428,-5160,7344,3041,-2488,-2392
nicht_melden,14,189,-8656,-3876,8016,3185,-2581,-2414
nicht_melden,14,190,-9300,-4520,8568,3376,-2764,-2563
nicht_melden,14,191,-9068,-4576,8868,3484,-2978,-2732
nicht_melden,14,192,-9076,-4816,9024,3602,-3183,-2867
nicht_melden,14,193,-9260,-5312,9164,3795,-3507,-3045
nicht_melden,14,194,-9564,-5904,9428,4051,-4002,-3191
nicht_melden,14,195,-8644,-5704,9428,4326,-4525,-3329
nicht_melden,14,196,-8840,-6092,10324,4653,-5285,-3412
nicht_melden,14,197,-9944,-6248,11580,5158,-6546,-3567
nicht_melden,14,198,-9660,-6236,12496,5428,-7668,-3720
nicht_melden,14,199,-10416,-6188,12728,5730,-8941,-3945
nicht_melden,14,200,-8868,-5612,12548,5877,-9872,-4169
nicht_melden,14,201,-7452,-4688,13240,5781,-10463,-4354
nicht_melden,14,202,-6536,-3308,14380,5616,-11118,-4514
nicht_melden,14,203,-4068,-1808,14416,5222,-11302,-4616
nicht_melden,14,204,-1572,-992,14568,4646,-11013,-4695
nicht_melden,14,205,984,60,14580,3935,-10133,-4726
nicht_melden,14,206,3284,32,14788,3246,-9000,-4855
nicht_melden,14,207,4688,544,15820,2603,-7665,-4985
nicht_melden,14,208,4884,396,16924,1853,-6613,-5155
nicht_melden,14,209,3336,-448,15068,1485,-6168,-5220
nicht_melden,14,210,5260,1412,10992,1599,-6124,-4850
nicht_melden,14,211,9152,4328,9728,1215,-5084,-4314
nicht_melden,14,212,11032,5024,9880,483,-3423,-3868
nicht_melden,14,213,10620,4268,10900,96,-2383,-3584
nicht_melden,14,214,9904,3700,11340,19,-1790,-3324
nicht_melden,14,215,8572,3132,10348,-33,-1419,-3026
nicht_melden,14,216,8832,3756,14220,548,-2590,-2482
nicht_melden,14,217,13048,4396,14268,488,-2458,-2024
nicht_melden,14,218,10776,2744,15392,84,-2082,-2095
nicht_melden,14,219,10600,1712,15204,-201,-2018,-2072
nicht_melden,14,220,10868,1272,14524,-505,-1813,-2044
nicht_melden,14,221,10880,760,13136,-904,-1377,-2084
nicht_melden,14,222,10812,452,12000,-1267,-782,-2152
nicht_melden,14,223,10776,0,10520,-1611,-6,-2227
nicht_melden,14,224,10516,-248,9540,-1888,876,-2332
nicht_melden,14,225,10564,-384,8308,-2171,1993,-2462
nicht_melden,14,226,10556,-568,7096,-2404,3243,-2558
nicht_melden,14,227,9084,-888,7744,-2663,4402,-2726
nicht_melden,14,228,8704,-992,8240,-2820,5398,-2845
nicht_melden,14,229,7100,-1576,9908,-3036,6257,-2909
nicht_melden,14,230,4696,-2772,10984,-3092,6784,-3151
nicht_melden,14,231,4108,-2576,11028,-3158,7333,-3231
nicht_melden,14,232,1996,-3156,12144,-3171,7396,-3427
nicht_melden,14,233,2796,-2444,11732,-3023,7478,-3669
nicht_melden,14,234,2636,-2732,12044,-3406,7840,-3899
nicht_melden,14,235,276,-2508,14836,-3412,7640,-4183
nicht_melden,14,236,764,-1840,14800,-3557,7635,-4075
nicht_melden,14,237,-1888,-2696,16984,-3243,6735,-3444
nicht_melden,14,238,-4644,-4388,20716,-2512,4705,-2621
nicht_melden,14,239,-3372,-6660,17476,-631,2418,-1754
nicht_melden,14,240,-4540,-3012,28180,554,-1682,-1377
nicht_melden,14,241,-4064,-5232,20460,844,-4217,-1152
nicht_melden,14,242,156,-4540,14232,1098,-3860,-1455
nicht_melden,14,243,7632,2300,13028,424,-2468,-1383
nicht_melden,14,244,9976,1208,11520,-250,-472,-1082
nicht_melden,14,245,4752,-1936,12804,-195,-195,-770
nicht_melden,14,246,1936,-1432,12816,53,-736,-471
nicht_melden,14,247,736,-3600,11436,323,-1023,-447
nicht_melden,14,248,2688,-2304,11688,410,-1059,-140
nicht_melden,14,249,972,-2504,14312,259,-868,-193
nicht_melden,14,250,84,-3004,14648,158,-735,-289
nicht_melden,14,251,380,-2616,14616,153,-639,-348
nicht_melden,14,252,364,-2232,13900,25,-462,-385
nicht_melden,14,253,340,-1956,13472,-102,-282,-343
nicht_melden,14,254,-100,-2196,13348,-105,-267,-308
nicht_melden,14,255,-204,-1944,13584,9,-378,-250
nicht_melden,14,256,112,-1516,13424,106,-447,-184
nicht_melden,14,257,292,-1320,13300,151,-418,-141
nicht_melden,14,258,380,-1112,13284,153,-324,-132
nicht_melden,14,259,100,-1240,13676,152,-319,-136
nicht_melden,14,260,648,-1028,13564,171,-356,-165
nicht_melden,14,261,796,-1252,13816,197,-373,-149
nicht_melden,14,262,1112,-1188,13744,201,-395,-171
nicht_melden,14,263,1376,-1148,13548,168,-306,-192
nicht_melden,14,264,2064,-1212,13388,87,-133,-227
nicht_melden,14,265,1772,-1872,13408,66,-77,-215
nicht_melden,14,266,1764,-1836,13876,121,-145,-182
nicht_melden,14,267,1792,-2416,13968,179,-312,-189
nicht_melden,14,268,2036,-2416,13728,265,-470,-208
nicht_melden,14,269,2228,-2148,13864,301,-623,-195
nicht_melden,14,270,2188,-2120,13816,325,-803,-189
nicht_melden,14,271,2016,-1964,13852,340,-960,-181
nicht_melden,14,272,1888,-1692,13708,327,-1072,-199
nicht_melden,14,273,2048,-1340,13460,294,-1052,-226
nicht_melden,14,274,2316,-1156,13132,242,-980,-238
nicht_melden,14,275,2036,-1160,13436,243,-989,-279
nicht_melden,14,276,1944,-932,13708,271,-1118,-304
nicht_melden,14,277,2228,-856,13772,279,-1211,-323
nicht_melden,14,278,2440,-728,13424,254,-1234,-333
nicht_melden,14,279,2456,-752,13412,242,-1246,-351
nicht_melden,14,280,2468,-864,13268,258,-1262,-374
nicht_melden,14,281,2552,-772,13428,252,-1246,-410
nicht_melden,14,282,2840,-596,13536,199,-1166,-436
nicht_melden,14,283,2476,-880,13764,201,-1227,-412
nicht_melden,14,284,2304,-1016,13664,329,-1441,-392
nicht_melden,14,285,2724,-772,13456,366,-1458,-375
nicht_melden,14,286,3048,-816,13532,321,-1369,-369
nicht_melden,14,287,3400,-904,13716,267,-1242,-370
nicht_melden,14,288,3184,-1232,14060,198,-1206,-354
nicht_melden,14,289,3100,-1140,14644,247,-1403,-327
nicht_melden,14,290,3372,-788,14088,235,-1517,-272
nicht_melden,14,291,4028,-796,12916,232,-1388,-261
nicht_melden,14,292,4772,-716,12356,187,-1112,-237
nicht_melden,14,293,4600,-340,13052,155,-869,-185
nicht_melden,14,294,4636,-132,13204,53,-612,-140
nicht_melden,14,295,5008,-604,13324,-54,-325,-112
nicht_melden,14,296,4716,-840,13492,-82,-232,-85
nicht_melden,14,297,4432,-672,13160,-3,-305,-14
nicht_melden,14,298,4452,-316,12740,39,-283,53
nicht_melden,14,299,4580,-28,12696,13,-125,78
nicht_melden,15,0,440,13848,-1180,1867,-5570,5187
nicht_melden,15,1,1800,11260,-19780,3094,-3147,4022
nicht_melden,15,2,-5708,13584,-19880,4779,-3204,2767
nicht_melden,15,3,-5804,19364,-16644,4989,-5551,2340
nicht_melden,15,4,8944,18648,-11076,4343,-4190,2870
nicht_melden,15,5,15740,17812,-2988,3268,-1229,2381
nicht_melden,15,6,13292,17828,-260,1807,675,352
nicht_melden,15,7,8116,19696,3140,149,2024,-1387
nicht_melden,15,8,1584,18568,3460,-1007,1958,-2021
nicht_melden,15,9,-3008,18364,4564,-1058,-559,-1214
nicht_melden,15,10,-3016,15836,3852,-549,-3327,391
nicht_melden,15,11,-264,15792,-72,650,-6944,1678
nicht_melden,15,12,8784,17044,-3536,1212,-8241,2961
nicht_melden,15,13,8764,15704,-1176,1013,-9340,3387
nicht_melden,15,14,5304,17600,2144,505,-11750,3562
nicht_melden,15,15,528,13584,-52,400,-15062,4234
nicht_melden,15,16,-2180,8512,-8016,1105,-17458,4185
nicht_melden,15,17,-5936,7924,-12264,2411,-18174,4366
nicht_melden,15,18,-1080,4900,-19836,2906,-16360,4613
nicht_melden,15,19,4776,6300,-22968,3613,-13768,4325
nicht_melden,15,20,8820,7536,-22968,3115,-10042,3513
nicht_melden,15,21,4728,10556,-12760,1954,-7608,2128
nicht_melden,15,22,-2068,12724,-2544,1155,-7634,1144
nicht_melden,15,23,-4000,6644,-5536,1124,-10012,860
nicht_melden,15,24,2224,640,-15948,4487,-12494,1154
nicht_melden,15,25,1368,7200,-21828,4115,-11363,1571
nicht_melden,15,26,1372,5932,-21356,3920,-10085,947
nicht_melden,15,27,4728,7260,-22260,3849,-8732,814
nicht_melden,15,28,5332,8188,-17368,3126,-6538,197
nicht_melden,15,29,612,9424,-16176,2597,-5605,-864
nicht_melden,15,30,5676,13796,-20924,3466,-6712,-413
nicht_melden,15,31,17976,17408,-21508,3938,-6609,1152
nicht_melden,15,32,13156,17136,-20472,3524,-4875,1284
nicht_melden,15,33,8996,18124,-22108,3869,-5236,1714
nicht_melden,15,34,6352,17296,-24820,4243,-3917,2115
nicht_melden,15,35,10464,23452,-20912,3695,-3688,2638
nicht_melden,15,36,3288,16232,-21852,1963,1479,908
nicht_melden,15,37,-3056,20708,-13432,145,4485,-274
nicht_melden,15,38,1232,15060,-8048,400,2629,185
nicht_melden,15,39,5088,16684,-10564,960,281,821
nicht_melden,15,40,7492,14376,-17120,1156,586,1400
nicht_melden,15,41,-524,15556,-18624,261,2691,647
nicht_melden,15,42,-3144,13108,-13288,-484,3194,127
nicht_melden,15,43,-1604,8616,-16392,-871,2895,298
nicht_melden,15,44,-5744,9332,-10224,-1160,2084,-143
nicht_melden,15,45,-1488,11100,-9952,-1061,161,455
nicht_melden,15,46,8000,9636,-17168,-628,-814,969
nicht_melden,15,47,2208,9136,-14364,-979,138,427
nicht_melden,15,48,4168,10776,-14144,-1127,-640,1126
nicht_melden,15,49,5356,2656,-12868,-1522,211,789
nicht_melden,15,50,1044,6028,-13548,-1943,1143,614
nicht_melden,15,51,1368,5720,-14724,-1475,445,746
nicht_melden,15,52,1528,5604,-13364,-1071,-236,682
nicht_melden,15,53,2084,7596,-11788,-578,-1100,748
nicht_melden,15,54,2252,9032,-10520,-445,-1579,692
nicht_melden,15,55,3236,9068,-9320,-519,-1923,629
nicht_melden,15,56,4936,6888,-9976,-435,-2326,622
nicht_melden,15,57,5096,3768,-11556,-249,-2490,577
nicht_melden,15,58,4008,1784,-13036,154,-2345,418
nicht_melden,15,59,3564,164,-18368,749,-1929,85
nicht_melden,15,60,2940,-1640,-21472,1477,-1545,-252
nicht_melden,15,61,4544,-1760,-22368,2217,-1343,-423
nicht_melden,15,62,2248,-3244,-17712,2161,-585,-503
nicht_melden,15,63,6788,1916,-15304,2520,-1843,53
nicht_melden,15,64,10552,888,-15788,2391,-1591,505
nicht_melden,15,65,-2960,7260,-16908,1630,-61,-384
nicht_melden,15,66,-3424,12800,-19016,1984,-165,-814
nicht_melden,15,67,-1764,15696,-20712,1782,-736,-383
nicht_melden,15,68,2784,21420,-21996,1365,-80,-635
nicht_melden,15,69,980,24568,-24008,1171,955,-984
nicht_melden,15,70,-880,26300,-20984,1089,977,-1017
nicht_melden,15,71,-840,26700,-18932,856,833,-1151
nicht_melden,15,72,1700,24764,-19444,551,1246,-1272
nicht_melden,15,73,3040,25044,-19024,138,1579,-1169
nicht_melden,15,74,7384,24276,-18388,-738,2379,-982
nicht_melden,15,75,7520,19808,-17276,-1348,2932,-816
nicht_melden,15,76,1608,14240,-15872,-1962,3482,-939
nicht_melden,15,77,-1760,10748,-15060,-2472,3595,-927
nicht_melden,15,78,-404,7144,-14496,-2265,2418,-1082
nicht_melden,15,79,200,11184,-13820,-2128,1663,-1045
nicht_melden,15,80,7556,15332,-11992,-2141,-192,440
nicht_melden,15,81,8204,888,-14984,-2665,1057,-120
nicht_melden,15,82,2432,268,-17760,-3110,2718,-526
nicht_melden,15,83,2632,-3648,-15784,-2419,2101,-192
nicht_melden,15,84,624,-6988,-14496,-1568,1188,-389
nicht_melden,15,85,976,-8528,-13788,-678,281,-253
nicht_melden,15,86,984,-9924,-11940,303,-860,-183
nicht_melden,15,87,3072,-9480,-10616,1069,-1828,-2
nicht_melden,15,88,4304,-6852,-11340,1857,-2661,435
nicht_melden,15,89,6776,-4300,-13288,2401,-2946,720
nicht_melden,15,90,6636,-3664,-14552,2753,-2831,810
nicht_melden,15,91,6920,-3416,-16184,3069,-2861,975
nicht_melden,15,92,6352,-2632,-18900,3268,-2378,1219
nicht_melden,15,93,-316,2672,-18132,2985,-1293,707
nicht_melden,15,94,-3720,2760,-14284,2423,-1418,-135
nicht_melden,15,95,-3280,8832,-16692,2180,-3195,-297
nicht_melden,15,96,16320,10100,-32768,3905,-3812,1845
nicht_melden,15,97,3092,18856,-32768,2288,-1736,3009
nicht_melden,15,98,-3244,27068,-32768,2279,-1386,1976
nicht_melden,15,99,-4224,32767,-27312,2328,-1186,-182
nicht_melden,15,100,-4280,32767,-20556,1774,-858,-1094
nicht_melden,15,101,-408,31112,-18580,1531,-1176,-1105
nicht_melden,15,102,3472,29716,-18240,855,-557,-1568
nicht_melden,15,103,4212,28360,-14536,-685,1522,-2296
nicht_melden,15,104,1816,26120,-11804,-1732,2569,-2494
nicht_melden,15,105,504,21184,-12016,-2466,2749,-2327
nicht_melden,15,106,2364,18020,-11860,-3087,2686,-2198
nicht_melden,15,107,7312,12272,-16612,-3224,2664,-2161
nicht_melden,15,108,7144,7424,-20964,-3693,4461,-2604
nicht_melden,15,109,3480,764,-18592,-3783,5528,-3245
nicht_melden,15,110,-1156,-728,-13916,-3062,4471,-3391
nicht_melden,15,111,1552,7324,-11664,-1880,1161,-2349
nicht_melden,15,112,13704,3484,-16960,-1394,-316,-939
nicht_melden,15,113,5440,-3772,-11180,-2558,2087,-2082
nicht_melden,15,114,5852,-5596,-12420,-2496,2262,-1892
nicht_melden,15,115,5444,-6868,-11700,-2318,1938,-1304
nicht_melden,15,116,5276,-9464,-14388,-2119,2088,-1220
nicht_melden,15,117,692,-10356,-16844,-1400,1908,-1197
nicht_melden,15,118,1608,-10272,-14304,-332,518,-431
nicht_melden,15,119,4552,-9172,-13836,526,349,-514
nicht_melden,15,120,2388,-6616,-13564,1012,744,-688
nicht_melden,15,121,1864,-3980,-12888,1299,738,-376
nicht_melden,15,122,112,-800,-12564,1290,716,-68
nicht_melden,15,123,-3296,2648,-16500,1140,653,-57
nicht_melden,15,124,-3220,7936,-19844,1170,388,87
nicht_melden,15,125,5672,11516,-19348,1082,382,582
nicht_melden,15,126,8560,9152,-19400,1050,1997,332
nicht_melden,15,127,16108,9972,-21100,988,4729,337
nicht_melden,15,128,10460,10660,-24420,486,8304,150
nicht_melden,15,129,10260,14500,-24972,448,11754,-457
nicht_melden,15,130,11940,15440,-27260,358,14611,-940
nicht_melden,15,131,18924,20944,-30820,-501,18033,-1520
nicht_melden,15,132,32767,19756,-32040,-1556,22493,-921
nicht_melden,15,133,32767,19684,-30712,-1630,26192,79
nicht_melden,15,134,17676,18048,-29700,-1326,29064,-1876
nicht_melden,15,135,5600,18740,-25956,-833,28196,-4240
nicht_melden,15,136,-9240,14380,-26240,599,22702,-5569
nicht_melden,15,137,-4264,28384,1364,-704,15646,-3416
nicht_melden,15,138,-3096,25068,-3168,-3898,13972,341
nicht_melden,15,139,-4884,18836,6868,-4197,9334,2573
nicht_melden,15,140,6176,18176,6892,-4866,8361,3208
nicht_melden,15,141,8748,16368,7472,-4529,6692,2122
nicht_melden,15,142,10844,14740,7780,-3802,5390,944
nicht_melden,15,143,11204,12168,2664,-4027,5203,476
nicht_melden,15,144,9604,11388,-1708,-4966,7006,753
nicht_melden,15,145,10948,4236,-3172,-4701,7164,226
nicht_melden,15,146,-476,-6292,-32768,1095,10205,-2036
nicht_melden,15,147,14312,-3984,-32768,1569,4937,-2042
nicht_melden,15,148,1704,15168,4048,961,949,-402
nicht_melden,15,149,17264,14820,12924,-1708,-115,4336
nicht_melden,15,150,24004,8660,5116,-1440,482,4760
nicht_melden,15,151,21116,6752,2652,212,181,2673
nicht_melden,15,152,11384,5584,2032,927,391,1680
nicht_melden,15,153,12348,9504,500,610,-588,2850
nicht_melden,15,154,12148,12392,492,97,-1825,3533
nicht_melden,15,155,9120,9336,1460,16,-2924,4146
nicht_melden,15,156,9724,7216,-1312,83,-4432,4388
nicht_melden,15,157,7740,5368,-328,-441,-4683,4019
nicht_melden,15,158,6548,2740,-1920,-669,-2769,3158
nicht_melden,15,159,6896,3592,-980,-805,-880,1535
nicht_melden,15,160,7660,5892,-1848,-273,78,230
nicht_melden,15,161,9104,7500,-3188,670,-1074,-132
nicht_melden,15,162,9508,8720,-3524,1481,-2900,-18
nicht_melden,15,163,10000,9300,-4312,1581,-3470,95
nicht_melden,15,164,10036,7572,-2704,1421,-2955,175
nicht_melden,15,165,9968,6444,-3016,1563,-2887,-95
nicht_melden,15,166,11656,4864,-3368,1666,-2688,-654
nicht_melden,15,167,11976,4292,-2692,1272,-1832,-1293
nicht_melden,15,168,12264,4044,-4540,1067,-847,-1816
nicht_melden,15,169,11600,4540,-4472,458,-371,-2126
nicht_melden,15,170,9164,3976,-5956,-23,-586,-2448
nicht_melden,15,171,8228,3088,-3500,-435,-633,-2374
nicht_melden,15,172,15096,6564,-5300,-1012,-94,-1808
nicht_melden,15,173,21004,10532,-6512,-1825,906,-1136
nicht_melden,15,174,22228,11912,-4168,-1943,1783,-986
nicht_melden,15,175,18804,9164,-312,-655,577,-1337
nicht_melden,15,176,27468,13236,-3888,110,-669,-429
nicht_melden,15,177,32192,12200,-5416,315,-363,909
nicht_melden,15,178,25880,13828,-4884,918,-629,800
nicht_melden,15,179,21644,14164,-5372,1660,-2135,512
nicht_melden,15,180,22400,14896,-6464,1885,-2787,792
nicht_melden,15,181,21228,15132,-7788,2095,-2926,810
nicht_melden,15,182,25056,18196,-7576,2243,-2863,1015
nicht_melden,15,183,22024,13464,-8860,2538,-2395,755
nicht_melden,15,184,18612,12636,-8520,2280,-1993,0
nicht_melden,15,185,12264,6688,-3220,2177,-2302,-823
nicht_melden,15,186,12164,7596,-4820,1638,-1908,-1030
nicht_melden,15,187,11448,13468,-6640,388,-1168,-1043
nicht_melden,15,188,5716,2820,-4660,-148,-1002,-1503
nicht_melden,15,189,5400,3304,-2648,-41,-1827,-1693
nicht_melden,15,190,8332,3960,-3780,-438,-1242,-1558
nicht_melden,15,191,6288,1708,-3848,-476,-786,-2061
nicht_melden,15,192,5152,1532,-4636,-692,-378,-2377
nicht_melden,15,193,3336,352,-4444,-1057,91,-2375
nicht_melden,15,194,3332,2796,-4104,-1238,392,-2080
nicht_melden,15,195,6888,4524,-4288,-1599,1245,-1570
nicht_melden,15,196,8200,5988,-5288,-1984,2301,-1402
nicht_melden,15,197,7200,6980,-5928,-2132,2536,-2097
nicht_melden,15,198,4296,11272,-7848,-1860,1493,-3120
nicht_melden,15,199,2128,12696,-5440,-1678,-230,-4315
nicht_melden,15,200,3564,16652,-4316,-1539,-1448,-4970
nicht_melden,15,201,4552,16220,-2212,-1359,-2283,-5396
nicht_melden,15,202,11280,21120,-3188,-1695,-1968,-5095
nicht_melden,15,203,11192,19592,-4340,-2211,-2085,-4748
nicht_melden,15,204,16104,22972,-2068,-2950,-563,-4493
nicht_melden,15,205,17512,24472,-1976,-3560,-76,-4872
nicht_melden,15,206,18000,26140,-1588,-4199,674,-5519
nicht_melden,15,207,18632,27128,-1536,-4599,1086,-6055
nicht_melden,15,208,16856,25840,-5260,-4449,1655,-6901
nicht_melden,15,209,17792,25424,-3676,-4568,2477,-7344
nicht_melden,15,210,18236,23108,-1880,-4889,3572,-7906
nicht_melden,15,211,14420,21052,-716,-4865,4385,-8638
nicht_melden,15,212,10300,19864,-2572,-4516,4701,-9415
nicht_melden,15,213,8556,20324,-3528,-4367,4242,-9802
nicht_melden,15,214,5760,20536,-4240,-4413,3483,-10129
nicht_melden,15,215,5192,20240,-4704,-4682,3481,-10128
nicht_melden,15,216,4664,17876,-3140,-4921,3736,-9986
nicht_melden,15,217,4660,15500,-1436,-4905,3902,-9954
nicht_melden,15,218,3616,13828,460,-4885,4118,-10038
nicht_melden,15,219,1900,12336,2764,-5007,4409,-10243
nicht_melden,15,220,572,11768,3968,-5138,4330,-10439
nicht_melden,15,221,36,12424,4696,-5301,3794,-10560
nicht_melden,15,222,1332,12356,2780,-5409,2918,-10688
nicht_melden,15,223,1128,14984,1756,-5288,2150,-10777
nicht_melden,15,224,2100,15544,956,-5413,2238,-10831
nicht_melden,15,225,-52,15708,3872,-5776,2280,-11351
nicht_melden,15,226,-4076,14540,6604,-6049,2379,-12326
nicht_melden,15,227,-9016,14096,11316,-6702,1454,-13344
nicht_melden,15,228,-13896,14344,15828,-7286,-918,-14360
nicht_melden,15,229,-16792,16792,15792,-7880,-4108,-14947
nicht_melden,15,230,-15492,19920,13868,-8769,-6796,-14685
nicht_melden,15,231,-12632,23708,9860,-10023,-8153,-13956
nicht_melden,15,232,-10764,24296,8132,-10999,-9210,-12735
nicht_melden,15,233,-6300,23680,6068,-11747,-9772,-11200
nicht_melden,15,234,-2528,21176,4440,-12431,-9079,-10093
nicht_melden,15,235,-6536,17816,896,-14136,-8295,-7939
nicht_melden,15,236,4012,12888,5392,-13294,-7840,-6863
nicht_melden,15,237,6004,10620,2608,-13712,-8192,-6835
nicht_melden,15,238,4736,5360,3576,-14731,-7113,-6731
nicht_melden,15,239,2792,1848,7728,-15110,-6490,-6411
nicht_melden,15,240,2824,-1960,11188,-15595,-5938,-5867
nicht_melden,15,241,12244,2344,15056,-19676,-4158,-4375
nicht_melden,15,242,2400,-30380,10532,-14574,-5102,-6157
nicht_melden,15,243,2828,-8576,16524,-12036,-2132,-6588
nicht_melden,15,244,-3872,-10584,16540,-12611,-3398,-5168
nicht_melden,15,245,-3032,-12952,16800,-12330,-3751,-4740
nicht_melden,15,246,-300,-12912,15180,-12264,-3723,-3509
nicht_melden,15,247,-88,-14060,15868,-12245,-3394,-2226
nicht_melden,15,248,696,-14260,15856,-12342,-3674,-1092
nicht_melden,15,249,1188,-13404,15764,-12634,-4017,-111
nicht_melden,15,250,1236,-12536,14440,-13267,-4348,642
nicht_melden,15,251,1712,-13160,10872,-13589,-4719,1346
nicht_melden,15,252,3288,-14396,8000,-13710,-5115,2285
nicht_melden,15,253,2468,-14808,7976,-13444,-6693,3447
nicht_melden,15,254,2348,-15236,8228,-12569,-9052,5041
nicht_melden,15,255,3332,-16324,4516,-11962,-9881,6779
nicht_melden,15,256,3768,-14096,2112,-11682,-9487,7631
nicht_melden,15,257,2328,-12776,-628,-12295,-7314,8408
nicht_melden,15,258,2744,-12460,-2932,-12856,-5398,8880
nicht_melden,15,259,2412,-13636,-1928,-12904,-4404,9152
nicht_melden,15,260,1180,-14996,-3232,-12540,-4372,9312
nicht_melden,15,261,-444,-14844,-3264,-11794,-4807,9647
nicht_melden,15,262,-2596,-12876,-4432,-10916,-5281,9923
nicht_melden,15,263,-4220,-10428,-6396,-10215,-5342,10032
nicht_melden,15,264,-3384,-7716,-8324,-9303,-5176,9990
nicht_melden,15,265,-3480,-6180,-8804,-8715,-4190,9585
nicht_melden,15,266,-5404,-4356,-6280,-8201,-3216,8834
nicht_melden,15,267,-11220,-5628,-5140,-7389,-3125,8005
nicht_melden,15,268,-13640,-2676,-3824,-6315,-3548,7304
nicht_melden,15,269,-11996,-136,-4732,-5462,-3812,6553
nicht_melden,15,270,-12900,-256,-5708,-4590,-3500,5609
nicht_melden,15,271,-11624,-1212,-4976,-3966,-3039,4819
nicht_melden,15,272,-11328,-1596,-4372,-3582,-2622,3943
nicht_melden,15,273,-11648,-1104,-3064,-3171,-2613,3320
nicht_melden,15,274,-10916,-852,-3004,-2661,-2754,2929
nicht_melden,15,275,-10212,-8,-5784,-2282,-2387,2717
nicht_melden,15,276,-11676,-552,-8028,-2162,-1299,2457
nicht_melden,15,277,-16204,-3328,-8300,-1776,-776,1742
nicht_melden,15,278,-17568,-5144,-8752,-1557,5,928
nicht_melden,15,279,-18776,-5364,-7792,-1374,944,-9
nicht_melden,15,280,-15936,-6144,-7220,-1784,2243,-933
nicht_melden,15,281,-13536,-9056,-9668,-2132,3531,-1483
nicht_melden,15,282,-14516,-11052,-10848,-1953,4077,-1894
nicht_melden,15,283,-17892,-13000,-12684,-1271,4163,-2150
nicht_melden,15,284,-18288,-9672,-11692,-510,3509,-2375
nicht_melden,15,285,-14356,-6508,-6776,-28,2351,-2175
nicht_melden,15,286,-5636,-4924,-4300,251,1061,-1481
nicht_melden,15,287,-2296,-5152,-2548,359,-99,-571
nicht_melden,15,288,-3612,-5632,-3340,289,-1372,238
nicht_melden,15,289,-1752,-5548,-6332,444,-2597,1332
nicht_melden,15,290,-1800,-6084,-8888,619,-3265,2423
nicht_melden,15,291,-4420,-5620,-9532,580,-3258,3120
nicht_melden,15,292,-7996,-5516,-8872,346,-3083,3440
nicht_melden,15,293,-12304,-5872,-3892,112,-3254,3543
nicht_melden,15,294,-13284,-7800,-5180,159,-4064,3705
nicht_melden,15,295,-16388,-9036,-7828,-8,-3725,3486
nicht_melden,15,296,-19764,-9020,-8568,-263,-3036,2760
nicht_melden,15,297,-21060,-9168,-9840,-282,-1872,1926
nicht_melden,15,298,-23812,-4868,-9056,-566,-459,788
nicht_melden,15,299,-26880,-8576,-10116,-614,356,-784
nicht_melden,16,0,1848,-564,13692,-122,30,-52
nicht_melden,16,1,1900,-544,13252,-124,14,-48
nicht_melden,16,2,1800,-496,13608,-114,-3,-44
nicht_melden,16,3,1832,-616,13512,-121,-15,-51
nicht_melden,16,4,1896,-708,13836,-126,-35,-69
nicht_melden,16,5,2020,-732,13824,-106,-68,-74
nicht_melden,16,6,2180,-580,13748,-92,-110,-74
nicht_melden,16,7,2104,-588,13676,-77,-123,-75
nicht_melden,16,8,2208,-532,13804,-69,-119,-80
nicht_melden,16,9,2256,-392,13760,-96,-90,-90
nicht_melden,16,10,2460,-548,13564,-120,-65,-72
nicht_melden,16,11,2396,-840,13564,-120,-86,-85
nicht_melden,16,12,1996,-1212,13560,-70,-185,-85
nicht_melden,16,13,2164,-1084,13596,40,-315,-92
nicht_melden,16,14,2548,-620,13584,88,-343,-125
nicht_melden,16,15,2620,-308,13492,29,-244,-148
nicht_melden,16,16,2184,-236,13472,-15,-174,-176
nicht_melden,16,17,1648,-372,13664,-10,-210,-210
nicht_melden,16,18,1216,408,13264,-39,-205,-100
nicht_melden,16,19,2136,108,13856,8,-160,-195
nicht_melden,16,20,1772,480,14064,-93,-21,-195
nicht_melden,16,21,1656,220,13636,-168,10,-182
nicht_melden,16,22,1352,-456,13596,-198,-95,-153
nicht_melden,16,23,1208,-548,13816,-155,-236,-42
nicht_melden,16,24,1280,516,14208,-113,-537,182
nicht_melden,16,25,3280,1324,14084,276,-907,448
nicht_melden,16,26,4720,888,12912,120,-795,576
nicht_melden,16,27,1384,-276,12620,-220,83,620
nicht_melden,16,28,1508,-148,13764,-408,560,497
nicht_melden,16,29,1412,-92,15044,-438,541,427
nicht_melden,16,30,1636,52,15776,-448,149,429
nicht_melden,16,31,1740,168,15704,-367,-429,442
nicht_melden,16,32,1804,592,16304,-255,-1140,469
nicht_melden,16,33,2200,3472,17444,-188,-2018,743
nicht_melden,16,34,3724,3668,19116,-149,-3336,999
nicht_melden,16,35,6092,3048,16500,-160,-3937,1352
nicht_melden,16,36,6020,3328,16744,-418,-4127,1552
nicht_melden,16,37,6480,2836,17216,-601,-4549,1777
nicht_melden,16,38,8276,3184,19460,-645,-5363,2329
nicht_melden,16,39,9688,3636,20596,-875,-6302,3004
nicht_melden,16,40,9420,2372,19424,-814,-7452,3596
nicht_melden,16,41,11048,1800,18340,-591,-8377,4241
nicht_melden,16,42,12608,1308,17084,-574,-8941,5042
nicht_melden,16,43,13132,24,15572,-338,-9305,5842
nicht_melden,16,44,14044,-1908,13840,140,-9681,6627
nicht_melden,16,45,14496,-3672,12456,589,-9812,7324
nicht_melden,16,46,15220,-4012,11336,969,-9774,7769
nicht_melden,16,47,15296,-4696,10760,1224,-9183,8337
nicht_melden,16,48,15580,-4524,10044,1400,-8404,8754
nicht_melden,16,49,15512,-4280,10296,1351,-7457,9140
nicht_melden,16,50,14624,-4692,9696,1455,-6887,9540
nicht_melden,16,51,14644,-5316,8020,1743,-6451,9847
nicht_melden,16,52,14716,-6164,6712,1906,-5726,10125
nicht_melden,16,53,14440,-7284,6884,2277,-5511,10471
nicht_melden,16,54,14944,-7200,7232,2737,-5559,10969
nicht_melden,16,55,14768,-6952,6716,3408,-5728,11469
nicht_melden,16,56,15572,-4572,7640,3940,-5955,12013
nicht_melden,16,57,15788,-3536,6904,4449,-5814,12545
nicht_melden,16,58,12616,-4872,7364,4547,-5331,12625
nicht_melden,16,59,10548,-6760,8264,4471,-4942,12591
nicht_melden,16,60,7848,-8740,8916,4765,-5238,12566
nicht_melden,16,61,6104,-9820,8668,5201,-5740,12558
nicht_melden,16,62,4308,-10536,8440,5858,-6697,12455
nicht_melden,16,63,4468,-10556,7684,6755,-8021,12305
nicht_melden,16,64,5940,-9692,5812,7758,-9012,12070
nicht_melden,16,65,7640,-7356,4700,8342,-9119,11542
nicht_melden,16,66,8460,-7284,5292,8638,-8626,11023
nicht_melden,16,67,9608,-4560,5160,8520,-7723,10434
nicht_melden,16,68,9240,-3008,5952,7951,-6259,9703
nicht_melden,16,69,6728,-2960,7376,7101,-4695,8933
nicht_melden,16,70,6400,-2600,7416,6496,-3986,8087
nicht_melden,16,71,6328,-2972,6736,6001,-3330,7323
nicht_melden,16,72,4352,-3652,7072,4744,-1237,6494
nicht_melden,16,73,2892,-2728,5764,4448,-1425,5709
nicht_melden,16,74,2884,-1444,7968,4204,-1441,4868
nicht_melden,16,75,-1892,-3036,8508,4541,-4141,4221
nicht_melden,16,76,5864,1448,8472,4130,-4949,3638
nicht_melden,16,77,12760,-264,8656,2631,-3149,2859
nicht_melden,16,78,14812,-1488,6132,1303,-865,2396
nicht_melden,16,79,13488,-2260,6040,-132,1556,1981
nicht_melden,16,80,11524,-4540,7368,-811,2534,1787
nicht_melden,16,81,8624,-6836,8684,-1230,2955,1804
nicht_melden,16,82,4528,-6620,14208,-1527,2392,1768
nicht_melden,16,83,4172,-10388,12792,-1291,1455,1530
nicht_melden,16,84,-468,-13568,9804,-406,-528,1342
nicht_melden,16,85,3140,-10180,8068,-45,-1649,1345
nicht_melden,16,86,9280,-10584,6168,-344,-443,1100
nicht_melden,16,87,8924,-9464,6092,-352,648,861
nicht_melden,16,88,7852,-8860,7900,-178,883,835
nicht_melden,16,89,6852,-8836,10596,-40,709,787
nicht_melden,16,90,5824,-8020,11348,81,343,705
nicht_melden,16,91,5124,-7508,12344,147,-110,534
nicht_melden,16,92,5348,-6972,12676,-136,-56,258
nicht_melden,16,93,6856,-6192,12900,-341,-190,70
nicht_melden,16,94,7088,-7852,10828,-395,-367,28
nicht_melden,16,95,8472,-7440,13512,-280,-1781,350
nicht_melden,16,96,11608,-7416,13120,-692,-1114,455
nicht_melden,16,97,9540,-8384,8368,-1496,1075,160
nicht_melden,16,98,5636,-10568,7408,-1738,1877,-160
nicht_melden,16,99,4244,-12172,7200,-1332,1442,-126
nicht_melden,16,100,3380,-12028,7724,-849,724,-186
nicht_melden,16,101,3672,-11332,6740,-333,45,-260
nicht_melden,16,102,5972,-10768,3500,342,-262,-212
nicht_melden,16,103,8372,-9068,1948,849,-268,-70
nicht_melden,16,104,10064,-6412,4708,534,717,8
nicht_melden,16,105,10212,-5720,8024,-112,2189,-33
nicht_melden,16,106,4480,-8756,10476,-464,2969,-230
nicht_melden,16,107,2092,-8576,10008,-374,2182,-341
nicht_melden,16,108,4812,-8656,9400,-280,1150,-275
nicht_melden,16,109,7132,-9484,9256,-611,1285,-416
nicht_melden,16,110,7044,-10072,9076,-1184,2019,-685
nicht_melden,16,111,5876,-10596,9252,-1654,2463,-857
nicht_melden,16,112,4556,-11176,9936,-1892,2376,-1001
nicht_melden,16,113,4012,-11796,9280,-2010,2148,-1109
nicht_melden,16,114,4028,-11828,8980,-2194,2140,-1190
nicht_melden,16,115,3796,-11508,8856,-2275,1914,-1271
nicht_melden,16,116,5452,-12228,8644,-2113,1282,-1090
nicht_melden,16,117,7268,-13004,8084,-1772,470,-760
nicht_melden,16,118,11836,-11204,4928,-1557,-8,-234
nicht_melden,16,119,6544,-13048,15908,-1668,-671,470
nicht_melden,16,120,7788,-6916,12668,-2700,1349,285
nicht_melden,16,121,7368,-9188,9392,-2909,1867,95
nicht_melden,16,122,9196,-11964,5380,-3105,2652,199
nicht_melden,16,123,3080,-16480,4596,-2736,2629,254
nicht_melden,16,124,-1452,-16692,2244,-1916,2095,140
nicht_melden,16,125,-2128,-15636,2380,-904,614,21
nicht_melden,16,126,2792,-14368,3708,-30,-661,206
nicht_melden,16,127,7028,-13596,6208,405,-954,524
nicht_melden,16,128,7036,-13844,7708,505,-615,624
nicht_melden,16,129,4640,-14408,8224,576,-353,662
nicht_melden,16,130,588,-15352,9080,751,-671,563
nicht_melden,16,131,-200,-15968,9332,1010,-1413,344
nicht_melden,16,132,408,-15676,9664,1088,-1691,180
nicht_melden,16,133,2976,-15228,10192,1108,-1889,58
nicht_melden,16,134,5584,-14640,10848,1130,-2103,164
nicht_melden,16,135,7972,-13100,10896,1084,-2409,565
nicht_melden,16,136,10292,-11016,11536,1115,-3033,1165
nicht_melden,16,137,11560,-10576,8952,1213,-3118,1726
nicht_melden,16,138,9504,-10012,8332,989,-2587,2123
nicht_melden,16,139,7372,-10624,6344,731,-1851,2277
nicht_melden,16,140,2960,-11072,4392,205,-120,2036
nicht_melden,16,141,-4212,-10752,4500,40,337,1364
nicht_melden,16,142,-3964,-10972,4900,345,-574,844
nicht_melden,16,143,1288,-10292,5548,368,-1021,528
nicht_melden,16,144,4128,-11000,7488,651,-1755,769
nicht_melden,16,145,2304,-12108,10272,789,-2638,902
nicht_melden,16,146,2264,-12276,10032,1263,-3966,1221
nicht_melden,16,147,5496,-12368,9308,1609,-4908,1672
nicht_melden,16,148,6924,-12836,7964,1719,-5102,2103
nicht_melden,16,149,8480,-12380,7528,1901,-5312,2433
nicht_melden,16,150,14588,-6824,9436,964,-4063,2418
nicht_melden,16,151,18404,-7812,13160,-226,-1159,2887
nicht_melden,16,152,10648,-8256,9436,-1027,755,2968
nicht_melden,16,153,4860,-13664,3068,-1251,1235,2822
nicht_melden,16,154,-8212,-16720,4716,-331,93,2425
nicht_melden,16,155,-8156,-9012,6256,-161,-1511,1456
nicht_melden,16,156,-228,-9988,3024,-455,-599,636
nicht_melden,16,157,4128,-8952,1624,-874,939,-485
nicht_melden,16,158,7104,-8084,4508,-1243,1764,-915
nicht_melden,16,159,8184,-7124,5148,-907,967,-847
nicht_melden,16,160,7364,-7764,5056,-430,-4,-566
nicht_melden,16,161,5840,-8712,3984,-2,-732,-337
nicht_melden,16,162,7304,-10964,3428,566,-1123,-268
nicht_melden,16,163,2940,-12388,5716,590,-809,-581
nicht_melden,16,164,3096,-12292,6756,741,-1009,-940
nicht_melden,16,165,5820,-11172,7512,643,-743,-1133
nicht_melden,16,166,7696,-10676,7404,420,-170,-1269
nicht_melden,16,167,8064,-10044,7980,198,260,-1268
nicht_melden,16,168,8552,-9964,7736,198,364,-1083
nicht_melden,16,169,6156,-9600,7920,327,-44,-973
nicht_melden,16,170,4920,-10100,7628,486,-332,-988
nicht_melden,16,171,4380,-10224,7208,690,-840,-1093
nicht_melden,16,172,6544,-10812,6764,726,-899,-1176
nicht_melden,16,173,8480,-9076,7220,568,-723,-1058
nicht_melden,16,174,12152,-7476,7548,75,267,-915
nicht_melden,16,175,8004,-10688,10656,-443,1281,-1101
nicht_melden,16,176,1740,-11944,12592,-476,489,-1212
nicht_melden,16,177,1536,-12520,12036,-369,-839,-1220
nicht_melden,16,178,5580,-11868,10844,-489,-1331,-1214
nicht_melden,16,179,9476,-10504,8624,-1133,-251,-1393
nicht_melden,16,180,9880,-10168,7292,-1730,1248,-1606
nicht_melden,16,181,7964,-11480,7084,-1978,1986,-1771
nicht_melden,16,182,6972,-12544,7452,-1834,1849,-1709
nicht_melden,16,183,6272,-12956,6504,-1480,1367,-1636
nicht_melden,16,184,5400,-13452,5900,-1180,1054,-1603
nicht_melden,16,185,6392,-12832,6360,-797,237,-1458
nicht_melden,16,186,7080,-13048,5692,-625,273,-1574
nicht_melden,16,187,6732,-13268,6400,-400,80,-1583
nicht_melden,16,188,7512,-12632,5696,-640,669,-1607
nicht_melden,16,189,6796,-11540,6872,-522,438,-1547
nicht_melden,16,190,5360,-11960,7396,-604,516,-1735
nicht_melden,16,191,5736,-10644,8380,-591,119,-1643
nicht_melden,16,192,6820,-10692,7788,-590,-25,-1670
nicht_melden,16,193,6812,-11552,8216,-509,-384,-1616
nicht_melden,16,194,7976,-11544,7844,-489,-645,-1451
nicht_melden,16,195,8928,-11608,7248,-487,-618,-1306
nicht_melden,16,196,8356,-11636,7316,-488,-653,-1220
nicht_melden,16,197,7696,-11764,7068,-507,-648,-1157
nicht_melden,16,198,8532,-10932,7616,-534,-606,-1125
nicht_melden,16,199,8356,-10476,8072,-589,-440,-1101
nicht_melden,16,200,8868,-9532,7216,-642,-316,-1101
nicht_melden,16,201,9192,-9944,7572,-751,9,-1110
nicht_melden,16,202,9048,-10072,7456,-637,-140,-1012
nicht_melden,16,203,9508,-10040,7880,-534,-341,-897
nicht_melden,16,204,8792,-10032,8712,-701,-1,-1046
nicht_melden,16,205,9384,-9616,7872,-789,296,-1117
nicht_melden,16,206,9060,-9680,8804,-930,780,-1226
nicht_melden,16,207,9736,-9732,8548,-1125,1219,-1374
nicht_melden,16,208,9576,-10560,8356,-1097,1402,-1434
nicht_melden,16,209,9256,-11308,8072,-851,1077,-1460
nicht_melden,16,210,9852,-11104,7616,-566,776,-1418
nicht_melden,16,211,10624,-11152,7208,-470,970,-1480
nicht_melden,16,212,8800,-11404,7356,-477,1242,-1783
nicht_melden,16,213,9896,-10856,6752,-432,1359,-1900
nicht_melden,16,214,10372,-11356,5724,-295,1676,-1953
nicht_melden,16,215,11368,-11236,5824,-133,1786,-1952
nicht_melden,16,216,11608,-11360,6640,-93,2185,-1930
nicht_melden,16,217,9208,-12060,7720,-44,2455,-2019
nicht_melden,16,218,8136,-12224,8728,112,2291,-2077
nicht_melden,16,219,6792,-12412,9008,260,2102,-2163
nicht_melden,16,220,7716,-11464,8244,442,1825,-2146
nicht_melden,16,221,9188,-10452,7700,620,1736,-1997
nicht_melden,16,222,10600,-10048,8660,878,1308,-1783
nicht_melden,16,223,10148,-10048,8688,820,1444,-1700
nicht_melden,16,224,9328,-10020,9360,517,1887,-1652
nicht_melden,16,225,8296,-9516,9584,220,2199,-1644
nicht_melden,16,226,7488,-9860,9564,35,2244,-1661
nicht_melden,16,227,7368,-10064,9836,-97,2049,-1633
nicht_melden,16,228,7352,-9564,9008,-184,1706,-1584
nicht_melden,16,229,8000,-9452,7720,-174,1425,-1493
nicht_melden,16,230,8960,-9160,6904,-342,1686,-1351
nicht_melden,16,231,8828,-9272,6616,-314,1565,-1198
nicht_melden,16,232,7452,-9712,7496,-332,1403,-1165
nicht_melden,16,233,8164,-10132,6632,-239,1071,-1082
nicht_melden,16,234,8320,-10348,6648,-275,995,-982
nicht_melden,16,235,9012,-9872,7008,-447,1113,-903
nicht_melden,16,236,10144,-9368,6956,-660,1311,-780
nicht_melden,16,237,10764,-8540,7504,-951,1582,-594
nicht_melden,16,238,11356,-8040,8236,-1381,2010,-431
nicht_melden,16,239,11368,-7568,8520,-1822,2439,-278
nicht_melden,16,240,12352,-7224,7312,-2432,3319,-185
nicht_melden,16,241,9004,-8228,7736,-3356,5016,-523
nicht_melden,16,242,9028,-7104,6972,-4309,6875,-910
nicht_melden,16,243,10256,-6676,5784,-5210,9077,-1185
nicht_melden,16,244,10920,-8008,4460,-6118,11395,-1456
nicht_melden,16,245,9312,-10248,4916,-6830,13468,-1852
nicht_melden,16,246,7416,-11364,6332,-7488,14754,-2187
nicht_melden,16,247,1956,-14972,8776,-8092,14815,-2782
nicht_melden,16,248,-4244,-18900,9688,-7179,10864,-3166
nicht_melden,16,249,-2276,-18748,7196,-5586,6522,-2802
nicht_melden,16,250,952,-21396,7408,-3783,2969,-1683
nicht_melden,16,251,-600,-22596,6324,-2823,390,-1231
nicht_melden,16,252,-2912,-23364,8648,-2514,-1633,-1415
nicht_melden,16,253,-1144,-22620,9076,-1540,-4693,-1141
nicht_melden,16,254,4860,-21264,6444,-1374,-5117,-668
nicht_melden,16,255,5500,-19472,8828,-1294,-4325,131
nicht_melden,16,256,2664,-18544,9460,-1774,-3132,410
nicht_melden,16,257,-1572,-17648,9220,-2000,-2741,236
nicht_melden,16,258,-892,-14616,9400,-1719,-3054,378
nicht_melden,16,259,3672,-13276,7284,-1626,-3412,820
nicht_melden,16,260,8456,-15120,6936,-1271,-3579,1559
nicht_melden,16,261,8560,-17380,5972,-727,-3843,2401
nicht_melden,16,262,6708,-18516,5340,138,-4670,3103
nicht_melden,16,263,5724,-18696,3920,986,-5143,3575
nicht_melden,16,264,4724,-17116,3164,1324,-5154,3674
nicht_melden,16,265,5616,-15008,3364,1633,-5068,3779
nicht_melden,16,266,8652,-14112,3124,2038,-4825,4073
nicht_melden,16,267,10044,-13712,2304,2110,-3948,4144
nicht_melden,16,268,8460,-13592,2944,2018,-3223,3985
nicht_melden,16,269,6476,-13836,4008,2067,-3169,3948
nicht_melden,16,270,4928,-14424,3504,2118,-3138,3787
nicht_melden,16,271,6124,-12088,896,2272,-3291,3683
nicht_melden,16,272,12324,-11468,-8856,3076,-3222,4096
nicht_melden,16,273,-396,-13920,-4840,3668,-3648,3503
nicht_melden,16,274,-10296,-6340,4604,4551,-6889,2604
nicht_melden,16,275,5056,-852,-6100,2781,-3552,1409
nicht_melden,16,276,9572,-2592,648,379,1223,615
nicht_melden,16,277,6752,-6240,5164,-1131,3635,106
nicht_melden,16,278,5040,-10368,9960,-887,2293,342
nicht_melden,16,279,2240,-10328,15232,623,-1884,1494
nicht_melden,16,280,5868,-5120,16768,1587,-4918,2229
nicht_melden,16,281,-4164,-8400,14112,527,-3538,1906
nicht_melden,16,282,-4300,-6276,9344,-244,-2551,758
nicht_melden,16,283,2288,-8564,5824,-450,-1532,138
nicht_melden,16,284,7636,-12988,5920,117,-1599,75
nicht_melden,16,285,10076,-12972,6784,868,-1942,364
nicht_melden,16,286,8004,-11332,8744,1282,-2077,584
nicht_melden,16,287,3984,-10444,9696,1373,-1951,360
nicht_melden,16,288,3464,-10812,8272,1295,-1455,-100
nicht_melden,16,289,5412,-11608,10552,965,-509,-461
nicht_melden,16,290,7448,-11856,11136,500,691,-901
nicht_melden,16,291,6672,-12444,10340,416,803,-972
nicht_melden,16,292,7732,-12672,9444,217,1104,-955
nicht_melden,16,293,6184,-11416,9660,116,1297,-884
nicht_melden,16,294,4532,-10504,9468,107,1020,-867
nicht_melden,16,295,4156,-9524,8904,-61,1104,-955
nicht_melden,16,296,4380,-8896,7880,-179,1190,-1032
nicht_melden,16,297,3144,-9624,8060,-368,1400,-1163
nicht_melden,16,298,4720,-10628,6872,-337,1152,-1157
nicht_melden,16,299,4796,-11092,5464,-180,1033,-1072
nicht_melden,17,0,2768,-1704,13516,-151,58,-58
nicht_melden,17,1,2700,-1744,13528,-142,70,-70
nicht_melden,17,2,2608,-1684,13496,-145,63,-65
nicht_melden,17,3,2784,-1732,13480,-137,64,-56
nicht_melden,17,4,2736,-1776,13276,-143,47,-64
nicht_melden,17,5,2672,-1868,13448,-143,60,-50
nicht_melden,17,6,2692,-1848,13372,-148,55,-47
nicht_melden,17,7,2452,-1952,13368,-156,54,-28
nicht_melden,17,8,2524,-1776,13376,-151,35,-18
nicht_melden,17,9,2532,-1900,13336,-167,39,-11
nicht_melden,17,10,2556,-1940,13444,-172,33,-9
nicht_melden,17,11,2556,-1928,13448,-186,53,-4
nicht_melden,17,12,2556,-1992,13440,-197,48,2
nicht_melden,17,13,2488,-1888,13560,-187,42,13
nicht_melden,17,14,2576,-1972,13440,-192,43,17
nicht_melden,17,15,2612,-1868,13468,-196,35,7
nicht_melden,17,16,2800,-1604,13556,-209,27,-3
nicht_melden,17,17,2388,-1976,13484,-203,43,-5
nicht_melden,17,18,2556,-1824,13520,-186,51,-17
nicht_melden,17,19,2756,-1868,13488,-182,41,-21
nicht_melden,17,20,2732,-1896,13472,-179,52,-30
nicht_melden,17,21,2572,-1940,13288,-168,56,-28
nicht_melden,17,22,2752,-1912,13288,-178,62,-19
nicht_melden,17,23,2496,-2132,13360,-171,74,-29
nicht_melden,17,24,2404,-2076,13712,-176,64,-14
nicht_melden,17,25,2452,-2072,13408,-161,55,-7
nicht_melden,17,26,2460,-1996,13392,-165,44,-12
nicht_melden,17,27,2516,-2020,13424,-166,53,-2
nicht_melden,17,28,2276,-1964,13488,-176,53,-5
nicht_melden,17,29,2516,-1944,13188,-177,73,-6
nicht_melden,17,30,2640,-1840,13368,-188,90,3
nicht_melden,17,31,2676,-1964,13444,-196,88,4
nicht_melden,17,32,2524,-2096,13356,-199,97,-4
nicht_melden,17,33,2620,-2040,13600,-208,98,4
nicht_melden,17,34,2552,-1996,13352,-209,108,4
nicht_melden,17,35,2468,-2048,13548,-208,98,0
nicht_melden,17,36,2472,-2212,13480,-190,83,-14
nicht_melden,17,37,2464,-2144,13364,-171,62,-12
nicht_melden,17,38,2472,-2012,13524,-183,35,-18
nicht_melden,17,39,2588,-2008,13388,-178,27,-31
nicht_melden,17,40,2520,-2224,13488,-167,15,-33
nicht_melden,17,41,2548,-2068,13352,-170,43,-34
nicht_melden,17,42,2476,-1916,13276,-164,45,-32
nicht_melden,17,43,2584,-1924,13368,-172,35,-33
nicht_melden,17,44,2648,-1884,13528,-171,41,-43
nicht_melden,17,45,2528,-1864,13404,-155,45,-31
nicht_melden,17,46,2536,-1936,13328,-148,36,-42
nicht_melden,17,47,2588,-2060,13472,-141,17,-27
nicht_melden,17,48,2572,-2024,13444,-148,15,-30
nicht_melden,17,49,2580,-2188,13248,-143,9,-37
nicht_melden,17,50,2568,-2100,13392,-137,8,-34
nicht_melden,17,51,2632,-2236,13408,-143,18,-32
nicht_melden,17,52,2500,-2132,13424,-151,4,-38
nicht_melden,17,53,2480,-2104,13432,-154,-4,-35
nicht_melden,17,54,2404,-2160,13444,-151,-10,-49
nicht_melden,17,55,2556,-2108,13604,-147,-5,-44
nicht_melden,17,56,2532,-2088,13596,-147,12,-46
nicht_melden,17,57,2620,-1996,13548,-135,26,-52
nicht_melden,17,58,2436,-1924,13636,-140,32,-57
nicht_melden,17,59,2420,-2192,13452,-147,40,-58
nicht_melden,17,60,2332,-2172,13440,-136,33,-66
nicht_melden,17,61,2584,-2120,13340,-131,40,-68
nicht_melden,17,62,2356,-2036,13424,-142,46,-69
nicht_melden,17,63,2420,-2244,13484,-145,53,-70
nicht_melden,17,64,2492,-2080,13264,-138,42,-70
nicht_melden,17,65,2456,-2072,13672,-127,55,-66
nicht_melden,17,66,2580,-1916,13456,-129,61,-53
nicht_melden,17,67,2444,-2096,13444,-144,68,-56
nicht_melden,17,68,2456,-2220,13452,-139,57,-56
nicht_melden,17,69,2484,-2112,13404,-134,56,-56
nicht_melden,17,70,2544,-2008,13448,-129,46,-67
nicht_melden,17,71,2512,-2196,13460,-140,37,-63
nicht_melden,17,72,2508,-2176,13272,-140,34,-58
nicht_melden,17,73,2468,-2140,13516,-135,45,-67
nicht_melden,17,74,2536,-2256,13588,-134,51,-58
nicht_melden,17,75,2476,-2160,13292,-136,46,-54
nicht_melden,17,76,2252,-2156,13344,-133,41,-52
nicht_melden,17,77,2372,-2012,13560,-139,35,-54
nicht_melden,17,78,2444,-1964,13324,-139,41,-60
nicht_melden,17,79,2384,-1960,13452,-137,44,-65
nicht_melden,17,80,2392,-1912,13348,-143,70,-68
nicht_melden,17,81,2544,-2184,13432,-144,86,-69
nicht_melden,17,82,2468,-2044,13300,-153,104,-69
nicht_melden,17,83,2460,-2160,13336,-151,137,-53
nicht_melden,17,84,2592,-2216,13356,-134,176,-31
nicht_melden,17,85,2956,-2108,13280,-143,304,4
nicht_melden,17,86,3032,-1728,12944,-146,506,45
nicht_melden,17,87,2416,-1420,13432,-179,649,65
nicht_melden,17,88,2192,-1936,13088,-329,721,89
nicht_melden,17,89,2688,-3992,13668,-375,958,98
nicht_melden,17,90,1932,-3944,14176,-316,961,76
nicht_melden,17,91,1544,-3488,13256,-463,1036,83
nicht_melden,17,92,2500,-3828,14048,-501,1063,155
nicht_melden,17,93,2256,-4744,15016,-549,1008,99
nicht_melden,17,94,1440,-5828,15276,-603,899,98
nicht_melden,17,95,560,-6384,15320,-514,643,199
nicht_melden,17,96,164,-6468,14756,-396,340,221
nicht_melden,17,97,1120,-5556,14352,-228,318,282
nicht_melden,17,98,2388,-6240,11244,-334,672,227
nicht_melden,17,99,2428,-10848,9968,335,588,151
nicht_melden,17,100,3076,-3832,17204,367,1117,380
nicht_melden,17,101,5632,-3448,15476,-46,1528,1017
nicht_melden,17,102,4156,-5224,13864,-134,1732,818
nicht_melden,17,103,4960,-4132,13412,-370,2169,693
nicht_melden,17,104,3144,-3664,14424,-731,2383,636
nicht_melden,17,105,1112,-4772,15836,-823,2186,751
nicht_melden,17,106,1168,-5436,15112,-534,1728,947
nicht_melden,17,107,1544,-4204,15592,-256,1398,1081
nicht_melden,17,108,1720,-3620,15432,-185,1084,1095
nicht_melden,17,109,1120,-3464,15772,-185,643,1083
nicht_melden,17,110,1480,-3516,15744,-88,320,1156
nicht_melden,17,111,1700,-3632,15100,-52,182,1280
nicht_melden,17,112,2044,-3452,14052,95,144,1362
nicht_melden,17,113,3132,-6864,10432,-93,624,1272
nicht_melden,17,114,-100,-3604,9812,-82,968,1302
nicht_melden,17,115,-500,-3608,10248,181,1364,1034
nicht_melden,17,116,-152,-3224,10216,434,1376,972
nicht_melden,17,117,648,-2060,11072,609,1506,939
nicht_melden,17,118,604,-696,11828,603,1701,917
nicht_melden,17,119,920,528,12952,454,2131,775
nicht_melden,17,120,612,2828,13024,-303,2726,690
nicht_melden,17,121,-1520,1176,13036,-370,2834,524
nicht_melden,17,122,-2740,948,12504,-69,2328,511
nicht_melden,17,123,-3252,1280,11084,291,1668,523
nicht_melden,17,124,-1824,140,13560,290,1286,334
nicht_melden,17,125,-1780,3800,11640,-171,1126,681
nicht_melden,17,126,-3180,2672,8664,-333,1869,819
nicht_melden,17,127,-4792,3784,12576,-140,1160,191
nicht_melden,17,128,-7252,536,12032,-149,1154,44
nicht_melden,17,129,-7508,1836,14280,-124,518,-342
nicht_melden,17,130,-6544,280,13328,387,-497,-282
nicht_melden,17,131,-3660,1784,12044,456,-322,-227
nicht_melden,17,132,-4972,2836,10472,405,29,-429
nicht_melden,17,133,-3988,2128,12944,-235,165,-715
nicht_melden,17,134,-5076,-64,14112,-536,126,-786
nicht_melden,17,135,-5676,-216,14224,-520,-158,-943
nicht_melden,17,136,-5624,-752,13832,-433,-420,-999
nicht_melden,17,137,-5148,-1468,13472,-293,-638,-1097
nicht_melden,17,138,-4660,-2184,13456,-184,-858,-1093
nicht_melden,17,139,-5568,-2668,13528,-5,-1213,-1178
nicht_melden,17,140,-4924,-3080,12996,186,-1447,-1268
nicht_melden,17,141,-4764,-3032,13448,272,-1600,-1371
nicht_melden,17,142,-5024,-2704,14328,533,-2026,-1359
nicht_melden,17,143,-3444,-884,14380,700,-2159,-1351
nicht_melden,17,144,-2228,-1716,13452,481,-2013,-1443
nicht_melden,17,145,-1596,-1908,13372,328,-1536,-1539
nicht_melden,17,146,-2812,-2408,13536,101,-1296,-1673
nicht_melden,17,147,-3744,-3436,13532,206,-1547,-1872
nicht_melden,17,148,-1968,-2964,12732,306,-1541,-1944
nicht_melden,17,149,-1500,-2580,11988,201,-1541,-2051
nicht_melden,17,150,-2624,-2772,12464,339,-1581,-2217
nicht_melden,17,151,-1248,-3192,13668,594,-2241,-2183
nicht_melden,17,152,5808,-772,11836,635,-1362,-1895
nicht_melden,17,153,6176,2200,14456,-287,-165,-1735
nicht_melden,17,154,1904,300,15952,-864,235,-1858
nicht_melden,17,155,3316,-1284,13224,-1090,1060,-1847
nicht_melden,17,156,980,-1504,14512,-1231,1452,-1779
nicht_melden,17,157,-2952,-3724,15356,-933,358,-1927
nicht_melden,17,158,1092,-3236,13444,-424,-40,-1559
nicht_melden,17,159,2544,-2032,13980,-512,28,-1325
nicht_melden,17,160,840,-2476,13860,-507,-115,-1295
nicht_melden,17,161,332,-2932,13760,-344,-365,-1245
nicht_melden,17,162,1204,-3256,13384,-235,-434,-1115
nicht_melden,17,163,1544,-3416,12752,-81,-373,-1003
nicht_melden,17,164,1656,-3204,12560,104,-462,-876
nicht_melden,17,165,1040,-2736,12884,239,-385,-765
nicht_melden,17,166,2188,-2724,12980,478,-596,-560
nicht_melden,17,167,3020,-1828,14320,745,-1120,-237
nicht_melden,17,168,5920,-116,12716,778,-1352,132
nicht_melden,17,169,6944,1020,12736,202,103,280
nicht_melden,17,170,6180,1424,14832,-446,1138,436
nicht_melden,17,171,4128,-1252,14348,-711,1273,583
nicht_melden,17,172,3200,-1712,14112,-786,1830,782
nicht_melden,17,173,3004,-1980,13456,-778,1906,993
nicht_melden,17,174,3224,-1848,13728,-813,2098,1195
nicht_melden,17,175,2492,-2868,13312,-820,2154,1346
nicht_melden,17,176,1156,-3144,13592,-622,1920,1361
nicht_melden,17,177,1508,-2332,13516,-593,1957,1511
nicht_melden,17,178,188,-2076,13596,-774,1905,1515
nicht_melden,17,179,764,-3224,13472,-897,1758,1650
nicht_melden,17,180,-1480,-3768,14816,-691,1296,1669
nicht_melden,17,181,-2588,-4364,14096,-351,422,1686
nicht_melden,17,182,-184,-3580,13012,24,72,1812
nicht_melden,17,183,1436,-2680,13088,54,223,1989
nicht_melden,17,184,1916,-2320,13452,-31,415,2052
nicht_melden,17,185,1136,-2036,13716,-361,729,2063
nicht_melden,17,186,-184,-2708,13608,-573,970,1989
nicht_melden,17,187,-1284,-3320,13748,-652,1083,1930
nicht_melden,17,188,-2364,-3716,13864,-584,1002,1840
nicht_melden,17,189,-2324,-3760,13692,-459,815,1806
nicht_melden,17,190,-1340,-3496,13636,-274,621,1840
nicht_melden,17,191,-1064,-3020,13244,-188,411,1917
nicht_melden,17,192,-1288,-2612,11580,-80,356,1939
nicht_melden,17,193,-660,-1976,11384,-173,419,1973
nicht_melden,17,194,-3768,-2680,10788,-280,1009,1656
nicht_melden,17,195,-2824,-1652,10784,-776,1960,1242
nicht_melden,17,196,-10044,-4440,15092,-601,763,811
nicht_melden,17,197,-3540,-924,14300,-107,95,896
nicht_melden,17,198,-2572,-520,12500,-637,992,906
nicht_melden,17,199,-8376,-2864,14772,-740,595,420
nicht_melden,17,200,-5840,-2004,14096,-411,103,410
nicht_melden,17,201,-5900,-2836,13292,-220,-292,333
nicht_melden,17,202,-8032,-3032,14300,286,-1085,194
nicht_melden,17,203,-4304,-792,12272,655,-1883,385
nicht_melden,17,204,1772,864,11008,485,-759,731
nicht_melden,17,205,196,852,11500,-191,417,651
nicht_melden,17,206,-5064,-1424,13656,-481,386,502
nicht_melden,17,207,-5280,-2356,13240,-132,-103,428
nicht_melden,17,208,-2600,-1160,11680,-16,370,529
nicht_melden,17,209,-3920,-1104,12760,-262,653,362
nicht_melden,17,210,-4756,-1840,12508,-284,556,216
nicht_melden,17,211,-5756,-2580,11424,-260,357,113
nicht_melden,17,212,-6668,-3416,10464,-12,145,-7
nicht_melden,17,213,-6896,-2968,9456,403,148,-163
nicht_melden,17,214,-5196,-1540,10276,640,-92,-258
nicht_melden,17,215,-6820,-1608,11996,537,-211,-387
nicht_melden,17,216,-6452,-148,14244,583,-601,-516
nicht_melden,17,217,-4544,140,14112,425,-763,-541
nicht_melden,17,218,-4684,264,14152,178,-483,-732
nicht_melden,17,219,-4672,-356,13992,143,-510,-878
nicht_melden,17,220,-4616,-424,13824,178,-689,-921
nicht_melden,17,221,-4020,-1020,13076,101,-732,-975
nicht_melden,17,222,-4324,-1788,13308,77,-679,-1025
nicht_melden,17,223,-3188,-1592,12448,180,-564,-1031
nicht_melden,17,224,-3148,-1264,12304,57,-87,-1029
nicht_melden,17,225,-4916,-2248,13240,45,-118,-1145
nicht_melden,17,226,-3168,-1840,12840,419,0,-1122
nicht_melden,17,227,-3896,-1604,13328,322,95,-1073
nicht_melden,17,228,-4492,-2116,14300,449,-277,-1201
nicht_melden,17,229,-2936,-1244,13856,330,-136,-1153
nicht_melden,17,230,-4276,-1740,14232,42,90,-1311
nicht_melden,17,231,-4264,-2576,13680,11,145,-1468
nicht_melden,17,232,-3924,-2284,13868,-28,99,-1538
nicht_melden,17,233,-3636,-2440,13832,156,-95,-1668
nicht_melden,17,234,-2756,-1444,13824,116,-141,-1656
nicht_melden,17,235,-3104,-1468,13944,39,-161,-1691
nicht_melden,17,236,-492,-1276,12636,145,-152,-1574
nicht_melden,17,237,-1768,-580,13996,-115,4,-1576
nicht_melden,17,238,-4264,-1088,14948,-289,-153,-1686
nicht_melden,17,239,-1212,-2196,11216,69,-250,-1535
nicht_melden,17,240,2524,-148,11652,77,344,-1411
nicht_melden,17,241,-3064,-784,14012,-549,492,-1628
nicht_melden,17,242,-3028,-2448,13412,-389,300,-1756
nicht_melden,17,243,-1696,-2768,11924,-202,481,-1659
nicht_melden,17,244,-3100,-2408,12792,-18,138,-1791
nicht_melden,17,245,-1136,-1940,12916,245,-244,-1790
nicht_melden,17,246,-860,-1864,13248,196,-184,-1738
nicht_melden,17,247,-856,-1476,13676,212,-152,-1726
nicht_melden,17,248,-548,-2024,12804,231,-377,-1726
nicht_melden,17,249,-628,-1920,13728,292,-506,-1681
nicht_melden,17,250,1760,-1360,12848,228,-128,-1576
nicht_melden,17,251,-624,-1124,14264,-82,232,-1611
nicht_melden,17,252,-1168,-1872,13988,-137,106,-1693
nicht_melden,17,253,840,-1672,13244,-98,311,-1552
nicht_melden,17,254,-1760,-2348,13792,-246,297,-1571
nicht_melden,17,255,-1268,-2540,13832,-77,4,-1614
nicht_melden,17,256,-496,-1956,14228,-101,-62,-1452
nicht_melden,17,257,-1084,-2820,12164,-9,-172,-1437
nicht_melden,17,258,-1692,-2116,15552,189,-670,-1397
nicht_melden,17,259,912,-3444,12976,494,-1140,-1207
nicht_melden,17,260,1868,-2064,13068,393,-693,-1055
nicht_melden,17,261,-708,-2940,15132,500,-1046,-1125
nicht_melden,17,262,4380,-1992,13232,744,-1024,-886
nicht_melden,17,263,5388,-1588,14096,372,-216,-664
nicht_melden,17,264,4764,-1480,15488,133,6,-536
nicht_melden,17,265,5356,556,14656,-70,157,-278
nicht_melden,17,266,3880,-1312,15400,-256,360,45
nicht_melden,17,267,4008,-1728,14676,-373,425,270
nicht_melden,17,268,3276,-2124,14284,-434,612,536
nicht_melden,17,269,1884,-3200,14068,-551,481,706
nicht_melden,17,270,1884,-2976,14036,-322,230,917
nicht_melden,17,271,2124,-2256,13572,-228,106,1140
nicht_melden,17,272,2384,-2560,13472,-266,176,1233
nicht_melden,17,273,3012,-2084,13816,-236,352,1401
nicht_melden,17,274,1824,-1624,14256,-441,585,1535
nicht_melden,17,275,540,-2228,14384,-581,614,1581
nicht_melden,17,276,256,-2460,14496,-578,479,1654
nicht_melden,17,277,-380,-2672,14608,-560,246,1694
nicht_melden,17,278,-1076,-2764,14596,-472,-96,1692
nicht_melden,17,279,-1512,-2684,14492,-395,-466,1668
nicht_melden,17,280,-1308,-2480,12688,-304,-574,1661
nicht_melden,17,281,1880,-864,11184,-324,-39,1637
nicht_melden,17,282,508,-564,12236,-770,355,1546
nicht_melden,17,283,-3996,-2248,13044,-939,238,1175
nicht_melden,17,284,-2548,-636,13776,-1016,346,1124
nicht_melden,17,285,-4804,-2696,14744,-904,-392,1089
nicht_melden,17,286,-2828,-2612,12688,-267,-883,1112
nicht_melden,17,287,956,140,11828,-150,-778,1299
nicht_melden,17,288,1072,1052,12836,-307,-259,1444
nicht_melden,17,289,2940,1504,12792,-607,267,1618
nicht_melden,17,290,852,164,13208,-910,702,1760
nicht_melden,17,291,-228,-144,12856,-1009,897,1844
nicht_melden,17,292,-1052,-408,13048,-1242,1377,1958
nicht_melden,17,293,-5756,-2464,13832,-1180,1125,1797
nicht_melden,17,294,-5100,-2744,13664,-884,691,1808
nicht_melden,17,295,-3944,-2436,12672,-666,485,1914
nicht_melden,17,296,-4100,-2640,13084,-459,100,1916
nicht_melden,17,297,-2704,-1612,12752,-388,109,1984
nicht_melden,17,298,-3320,-1740,12416,-627,434,1920
nicht_melden,17,299,-6004,-2716,13368,-500,164,1720
nicht_melden,18,0,1300,-2228,13348,-118,-5,-66
nicht_melden,18,1,1272,-2316,13352,-127,-19,-68
nicht_melden,18,2,1180,-2320,13572,-129,-20,-66
nicht_melden,18,3,1280,-2388,13540,-147,-29,-55
nicht_melden,18,4,1096,-2408,13556,-141,-56,-71
nicht_melden,18,5,1120,-2356,13508,-114,-110,-73
nicht_melden,18,6,1260,-2216,13392,-102,-139,-62
nicht_melden,18,7,1680,-2108,13392,-131,-78,-69
nicht_melden,18,8,1592,-2188,13356,-159,-24,-68
nicht_melden,18,9,1224,-2092,13492,-158,-24,-65
nicht_melden,18,10,1204,-2292,13508,-127,-55,-60
nicht_melden,18,11,1288,-2104,13448,-120,-69,-68
nicht_melden,18,12,1348,-2268,13444,-117,-63,-67
nicht_melden,18,13,1316,-2172,13408,-107,-72,-84
nicht_melden,18,14,1384,-2236,13484,-99,-91,-96
nicht_melden,18,15,1380,-2228,13296,-86,-87,-107
nicht_melden,18,16,1520,-2188,13272,-97,-30,-116
nicht_melden,18,17,1524,-2132,13208,-130,55,-125
nicht_melden,18,18,1608,-2196,13264,-160,131,-117
nicht_melden,18,19,1328,-2316,13412,-184,175,-116
nicht_melden,18,20,1200,-2220,13640,-178,171,-112
nicht_melden,18,21,988,-2292,13536,-149,110,-113
nicht_melden,18,22,1112,-2232,13508,-120,43,-100
nicht_melden,18,23,1472,-2220,13504,-102,42,-85
nicht_melden,18,24,1248,-2188,13676,-128,52,-101
nicht_melden,18,25,1260,-2368,13700,-127,33,-103
nicht_melden,18,26,1448,-2496,13568,-116,27,-95
nicht_melden,18,27,1336,-2488,13696,-112,30,-111
nicht_melden,18,28,1360,-2308,13612,-118,39,-111
nicht_melden,18,29,1304,-2328,13588,-108,31,-122
nicht_melden,18,30,1336,-2328,13732,-100,16,-134
nicht_melden,18,31,1228,-2244,13600,-80,-21,-144
nicht_melden,18,32,1316,-2228,13692,-76,-11,-132
nicht_melden,18,33,1424,-2276,13544,-83,28,-130
nicht_melden,18,34,1420,-2288,13584,-83,85,-122
nicht_melden,18,35,1336,-2288,13624,-80,141,-117
nicht_melden,18,36,1212,-2320,13656,-85,157,-117
nicht_melden,18,37,1280,-2128,13752,-77,188,-110
nicht_melden,18,38,1320,-2088,13608,-71,164,-111
nicht_melden,18,39,1196,-2452,13740,-74,104,-91
nicht_melden,18,40,1076,-2848,13860,-63,-27,-65
nicht_melden,18,41,816,-3024,14496,-24,-172,-6
nicht_melden,18,42,920,-2504,15412,26,-395,-3
nicht_melden,18,43,1788,-1764,14816,-70,-427,68
nicht_melden,18,44,1276,-2012,15072,-299,-509,75
nicht_melden,18,45,960,-2736,15064,-352,-873,127
nicht_melden,18,46,1116,-2952,15216,-288,-1406,324
nicht_melden,18,47,2936,-2532,14868,-43,-2000,400
nicht_melden,18,48,4908,-1992,14992,-253,-2127,541
nicht_melden,18,49,5428,-2280,15116,-621,-1937,551
nicht_melden,18,50,7004,-4340,15208,-870,-1956,537
nicht_melden,18,51,6700,-3784,15424,-1069,-1722,582
nicht_melden,18,52,6592,-4116,12904,-747,-2253,938
nicht_melden,18,53,7156,-3716,11196,-1165,-1072,927
nicht_melden,18,54,4648,-4252,13676,-1387,-599,885
nicht_melden,18,55,2848,-4996,13708,-1346,-942,790
nicht_melden,18,56,1428,-4704,14372,-1011,-1545,900
nicht_melden,18,57,3480,-3964,13428,-653,-1939,1103
nicht_melden,18,58,5168,-3456,12772,-602,-1786,1250
nicht_melden,18,59,5780,-3336,12976,-587,-1653,1423
nicht_melden,18,60,5312,-3456,12804,-590,-1464,1563
nicht_melden,18,61,4252,-3680,12716,-658,-1184,1529
nicht_melden,18,62,2660,-4052,12440,-728,-948,1391
nicht_melden,18,63,1788,-4648,12352,-689,-867,1246
nicht_melden,18,64,796,-4892,12652,-484,-1098,1172
nicht_melden,18,65,344,-4852,12348,-191,-1526,1107
nicht_melden,18,66,72,-4920,11340,229,-2061,1082
nicht_melden,18,67,1000,-4448,11184,632,-2510,1041
nicht_melden,18,68,2196,-3352,11004,792,-2674,974
nicht_melden,18,69,2484,-2268,11972,839,-2675,814
nicht_melden,18,70,2964,-1416,11864,721,-2470,630
nicht_melden,18,71,3456,-888,11840,558,-2153,481
nicht_melden,18,72,3760,-1148,11780,466,-1911,364
nicht_melden,18,73,3600,-1220,11708,381,-1662,206
nicht_melden,18,74,3740,-1124,11404,331,-1464,62
nicht_melden,18,75,4300,-8584,8416,388,-1109,-628
nicht_melden,18,76,6780,-2628,5916,-702,1643,-204
nicht_melden,18,77,-4480,-1520,8608,-521,1866,-1371
nicht_melden,18,78,-4264,-4368,12704,-311,992,-1772
nicht_melden,18,79,-4332,-3844,13564,399,-31,-1903
nicht_melden,18,80,-1272,-588,14488,770,-982,-1835
nicht_melden,18,81,1272,-636,15668,1071,-2406,-1759
nicht_melden,18,82,2096,-648,15084,1461,-3777,-1635
nicht_melden,18,83,3428,36,13832,1766,-4667,-1412
nicht_melden,18,84,5388,808,12364,2077,-5377,-1082
nicht_melden,18,85,7636,1352,11308,2282,-5734,-747
nicht_melden,18,86,10812,1300,10276,2307,-5631,-508
nicht_melden,18,87,12332,852,9532,2148,-4933,-339
nicht_melden,18,88,13200,788,8088,1803,-3582,-361
nicht_melden,18,89,13480,652,6772,1277,-1794,-498
nicht_melden,18,90,12572,544,7008,728,23,-685
nicht_melden,18,91,10580,-160,8480,265,1443,-878
nicht_melden,18,92,8052,-968,9708,69,2240,-1041
nicht_melden,18,93,6480,-1548,10616,64,2623,-1193
nicht_melden,18,94,5272,-1820,11072,124,2729,-1289
nicht_melden,18,95,5472,-1284,10996,294,2447,-1352
nicht_melden,18,96,7516,-1456,13316,657,1703,-1052
nicht_melden,18,97,11592,936,17152,488,1380,-640
nicht_melden,18,98,11284,696,20392,-258,1660,-540
nicht_melden,18,99,10052,-728,21172,-569,1193,-269
nicht_melden,18,100,6740,-1932,18900,-595,788,-183
nicht_melden,18,101,4796,-1008,16056,-824,649,-324
nicht_melden,18,102,5140,-1700,15112,-636,-139,-195
nicht_melden,18,103,6816,-2972,12820,-335,-620,-49
nicht_melden,18,104,9596,-2104,12100,-106,-1023,55
nicht_melden,18,105,8148,-724,12620,-552,-320,-40
nicht_melden,18,106,7300,-1140,11952,-763,97,-228
nicht_melden,18,107,7456,-1444,12604,-1030,597,-368
nicht_melden,18,108,6364,-1640,13084,-1182,878,-426
nicht_melden,18,109,5024,-1884,13156,-1085,698,-425
nicht_melden,18,110,5116,-1968,13096,-873,288,-359
nicht_melden,18,111,5648,-1460,13380,-806,-20,-344
nicht_melden,18,112,5736,-1224,13664,-823,-317,-394
nicht_melden,18,113,5820,-928,13604,-772,-697,-381
nicht_melden,18,114,5800,-984,13888,-721,-1085,-331
nicht_melden,18,115,5672,-976,14060,-590,-1596,-289
nicht_melden,18,116,6440,-772,13980,-540,-1977,-244
nicht_melden,18,117,6520,-988,13720,-483,-2285,-238
nicht_melden,18,118,6976,-920,13180,-507,-2420,-231
nicht_melden,18,119,7448,-1064,12952,-599,-2408,-283
nicht_melden,18,120,7644,-1420,12208,-777,-2184,-361
nicht_melden,18,121,7756,-1112,11772,-947,-1900,-424
nicht_melden,18,122,8096,-1000,11528,-1112,-1548,-509
nicht_melden,18,123,8036,-1544,11540,-1294,-1257,-635
nicht_melden,18,124,8396,-1608,11540,-1513,-815,-718
nicht_melden,18,125,7912,-2008,11740,-1582,-598,-829
nicht_melden,18,126,7416,-2128,11848,-1599,-555,-954
nicht_melden,18,127,7276,-2132,11624,-1574,-552,-1053
nicht_melden,18,128,7040,-2324,11232,-1427,-708,-1059
nicht_melden,18,129,7316,-1852,11044,-1308,-859,-1126
nicht_melden,18,130,7388,-1716,10740,-1184,-1026,-1207
nicht_melden,18,131,7460,-1524,10368,-1029,-1183,-1243
nicht_melden,18,132,7808,-1464,9752,-881,-1312,-1274
nicht_melden,18,133,8152,-1580,9396,-774,-1327,-1311
nicht_melden,18,134,8520,-1272,9280,-680,-1250,-1346
nicht_melden,18,135,8480,-1480,9512,-589,-1140,-1415
nicht_melden,18,136,8812,-916,9356,-478,-1138,-1454
nicht_melden,18,137,8872,-628,9532,-399,-1089,-1461
nicht_melden,18,138,9144,-900,8932,-331,-1092,-1499
nicht_melden,18,139,8836,-904,8728,-244,-1032,-1466
nicht_melden,18,140,9664,-552,7920,-65,-1113,-1428
nicht_melden,18,141,10796,132,7744,25,-938,-1367
nicht_melden,18,142,11156,332,7524,85,-753,-1274
nicht_melden,18,143,11876,836,7164,176,-578,-1213
nicht_melden,18,144,12208,1236,7412,124,-214,-1141
nicht_melden,18,145,11768,1364,7660,12,166,-1094
nicht_melden,18,146,11532,856,7996,-10,452,-1039
nicht_melden,18,147,11592,756,8132,-44,704,-977
nicht_melden,18,148,11504,484,8096,-69,990,-946
nicht_melden,18,149,11372,436,8132,-106,1382,-894
nicht_melden,18,150,12120,424,7668,-177,1950,-882
nicht_melden,18,151,12040,184,7828,-405,2784,-924
nicht_melden,18,152,11124,-184,8248,-588,3512,-973
nicht_melden,18,153,9976,-624,8764,-762,4140,-1012
nicht_melden,18,154,9048,-1060,9028,-768,4468,-1065
nicht_melden,18,155,8348,-1232,9260,-716,4628,-1075
nicht_melden,18,156,8120,-1380,9472,-612,4717,-1120
nicht_melden,18,157,8368,-1188,9408,-574,4855,-1152
nicht_melden,18,158,7884,-1124,9584,-510,4993,-1173
nicht_melden,18,159,7020,-788,10148,-356,4990,-1202
nicht_melden,18,160,6492,-308,10684,-302,5033,-1196
nicht_melden,18,161,5024,-752,10796,-331,4977,-1324
nicht_melden,18,162,4676,-432,11032,-337,5050,-1403
nicht_melden,18,163,4480,-264,12104,-330,5043,-1444
nicht_melden,18,164,4628,-96,12960,-334,4670,-1404
nicht_melden,18,165,6848,356,12776,-310,4330,-1124
nicht_melden,18,166,8752,3528,24632,-151,3111,-626
nicht_melden,18,167,16956,2896,28768,-2100,3333,-176
nicht_melden,18,168,14108,-8668,11952,-2641,5172,113
nicht_melden,18,169,4108,-9196,13380,-2160,4876,-267
nicht_melden,18,170,468,-6220,17104,-1182,3057,-225
nicht_melden,18,171,-900,-5112,16148,-529,1803,-50
nicht_melden,18,172,-2292,-5112,17492,34,-27,264
nicht_melden,18,173,120,-4740,14232,356,-1047,346
nicht_melden,18,174,1924,-3432,12660,504,-941,393
nicht_melden,18,175,3608,-1972,11376,126,67,325
nicht_melden,18,176,2528,-2328,12476,-229,1097,184
nicht_melden,18,177,688,-2540,13000,-341,1613,45
nicht_melden,18,178,-736,-2788,13724,-209,1587,-15
nicht_melden,18,179,724,-1824,13580,-104,1256,81
nicht_melden,18,180,1012,-1312,14156,-142,1133,94
nicht_melden,18,181,976,-1080,14312,-204,1034,70
nicht_melden,18,182,1224,-1160,14716,-181,895,49
nicht_melden,18,183,808,-424,14548,-196,659,40
nicht_melden,18,184,180,-852,14264,-152,320,5
nicht_melden,18,185,132,-1204,13344,2,23,-13
nicht_melden,18,186,812,-1064,13016,176,-213,41
nicht_melden,18,187,904,-936,13592,244,-376,47
nicht_melden,18,188,2460,-376,12668,242,-261,107
nicht_melden,18,189,3664,-460,12996,121,62,160
nicht_melden,18,190,3316,-668,13004,-19,336,166
nicht_melden,18,191,2720,-1084,13220,-64,419,116
nicht_melden,18,192,2396,-1380,13348,-45,365,114
nicht_melden,18,193,2436,-1440,13500,1,312,126
nicht_melden,18,194,2508,-1192,13980,-13,363,136
nicht_melden,18,195,3716,-832,12216,-148,790,109
nicht_melden,18,196,4216,-896,12180,-376,1280,74
nicht_melden,18,197,3224,-668,13604,-570,1569,104
nicht_melden,18,198,2508,-652,14112,-697,1591,184
nicht_melden,18,199,1204,-1556,13104,-654,1378,242
nicht_melden,18,200,1108,-1556,12956,-475,1198,247
nicht_melden,18,201,1504,-1072,13604,-386,1136,270
nicht_melden,18,202,1464,-804,14552,-439,1133,228
nicht_melden,18,203,1128,-460,14560,-619,1243,143
nicht_melden,18,204,988,-756,14928,-700,1237,109
nicht_melden,18,205,528,-772,16152,-836,965,155
nicht_melden,18,206,-2060,1280,19148,-932,-177,429
nicht_melden,18,207,-516,-2192,16332,613,-3262,873
nicht_melden,18,208,2476,-1932,12388,409,-2810,1120
nicht_melden,18,209,2724,-1108,13064,569,-2896,1038
nicht_melden,18,210,4372,-1228,13452,417,-2590,1130
nicht_melden,18,211,4144,-1316,14376,311,-2479,1257
nicht_melden,18,212,4664,-1464,13820,326,-2486,1396
nicht_melden,18,213,5536,-1388,12260,233,-2222,1496
nicht_melden,18,214,6412,-976,11768,43,-1599,1584
nicht_melden,18,215,6536,-1056,11764,-227,-807,1658
nicht_melden,18,216,5832,-1380,12832,-429,-280,1702
nicht_melden,18,217,4956,-1388,13416,-565,35,1741
nicht_melden,18,218,4312,-1596,13888,-649,172,1779
nicht_melden,18,219,3628,-1872,13720,-691,259,1824
nicht_melden,18,220,3488,-2036,13444,-681,289,1864
nicht_melden,18,221,3464,-2092,13104,-622,241,1900
nicht_melden,18,222,3044,-1880,13284,-611,182,1934
nicht_melden,18,223,2768,-2180,13192,-581,65,1924
nicht_melden,18,224,2552,-2404,13212,-541,-18,1902
nicht_melden,18,225,3048,-2188,12740,-495,-8,1868
nicht_melden,18,226,2788,-2020,12788,-526,95,1820
nicht_melden,18,227,2556,-1812,12780,-552,151,1774
nicht_melden,18,228,2064,-1048,12932,-651,237,1753
nicht_melden,18,229,1256,-1512,12632,-760,327,1701
nicht_melden,18,230,984,-2260,12148,-587,187,1635
nicht_melden,18,231,920,-1980,11984,-388,29,1646
nicht_melden,18,232,780,-1700,12168,-236,-185,1680
nicht_melden,18,233,748,-1944,12028,-126,-331,1726
nicht_melden,18,234,732,-2384,12216,-58,-382,1682
nicht_melden,18,235,652,-2696,12000,41,-458,1661
nicht_melden,18,236,820,-3052,12168,175,-464,1654
nicht_melden,18,237,1272,-2720,11960,299,-401,1639
nicht_melden,18,238,1504,-2688,11912,398,-249,1619
nicht_melden,18,239,1704,-2712,11756,551,-123,1590
nicht_melden,18,240,1868,-2424,11408,646,9,1540
nicht_melden,18,241,1712,-2528,10992,770,123,1488
nicht_melden,18,242,1608,-2492,10612,915,184,1410
nicht_melden,18,243,1620,-2684,10372,1116,253,1337
nicht_melden,18,244,1776,-2680,9020,1378,364,1253
nicht_melden,18,245,2128,-2240,8480,1531,875,1014
nicht_melden,18,246,3748,-1480,8304,1519,2165,714
nicht_melden,18,247,2916,148,9952,887,3886,233
nicht_melden,18,248,-1092,28,16056,190,4350,-381
nicht_melden,18,249,-8400,-556,21300,-645,3545,-902
nicht_melden,18,250,-11420,-1864,24744,-495,1133,-1101
nicht_melden,18,251,-8644,-4376,20252,422,-1126,-1239
nicht_melden,18,252,-4228,-3476,17160,1057,-2139,-1448
nicht_melden,18,253,-112,-2308,14748,1025,-2285,-1640
nicht_melden,18,254,1460,-2532,14008,953,-2424,-1729
nicht_melden,18,255,1544,-2756,13696,1000,-2818,-1785
nicht_melden,18,256,2036,-2568,13788,1038,-3193,-1773
nicht_melden,18,257,4284,-1428,14036,863,-3026,-1605
nicht_melden,18,258,5860,-1324,15228,406,-2368,-1462
nicht_melden,18,259,6124,-2468,16496,-131,-1825,-1409
nicht_melden,18,260,5940,-3848,15584,-287,-1320,-1428
nicht_melden,18,261,4276,-3536,14584,-80,-1478,-1247
nicht_melden,18,262,3788,-2300,12760,145,-1712,-994
nicht_melden,18,263,4192,-1044,11728,145,-1300,-746
nicht_melden,18,264,3640,-224,11716,-5,-741,-601
nicht_melden,18,265,2932,468,12388,-134,-365,-551
nicht_melden,18,266,2364,748,13292,-274,-73,-508
nicht_melden,18,267,1876,676,13632,-419,157,-509
nicht_melden,18,268,1216,400,13364,-480,305,-490
nicht_melden,18,269,524,-372,13352,-387,203,-472
nicht_melden,18,270,316,-444,12996,-224,-24,-418
nicht_melden,18,271,804,-664,13004,-32,-183,-333
nicht_melden,18,272,1536,-584,13160,4,-173,-253
nicht_melden,18,273,1988,-704,13384,-12,-150,-213
nicht_melden,18,274,2292,-860,13324,-27,-135,-187
nicht_melden,18,275,2668,-952,13144,-56,-99,-151
nicht_melden,18,276,2964,-956,13456,-58,15,-116
nicht_melden,18,277,3556,-1008,13520,-95,156,-82
nicht_melden,18,278,3444,-1092,13880,-126,195,-40
nicht_melden,18,279,3736,-764,14624,-149,189,38
nicht_melden,18,280,4152,-1636,14976,-303,257,58
nicht_melden,18,281,4064,-2552,15392,-329,296,7
nicht_melden,18,282,3920,-2768,14648,-253,121,10
nicht_melden,18,283,3564,-2300,13868,-102,-141,88
nicht_melden,18,284,3640,-1564,12664,-48,-192,148
nicht_melden,18,285,3824,-760,12484,-113,2,198
nicht_melden,18,286,3448,-384,12996,-190,84,165
nicht_melden,18,287,3168,-180,13212,-198,95,111
nicht_melden,18,288,3068,-172,13432,-188,66,85
nicht_melden,18,289,3136,-260,13272,-214,78,41
nicht_melden,18,290,2824,-708,12976,-162,-3,3
nicht_melden,18,291,2960,-808,12944,-86,-116,-15
nicht_melden,18,292,3280,-796,13108,-78,-129,-37
nicht_melden,18,293,3292,-924,13272,-105,-95,-78
nicht_melden,18,294,3292,-1180,13320,-122,-109,-102
nicht_melden,18,295,3356,-1100,13280,-115,-140,-124
nicht_melden,18,296,3444,-940,13436,-127,-147,-130
nicht_melden,18,297,3612,-980,13588,-157,-122,-151
nicht_melden,18,298,3436,-1204,13580,-170,-91,-183
nicht_melden,18,299,3192,-1156,13372,-128,-143,-194
nicht_melden,19,0,2880,-748,13468,-138,53,-52
nicht_melden,19,1,2892,-904,13484,-149,55,-45
nicht_melden,19,2,2936,-932,13628,-162,39,-46
nicht_melden,19,3,2852,-1036,13652,-153,26,-48
nicht_melden,19,4,2864,-1044,13588,-128,-12,-55
nicht_melden,19,5,2800,-808,13640,-119,-30,-52
nicht_melden,19,6,2880,-776,13488,-125,-5,-61
nicht_melden,19,7,2880,-828,13572,-146,21,-77
nicht_melden,19,8,2832,-852,13344,-144,36,-64
nicht_melden,19,9,2664,-848,13380,-129,28,-55
nicht_melden,19,10,2716,-904,13424,-129,29,-43
nicht_melden,19,11,2832,-864,13272,-140,49,-35
nicht_melden,19,12,2808,-900,13412,-138,59,-33
nicht_melden,19,13,2800,-1008,13360,-148,53,-38
nicht_melden,19,14,2772,-860,13572,-155,38,-35
nicht_melden,19,15,2888,-976,13684,-157,37,-33
nicht_melden,19,16,2948,-1032,13680,-169,39,-33
nicht_melden,19,17,2840,-1076,13640,-143,10,-41
nicht_melden,19,18,2756,-836,13368,-119,-32,-43
nicht_melden,19,19,2960,-828,13380,-116,-15,-45
nicht_melden,19,20,3036,-752,13452,-153,32,-51
nicht_melden,19,21,2776,-876,13516,-172,54,-61
nicht_melden,19,22,2756,-1008,13512,-153,23,-62
nicht_melden,19,23,2756,-972,13380,-140,-1,-58
nicht_melden,19,24,2876,-912,13484,-130,-15,-48
nicht_melden,19,25,2796,-928,13628,-143,-7,-50
nicht_melden,19,26,2848,-936,13512,-144,-16,-57
nicht_melden,19,27,2788,-824,13448,-129,-8,-63
nicht_melden,19,28,2884,-796,13372,-146,-4,-54
nicht_melden,19,29,2792,-1016,13332,-156,4,-56
nicht_melden,19,30,2864,-1004,13556,-142,-1,-52
nicht_melden,19,31,2836,-872,13392,-134,-15,-49
nicht_melden,19,32,2828,-828,13612,-120,-24,-40
nicht_melden,19,33,2948,-908,13388,-143,-15,-50
nicht_melden,19,34,2892,-1012,13472,-151,-3,-57
nicht_melden,19,35,2780,-1068,13400,-135,-7,-60
nicht_melden,19,36,2908,-1064,13524,-121,-37,-62
nicht_melden,19,37,2920,-876,13412,-114,-46,-62
nicht_melden,19,38,2872,-932,13448,-118,-41,-61
nicht_melden,19,39,2948,-916,13536,-129,-31,-63
nicht_melden,19,40,2784,-944,13468,-125,-37,-76
nicht_melden,19,41,2876,-952,13412,-135,-10,-81
nicht_melden,19,42,2912,-964,13528,-136,8,-82
nicht_melden,19,43,2868,-960,13576,-139,14,-79
nicht_melden,19,44,2860,-900,13520,-131,8,-73
nicht_melden,19,45,2892,-988,13560,-135,6,-67
nicht_melden,19,46,2900,-1012,13392,-130,-2,-66
nicht_melden,19,47,2820,-912,13576,-121,-5,-69
nicht_melden,19,48,2732,-832,13508,-124,-16,-60
nicht_melden,19,49,2880,-880,13552,-126,-25,-60
nicht_melden,19,50,2920,-1032,13400,-135,14,-57
nicht_melden,19,51,2860,-940,13452,-127,14,-60
nicht_melden,19,52,2780,-864,13528,-128,13,-50
nicht_melden,19,53,2812,-984,13456,-130,20,-54
nicht_melden,19,54,2868,-956,13392,-134,31,-46
nicht_melden,19,55,2828,-996,13508,-136,39,-46
nicht_melden,19,56,2760,-980,13536,-122,8,-44
nicht_melden,19,57,2792,-964,13784,-123,-23,-31
nicht_melden,19,58,2940,-904,13416,-142,1,-32
nicht_melden,19,59,2880,-1024,13592,-168,18,-30
nicht_melden,19,60,2840,-1028,13512,-183,34,-34
nicht_melden,19,61,2800,-1168,13584,-176,9,-25
nicht_melden,19,62,2792,-1052,13788,-164,-19,0
nicht_melden,19,63,2928,-1100,13860,-195,12,14
nicht_melden,19,64,2796,-1164,13912,-216,18,41
nicht_melden,19,65,2432,-1064,14124,-226,-26,70
nicht_melden,19,66,2076,-1056,14472,-242,-153,72
nicht_melden,19,67,1864,-1132,14840,-268,-278,76
nicht_melden,19,68,1880,-1332,15120,-295,-445,109
nicht_melden,19,69,1692,-1820,14964,-237,-730,180
nicht_melden,19,70,1772,-2020,14452,-132,-972,243
nicht_melden,19,71,2304,-1840,14204,-76,-1040,306
nicht_melden,19,72,2748,-1800,13776,-119,-979,325
nicht_melden,19,73,2956,-1336,14096,-166,-977,344
nicht_melden,19,74,3188,-1156,14328,-213,-1000,378
nicht_melden,19,75,2900,-1388,14856,-239,-1100,483
nicht_melden,19,76,2476,-2028,15336,-190,-1385,556
nicht_melden,19,77,1952,-2328,15648,-108,-1889,637
nicht_melden,19,78,2136,-2976,14668,185,-2507,692
nicht_melden,19,79,2952,-2832,13320,429,-2824,717
nicht_melden,19,80,4092,-2020,13224,528,-2947,742
nicht_melden,19,81,5596,-1416,12828,421,-2695,688
nicht_melden,19,82,5820,-1072,12764,202,-2317,587
nicht_melden,19,83,5928,-1408,12788,-8,-1961,447
nicht_melden,19,84,5776,-1376,13084,-113,-1794,410
nicht_melden,19,85,5696,-1556,12888,-142,-1793,363
nicht_melden,19,86,5848,-1428,12548,-156,-1618,418
nicht_melden,19,87,5704,-1452,12036,-257,-1504,364
nicht_melden,19,88,5564,-1532,11764,-211,-1506,340
nicht_melden,19,89,6172,-1304,11556,-205,-1431,348
nicht_melden,19,90,5592,-3068,10132,-315,-1203,232
nicht_melden,19,91,7416,-1824,12000,-458,-489,163
nicht_melden,19,92,8104,-1376,12888,-503,-562,292
nicht_melden,19,93,6296,-2324,12704,-303,-1025,371
nicht_melden,19,94,5800,-2440,11816,-32,-1460,429
nicht_melden,19,95,6516,-2196,12008,45,-1582,484
nicht_melden,19,96,7052,-2072,12756,-1,-1547,526
nicht_melden,19,97,7084,-2448,13216,-70,-1510,568
nicht_melden,19,98,7116,-2816,13596,-99,-1573,624
nicht_melden,19,99,6952,-2872,13592,-7,-1813,729
nicht_melden,19,100,7604,-2648,13500,105,-2043,847
nicht_melden,19,101,7420,-2508,13188,247,-2311,963
nicht_melden,19,102,7700,-2584,12160,423,-2539,1054
nicht_melden,19,103,8360,-2512,11316,505,-2471,1135
nicht_melden,19,104,8696,-2280,11336,443,-2178,1184
nicht_melden,19,105,8380,-2612,11888,404,-1990,1199
nicht_melden,19,106,8092,-2996,12632,428,-2044,1223
nicht_melden,19,107,7612,-3340,13188,484,-2255,1284
nicht_melden,19,108,7320,-3876,13516,693,-2730,1369
nicht_melden,19,109,7428,-4220,13552,922,-3196,1466
nicht_melden,19,110,7324,-4408,13084,1199,-3850,1544
nicht_melden,19,111,7260,-4304,12764,1542,-4576,1641
nicht_melden,19,112,7584,-4312,11836,1941,-5356,1766
nicht_melden,19,113,9068,-3884,10612,2326,-5910,1814
nicht_melden,19,114,10116,-3228,9472,2457,-5992,1770
nicht_melden,19,115,10932,-3112,8980,2411,-5731,1685
nicht_melden,19,116,12412,-2692,8488,2376,-5288,1532
nicht_melden,19,117,12628,-2296,8092,2200,-4450,1440
nicht_melden,19,118,12392,-1836,7912,2012,-3918,1359
nicht_melden,19,119,13420,-1184,7052,1893,-3366,1221
nicht_melden,19,120,14036,-1056,6708,1653,-2520,1065
nicht_melden,19,121,13744,-732,6340,1446,-1739,892
nicht_melden,19,122,13408,-748,6436,1389,-1279,797
nicht_melden,19,123,13260,-276,6352,1375,-1028,752
nicht_melden,19,124,12740,208,6460,1292,-792,678
nicht_melden,19,125,12464,216,7044,1385,-822,736
nicht_melden,19,126,13300,704,6692,1465,-761,794
nicht_melden,19,127,13248,1000,6560,1464,-574,851
nicht_melden,19,128,12956,860,6684,1434,-244,819
nicht_melden,19,129,12220,856,6316,1386,73,811
nicht_melden,19,130,12192,1236,6164,1305,141,749
nicht_melden,19,131,12992,1096,5912,1145,346,700
nicht_melden,19,132,13424,896,5064,1043,738,709
nicht_melden,19,133,12960,292,5368,1154,1350,756
nicht_melden,19,134,12156,316,4768,1066,1583,679
nicht_melden,19,135,11964,1208,5680,771,1915,482
nicht_melden,19,136,11976,1460,7176,454,2276,359
nicht_melden,19,137,11468,1364,8564,261,2284,342
nicht_melden,19,138,10580,1156,9260,366,1685,349
nicht_melden,19,139,10360,936,8044,454,1156,383
nicht_melden,19,140,10184,740,8152,686,533,423
nicht_melden,19,141,10176,1576,8576,915,-89,551
nicht_melden,19,142,9680,2004,7976,983,-381,666
nicht_melden,19,143,10976,3460,8196,1123,-737,740
nicht_melden,19,144,10484,6032,8384,698,-96,690
nicht_melden,19,145,8784,9408,9992,375,334,405
nicht_melden,19,146,9756,8724,11128,41,-284,16
nicht_melden,19,147,13128,4800,10976,-380,-265,-116
nicht_melden,19,148,13084,4336,10612,-475,-401,38
nicht_melden,19,149,14228,5420,10564,-436,-592,313
nicht_melden,19,150,14416,4244,11608,-623,-237,480
nicht_melden,19,151,12816,2784,9956,-234,-672,815
nicht_melden,19,152,11428,2628,8488,-367,-410,678
nicht_melden,19,153,11052,1332,7956,-379,-71,628
nicht_melden,19,154,9732,760,7460,-632,389,476
nicht_melden,19,155,9456,-808,7248,-642,459,272
nicht_melden,19,156,10072,-2252,6972,-602,639,81
nicht_melden,19,157,10524,-2968,6076,-404,743,-72
nicht_melden,19,158,11088,-3280,6508,-158,670,-247
nicht_melden,19,159,10944,-3332,8008,268,192,-371
nicht_melden,19,160,10028,-2348,8456,816,-656,-420
nicht_melden,19,161,13364,-684,10312,1045,-1076,-412
nicht_melden,19,162,14688,-784,11208,1089,-1011,-338
nicht_melden,19,163,13100,-804,11208,1187,-1238,-233
nicht_melden,19,164,13916,-712,10016,1185,-1186,-70
nicht_melden,19,165,13424,-776,9164,1004,-994,61
nicht_melden,19,166,15284,600,9568,656,-639,177
nicht_melden,19,167,14780,96,9960,326,-237,214
nicht_melden,19,168,13960,340,9828,98,-149,256
nicht_melden,19,169,13624,192,9452,-72,-71,310
nicht_melden,19,170,12136,-516,8400,-183,-77,317
nicht_melden,19,171,12592,772,8252,-347,-76,307
nicht_melden,19,172,12136,236,8348,-580,107,181
nicht_melden,19,173,11880,296,8548,-731,112,57
nicht_melden,19,174,12184,276,8840,-881,129,-56
nicht_melden,19,175,11472,-472,8488,-904,-33,-160
nicht_melden,19,176,12304,-456,8216,-821,-244,-171
nicht_melden,19,177,12068,-656,8484,-791,-238,-195
nicht_melden,19,178,12388,-292,9032,-796,-272,-212
nicht_melden,19,179,12364,-304,9600,-913,-88,-281
nicht_melden,19,180,11188,760,9816,-1072,90,-329
nicht_melden,19,181,12428,228,9244,-1039,98,-326
nicht_melden,19,182,11664,-108,9168,-1166,236,-383
nicht_melden,19,183,11544,-448,9276,-1220,248,-435
nicht_melden,19,184,11616,-448,9080,-1286,363,-438
nicht_melden,19,185,11424,-136,9364,-1334,478,-477
nicht_melden,19,186,11804,-384,8912,-1331,541,-511
nicht_melden,19,187,11460,-296,8840,-1277,486,-540
nicht_melden,19,188,11336,-236,9140,-1177,294,-529
nicht_melden,19,189,10888,-764,9228,-971,-130,-510
nicht_melden,19,190,11464,-824,8956,-787,-466,-480
nicht_melden,19,191,10940,-960,9416,-586,-847,-448
nicht_melden,19,192,10748,-876,9404,-337,-1383,-425
nicht_melden,19,193,11312,-1104,8816,-103,-1762,-406
nicht_melden,19,194,11560,-1320,8252,-37,-1834,-413
nicht_melden,19,195,12336,-1104,7996,107,-2002,-412
nicht_melden,19,196,12972,-968,7484,182,-1939,-398
nicht_melden,19,197,13444,-956,7000,209,-1767,-416
nicht_melden,19,198,14080,-588,6372,192,-1435,-428
nicht_melden,19,199,14796,-348,6368,98,-988,-428
nicht_melden,19,200,14696,-520,5964,17,-427,-438
nicht_melden,19,201,13476,-604,6064,-114,31,-491
nicht_melden,19,202,13144,-688,6256,-77,126,-527
nicht_melden,19,203,14188,-568,6320,-30,245,-511
nicht_melden,19,204,14244,-936,7268,-115,541,-474
nicht_melden,19,205,14384,-764,7564,45,432,-389
nicht_melden,19,206,14072,-488,7532,101,518,-327
nicht_melden,19,207,13020,-344,7112,135,515,-351
nicht_melden,19,208,12704,-240,7300,98,531,-375
nicht_melden,19,209,13444,44,7780,42,598,-362
nicht_melden,19,210,13860,-184,7188,57,711,-325
nicht_melden,19,211,13992,-100,7800,100,866,-286
nicht_melden,19,212,12916,548,7760,55,1062,-298
nicht_melden,19,213,11804,892,8340,-170,1317,-389
nicht_melden,19,214,10324,500,8444,-182,1203,-491
nicht_melden,19,215,12788,1428,9352,-344,1127,-524
nicht_melden,19,216,13192,348,9528,-431,1274,-480
nicht_melden,19,217,11652,708,8672,-389,1080,-488
nicht_melden,19,218,10504,172,8128,-359,895,-496
nicht_melden,19,219,12572,1656,9172,-454,667,-538
nicht_melden,19,220,13876,644,9636,-489,728,-388
nicht_melden,19,221,12924,744,8932,-537,803,-302
nicht_melden,19,222,12792,1056,9016,-694,923,-226
nicht_melden,19,223,13284,744,9668,-874,1171,-129
nicht_melden,19,224,14188,488,9264,-951,1575,-19
nicht_melden,19,225,14772,1096,7952,-1112,2254,-17
nicht_melden,19,226,14884,1068,6928,-1379,3394,-70
nicht_melden,19,227,15252,664,6616,-1863,4786,-194
nicht_melden,19,228,15312,676,6896,-2626,6379,-307
nicht_melden,19,229,16000,884,9032,-3258,7659,-342
nicht_melden,19,230,13968,788,12112,-3528,8016,-217
nicht_melden,19,231,13492,596,13592,-3435,7593,115
nicht_melden,19,232,12708,-848,12860,-3085,6907,458
nicht_melden,19,233,12544,-2720,12508,-2937,6755,757
nicht_melden,19,234,11536,-3772,12788,-2957,6958,985
nicht_melden,19,235,12160,-3260,13320,-2980,7163,1293
nicht_melden,19,236,11216,-3088,13596,-2996,7278,1640
nicht_melden,19,237,9404,-3832,13756,-2983,6930,1856
nicht_melden,19,238,10000,-5804,13196,-3001,6473,2130
nicht_melden,19,239,9928,-7376,12324,-2666,6195,2432
nicht_melden,19,240,10228,-5864,10220,-2550,6734,2668
nicht_melden,19,241,8292,-5420,10468,-2896,7272,2711
nicht_melden,19,242,5340,-5712,11216,-3032,6949,2806
nicht_melden,19,243,4776,-6468,12368,-2961,6396,3033
nicht_melden,19,244,3656,-6644,12960,-2776,5698,3365
nicht_melden,19,245,2300,-6488,13328,-2609,4866,3611
nicht_melden,19,246,1448,-7112,12500,-2395,4042,3671
nicht_melden,19,247,492,-7208,11248,-2043,3157,3622
nicht_melden,19,248,-536,-7796,10056,-1715,2523,3528
nicht_melden,19,249,-1212,-7752,8272,-1238,2021,3466
nicht_melden,19,250,-1448,-7092,7264,-862,1649,3480
nicht_melden,19,251,-2056,-6840,6436,-539,1624,3358
nicht_melden,19,252,-1840,-6488,6372,-317,1615,3242
nicht_melden,19,253,-2192,-6248,6632,-173,1708,3040
nicht_melden,19,254,-1880,-5900,6640,-252,1979,2758
nicht_melden,19,255,-2392,-5984,6904,-278,2239,2378
nicht_melden,19,256,-4220,-5792,7536,-219,2293,1998
nicht_melden,19,257,-6804,-6232,7688,59,2137,1635
nicht_melden,19,258,-7964,-6608,8644,629,1796,1334
nicht_melden,19,259,-8716,-5964,9296,1160,1367,1059
nicht_melden,19,260,-8552,-3452,12044,1398,1091,811
nicht_melden,19,261,-8892,136,15760,1147,932,589
nicht_melden,19,262,-9772,980,18772,945,176,259
nicht_melden,19,263,-12948,1324,21800,1189,-1837,4
nicht_melden,19,264,-13112,2660,21700,1868,-5008,30
nicht_melden,19,265,-13552,3036,20584,2465,-8153,66
nicht_melden,19,266,-11240,3444,20788,2708,-10744,116
nicht_melden,19,267,-8572,3004,21268,2594,-12489,258
nicht_melden,19,268,-6952,3216,18212,2192,-13391,234
nicht_melden,19,269,-5536,2796,15772,1580,-13447,82
nicht_melden,19,270,-3164,2216,12784,988,-13024,-162
nicht_melden,19,271,1848,2024,9748,327,-11985,-381
nicht_melden,19,272,5812,1096,9652,-383,-10425,-531
nicht_melden,19,273,6096,280,9648,-1044,-8785,-811
nicht_melden,19,274,4692,148,9876,-1666,-7369,-1203
nicht_melden,19,275,3884,-656,10676,-1941,-6534,-1513
nicht_melden,19,276,4732,-1616,10392,-2219,-5795,-1898
nicht_melden,19,277,5360,-2100,9924,-2531,-5032,-2267
nicht_melden,19,278,4576,-3204,10364,-2764,-4507,-2577
nicht_melden,19,279,4816,-3720,9704,-2828,-4199,-2864
nicht_melden,19,280,4996,-4252,9252,-2799,-3980,-3066
nicht_melden,19,281,6340,-3800,8664,-2729,-3930,-3300
nicht_melden,19,282,7792,-3856,8564,-2572,-3950,-3370
nicht_melden,19,283,8360,-3620,7808,-2291,-4066,-3215
nicht_melden,19,284,8604,-4192,6900,-2034,-4064,-3187
nicht_melden,19,285,9272,-4504,6116,-1946,-3804,-3364
nicht_melden,19,286,9256,-4876,5880,-1876,-3454,-3547
nicht_melden,19,287,9128,-5232,6380,-1828,-3102,-3736
nicht_melden,19,288,8584,-5204,6520,-1500,-3318,-3793
nicht_melden,19,289,9488,-4212,6720,-1110,-3809,-3773
nicht_melden,19,290,11104,-3724,6252,-809,-4180,-3689
nicht_melden,19,291,13040,-2996,3820,-673,-4118,-3623
nicht_melden,19,292,15336,-2196,1200,-657,-3548,-3592
nicht_melden,19,293,17616,-1836,-800,-1014,-1943,-3576
nicht_melden,19,294,19028,-1508,-1228,-1546,36,-3600
nicht_melden,19,295,19208,-1508,-600,-2153,2150,-3771
nicht_melden,19,296,17808,-1904,1508,-2520,3615,-3848
nicht_melden,19,297,15240,-1876,4100,-2409,3906,-3749
nicht_melden,19,298,14664,-820,5868,-1846,3001,-3465
nicht_melden,19,299,14672,-340,6724,-1084,1516,-3020
nicht_melden,20,0,884,-1876,13588,-169,61,-92
nicht_melden,20,1,780,-1872,13500,-171,66,-83
nicht_melden,20,2,952,-1824,13452,-167,63,-72
nicht_melden,20,3,908,-1756,13396,-150,71,-62
nicht_melden,20,4,924,-1684,13572,-158,96,-61
nicht_melden,20,5,928,-1540,13432,-165,133,-66
nicht_melden,20,6,740,-1596,13616,-163,153,-80
nicht_melden,20,7,812,-1656,13572,-161,163,-86
nicht_melden,20,8,764,-1708,13616,-150,164,-95
nicht_melden,20,9,748,-1812,13480,-145,155,-89
nicht_melden,20,10,580,-1920,13672,-136,122,-91
nicht_melden,20,11,460,-2080,13644,-106,-4,-68
nicht_melden,20,12,824,-2012,13384,-125,23,-89
nicht_melden,20,13,908,-2032,13536,-137,50,-73
nicht_melden,20,14,736,-1960,13508,-147,50,-88
nicht_melden,20,15,688,-2016,13608,-157,54,-86
nicht_melden,20,16,784,-1888,13640,-172,66,-97
nicht_melden,20,17,752,-1848,13704,-182,75,-109
nicht_melden,20,18,788,-1816,13436,-190,102,-115
nicht_melden,20,19,880,-1668,13580,-191,111,-119
nicht_melden,20,20,844,-1720,13628,-208,155,-126
nicht_melden,20,21,864,-1732,13608,-188,180,-124
nicht_melden,20,22,628,-1648,13380,-209,168,-150
nicht_melden,20,23,744,-1624,13464,-233,246,-158
nicht_melden,20,24,504,-1840,13604,-211,197,-161
nicht_melden,20,25,572,-1932,13936,-248,181,-205
nicht_melden,20,26,180,-2160,13668,-247,105,-266
nicht_melden,20,27,524,-2028,13712,-226,20,-270
nicht_melden,20,28,1200,-1928,13488,-142,66,-215
nicht_melden,20,29,868,-2016,13660,-142,180,-160
nicht_melden,20,30,532,-2328,13612,-92,97,-218
nicht_melden,20,31,664,-2224,13452,-60,102,-215
nicht_melden,20,32,648,-1916,13504,-55,125,-226
nicht_melden,20,33,548,-1988,13540,-38,143,-248
nicht_melden,20,34,612,-1656,13636,-35,161,-261
nicht_melden,20,35,668,-1232,13688,-31,201,-272
nicht_melden,20,36,660,-1312,13704,23,124,-244
nicht_melden,20,37,1000,-1252,13720,-50,307,-306
nicht_melden,20,38,592,-1500,13056,-73,407,-314
nicht_melden,20,39,228,-1888,12372,-1,329,-223
nicht_melden,20,40,384,-1460,13260,20,256,-209
nicht_melden,20,41,812,-904,13792,17,359,-198
nicht_melden,20,42,760,248,16268,-98,527,-206
nicht_melden,20,43,808,-424,15112,-260,862,-404
nicht_melden,20,44,484,-1340,13372,-275,938,-488
nicht_melden,20,45,572,-1960,12628,-197,778,-407
nicht_melden,20,46,-628,-1828,12692,-134,199,-293
nicht_melden,20,47,-1016,-1968,13796,-159,-372,-78
nicht_melden,20,48,-884,-240,14392,-55,-785,-62
nicht_melden,20,49,-2160,-1084,13772,358,-1713,-39
nicht_melden,20,50,-1348,196,12836,398,-2582,91
nicht_melden,20,51,-1564,2952,16428,126,-2656,356
nicht_melden,20,52,-1360,192,16160,419,-3758,232
nicht_melden,20,53,2088,36,12848,484,-3868,436
nicht_melden,20,54,1108,264,13248,312,-3473,259
nicht_melden,20,55,2652,280,12700,171,-2818,74
nicht_melden,20,56,3420,704,12508,-51,-2006,38
nicht_melden,20,57,4436,1644,14932,-415,-1250,5
nicht_melden,20,58,3932,1696,16412,-949,-870,-43
nicht_melden,20,59,2372,-172,16236,-1341,-641,-169
nicht_melden,20,60,416,-2288,15640,-1683,-475,-504
nicht_melden,20,61,-1860,-3984,13360,-1810,-405,-895
nicht_melden,20,62,-1940,-4404,13528,-1753,-140,-1301
nicht_melden,20,63,-32,-3768,15836,-2062,198,-1703
nicht_melden,20,64,-152,-4092,17212,-2520,290,-2091
nicht_melden,20,65,-936,-4764,17540,-2790,103,-2539
nicht_melden,20,66,-1264,-4980,17016,-2988,-318,-2948
nicht_melden,20,67,-1144,-5524,16540,-2966,-880,-3246
nicht_melden,20,68,-672,-5988,15892,-2943,-1329,-3504
nicht_melden,20,69,-884,-6212,14880,-2870,-1854,-3662
nicht_melden,20,70,-484,-5820,14556,-2673,-2361,-3846
nicht_melden,20,71,1192,-4912,13500,-2802,-2380,-4089
nicht_melden,20,72,700,-4784,13736,-3042,-2267,-4360
nicht_melden,20,73,636,-4524,13808,-3214,-2478,-4623
nicht_melden,20,74,1048,-5140,13120,-3416,-2640,-4815
nicht_melden,20,75,1672,-5164,12168,-3312,-2930,-4989
nicht_melden,20,76,1040,-4944,12584,-3418,-3104,-5180
nicht_melden,20,77,1400,-4956,12016,-3547,-3155,-5551
nicht_melden,20,78,1956,-4212,12444,-3644,-3151,-5780
nicht_melden,20,79,1536,-4180,12864,-3857,-3143,-6108
nicht_melden,20,80,1848,-4092,11888,-4016,-3144,-6478
nicht_melden,20,81,2836,-4128,10812,-4156,-3178,-6722
nicht_melden,20,82,3944,-4636,10020,-4106,-3416,-6699
nicht_melden,20,83,4740,-4848,9588,-3884,-3852,-6481
nicht_melden,20,84,5700,-5448,9096,-3570,-4324,-6046
nicht_melden,20,85,5388,-6056,9828,-3026,-5182,-5427
nicht_melden,20,86,6108,-6044,10012,-2410,-6137,-4686
nicht_melden,20,87,5560,-5680,11028,-1681,-7406,-3907
nicht_melden,20,88,5312,-4324,11516,-835,-8849,-3124
nicht_melden,20,89,5708,-3284,11108,6,-10339,-2306
nicht_melden,20,90,6036,-1512,10072,698,-11917,-1725
nicht_melden,20,91,8328,468,7880,1115,-13006,-1228
nicht_melden,20,92,10840,992,5016,1347,-13447,-839
nicht_melden,20,93,13288,1608,2572,1155,-13072,-602
nicht_melden,20,94,14848,1476,208,1021,-12509,-423
nicht_melden,20,95,16100,880,-2024,1082,-12061,-189
nicht_melden,20,96,16884,220,-4092,1122,-11384,4
nicht_melden,20,97,16660,-284,-6028,1120,-10574,122
nicht_melden,20,98,16864,-140,-7288,1208,-9880,150
nicht_melden,20,99,16976,-492,-8260,1241,-9200,216
nicht_melden,20,100,17976,-1260,-10000,1344,-8639,231
nicht_melden,20,101,21176,-588,-13368,1308,-7423,128
nicht_melden,20,102,21800,-1008,-14708,1060,-5186,4
nicht_melden,20,103,21612,-800,-15968,799,-2885,-164
nicht_melden,20,104,22448,-936,-16624,359,-323,-440
nicht_melden,20,105,21836,-1200,-15848,152,1867,-626
nicht_melden,20,106,23312,-868,-15948,213,3346,-694
nicht_melden,20,107,23080,-1240,-14952,103,5245,-613
nicht_melden,20,108,21776,-1540,-13312,172,6534,-431
nicht_melden,20,109,22112,-1140,-11956,285,7539,-188
nicht_melden,20,110,21140,-1788,-9736,139,8873,90
nicht_melden,20,111,19940,-2380,-7292,40,9644,406
nicht_melden,20,112,20160,-2776,-5424,169,9669,880
nicht_melden,20,113,19120,-4012,-2828,241,9531,1488
nicht_melden,20,114,18240,-4860,-296,534,8606,2098
nicht_melden,20,115,18832,-5176,1296,946,7309,2765
nicht_melden,20,116,18788,-6524,2452,1386,6136,3469
nicht_melden,20,117,18260,-7136,2352,2093,4682,4086
nicht_melden,20,118,18304,-7504,2796,2505,3809,4640
nicht_melden,20,119,17528,-7176,3672,2779,2869,5102
nicht_melden,20,120,16108,-7276,4224,3084,1674,5507
nicht_melden,20,121,16080,-7140,4172,3629,426,5981
nicht_melden,20,122,16696,-7404,3828,4418,-541,6542
nicht_melden,20,123,16288,-6756,2676,4893,-880,6944
nicht_melden,20,124,16396,-6580,1640,4951,-744,7037
nicht_melden,20,125,15832,-6244,1628,4820,-516,7091
nicht_melden,20,126,14892,-6256,2292,4817,-604,7171
nicht_melden,20,127,14520,-6300,1940,5059,-673,7272
nicht_melden,20,128,15456,-5580,992,5232,-9,7395
nicht_melden,20,129,16628,-6756,1156,5627,455,7433
nicht_melden,20,130,12396,-3744,2888,5233,1244,7676
nicht_melden,20,131,11620,-3724,3832,5135,1571,7673
nicht_melden,20,132,11884,-3760,5272,5026,1826,7781
nicht_melden,20,133,11324,-3580,7000,5031,1907,8005
nicht_melden,20,134,10464,-3316,8856,5138,1572,8353
nicht_melden,20,135,11368,-3184,9904,5387,761,8508
nicht_melden,20,136,11884,-1684,11116,5397,482,8755
nicht_melden,20,137,12800,-556,12420,5474,267,8940
nicht_melden,20,138,11912,256,13300,5299,259,8904
nicht_melden,20,139,10632,1036,12616,4976,243,8825
nicht_melden,20,140,9628,672,12616,4677,127,8880
nicht_melden,20,141,7408,-40,12856,4581,-579,9024
nicht_melden,20,142,5996,-1568,11636,4966,-1965,9344
nicht_melden,20,143,7712,-2252,10780,5682,-3434,9711
nicht_melden,20,144,9856,-1520,9716,6400,-4607,9887
nicht_melden,20,145,10124,-240,10192,6860,-5140,9899
nicht_melden,20,146,8824,1488,12188,6758,-5061,9599
nicht_melden,20,147,8960,2016,13008,6408,-4717,9232
nicht_melden,20,148,10436,1072,13480,5895,-4051,8967
nicht_melden,20,149,10700,-748,13160,5494,-3520,8772
nicht_melden,20,150,11148,-1876,12868,5233,-3210,8669
nicht_melden,20,151,10356,-2744,12284,5186,-3079,8659
nicht_melden,20,152,9344,-2328,11300,5536,-3207,8661
nicht_melden,20,153,9556,-1840,10956,5835,-3090,8685
nicht_melden,20,154,9296,-1432,11576,6008,-2825,8623
nicht_melden,20,155,8228,-876,12992,6078,-3002,8408
nicht_melden,20,156,7376,-620,13864,6155,-3072,8311
nicht_melden,20,157,5900,500,14276,6116,-3433,7981
nicht_melden,20,158,5208,1844,15132,6091,-3908,7711
nicht_melden,20,159,4904,1736,15708,6025,-4407,7473
nicht_melden,20,160,-1320,-276,13464,6336,-4746,6846
nicht_melden,20,161,-7296,192,16784,5822,-6290,5819
nicht_melden,20,162,-7812,1200,11440,6967,-10038,4977
nicht_melden,20,163,-3208,4368,15184,7386,-12259,4293
nicht_melden,20,164,7512,7884,12544,6165,-11527,3378
nicht_melden,20,165,12168,7908,12200,2848,-5780,2105
nicht_melden,20,166,9024,5028,14468,1117,-3607,779
nicht_melden,20,167,13184,6664,15584,525,-3869,758
nicht_melden,20,168,16436,5572,14740,60,-3732,1124
nicht_melden,20,169,15876,3464,12496,-427,-3013,1100
nicht_melden,20,170,14232,2664,11028,-845,-2300,1014
nicht_melden,20,171,13480,2020,11920,-1374,-1421,931
nicht_melden,20,172,12884,924,12040,-1867,-481,760
nicht_melden,20,173,10232,144,13400,-2475,683,439
nicht_melden,20,174,10064,756,12512,-3093,1641,173
nicht_melden,20,175,9032,-800,11168,-3668,2905,-124
nicht_melden,20,176,11288,-1596,9828,-3678,3226,-217
nicht_melden,20,177,12060,-3980,7868,-3367,3454,-175
nicht_melden,20,178,11552,-4644,8168,-2890,3213,8
nicht_melden,20,179,13748,-2668,8444,-2628,3209,340
nicht_melden,20,180,15348,-900,9136,-2865,4166,728
nicht_melden,20,181,15104,-1220,11448,-3749,6525,794
nicht_melden,20,182,8512,-4556,12416,-4210,7629,627
nicht_melden,20,183,5644,-8204,12188,-3597,6349,768
nicht_melden,20,184,4732,-8656,11812,-3142,5078,983
nicht_melden,20,185,3848,-9992,11000,-2213,3360,1290
nicht_melden,20,186,4364,-8248,11272,-1724,1775,1415
nicht_melden,20,187,5744,-9344,9360,-1008,638,1460
nicht_melden,20,188,8048,-8940,9068,-607,205,1564
nicht_melden,20,189,10288,-9172,8764,-465,581,1703
nicht_melden,20,190,11176,-9368,7252,-248,1458,2014
nicht_melden,20,191,6688,-11136,9524,298,1426,2228
nicht_melden,20,192,2576,-8252,12676,892,-293,2417
nicht_melden,20,193,3232,-6600,10944,1484,-1443,2736
nicht_melden,20,194,1608,-5376,11820,1713,-2415,2779
nicht_melden,20,195,6100,-4752,10404,1267,-1935,2673
nicht_melden,20,196,10172,-3180,11184,303,89,2364
nicht_melden,20,197,10812,-3556,12964,-314,1778,2405
nicht_melden,20,198,5840,-7632,17004,-441,325,2525
nicht_melden,20,199,9508,-4956,14824,-393,-800,2996
nicht_melden,20,200,6384,-8476,15520,-1569,1680,2976
nicht_melden,20,201,-4328,-13656,12844,-677,-971,2658
nicht_melden,20,202,1348,-10916,8512,46,-2818,2817
nicht_melden,20,203,5516,-8276,8724,168,-2565,3022
nicht_melden,20,204,-156,-9916,15984,29,-2931,2949
nicht_melden,20,205,4788,-10144,10036,918,-4978,2989
nicht_melden,20,206,11024,-8256,10016,-102,-2458,3220
nicht_melden,20,207,3892,-10204,11348,-54,-2123,2922
nicht_melden,20,208,1620,-8712,9452,-148,-1955,2615
nicht_melden,20,209,1400,-8576,8836,-159,-1621,2383
nicht_melden,20,210,-1332,-10448,8812,378,-1789,2097
nicht_melden,20,211,-1096,-10100,8152,1499,-3634,1878
nicht_melden,20,212,1320,-9944,6412,2468,-5114,1807
nicht_melden,20,213,2432,-11060,4476,3654,-6709,1973
nicht_melden,20,214,5692,-10000,1992,4966,-8779,2105
nicht_melden,20,215,11568,-8728,-1900,6041,-9753,2285
nicht_melden,20,216,12164,-8496,-212,6715,-9310,2319
nicht_melden,20,217,13864,-5652,-2064,6874,-7689,2216
nicht_melden,20,218,9296,-4600,2628,5998,-4922,1554
nicht_melden,20,219,7804,1636,12392,4892,-3913,889
nicht_melden,20,220,11980,3948,11824,3619,-2265,510
nicht_melden,20,221,13980,6056,20420,2534,-2395,317
nicht_melden,20,222,16544,8824,23364,1185,-2332,479
nicht_melden,20,223,17896,5572,13372,-658,-100,204
nicht_melden,20,224,15692,732,12256,-1568,1086,413
nicht_melden,20,225,10972,-3900,8420,-1963,1686,423
nicht_melden,20,226,12900,-3452,4044,-2111,2662,348
nicht_melden,20,227,15824,-4044,2092,-2797,5042,409
nicht_melden,20,228,14024,-6036,4300,-3185,6870,427
nicht_melden,20,229,3244,-10624,9480,-3421,7164,-62
nicht_melden,20,230,-3048,-11548,9452,-2066,3698,-139
nicht_melden,20,231,1452,-8736,6980,-1135,1619,281
nicht_melden,20,232,3656,-5948,6616,-916,1109,367
nicht_melden,20,233,5536,-4228,5280,-963,1460,115
nicht_melden,20,234,1968,-5112,5296,-1160,1922,-444
nicht_melden,20,235,5516,-4364,2272,-1270,3065,-1065
nicht_melden,20,236,3180,-4668,8640,-2053,4863,-1787
nicht_melden,20,237,1204,-6408,9164,-1968,4878,-2460
nicht_melden,20,238,4576,-9052,11412,-1509,3752,-2720
nicht_melden,20,239,6640,-10200,12048,-929,2560,-2565
nicht_melden,20,240,8248,-12040,13748,-119,886,-2190
nicht_melden,20,241,9940,-12428,16180,968,-1389,-1558
nicht_melden,20,242,10412,-11504,21112,1434,-2578,-814
nicht_melden,20,243,10056,-10440,26196,1365,-3281,-226
nicht_melden,20,244,13552,-10192,23160,1227,-3089,561
nicht_melden,20,245,13000,-10504,19128,927,-1724,988
nicht_melden,20,246,11228,-11004,16936,1240,-1738,1045
nicht_melden,20,247,12284,-11956,14752,1647,-1559,1275
nicht_melden,20,248,11984,-10284,12664,1956,-1299,1512
nicht_melden,20,249,10384,-8908,12336,1849,-594,1539
nicht_melden,20,250,8364,-8508,12212,2157,-868,1609
nicht_melden,20,251,7468,-8416,12084,2645,-1821,1782
nicht_melden,20,252,6780,-7284,13340,3055,-2876,1951
nicht_melden,20,253,7380,-5176,14720,3319,-4160,2195
nicht_melden,20,254,12180,-4728,11696,3169,-4435,2627
nicht_melden,20,255,12236,-3876,9984,2465,-3289,2801
nicht_melden,20,256,11188,-3876,8392,1845,-2393,2976
nicht_melden,20,257,11444,-3724,6796,1707,-2262,3321
nicht_melden,20,258,10232,-2288,5544,1618,-2081,3723
nicht_melden,20,259,5712,-3080,3168,947,-608,3209
nicht_melden,20,260,936,-1616,2308,-117,1650,2348
nicht_melden,20,261,-3932,-792,3236,-720,2061,1403
nicht_melden,20,262,-4804,-1160,3588,-487,968,669
nicht_melden,20,263,-4044,492,2932,-157,-505,-13
nicht_melden,20,264,2456,1776,2812,204,-1843,-224
nicht_melden,20,265,5344,1180,4232,260,-2515,-456
nicht_melden,20,266,6812,2664,5296,-219,-2450,-835
nicht_melden,20,267,9524,3484,6684,-1009,-1465,-1223
nicht_melden,20,268,10292,1700,8100,-1706,-499,-1567
nicht_melden,20,269,11964,72,10064,-2481,595,-1858
nicht_melden,20,270,12384,-632,11160,-2998,1548,-2078
nicht_melden,20,271,13012,-580,10776,-3430,2469,-2277
nicht_melden,20,272,15644,-960,8504,-4312,5300,-2349
nicht_melden,20,273,14448,-3788,11232,-4959,7265,-3012
nicht_melden,20,274,16724,-4752,10352,-5110,8777,-3161
nicht_melden,20,275,13040,-9844,11232,-5414,10875,-3423
nicht_melden,20,276,9160,-13240,13188,-4804,10425,-3479
nicht_melden,20,277,7168,-16672,15856,-3597,8695,-3064
nicht_melden,20,278,220,-21180,18788,-1948,5212,-2520
nicht_melden,20,279,-2472,-20848,19624,934,-1632,-1573
nicht_melden,20,280,10496,-16432,14716,2066,-3915,-218
nicht_melden,20,281,14412,-14220,15992,2425,-4406,885
nicht_melden,20,282,12716,-12180,14396,2523,-4307,1416
nicht_melden,20,283,10576,-11428,10360,2406,-3458,1569
nicht_melden,20,284,8720,-10048,8992,2106,-2292,1466
nicht_melden,20,285,6532,-8748,9556,1884,-1598,1426
nicht_melden,20,286,5760,-6624,11260,2239,-2537,1631
nicht_melden,20,287,6948,-5108,11436,2430,-3350,1954
nicht_melden,20,288,7404,-3324,11800,2312,-4115,2175
nicht_melden,20,289,10660,-2024,10256,2034,-4251,2354
nicht_melden,20,290,9996,-920,8584,1024,-2652,2192
nicht_melden,20,291,4368,-2136,6976,28,-673,1518
nicht_melden,20,292,-836,-2152,5728,-542,524,650
nicht_melden,20,293,-1792,-1232,5324,-689,850,43
nicht_melden,20,294,3444,-840,3752,-159,-317,10
nicht_melden,20,295,4216,-2796,4460,-222,-207,-274
nicht_melden,20,296,4016,-1812,6740,189,-1506,-403
nicht_melden,20,297,5872,-2476,8408,454,-2717,-463
nicht_melden,20,298,6196,-4516,10628,353,-3304,-425
nicht_melden,20,299,8612,-3192,11960,-38,-3538,-325
