label,trial,t,ax,ay,az,gx,gy,gz
meldung,1,0,-12592,-4568,6132,-113,15,5
meldung,1,1,-12364,-4400,6268,-113,-2,9
meldung,1,2,-12504,-4336,6024,-103,9,14
meldung,1,3,-12448,-4476,6316,-112,50,31
meldung,1,4,-12308,-4484,6348,-119,102,47
meldung,1,5,-12496,-4332,6356,-141,121,35
meldung,1,6,-12720,-4540,6508,-173,107,14
meldung,1,7,-12560,-4500,6520,-212,117,-4
meldung,1,8,-12308,-4632,6496,-259,186,4
meldung,1,9,-12276,-4552,6524,-296,267,18
meldung,1,10,-12272,-4620,6452,-335,308,6
meldung,1,11,-12368,-4728,6456,-378,389,-2
meldung,1,12,-12356,-4616,6432,-437,538,-19
meldung,1,13,-12836,-4748,6896,-544,713,-48
meldung,1,14,-13284,-4944,6900,-675,823,-176
meldung,1,15,-13452,-5536,7328,-787,991,-308
meldung,1,16,-13820,-6912,7848,-858,1521,-384
meldung,1,17,-13196,-6168,6920,-1004,1836,-495
meldung,1,18,-13796,-9136,8308,-493,2353,-662
meldung,1,19,-15440,-8712,7836,-429,2985,-713
meldung,1,20,-18148,-6712,8196,-454,3418,-878
meldung,1,21,-21444,-10420,8544,-407,3645,-1311
meldung,1,22,-25824,-10956,12100,429,3357,-2157
meldung,1,23,-27900,-13484,12656,528,2947,-2579
meldung,1,24,-30496,-18724,13716,488,2316,-3312
meldung,1,25,-28624,-19208,12940,556,1413,-3808
meldung,1,26,-24528,-20936,9380,921,605,-3948
meldung,1,27,-24408,-22188,10432,1519,410,-3628
meldung,1,28,-24368,-20420,9464,1828,908,-2680
meldung,1,29,-24976,-19324,8704,2077,1905,-1537
meldung,1,30,-27144,-17524,7660,2316,2899,-289
meldung,1,31,-29344,-15332,7172,2578,3786,891
meldung,1,32,-32108,-13196,6160,2639,4421,2293
meldung,1,33,-32768,-10640,5656,2644,4611,3419
meldung,1,34,-32768,-8620,5808,2411,3920,4348
meldung,1,35,-32768,-4784,5528,1987,2984,5018
meldung,1,36,-32768,-11912,6384,1542,1322,6044
meldung,1,37,-32396,-6784,5136,1748,413,6922
meldung,1,38,-29480,-5816,4308,1773,-164,7448
meldung,1,39,-26668,-4336,4124,1776,-558,7842
meldung,1,40,-24308,-2968,3756,1645,-853,8043
meldung,1,41,-21668,-1300,3288,1543,-1049,8136
meldung,1,42,-20152,-20,2860,1510,-1166,8237
meldung,1,43,-18116,1932,2156,1552,-1321,8500
meldung,1,44,-17460,2644,1724,1459,-1457,8850
meldung,1,45,-16344,3752,624,1401,-1572,9126
meldung,1,46,-15236,4516,1324,1224,-1920,9701
meldung,1,47,-13188,3824,420,957,-2246,10214
meldung,1,48,-11732,3344,400,713,-2447,10592
meldung,1,49,-10392,1784,-88,299,-2721,10862
meldung,1,50,-8808,500,-372,94,-3154,10853
meldung,1,51,-7556,-776,-1000,-112,-3515,10551
meldung,1,52,-6848,-1876,-1468,-302,-4017,9972
meldung,1,53,-5744,-2208,-1616,-572,-4794,9192
meldung,1,54,-3912,-2900,-2968,-781,-5144,8330
meldung,1,55,-2236,-3424,-3344,-825,-5564,7701
meldung,1,56,-24,-4180,-4500,-763,-5671,7278
meldung,1,57,1732,-3900,-4964,-487,-5486,7018
meldung,1,58,3504,-3196,-4872,-309,-5042,6910
meldung,1,59,4708,-2780,-4052,33,-4524,6877
meldung,1,60,5296,-2068,-3848,288,-3932,6856
meldung,1,61,4552,-1600,-3044,534,-3536,6770
meldung,1,62,3620,-760,-2584,539,-3358,6443
meldung,1,63,2956,48,-1956,342,-3438,5873
meldung,1,64,2588,1296,-2024,-18,-3509,5153
meldung,1,65,3680,1680,-1684,-458,-3600,4541
meldung,1,66,5384,2436,-1556,-856,-3392,4175
meldung,1,67,6444,2808,-856,-941,-2956,4021
meldung,1,68,7364,3344,-436,-1095,-2335,4141
meldung,1,69,7244,3808,308,-924,-1687,4364
meldung,1,70,5844,4896,1496,-623,-1098,4431
meldung,1,71,5336,6464,2276,-403,-670,4374
meldung,1,72,4404,8036,3600,-420,-335,4038
meldung,1,73,4284,8968,3836,-741,-85,3561
meldung,1,74,4908,9300,4244,-1273,251,2996
meldung,1,75,5424,9828,4752,-2020,672,2674
meldung,1,76,5676,7184,5700,-2848,1032,2702
meldung,1,77,6036,6880,5924,-2285,1095,2517
meldung,1,78,6032,8168,6380,-1938,1209,2376
meldung,1,79,5480,6380,7576,-1101,1262,2359
meldung,1,80,4104,6936,7728,46,1400,2032
meldung,1,81,2264,8364,7992,595,1707,1632
meldung,1,82,884,9456,8276,586,1903,1313
meldung,1,83,-136,10800,8356,200,2002,1119
meldung,1,84,-1468,11040,8344,-171,1834,975
meldung,1,85,-1560,11004,8452,-87,1456,590
meldung,1,86,-1088,11140,8480,288,911,62
meldung,1,87,-328,9904,7892,702,-45,166
meldung,1,88,20,11676,7748,321,110,-300
meldung,1,89,1452,11760,7564,513,172,-437
meldung,1,90,1396,12692,7172,313,368,-272
meldung,1,91,848,11764,7028,282,570,-259
meldung,1,92,528,12544,7068,40,627,-244
meldung,1,93,320,12312,7136,13,567,-383
meldung,1,94,124,11932,7212,79,441,-605
meldung,1,95,-220,11432,7280,252,329,-892
meldung,1,96,320,13672,6508,-318,269,-712
meldung,1,97,284,12460,6704,-186,322,-856
meldung,1,98,348,12540,6340,-292,348,-867
meldung,1,99,224,11180,6372,-138,356,-834
meldung,1,100,0,11196,6436,5,431,-779
meldung,1,101,-392,11288,6360,196,466,-752
meldung,1,102,-832,12052,6420,299,442,-727
meldung,1,103,-972,12428,6308,437,357,-807
meldung,1,104,-872,12532,6308,453,321,-844
meldung,1,105,-692,12928,6192,432,393,-897
meldung,1,106,-808,13112,6160,359,521,-907
meldung,1,107,-836,13276,6196,119,696,-798
meldung,1,108,-1340,13280,6452,8,863,-665
meldung,1,109,-2124,13324,6696,-69,933,-563
meldung,1,110,-2820,13328,6880,-175,867,-501
meldung,1,111,-3288,13132,7176,-327,684,-500
meldung,1,112,-3500,12836,7256,-426,485,-537
meldung,1,113,-3276,12508,7308,-523,307,-547
meldung,1,114,-3028,12260,7396,-614,215,-517
meldung,1,115,-2680,12208,7300,-643,191,-464
meldung,1,116,-2468,12036,7476,-645,214,-373
meldung,1,117,-2408,12056,7504,-590,251,-281
meldung,1,118,-2508,12028,7692,-521,264,-222
meldung,1,119,-2644,11928,7656,-463,227,-181
meldung,1,120,-2596,11936,8020,-451,170,-147
meldung,1,121,-2544,11852,7944,-460,120,-136
meldung,1,122,-2320,11728,8116,-448,96,-167
meldung,1,123,-2064,11516,8332,-441,114,-154
meldung,1,124,-2064,11356,8200,-389,174,-104
meldung,1,125,-2376,11212,8408,-322,208,-31
meldung,1,126,-2596,11240,8596,-257,193,34
meldung,1,127,-2884,11316,8616,-214,130,88
meldung,1,128,-3000,11344,8696,-171,28,98
meldung,1,129,-2784,11528,8668,-152,-89,108
meldung,1,130,-2340,11448,8364,-169,-133,116
meldung,1,131,-2024,11492,8428,-162,-143,97
meldung,1,132,-2056,11696,8512,-179,-104,85
meldung,1,133,-1968,11740,8320,-181,-84,68
meldung,1,134,-1980,11864,8380,-200,-71,47
meldung,1,135,-1984,11828,8360,-225,-94,-1
meldung,1,136,-1984,11840,8316,-249,-94,-56
meldung,1,137,-1896,11900,8348,-264,-119,-93
meldung,1,138,-1872,11636,8388,-291,-129,-94
meldung,1,139,-1804,11368,8292,-272,-117,-73
meldung,1,140,-1732,11388,8392,-223,-97,-20
meldung,1,141,-1736,11416,8276,-179,-61,35
meldung,1,142,-1728,11452,8328,-150,-33,61
meldung,1,143,-1928,11420,8356,-126,-24,45
meldung,1,144,-1668,11616,8232,-122,-10,11
meldung,1,145,-1864,11708,8120,-132,-13,-27
meldung,1,146,-1928,11712,8208,-163,-40,-61
meldung,1,147,-1944,11780,8348,-194,-82,-87
meldung,1,148,-1856,11720,8116,-222,-85,-107
meldung,1,149,-1748,11732,8252,-231,-92,-122
meldung,1,150,-1700,11652,8368,-248,-99,-121
meldung,1,151,-1656,11700,8172,-249,-82,-114
meldung,1,152,-1488,11380,8056,-227,-76,-98
meldung,1,153,-1332,11404,8284,-202,-58,-79
meldung,1,154,-1288,11304,8164,-176,-16,-41
meldung,1,155,-1384,11388,8204,-136,25,-5
meldung,1,156,-1508,11364,8124,-92,53,18
meldung,1,157,-1700,11484,8108,-63,36,11
meldung,1,158,-1808,11844,8164,-48,-16,-29
meldung,1,159,-1560,12028,7900,-96,-42,-78
meldung,1,160,-1484,11964,7964,-140,-40,-87
meldung,1,161,-1452,11876,8056,-166,-10,-60
meldung,1,162,-1436,11800,8184,-175,3,-16
meldung,1,163,-1716,11628,8524,-161,10,7
meldung,1,164,-1744,11668,8484,-149,-37,-2
meldung,1,165,-1652,11520,8364,-142,-74,-37
meldung,1,166,-1580,11512,8264,-145,-86,-88
meldung,1,167,-1432,11572,8352,-127,-102,-134
meldung,1,168,-1392,11544,8148,-116,-93,-146
meldung,1,169,-1284,11568,8088,-102,-61,-112
meldung,1,170,-1236,11532,8096,-81,-13,-68
meldung,1,171,-1176,11668,8032,-61,36,-58
meldung,1,172,-1348,11656,7960,-57,47,-102
meldung,1,173,-1216,11680,8012,-67,51,-152
meldung,1,174,-1132,11732,7984,-80,64,-186
meldung,1,175,-1300,11788,7908,-76,101,-166
meldung,1,176,-1580,11752,7912,-69,150,-103
meldung,1,177,-2004,11764,8100,-70,139,-84
meldung,1,178,-2100,11700,8084,-85,76,-87
meldung,1,179,-1932,11528,8200,-86,28,-123
meldung,1,180,-1772,11564,8172,-78,-3,-148
meldung,1,181,-1648,11472,8072,-58,-1,-157
meldung,1,182,-1728,11508,8004,-42,11,-155
meldung,1,183,-1628,11700,7984,-28,22,-141
meldung,1,184,-1788,11868,8060,-36,40,-114
meldung,1,185,-1880,11972,8052,-43,65,-100
meldung,1,186,-1876,12000,7984,-51,90,-75
meldung,1,187,-2180,12040,7816,-64,106,-75
meldung,1,188,-2328,12040,7956,-84,61,-93
meldung,1,189,-2352,11892,7968,-110,15,-129
meldung,1,190,-2236,11924,7816,-134,-30,-156
meldung,1,191,-2008,11856,7900,-141,-42,-149
meldung,1,192,-2068,11740,7880,-145,-55,-139
meldung,1,193,-2100,11740,7820,-132,-67,-118
meldung,1,194,-2212,11788,8016,-131,-62,-113
meldung,1,195,-2244,11684,7660,-141,-92,-124
meldung,1,196,-2276,11716,7844,-147,-107,-131
meldung,1,197,-2064,11540,7884,-137,-156,-118
meldung,1,198,-1932,11532,7992,-118,-129,-92
meldung,1,199,-1852,11512,7776,-91,-88,-68
meldung,1,200,-2052,11572,7688,-70,-91,-74
meldung,1,201,-2288,11772,7852,-80,-142,-101
meldung,1,202,-2188,11724,7696,-104,-187,-144
meldung,1,203,-2244,11640,7540,-137,-252,-195
meldung,1,204,-2344,11344,7448,-146,-365,-270
meldung,1,205,-2412,11088,7648,-143,-533,-343
meldung,1,206,-2236,10716,7376,-132,-716,-415
meldung,1,207,-2144,10640,7284,-116,-941,-523
meldung,1,208,-1916,10160,7156,-125,-1203,-649
meldung,1,209,-1460,9708,7236,-178,-1542,-791
meldung,1,210,-1280,8700,6756,-178,-2023,-980
meldung,1,211,-496,7388,6028,-91,-2634,-1160
meldung,1,212,344,6416,4760,-75,-3264,-1254
meldung,1,213,1228,5036,3248,-5,-3855,-1382
meldung,1,214,2780,4332,1848,86,-4369,-1602
meldung,1,215,4892,4008,456,96,-4688,-1918
meldung,1,216,7188,3392,-796,69,-4631,-2314
meldung,1,217,9656,3224,-1848,69,-4148,-2795
meldung,1,218,11800,3556,-2384,88,-3389,-3109
meldung,1,219,12688,3292,-2876,139,-2331,-3471
meldung,1,220,12448,3032,-3472,226,-1136,-3846
meldung,1,221,11660,3196,-3368,366,-7,-4171
meldung,1,222,10456,3452,-3768,506,1001,-4456
meldung,1,223,8636,3908,-3848,595,1759,-4760
meldung,1,224,7068,4544,-3856,562,2298,-5014
meldung,1,225,5184,5264,-3656,379,2572,-5248
meldung,1,226,3328,5368,-3932,67,2605,-5530
meldung,1,227,2068,5608,-3612,-295,2469,-5796
meldung,1,228,2048,5872,-3828,-783,2339,-6043
meldung,1,229,1332,5168,-3724,-1265,2224,-6291
meldung,1,230,292,5236,-3640,-1703,2057,-6587
meldung,1,231,184,5788,-2748,-2168,1709,-6940
meldung,1,232,420,5404,-3000,-2664,1557,-7257
meldung,1,233,328,5244,-2824,-3082,1551,-7479
meldung,1,234,-48,4788,-2460,-3496,1636,-7664
meldung,1,235,-284,4372,-1688,-3892,1881,-7649
meldung,1,236,-896,4216,236,-4269,2365,-7442
meldung,1,237,-568,3968,2468,-4763,3127,-7006
meldung,1,238,-1616,1612,4352,-5079,4299,-6325
meldung,1,239,-4112,-1108,6204,-5060,5554,-5690
meldung,1,240,-7876,-4524,7736,-4540,6710,-5256
meldung,1,241,-11492,-7336,9376,-3586,7551,-4964
meldung,1,242,-16300,-9660,10296,-2315,7909,-4737
meldung,1,243,-21752,-9280,11232,-939,7581,-4540
meldung,1,244,-25508,-6724,12632,64,6529,-4487
meldung,1,245,-27624,-3148,13100,385,5086,-4700
meldung,1,246,-29132,-200,13308,197,3462,-5186
meldung,1,247,-27732,2252,12832,-383,1953,-5597
meldung,1,248,-26096,3112,12100,-1053,940,-5660
meldung,1,249,-24888,2892,11116,-1583,249,-5428
meldung,1,250,-24232,2412,10380,-1876,-312,-5123
meldung,1,251,-23748,1972,10452,-2062,-821,-4904
meldung,1,252,-22300,1664,10424,-2229,-1065,-4650
meldung,1,253,-21088,1292,10256,-2403,-1061,-4277
meldung,1,254,-21808,552,10684,-2578,-843,-3913
meldung,1,255,-22216,-2576,11316,-2540,-852,-3683
meldung,1,256,-21556,-4320,11156,-2285,-824,-3457
meldung,1,257,-21424,-4576,10688,-2241,-545,-3197
meldung,1,258,-20160,-9144,11604,-1873,-448,-2684
meldung,1,259,-21736,-8144,12240,-1578,89,-2551
meldung,1,260,-15464,3328,8608,-1549,267,-2158
meldung,1,261,-20112,-14596,13040,-405,250,-1221
meldung,1,262,-21952,-5792,10648,-35,831,-1377
meldung,1,263,-22092,-6476,10492,621,735,-1225
meldung,1,264,-22372,-3048,9180,-86,759,-815
meldung,1,265,-22472,-5720,8848,-1646,870,68
meldung,1,266,-20680,-4692,7872,-732,730,-73
meldung,1,267,-21780,-3580,7948,-1539,982,60
meldung,1,268,-25564,1292,4640,-677,936,139
meldung,1,269,-20340,-6040,8116,-1852,1538,-410
meldung,1,270,-19836,-1196,6220,-1366,1836,-926
meldung,1,271,-21952,-3668,6632,-1983,2577,-970
meldung,1,272,-24524,-5408,7568,-2481,3037,-794
meldung,1,273,-26528,-4556,7680,-2464,2886,-652
meldung,1,274,-29172,-4888,8872,-2323,2208,-652
meldung,1,275,-30068,-5248,8888,-2440,992,-849
meldung,1,276,-27520,-6356,8192,-2249,-439,-986
meldung,1,277,-23832,-5332,6944,-1696,-1551,-942
meldung,1,278,-19348,-5840,6128,-1463,-2325,-941
meldung,1,279,-16232,-4352,5416,-1394,-2724,-891
meldung,1,280,-13680,-3064,4716,-1429,-2959,-896
meldung,1,281,-11260,-3340,4300,-1617,-3054,-966
meldung,1,282,-9584,-3536,4476,-1776,-3076,-1118
meldung,1,283,-7948,-4916,3716,-2038,-2995,-1397
meldung,1,284,-9100,-8748,6488,-1954,-3089,-1423
meldung,1,285,-6696,-10136,7676,-1269,-2736,-1157
meldung,1,286,-6592,-9920,7616,-248,-2227,-458
meldung,1,287,-6960,-7460,7156,293,-1191,355
meldung,1,288,-7132,-6312,6540,485,-175,834
meldung,1,289,-7840,-4868,6564,595,757,1116
meldung,1,290,-9872,-4868,6656,544,1464,1249
meldung,1,291,-12140,-4424,6636,415,1927,1264
meldung,1,292,-13964,-4620,6704,498,2052,1162
meldung,1,293,-15544,-3696,6116,529,1896,1054
meldung,1,294,-17376,-3400,5824,252,1651,867
meldung,1,295,-16352,-2644,5240,391,1252,708
meldung,1,296,-16292,-2716,4708,418,857,533
meldung,1,297,-15444,-3192,4560,380,456,473
meldung,1,298,-14588,-3060,4620,396,218,405
meldung,1,299,-13764,-2820,4192,507,40,309
meldung,2,0,-12912,-4300,5432,-135,35,-54
meldung,2,1,-12980,-4312,5452,-131,40,-61
meldung,2,2,-13008,-4340,5244,-130,33,-62
meldung,2,3,-13000,-4320,5420,-136,32,-59
meldung,2,4,-13020,-4240,5204,-128,21,-64
meldung,2,5,-13044,-4528,5412,-133,20,-66
meldung,2,6,-12952,-4332,5372,-125,23,-68
meldung,2,7,-13044,-4348,5344,-126,20,-65
meldung,2,8,-13000,-4400,5304,-122,22,-73
meldung,2,9,-13084,-4436,5508,-124,22,-70
meldung,2,10,-12948,-4376,5480,-131,16,-70
meldung,2,11,-12952,-4368,5456,-129,13,-73
meldung,2,12,-12976,-4344,5404,-128,16,-69
meldung,2,13,-12980,-4388,5380,-127,17,-61
meldung,2,14,-12952,-4468,5464,-125,25,-63
meldung,2,15,-12924,-4364,5412,-126,25,-56
meldung,2,16,-13020,-4340,5332,-119,21,-58
meldung,2,17,-12980,-4300,5400,-122,24,-65
meldung,2,18,-12904,-4280,5300,-127,17,-59
meldung,2,19,-13032,-4424,5336,-117,19,-68
meldung,2,20,-13028,-4456,5344,-125,18,-67
meldung,2,21,-13036,-4368,5276,-126,15,-71
meldung,2,22,-13044,-4544,5388,-125,14,-65
meldung,2,23,-12932,-4436,5344,-130,22,-71
meldung,2,24,-12988,-4384,5280,-131,24,-68
meldung,2,25,-12984,-4340,5424,-130,24,-69
meldung,2,26,-13148,-4416,5480,-137,12,-62
meldung,2,27,-12940,-4472,5372,-131,-4,-65
meldung,2,28,-12800,-4460,5160,-158,-5,-52
meldung,2,29,-12640,-5464,5464,-174,-21,-77
meldung,2,30,-12592,-4536,5384,-161,13,-29
meldung,2,31,-12344,-4888,5204,-149,94,-62
meldung,2,32,-12736,-5264,5480,-167,216,7
meldung,2,33,-12908,-5596,5636,-93,506,-34
meldung,2,34,-12912,-5796,6084,-62,775,-48
meldung,2,35,-14216,-6688,5780,-155,1663,-98
meldung,2,36,-13792,-8332,6500,553,2100,-20
meldung,2,37,-17304,-6628,7376,799,2882,115
meldung,2,38,-20268,-6396,6204,614,3425,211
meldung,2,39,-25660,-6436,8472,422,3235,213
meldung,2,40,-28564,-7160,8600,331,2138,-245
meldung,2,41,-32432,-8400,10248,175,308,-1033
meldung,2,42,-32768,-10844,10496,-296,-1499,-1832
meldung,2,43,-32768,-13616,11272,-606,-2838,-2328
meldung,2,44,-31352,-15840,10940,-238,-3575,-2423
meldung,2,45,-28176,-15808,9936,469,-3446,-1664
meldung,2,46,-25512,-15440,9892,1222,-2281,-10
meldung,2,47,-25444,-13900,9804,1884,-479,2386
meldung,2,48,-26872,-12752,10864,2483,1255,4854
meldung,2,49,-28976,-11648,10712,3248,2853,7105
meldung,2,50,-32768,-9240,10936,4108,3959,8614
meldung,2,51,-32768,52,10184,3613,4543,9241
meldung,2,52,-32768,-4340,10716,5076,3045,9192
meldung,2,53,-32768,388,11988,4321,2062,9283
meldung,2,54,-32768,496,11580,3880,852,9431
meldung,2,55,-32768,2260,11340,3656,-167,9654
meldung,2,56,-29196,2564,11124,3315,-675,9908
meldung,2,57,-25752,2652,10772,3132,-780,10193
meldung,2,58,-23160,3976,10436,3140,-707,10458
meldung,2,59,-21572,4188,10600,3262,-811,10825
meldung,2,60,-19148,5432,9836,3503,-863,11073
meldung,2,61,-16572,6068,9024,3817,-848,11345
meldung,2,62,-13952,7636,7896,4145,-641,11812
meldung,2,63,-12396,8448,6816,4437,-531,12499
meldung,2,64,-10732,8892,6276,4810,-577,13146
meldung,2,65,-9288,9192,5292,4901,-571,13546
meldung,2,66,-8580,9232,3944,4736,-715,13489
meldung,2,67,-6812,8848,1908,4314,-812,13107
meldung,2,68,-5328,7864,132,3597,-837,12687
meldung,2,69,-4368,6476,-1248,2736,-912,12307
meldung,2,70,-4500,5368,-2460,1688,-981,11840
meldung,2,71,-4720,3216,-3980,527,-1130,11231
meldung,2,72,-5348,612,-4752,-719,-1445,10500
meldung,2,73,-5116,-1436,-5364,-1792,-1875,9742
meldung,2,74,-6496,-3820,-5840,-2889,-2392,8957
meldung,2,75,-5980,-6200,-6304,-3902,-3376,8034
meldung,2,76,-4452,-6912,-6504,-4710,-4529,6971
meldung,2,77,-1204,-7152,-8396,-5499,-5582,5826
meldung,2,78,1860,-7164,-8332,-6269,-6360,4698
meldung,2,79,5232,-7808,-9108,-6890,-6810,3682
meldung,2,80,9012,-8964,-9812,-7077,-6817,2772
meldung,2,81,12532,-9364,-10096,-6823,-6288,2141
meldung,2,82,15616,-8064,-8948,-6504,-5197,1840
meldung,2,83,18384,-8088,-7252,-6179,-3524,1746
meldung,2,84,18908,-7836,-5068,-5043,-1656,1934
meldung,2,85,16892,-6576,-2208,-3594,-53,1992
meldung,2,86,13728,-4412,-168,-2575,1256,1821
meldung,2,87,11356,-2532,1628,-1621,2109,1509
meldung,2,88,10544,100,2624,-784,2732,1122
meldung,2,89,9032,2220,3824,-17,3104,792
meldung,2,90,6904,4564,4360,517,3201,620
meldung,2,91,6060,5292,4296,934,3364,380
meldung,2,92,4632,7828,4088,1396,3325,151
meldung,2,93,3916,9340,4188,1735,3220,-6
meldung,2,94,3508,11164,4360,1835,3181,-111
meldung,2,95,1680,13452,4596,1459,3132,-278
meldung,2,96,692,14636,4632,723,2878,-399
meldung,2,97,-432,15132,4732,14,2574,-578
meldung,2,98,240,15028,4700,-288,2156,-822
meldung,2,99,-1196,23008,5624,-1203,2519,-902
meldung,2,100,1400,14072,4556,1056,740,-703
meldung,2,101,-1512,16316,5428,-98,910,-448
meldung,2,102,-84,15744,5648,-248,379,-139
meldung,2,103,-36,16200,6264,-631,65,-19
meldung,2,104,1324,15024,6300,-967,-212,78
meldung,2,105,2620,14512,6468,-1202,-381,77
meldung,2,106,3008,13680,6736,-1412,-458,8
meldung,2,107,3912,13176,6624,-1535,-488,-169
meldung,2,108,3804,12464,6780,-1594,-470,-423
meldung,2,109,3864,11812,6676,-1538,-463,-713
meldung,2,110,4104,11444,6796,-1398,-401,-876
meldung,2,111,4400,11752,6856,-1394,-151,-797
meldung,2,112,4100,10772,7048,-1062,53,-627
meldung,2,113,3256,10404,7112,-846,233,-377
meldung,2,114,2588,10592,7484,-572,262,-303
meldung,2,115,1808,10936,7660,-362,130,-368
meldung,2,116,1768,10792,7816,-202,-15,-574
meldung,2,117,2220,10256,8116,19,-155,-907
meldung,2,118,3480,12300,7468,132,-207,-1084
meldung,2,119,3084,11392,7792,33,36,-1286
meldung,2,120,3780,12000,7780,16,212,-1475
meldung,2,121,3248,11668,7180,-329,354,-1179
meldung,2,122,2620,11412,7392,-545,495,-1210
meldung,2,123,2204,11160,7408,-472,483,-1374
meldung,2,124,1556,11304,7380,-380,527,-1427
meldung,2,125,1280,11440,7432,-275,485,-1371
meldung,2,126,784,11640,7088,-145,532,-1205
meldung,2,127,556,12136,7416,-38,571,-1020
meldung,2,128,296,12604,7476,-21,637,-878
meldung,2,129,16,12768,7628,-93,652,-749
meldung,2,130,-572,12796,7580,-193,674,-583
meldung,2,131,-1220,12644,7884,-286,598,-438
meldung,2,132,-1572,12812,8432,-409,412,-366
meldung,2,133,-1684,12696,8284,-529,118,-395
meldung,2,134,-1404,12312,8144,-589,-84,-507
meldung,2,135,-1032,12304,8024,-601,-280,-623
meldung,2,136,-524,12012,8156,-585,-380,-684
meldung,2,137,-240,11912,7940,-584,-398,-672
meldung,2,138,52,11620,8044,-587,-370,-585
meldung,2,139,344,11408,8184,-549,-276,-402
meldung,2,140,512,11184,8096,-454,-175,-191
meldung,2,141,336,11312,8180,-360,-57,-58
meldung,2,142,300,11440,8408,-298,-30,-14
meldung,2,143,396,11716,8332,-250,-65,-4
meldung,2,144,264,11836,8480,-247,-65,1
meldung,2,145,228,12140,8464,-295,-48,6
meldung,2,146,-68,12080,8592,-355,-46,15
meldung,2,147,120,12208,8716,-462,-38,8
meldung,2,148,20,11932,8884,-418,-86,-70
meldung,2,149,252,11624,8932,-441,-89,-97
meldung,2,150,220,11524,9024,-464,-98,-173
meldung,2,151,220,11548,9008,-475,-143,-307
meldung,2,152,656,11548,8968,-500,-175,-416
meldung,2,153,612,11608,8888,-526,-146,-505
meldung,2,154,832,11736,9128,-544,-184,-595
meldung,2,155,716,11648,8752,-569,-150,-608
meldung,2,156,660,11568,8848,-555,-101,-554
meldung,2,157,552,11284,8904,-530,-39,-448
meldung,2,158,324,11408,9196,-478,-15,-339
meldung,2,159,188,11176,9172,-434,-29,-266
meldung,2,160,184,11296,9132,-390,-46,-209
meldung,2,161,348,11028,9148,-353,-46,-165
meldung,2,162,672,10980,9124,-289,2,-117
meldung,2,163,596,10988,8992,-208,66,-62
meldung,2,164,312,11000,9008,-165,87,-25
meldung,2,165,256,11184,9148,-146,56,-40
meldung,2,166,156,11156,8948,-144,16,-71
meldung,2,167,256,11124,8936,-147,-42,-105
meldung,2,168,448,11168,8880,-142,-76,-114
meldung,2,169,656,11176,8664,-146,-87,-111
meldung,2,170,696,11164,8740,-128,-75,-95
meldung,2,171,804,11300,8576,-125,-61,-93
meldung,2,172,868,11272,8540,-127,-13,-77
meldung,2,173,888,11256,8616,-113,27,-43
meldung,2,174,692,11208,8848,-100,57,-7
meldung,2,175,592,11176,8692,-97,29,-23
meldung,2,176,568,11304,8904,-113,1,-66
meldung,2,177,468,11152,8892,-149,-50,-125
meldung,2,178,604,11120,8904,-171,-78,-161
meldung,2,179,568,11116,8700,-192,-89,-190
meldung,2,180,752,11092,8768,-191,-101,-211
meldung,2,181,756,11232,8544,-170,-85,-226
meldung,2,182,864,11476,8556,-184,-61,-227
meldung,2,183,872,11328,8696,-189,-34,-209
meldung,2,184,928,11260,8716,-156,43,-164
meldung,2,185,756,11280,8920,-134,107,-95
meldung,2,186,556,11284,8852,-82,164,-50
meldung,2,187,116,11208,8868,-72,156,-57
meldung,2,188,-132,11364,8952,-82,68,-115
meldung,2,189,-76,11580,8976,-104,-43,-194
meldung,2,190,136,11688,8732,-146,-109,-262
meldung,2,191,132,11684,8748,-213,-188,-332
meldung,2,192,404,11600,8356,-266,-209,-336
meldung,2,193,628,11408,8612,-259,-174,-287
meldung,2,194,792,11024,8472,-217,-97,-212
meldung,2,195,880,11052,8460,-161,-2,-123
meldung,2,196,576,10968,8508,-77,75,-61
meldung,2,197,192,11060,8696,-16,100,-54
meldung,2,198,244,11316,8580,22,53,-57
meldung,2,199,64,11580,8492,23,6,-80
meldung,2,200,124,11836,8464,-23,-47,-109
meldung,2,201,228,11732,8304,-68,-86,-127
meldung,2,202,508,11776,8248,-104,-68,-118
meldung,2,203,580,11724,8288,-131,-27,-66
meldung,2,204,436,11556,8392,-129,21,-31
meldung,2,205,276,11528,8440,-107,47,-20
meldung,2,206,272,11368,8428,-85,37,-20
meldung,2,207,404,11576,8504,-85,59,-36
meldung,2,208,76,11684,8444,-95,45,-64
meldung,2,209,192,11576,8364,-137,32,-80
meldung,2,210,340,11584,8204,-148,21,-81
meldung,2,211,404,11644,8460,-159,25,-76
meldung,2,212,420,11580,8332,-191,46,-76
meldung,2,213,412,11564,8416,-198,61,-66
meldung,2,214,328,11512,8424,-210,57,-74
meldung,2,215,420,11408,8336,-230,54,-74
meldung,2,216,344,11292,8492,-233,72,-55
meldung,2,217,460,11244,8468,-213,85,-24
meldung,2,218,492,11128,8412,-195,102,0
meldung,2,219,388,11172,8640,-175,109,13
meldung,2,220,276,11280,8688,-149,126,23
meldung,2,221,208,11344,8888,-161,111,-4
meldung,2,222,104,11448,8892,-198,76,-51
meldung,2,223,288,11256,8728,-226,47,-92
meldung,2,224,336,11260,8940,-247,57,-95
meldung,2,225,424,11092,8940,-210,97,-67
meldung,2,226,240,11024,8916,-187,125,-45
meldung,2,227,244,11092,9044,-165,105,-57
meldung,2,228,72,11124,9096,-150,75,-73
meldung,2,229,104,11044,9080,-128,27,-89
meldung,2,230,248,11232,9000,-117,29,-88
meldung,2,231,368,11268,8880,-126,33,-73
meldung,2,232,440,11440,8792,-117,31,-72
meldung,2,233,448,11352,8776,-119,62,-65
meldung,2,234,428,11260,8876,-111,79,-37
meldung,2,235,264,11208,8872,-100,66,-19
meldung,2,236,336,11204,8868,-97,46,-29
meldung,2,237,220,11268,8760,-95,45,-46
meldung,2,238,228,11268,8824,-100,12,-50
meldung,2,239,276,11252,8924,-83,40,-14
meldung,2,240,188,11308,8976,-89,64,11
meldung,2,241,-104,11284,9056,-86,42,4
meldung,2,242,32,11404,8900,-113,-17,-36
meldung,2,243,132,11144,8720,-125,-72,-80
meldung,2,244,536,11224,8688,-134,-88,-115
meldung,2,245,756,11196,8520,-124,-69,-120
meldung,2,246,848,11272,8392,-121,-14,-102
meldung,2,247,676,11376,8548,-109,51,-82
meldung,2,248,556,11340,8512,-121,71,-77
meldung,2,249,488,11444,8584,-138,77,-78
meldung,2,250,488,11468,8680,-168,66,-94
meldung,2,251,480,11284,8640,-160,82,-95
meldung,2,252,392,11288,8668,-152,102,-87
meldung,2,253,476,11208,8748,-153,100,-89
meldung,2,254,364,11236,8716,-143,89,-70
meldung,2,255,288,11364,8732,-132,84,-86
meldung,2,256,400,11324,8700,-136,79,-111
meldung,2,257,304,11300,8716,-166,61,-115
meldung,2,258,296,11184,8732,-166,29,-127
meldung,2,259,480,11116,8548,-152,6,-118
meldung,2,260,508,10948,8436,-123,-25,-121
meldung,2,261,748,10880,8420,-105,-39,-136
meldung,2,262,836,10884,8028,-98,-64,-167
meldung,2,263,1068,10872,7804,-91,-99,-233
meldung,2,264,1320,10636,7736,-115,-147,-317
meldung,2,265,1428,10148,7440,-170,-243,-447
meldung,2,266,1384,9788,7324,-255,-449,-668
meldung,2,267,2000,8728,6684,-312,-810,-939
meldung,2,268,2804,7340,6036,-315,-1140,-1238
meldung,2,269,4128,6192,5040,-256,-1476,-1566
meldung,2,270,5532,5380,3508,-234,-1722,-1838
meldung,2,271,7204,4680,2444,-200,-1825,-2155
meldung,2,272,9156,4256,1156,-184,-1701,-2555
meldung,2,273,10340,3436,184,-130,-1323,-2987
meldung,2,274,10864,3036,-792,-79,-820,-3477
meldung,2,275,9904,2488,-1284,-61,-322,-4085
meldung,2,276,8740,1844,-2028,-89,-42,-4822
meldung,2,277,7404,1060,-2840,-148,197,-5564
meldung,2,278,6684,688,-3688,-253,382,-6196
meldung,2,279,5464,464,-4156,-394,585,-6705
meldung,2,280,4544,520,-4800,-612,621,-7151
meldung,2,281,4772,1020,-5128,-866,706,-7454
meldung,2,282,6200,1192,-5544,-1212,1054,-7635
meldung,2,283,6872,1020,-5980,-1514,1686,-7656
meldung,2,284,6032,436,-6276,-1799,2338,-7641
meldung,2,285,4548,-60,-6304,-2102,2911,-7737
meldung,2,286,2364,-476,-6008,-2467,3241,-7992
meldung,2,287,904,-216,-5388,-2962,3247,-8428
meldung,2,288,156,-568,-5120,-3593,3136,-8959
meldung,2,289,504,-1108,-5056,-4200,3142,-9473
meldung,2,290,616,-1904,-5304,-4690,3388,-9771
meldung,2,291,44,-2308,-4664,-4980,3765,-9693
meldung,2,292,-732,-2764,-3652,-5193,4087,-9325
meldung,2,293,-1504,-3384,-2012,-5355,4531,-8830
meldung,2,294,-1200,-3312,304,-5650,5306,-8318
meldung,2,295,-1936,-5572,1824,-5827,6499,-7651
meldung,2,296,-4784,-8548,3420,-5585,7936,-6838
meldung,2,297,-9436,-12480,4088,-4787,9288,-6097
meldung,2,298,-16260,-14704,5616,-3467,10169,-5539
meldung,2,299,-23576,-15248,7168,-2065,10023,-5357
meldung,3,0,-11728,-6044,5336,-64,159,108
meldung,3,1,-12220,-6040,5132,-67,146,114
meldung,3,2,-12384,-5940,5508,-76,149,121
meldung,3,3,-12604,-6004,5332,-79,173,114
meldung,3,4,-12240,-5440,5088,-172,255,109
meldung,3,5,-12612,-6224,5516,-171,308,90
meldung,3,6,-13192,-5908,5344,-80,242,64
meldung,3,7,-13172,-5776,5504,-88,194,36
meldung,3,8,-12972,-5704,5464,-115,65,-3
meldung,3,9,-13016,-5712,5388,-117,14,-61
meldung,3,10,-12812,-5764,5460,-123,1,-98
meldung,3,11,-12684,-5808,5380,-210,-19,-133
meldung,3,12,-12368,-6072,5476,-160,-37,-109
meldung,3,13,-12284,-5916,5296,-156,-5,-86
meldung,3,14,-12268,-5976,5416,-178,31,-69
meldung,3,15,-12320,-5984,5252,-177,50,-59
meldung,3,16,-12340,-6012,5248,-184,48,-54
meldung,3,17,-12368,-6112,5004,-184,42,-52
meldung,3,18,-12392,-6144,5284,-176,41,-42
meldung,3,19,-12152,-6196,5144,-166,49,-31
meldung,3,20,-12288,-6288,5100,-167,100,-32
meldung,3,21,-12352,-6164,5028,-156,228,-20
meldung,3,22,-12652,-6880,5400,-129,428,-12
meldung,3,23,-12528,-8048,5360,71,808,34
meldung,3,24,-13004,-8620,6396,380,1477,-13
meldung,3,25,-15000,-9232,7028,658,2243,39
meldung,3,26,-19060,-9824,8788,917,3026,99
meldung,3,27,-24892,-11868,8584,1120,3152,199
meldung,3,28,-30196,-11620,11568,940,2514,274
meldung,3,29,-32768,-15316,12936,746,963,-8
meldung,3,30,-32768,-18648,13548,538,-1069,-188
meldung,3,31,-32768,-22404,13284,775,-1810,-229
meldung,3,32,-32748,-23128,12712,1438,-1272,166
meldung,3,33,-32056,-21204,12372,2547,-267,949
meldung,3,34,-32768,-16416,11492,2544,707,2419
meldung,3,35,-32768,-12792,11616,3029,1822,3557
meldung,3,36,-32768,-10932,12268,2685,2134,4756
meldung,3,37,-32768,-10328,12256,2768,2277,5718
meldung,3,38,-32768,-9404,12600,3219,1864,6536
meldung,3,39,-32768,-6808,12500,3661,1070,7557
meldung,3,40,-32768,-4064,12188,3927,-56,8722
meldung,3,41,-32768,-1640,11852,4014,-1300,9776
meldung,3,42,-32768,600,12116,3954,-2595,10711
meldung,3,43,-32768,100,12556,3908,-3759,11228
meldung,3,44,-28792,2464,10872,3628,-4298,11260
meldung,3,45,-23656,2324,10412,3288,-4591,10881
meldung,3,46,-18384,2380,9296,3184,-4510,10352
meldung,3,47,-14296,2488,8324,3369,-4192,10429
meldung,3,48,-12368,1756,7864,3881,-3860,11390
meldung,3,49,-10124,1352,7404,4782,-3516,12869
meldung,3,50,-8740,2108,7348,5709,-3248,14361
meldung,3,51,-7664,2772,7112,6266,-3177,15491
meldung,3,52,-6084,2976,5260,6568,-3326,15604
meldung,3,53,-3784,2476,2960,6532,-3276,15150
meldung,3,54,-1424,2520,636,6160,-3078,14457
meldung,3,55,1184,2444,-2308,5470,-2517,13729
meldung,3,56,1144,1732,-2628,4515,-1974,12893
meldung,3,57,-2432,-1204,1284,3048,-1458,11802
meldung,3,58,-1648,-996,-5028,1513,-1158,10614
meldung,3,59,-1264,-1688,-6360,-415,-1413,9370
meldung,3,60,-3512,-4412,-7720,-2161,-1832,8114
meldung,3,61,-5472,-7380,-8820,-3605,-2954,6909
meldung,3,62,-4104,-10000,-10468,-4819,-4625,5889
meldung,3,63,-488,-12468,-12996,-5560,-6207,5178
meldung,3,64,6756,-12932,-14396,-5963,-7109,4770
meldung,3,65,14640,-12820,-14872,-5949,-6909,4372
meldung,3,66,21680,-11340,-14288,-5690,-5599,4034
meldung,3,67,25868,-10236,-11124,-5217,-3308,3656
meldung,3,68,26304,-9060,-8000,-4527,-661,3178
meldung,3,69,23832,-7928,-4500,-3754,1802,2616
meldung,3,70,18796,-6524,-1076,-2893,3888,2012
meldung,3,71,12704,-5520,2292,-1940,5182,1360
meldung,3,72,6412,-4420,4324,-973,5613,768
meldung,3,73,1628,-2428,6568,-99,5241,215
meldung,3,74,-124,376,7340,530,4512,-158
meldung,3,75,-712,3040,6852,941,3864,-504
meldung,3,76,660,5268,6056,1387,3335,-875
meldung,3,77,1392,7928,4332,1866,3005,-1025
meldung,3,78,1508,10892,3316,1935,3128,-1147
meldung,3,79,1588,12936,2872,2120,3297,-1284
meldung,3,80,1324,15100,2556,2304,3383,-1419
meldung,3,81,-808,16240,2600,2285,3398,-1568
meldung,3,82,-2840,17552,3116,1911,3235,-1850
meldung,3,83,-3540,19672,3588,1092,2833,-2106
meldung,3,84,-4064,20252,3776,-69,2447,-1981
meldung,3,85,-3284,19760,4812,-1042,2071,-1884
meldung,3,86,-292,32412,960,-2897,2036,-1181
meldung,3,87,-820,19756,6464,-1380,1049,-1343
meldung,3,88,-2016,16952,6404,-1894,817,-987
meldung,3,89,-1464,14628,6664,-2528,684,-414
meldung,3,90,-868,13264,7308,-2676,605,-260
meldung,3,91,-684,11820,7616,-2830,513,-167
meldung,3,92,-76,10668,7876,-2729,455,-288
meldung,3,93,460,10248,8356,-2607,468,-501
meldung,3,94,1120,9808,8464,-2502,596,-755
meldung,3,95,1292,9856,8676,-2427,766,-1066
meldung,3,96,2264,8900,8708,-2441,864,-1313
meldung,3,97,692,8092,8872,-2069,952,-1269
meldung,3,98,220,7336,9400,-1731,1021,-784
meldung,3,99,-808,7004,10052,-1223,1108,-327
meldung,3,100,-2084,6948,10736,-815,1098,63
meldung,3,101,-3388,7032,11112,-399,929,163
meldung,3,102,-4208,7672,10912,-92,553,23
meldung,3,103,-4068,8400,10564,147,124,-269
meldung,3,104,-3048,9168,10052,292,-178,-507
meldung,3,105,-2152,10012,9592,314,-330,-644
meldung,3,106,-1584,10700,9468,256,-404,-692
meldung,3,107,-1364,10620,9052,207,-432,-702
meldung,3,108,-1012,10732,8784,191,-463,-734
meldung,3,109,-624,10656,8344,258,-472,-819
meldung,3,110,-632,10576,8344,318,-356,-969
meldung,3,111,-640,-4196,11356,3166,-396,-2796
meldung,3,112,-1148,13468,8304,478,210,-1459
meldung,3,113,-1228,10652,7888,-186,129,-637
meldung,3,114,-2096,10664,8576,210,205,-867
meldung,3,115,-2484,10828,8296,190,210,-810
meldung,3,116,-2968,10912,8664,203,159,-645
meldung,3,117,-3240,11128,8672,198,39,-513
meldung,3,118,-3296,11232,8492,103,-72,-427
meldung,3,119,-2984,11380,8296,39,-206,-363
meldung,3,120,-2744,11332,8216,45,-286,-335
meldung,3,121,-2464,11688,8068,93,-323,-371
meldung,3,122,-2084,12004,7968,48,-281,-388
meldung,3,123,-1872,12360,8016,-81,-200,-347
meldung,3,124,-1776,12340,8160,-219,-110,-302
meldung,3,125,-1852,11964,8224,-305,-24,-261
meldung,3,126,-2148,11772,8364,-369,36,-220
meldung,3,127,-2244,11436,8704,-412,22,-178
meldung,3,128,-2616,10912,8940,-396,-39,-185
meldung,3,129,-2344,10616,9036,-371,-58,-223
meldung,3,130,-2204,10476,9228,-342,-48,-202
meldung,3,131,-2120,10300,9268,-306,-28,-207
meldung,3,132,-2216,10384,9228,-263,-37,-267
meldung,3,133,-2060,10348,9216,-217,-55,-312
meldung,3,134,-1848,10544,9312,-193,-29,-325
meldung,3,135,-1820,10524,9332,-198,3,-331
meldung,3,136,-1692,10648,9092,-199,61,-313
meldung,3,137,-1760,10484,9132,-170,142,-274
meldung,3,138,-2044,10680,9108,-161,181,-235
meldung,3,139,-2216,10804,9132,-154,199,-233
meldung,3,140,-2588,11052,9004,-131,180,-217
meldung,3,141,-3040,11088,9164,-119,149,-172
meldung,3,142,-3260,11356,9148,-123,101,-75
meldung,3,143,-3352,11504,9388,-193,30,-2
meldung,3,144,-2988,11172,9548,-154,-57,45
meldung,3,145,-2920,11084,9320,-183,-81,90
meldung,3,146,-2788,10864,9384,-179,-141,85
meldung,3,147,-2568,10888,9524,-163,-193,94
meldung,3,148,-2308,10712,9372,-140,-210,122
meldung,3,149,-2168,10628,9356,-98,-229,120
meldung,3,150,-1876,10716,9296,-77,-200,125
meldung,3,151,-1820,10964,9168,-54,-159,96
meldung,3,152,-1824,10988,9104,-91,-147,66
meldung,3,153,-1972,11104,9140,-155,-163,42
meldung,3,154,-1980,10976,9240,-214,-153,24
meldung,3,155,-1780,10740,9160,-241,-161,3
meldung,3,156,-1660,10492,9152,-230,-153,-11
meldung,3,157,-1492,10312,9040,-187,-155,1
meldung,3,158,-1484,10260,9124,-132,-116,18
meldung,3,159,-1544,10380,9136,-84,-91,20
meldung,3,160,-1716,10336,9104,-54,-85,14
meldung,3,161,-1804,10388,8920,-32,-99,-22
meldung,3,162,-1588,10584,9016,-15,-96,-59
meldung,3,163,-1468,10668,8520,5,-64,-62
meldung,3,164,-1312,10864,8660,4,-37,-70
meldung,3,165,-1408,10960,8644,-20,7,-119
meldung,3,166,-1616,10980,8540,-36,27,-204
meldung,3,167,-1808,11056,8368,-19,63,-233
meldung,3,168,-1896,11080,8332,7,101,-170
meldung,3,169,-2228,11276,8312,20,127,-85
meldung,3,170,-2392,11444,8404,3,127,4
meldung,3,171,-2716,11452,8472,-32,73,8
meldung,3,172,-2700,11464,8548,-87,-46,-48
meldung,3,173,-2408,11336,8432,-121,-128,-101
meldung,3,174,-2016,11460,8300,-119,-105,-115
meldung,3,175,-1636,11748,8252,-123,0,-47
meldung,3,176,-1916,11872,8336,-171,88,1
meldung,3,177,-2148,11936,8528,-245,112,20
meldung,3,178,-2252,11572,8820,-304,94,32
meldung,3,179,-2324,11228,8852,-343,67,45
meldung,3,180,-2140,10952,8704,-349,32,62
meldung,3,181,-2016,10736,8880,-344,-3,57
meldung,3,182,-1844,10716,8872,-318,-55,10
meldung,3,183,-1532,10680,8652,-335,-80,-35
meldung,3,184,-1236,10732,8908,-296,-32,-74
meldung,3,185,-1268,10784,8476,-274,30,-57
meldung,3,186,-1064,10836,8852,-275,92,-36
meldung,3,187,-1236,10812,8956,-276,155,-8
meldung,3,188,-1424,10740,9056,-273,185,-6
meldung,3,189,-1540,10568,9192,-289,184,-17
meldung,3,190,-1804,10396,9236,-284,149,-34
meldung,3,191,-1708,10372,9108,-242,93,-40
meldung,3,192,-1752,10256,9224,-194,63,-28
meldung,3,193,-1720,10384,9152,-162,31,-45
meldung,3,194,-1708,10556,9108,-148,-2,-75
meldung,3,195,-1580,10616,9016,-154,-53,-118
meldung,3,196,-1380,10732,9200,-160,-79,-139
meldung,3,197,-1148,10556,9116,-165,-80,-137
meldung,3,198,-1088,10508,8840,-142,-50,-141
meldung,3,199,-1180,10600,8900,-99,20,-124
meldung,3,200,-1352,10780,8868,-69,87,-110
meldung,3,201,-1548,10904,8888,-69,118,-81
meldung,3,202,-1908,10912,9044,-98,108,-58
meldung,3,203,-2076,10824,9188,-134,53,-78
meldung,3,204,-2088,10768,9140,-164,-17,-127
meldung,3,205,-1784,10564,9256,-165,-54,-171
meldung,3,206,-1552,10604,9244,-161,-24,-176
meldung,3,207,-1704,10628,9248,-115,28,-135
meldung,3,208,-1976,10892,9288,-103,50,-103
meldung,3,209,-2244,10888,9324,-109,23,-80
meldung,3,210,-2384,10828,9348,-128,-19,-58
meldung,3,211,-2272,10876,9220,-128,-44,-37
meldung,3,212,-2208,10752,9380,-133,-73,-19
meldung,3,213,-2068,10636,9120,-123,-104,-15
meldung,3,214,-1920,10692,9236,-136,-146,-57
meldung,3,215,-1628,10712,8860,-158,-180,-119
meldung,3,216,-1376,10496,8716,-178,-205,-186
meldung,3,217,-1148,10388,8664,-204,-210,-237
meldung,3,218,-868,10328,8660,-209,-178,-281
meldung,3,219,-744,9984,8360,-199,-151,-332
meldung,3,220,-780,9876,8288,-204,-163,-398
meldung,3,221,-688,9468,8088,-226,-253,-469
meldung,3,222,-624,9112,8200,-264,-393,-555
meldung,3,223,-152,8636,8188,-327,-636,-676
meldung,3,224,268,7792,7704,-374,-899,-875
meldung,3,225,756,6924,6900,-410,-1275,-1124
meldung,3,226,1300,5904,5836,-426,-1685,-1444
meldung,3,227,2248,4768,4612,-414,-2128,-1835
meldung,3,228,3448,3964,3392,-428,-2519,-2333
meldung,3,229,4636,2948,1708,-392,-2731,-2862
meldung,3,230,6592,2316,600,-417,-2807,-3372
meldung,3,231,8144,1944,-640,-451,-2597,-3944
meldung,3,232,9028,1036,-1468,-390,-2094,-4495
meldung,3,233,10572,1876,-1692,-271,-1475,-4983
meldung,3,234,12104,1744,-1944,-264,-451,-5466
meldung,3,235,12228,980,-2908,-158,758,-5778
meldung,3,236,10856,144,-3400,27,2024,-5978
meldung,3,237,8428,-680,-3824,195,3091,-6073
meldung,3,238,5420,-1280,-4132,330,3841,-6240
meldung,3,239,2208,-928,-4412,379,4136,-6446
meldung,3,240,-872,-748,-4492,277,4026,-6759
meldung,3,241,-2996,352,-3576,70,3622,-7139
meldung,3,242,-2812,1884,-3632,-334,3087,-7493
meldung,3,243,-1860,2204,-4016,-761,2832,-7730
meldung,3,244,-1280,2272,-3980,-1193,2774,-7791
meldung,3,245,-1348,1984,-4356,-1572,2847,-7738
meldung,3,246,-1832,1428,-4060,-1936,3048,-7590
meldung,3,247,-2652,1060,-3532,-2329,3354,-7491
meldung,3,248,-4312,256,-2532,-2673,3638,-7328
meldung,3,249,-5656,148,-664,-3027,3857,-7134
meldung,3,250,-6200,-4,792,-3405,4257,-6854
meldung,3,251,-6980,-1008,2444,-3669,4938,-6518
meldung,3,252,-8100,-2992,3128,-3566,5856,-6090
meldung,3,253,-10380,-4856,3856,-3082,6795,-5606
meldung,3,254,-14356,-6468,4544,-2274,7497,-5043
meldung,3,255,-19160,-8168,5612,-1279,7901,-4410
meldung,3,256,-23440,-7840,6476,-230,7701,-3760
meldung,3,257,-27652,-6272,7700,495,6941,-3384
meldung,3,258,-28888,-3800,8656,803,5736,-3264
meldung,3,259,-27464,-2580,8520,729,4846,-3132
meldung,3,260,-25764,-1200,7772,722,4515,-2788
meldung,3,261,-24776,-236,7184,785,4522,-2355
meldung,3,262,-26200,504,7264,852,4439,-2058
meldung,3,263,-28392,1316,7680,831,3970,-2102
meldung,3,264,-30712,3296,7732,497,3227,-2571
meldung,3,265,-32768,5108,8612,-149,2104,-3420
meldung,3,266,-32768,3852,9904,-1024,486,-4527
meldung,3,267,-32768,3832,9836,-1910,-902,-5341
meldung,3,268,-32768,9292,8680,-3783,-1978,-5579
meldung,3,269,-31240,-1668,9784,-2927,-3262,-5729
meldung,3,270,-29212,-3188,10136,-2883,-3922,-5496
meldung,3,271,-26648,-4400,10000,-2832,-4219,-5085
meldung,3,272,-24776,-6240,10896,-2876,-4145,-4692
meldung,3,273,-14556,6432,9048,-3842,-4418,-3805
meldung,3,274,-18904,-15932,11660,-877,-4460,-3780
meldung,3,275,-16264,-7804,9744,-699,-3566,-3662
meldung,3,276,-14568,-5320,8044,-753,-2518,-2801
meldung,3,277,-14232,-7532,9552,-750,-1280,-2128
meldung,3,278,-14984,-8908,9276,22,-272,-1653
meldung,3,279,-21044,-2864,5592,232,715,-647
meldung,3,280,-18448,-5156,8376,435,1444,-329
meldung,3,281,-19220,-5272,7872,547,1872,355
meldung,3,282,-20372,-2964,6656,950,2093,948
meldung,3,283,-22088,-1584,6600,1027,2101,1129
meldung,3,284,-23312,-92,6220,356,1893,1082
meldung,3,285,-23868,-128,5500,-11,1350,660
meldung,3,286,-24288,668,4968,-380,680,-25
meldung,3,287,-24248,628,3804,-1281,472,-110
meldung,3,288,-32768,-25392,13728,45,706,1545
meldung,3,289,-32640,-236,11968,524,-558,1817
meldung,3,290,-28088,-4700,8688,-81,-2263,647
meldung,3,291,-19820,-1444,5492,-998,-2964,-452
meldung,3,292,-15284,-1624,3716,-1578,-2795,-1344
meldung,3,293,-13536,-3348,3760,-1696,-2720,-1549
meldung,3,294,-12668,-4332,2712,-1511,-2577,-1449
meldung,3,295,-10520,-3956,2408,-1324,-2367,-1119
meldung,3,296,-10192,-4540,2608,-1047,-1969,-791
meldung,3,297,-8480,-4848,2940,-732,-1740,-453
meldung,3,298,-8948,-5624,3468,-461,-1381,-261
meldung,3,299,-8024,-6224,4424,-190,-1096,8
meldung,4,0,-12440,-5316,5632,-124,21,-70
meldung,4,1,-12472,-5264,5784,-126,18,-76
meldung,4,2,-12464,-5324,5740,-127,19,-74
meldung,4,3,-12432,-5344,5712,-131,23,-70
meldung,4,4,-12336,-5336,5828,-128,27,-68
meldung,4,5,-12468,-5252,5664,-138,21,-71
meldung,4,6,-12392,-5304,5812,-139,28,-66
meldung,4,7,-12552,-5264,5620,-133,31,-66
meldung,4,8,-12588,-5372,5852,-123,33,-59
meldung,4,9,-12440,-5348,5568,-123,24,-62
meldung,4,10,-12468,-5284,5704,-116,26,-56
meldung,4,11,-12436,-5344,5820,-126,18,-62
meldung,4,12,-12408,-5348,5772,-123,14,-59
meldung,4,13,-12352,-5296,5864,-129,22,-59
meldung,4,14,-12524,-5324,5800,-133,25,-64
meldung,4,15,-12412,-5344,5864,-138,28,-61
meldung,4,16,-12344,-5276,5804,-121,22,-67
meldung,4,17,-12368,-5372,5856,-128,24,-58
meldung,4,18,-12448,-5320,5776,-127,29,-57
meldung,4,19,-12392,-5292,5648,-129,28,-63
meldung,4,20,-12384,-5352,5760,-125,25,-59
meldung,4,21,-12424,-5260,5692,-119,30,-58
meldung,4,22,-12528,-5332,5748,-120,26,-61
meldung,4,23,-12552,-5256,5756,-126,22,-60
meldung,4,24,-12320,-5308,5776,-122,20,-58
meldung,4,25,-12268,-5276,5700,-122,23,-56
meldung,4,26,-12328,-5304,5788,-117,24,-40
meldung,4,27,-12464,-5348,5740,-111,43,-37
meldung,4,28,-12416,-5272,5720,-108,38,-32
meldung,4,29,-12448,-5332,5824,-111,29,-33
meldung,4,30,-12364,-5320,5608,-108,30,-44
meldung,4,31,-12456,-5276,5812,-106,28,-42
meldung,4,32,-12504,-5272,5716,-111,28,-43
meldung,4,33,-12452,-5196,5824,-113,25,-39
meldung,4,34,-12432,-5248,5684,-97,33,-34
meldung,4,35,-12368,-5276,5744,-100,32,-29
meldung,4,36,-12408,-5300,5792,-110,36,-22
meldung,4,37,-12324,-5376,5788,-113,46,-18
meldung,4,38,-12360,-5280,5972,-119,55,-15
meldung,4,39,-12472,-5348,5644,-130,48,-15
meldung,4,40,-12456,-5324,5640,-126,66,-10
meldung,4,41,-12280,-5392,5456,-99,83,5
meldung,4,42,-12232,-5568,5492,-84,151,12
meldung,4,43,-12108,-5720,5632,-84,302,24
meldung,4,44,-12992,-6772,6404,-116,540,-16
meldung,4,45,-11832,-8244,6764,-195,1053,71
meldung,4,46,-13488,-8208,6988,-170,2324,55
meldung,4,47,-13772,-10808,7696,1519,3175,500
meldung,4,48,-18060,-10284,8936,2512,3878,965
meldung,4,49,-26456,-10028,9652,2284,4449,1357
meldung,4,50,-30028,-11700,13468,2349,3888,1291
meldung,4,51,-32768,-13328,14580,2037,2564,774
meldung,4,52,-32768,-17064,14640,1917,629,44
meldung,4,53,-32768,-16580,15564,2017,-910,-471
meldung,4,54,-32768,-17132,15548,2544,-1295,-154
meldung,4,55,-32768,-14456,14032,3354,-926,716
meldung,4,56,-31144,-9412,11776,2989,152,2523
meldung,4,57,-29992,-11536,11296,4460,1533,4598
meldung,4,58,-31944,-7816,10848,5089,3219,6844
meldung,4,59,-32768,-4708,11100,5653,4202,8553
meldung,4,60,-32768,-1100,10932,5813,4083,9560
meldung,4,61,-32768,1088,10516,5848,3321,10240
meldung,4,62,-32768,2440,10668,5865,2228,10816
meldung,4,63,-32768,3600,9768,5876,766,11266
meldung,4,64,-31420,4612,9196,5823,-417,11640
meldung,4,65,-26672,4604,8176,5710,-1205,11894
meldung,4,66,-24172,5624,6672,5703,-1793,12149
meldung,4,67,-21188,5848,5936,5861,-2170,12507
meldung,4,68,-18200,5532,5404,6081,-2485,13100
meldung,4,69,-14724,5268,3452,6325,-2694,13729
meldung,4,70,-13036,4752,5400,6517,-2809,14125
meldung,4,71,-8340,5980,528,6550,-2911,14053
meldung,4,72,-5388,5484,52,6335,-3023,13736
meldung,4,73,-1968,5880,-1956,5997,-2926,13332
meldung,4,74,776,6620,-3648,5557,-2595,12729
meldung,4,75,4348,6348,-4772,4778,-2257,12170
meldung,4,76,6180,4120,-6188,3972,-1402,11731
meldung,4,77,9340,3316,-5564,3573,-277,11259
meldung,4,78,8296,3704,-6092,2776,710,10608
meldung,4,79,7812,2660,-5068,1716,1685,9525
meldung,4,80,6188,1028,-5764,867,2333,8231
meldung,4,81,3528,-1852,-5260,8,2596,6964
meldung,4,82,2148,-3088,-5536,-554,2543,6020
meldung,4,83,968,-3944,-5032,-960,2090,5337
meldung,4,84,1712,-4184,-4768,-1436,1590,4914
meldung,4,85,2420,-3724,-4424,-1861,1121,4646
meldung,4,86,3152,-2296,-3452,-2325,680,4226
meldung,4,87,3512,-1536,-3112,-2826,172,3567
meldung,4,88,4088,-976,-3512,-3286,-343,2785
meldung,4,89,5368,-876,-3196,-3515,-736,2128
meldung,4,90,6176,-568,-2768,-3544,-890,1595
meldung,4,91,7188,-8,-2340,-3454,-808,1168
meldung,4,92,7220,1076,-1484,-3186,-586,769
meldung,4,93,5948,2552,-540,-2897,-399,317
meldung,4,94,5540,3940,-4,-2507,-299,-158
meldung,4,95,4288,6064,312,-2146,-209,-544
meldung,4,96,4416,8020,432,-1857,-109,-760
meldung,4,97,3524,9612,624,-1600,42,-836
meldung,4,98,2340,11296,608,-1402,125,-788
meldung,4,99,1556,13232,364,-1314,191,-687
meldung,4,100,1592,15036,-84,-1312,251,-477
meldung,4,101,1924,17360,-380,-1487,503,-145
meldung,4,102,-1236,28180,-1804,-3538,1210,483
meldung,4,103,5980,20580,2072,-2097,840,743
meldung,4,104,600,20588,3544,-2625,1499,1439
meldung,4,105,-2856,15976,7072,-3572,1085,2529
meldung,4,106,-5756,13636,10760,-3742,86,2741
meldung,4,107,-8000,9744,13372,-3970,-1332,2832
meldung,4,108,-8660,5308,14992,-4014,-3150,2530
meldung,4,109,-4784,224,14400,-3818,-4995,2198
meldung,4,110,84,-3096,14360,-3283,-6269,2075
meldung,4,111,5208,-5628,11948,-2613,-6951,1770
meldung,4,112,11616,-6880,8836,-1714,-6920,1014
meldung,4,113,18052,-5928,4416,-303,-5773,-30
meldung,4,114,20752,-1172,-344,1813,-3926,-1465
meldung,4,115,19688,5380,-6088,4440,-1749,-3044
meldung,4,116,14812,14248,-10976,6694,311,-4487
meldung,4,117,8160,25532,-14420,7680,1935,-5452
meldung,4,118,5768,32767,-15160,6689,3114,-4864
meldung,4,119,3420,32767,-15064,3873,3578,-2445
meldung,4,120,1132,32767,-10908,-1309,3693,312
meldung,4,121,-15696,20772,6224,-6114,3528,820
meldung,4,122,-2648,32767,2824,-8796,1759,3109
meldung,4,123,-5488,19800,4176,-10480,997,2979
meldung,4,124,-6808,10868,9204,-11076,27,3004
meldung,4,125,-7004,2724,13988,-10364,-1026,2871
meldung,4,126,-5748,-4368,16844,-9123,-1941,2499
meldung,4,127,-3300,-12160,17104,-7091,-2615,1789
meldung,4,128,-564,-15716,16628,-4524,-3598,1064
meldung,4,129,3712,-15424,16060,-1721,-4243,321
meldung,4,130,10056,-11168,13528,655,-4191,-286
meldung,4,131,13692,-5392,9956,2378,-3449,-919
meldung,4,132,13300,1568,6420,3653,-2647,-1884
meldung,4,133,11904,8872,1636,4677,-1938,-3348
meldung,4,134,13324,17196,-2804,5280,-628,-4398
meldung,4,135,14164,26040,-5168,5180,1396,-4056
meldung,4,136,10824,32767,-5160,3860,3181,-2227
meldung,4,137,3744,32767,-3312,1312,3600,63
meldung,4,138,-5492,32767,2768,-2159,2717,1507
meldung,4,139,-7712,28768,5952,-5121,799,1461
meldung,4,140,-4300,19536,7568,-7146,-853,1135
meldung,4,141,724,8796,9008,-7811,-1604,1118
meldung,4,142,3452,-764,11916,-7062,-1662,1189
meldung,4,143,4892,-8536,14380,-5322,-1484,1164
meldung,4,144,6068,-13848,14380,-3119,-1470,694
meldung,4,145,8528,-14200,13736,-836,-1670,-319
meldung,4,146,13832,-11324,10516,1243,-1390,-1429
meldung,4,147,15132,-5340,6608,3297,-352,-2512
meldung,4,148,12804,2660,2312,5299,848,-3703
meldung,4,149,10232,10796,-1072,6850,2257,-4578
meldung,4,150,7684,19472,-3508,7597,3955,-4508
meldung,4,151,4720,30176,-5868,7186,5293,-3410
meldung,4,152,-768,32767,-3248,5353,5871,-1410
meldung,4,153,-6352,32767,-316,1995,5171,492
meldung,4,154,-10332,32767,1548,-2194,3798,1340
meldung,4,155,-11608,32696,4700,-5635,1934,1547
meldung,4,156,-9240,23240,8100,-7644,158,1610
meldung,4,157,-7048,12736,9888,-8468,-1080,1734
meldung,4,158,-5088,3648,11740,-8099,-1819,1547
meldung,4,159,-2032,-3952,13344,-6791,-2518,1107
meldung,4,160,2368,-8324,13828,-4823,-2855,658
meldung,4,161,6984,-10364,12976,-2679,-2906,25
meldung,4,162,10844,-9704,11704,-773,-2686,-728
meldung,4,163,13304,-6984,10276,779,-2130,-1398
meldung,4,164,13352,-3840,7920,1964,-1482,-2118
meldung,4,165,12568,1132,5116,3024,-721,-3221
meldung,4,166,11384,5980,2464,4189,399,-4292
meldung,4,167,10300,10472,64,5423,1856,-5122
meldung,4,168,8848,15596,-1588,6363,3808,-5028
meldung,4,169,4260,21124,-1776,6551,5391,-3936
meldung,4,170,-2876,25740,-456,5779,5681,-2444
meldung,4,171,-8424,28644,2244,4066,4853,-1223
meldung,4,172,-9920,30228,4372,1726,3352,-461
meldung,4,173,-8472,28640,5328,-634,1986,-110
meldung,4,174,-5860,24884,6116,-2078,1185,284
meldung,4,175,-3784,20016,6944,-2915,922,621
meldung,4,176,-3948,16704,8692,-3381,788,947
meldung,4,177,-4884,12856,9808,-3339,434,1073
meldung,4,178,-5264,10056,10240,-3150,-116,1009
meldung,4,179,-4316,7876,10264,-2662,-658,971
meldung,4,180,-2636,7100,10296,-2137,-1094,865
meldung,4,181,-824,6668,9972,-1671,-1411,670
meldung,4,182,244,6488,9992,-1283,-1611,466
meldung,4,183,-16,6664,8956,-895,-1774,56
meldung,4,184,764,8124,6976,-176,-1718,-683
meldung,4,185,3180,10348,5212,853,-1072,-1116
meldung,4,186,3764,12908,3416,1868,55,-1024
meldung,4,187,2068,15144,2708,2587,1122,-648
meldung,4,188,256,17876,2324,2794,1865,-10
meldung,4,189,-1756,20336,2912,2402,2174,673
meldung,4,190,-2784,21756,3184,1484,2021,1218
meldung,4,191,-3056,21940,3980,225,1539,1603
meldung,4,192,-2152,19912,4264,-1086,834,1902
meldung,4,193,-1132,16844,4848,-2191,190,2103
meldung,4,194,776,13580,5304,-3048,-372,2226
meldung,4,195,2692,10232,6296,-3666,-828,2184
meldung,4,196,5168,7448,7200,-4098,-1182,2012
meldung,4,197,7188,3724,7288,-4269,-1415,1703
meldung,4,198,9200,-980,6896,-3987,-1549,1063
meldung,4,199,13112,-764,5968,-3097,-1132,302
meldung,4,200,15952,260,5912,-1665,-43,-382
meldung,4,201,15712,1964,6072,-2,1448,-897
meldung,4,202,11272,5244,6316,1443,2744,-1311
meldung,4,203,5164,8736,7012,2479,3416,-1579
meldung,4,204,-928,12312,8384,2885,3173,-1582
meldung,4,205,-4968,16044,9712,2515,2241,-1450
meldung,4,206,-6188,18972,10488,1619,1016,-1029
meldung,4,207,-6428,20708,10956,455,-320,-360
meldung,4,208,-5516,20892,10840,-798,-1549,192
meldung,4,209,-3940,19644,11056,-1882,-2516,573
meldung,4,210,-2780,16768,11116,-2736,-3491,729
meldung,4,211,-1360,13432,10884,-3237,-4326,785
meldung,4,212,1512,10112,10580,-3341,-4844,793
meldung,4,213,4852,7356,10156,-3108,-4926,884
meldung,4,214,7660,5088,9768,-2608,-4577,954
meldung,4,215,9788,3400,9940,-1925,-4055,906
meldung,4,216,11372,2080,9488,-1049,-3332,741
meldung,4,217,12784,1984,8960,-19,-2487,535
meldung,4,218,11740,2952,8028,1179,-1659,195
meldung,4,219,7960,6276,6728,2456,-1102,-401
meldung,4,220,5716,9656,5568,3465,-778,-920
meldung,4,221,4324,13004,4228,4033,-563,-1186
meldung,4,222,3716,17864,3012,4059,-342,-1088
meldung,4,223,4452,21964,1728,3513,-51,-521
meldung,4,224,4408,25280,1424,2365,138,513
meldung,4,225,3748,24260,1688,628,77,1825
meldung,4,226,2644,25092,2808,-1120,-318,2392
meldung,4,227,1404,22620,3752,-3194,-1142,2481
meldung,4,228,3344,16172,5124,-4922,-2063,2343
meldung,4,229,7048,9540,5712,-5840,-2704,2178
meldung,4,230,11152,2808,6088,-5929,-2703,1938
meldung,4,231,14984,-3040,7556,-5277,-2160,1661
meldung,4,232,16712,-8376,9216,-4048,-1399,1214
meldung,4,233,16936,-11156,10300,-2464,-909,430
meldung,4,234,15844,-10476,9560,-623,-582,-851
meldung,4,235,16476,-5636,7348,1423,-168,-2371
meldung,4,236,16468,536,4436,3256,1005,-3414
meldung,4,237,13988,6420,1836,4807,2590,-4016
meldung,4,238,9292,11768,880,5836,3920,-4077
meldung,4,239,5352,18240,876,5873,4815,-3327
meldung,4,240,1164,25328,2788,4943,4906,-1752
meldung,4,241,-4052,30140,5528,2919,3886,-191
meldung,4,242,-7996,30516,7268,13,2005,559
meldung,4,243,-7768,26756,8816,-2980,-280,363
meldung,4,244,-4080,20508,10012,-5088,-2162,-22
meldung,4,245,1152,13420,10548,-6131,-3298,-96
meldung,4,246,5696,6644,10800,-6374,-3767,92
meldung,4,247,9676,416,10784,-5841,-3600,163
meldung,4,248,12824,-3576,10940,-4574,-2936,15
meldung,4,249,15456,-5812,11948,-2923,-2025,-223
meldung,4,250,15468,-6272,10896,-1108,-1070,-705
meldung,4,251,15304,-2592,9108,741,-155,-1681
meldung,4,252,14248,2936,7604,2452,1100,-2535
meldung,4,253,10820,7448,6324,3814,2317,-2987
meldung,4,254,5692,12388,5972,4543,2991,-3322
meldung,4,255,1464,17904,6424,4451,3270,-3218
meldung,4,256,-2176,22468,6640,3708,3085,-2483
meldung,4,257,-4552,25936,7308,2312,2317,-1361
meldung,4,258,-5816,27064,7544,422,1207,-232
meldung,4,259,-5196,25220,8360,-1700,-21,484
meldung,4,260,-4012,21152,9692,-3564,-1307,750
meldung,4,261,-796,14852,9688,-4831,-2466,740
meldung,4,262,3252,8920,10028,-5426,-3083,654
meldung,4,263,7572,3148,10076,-5397,-3106,492
meldung,4,264,10936,-2268,10748,-4812,-2659,235
meldung,4,265,12988,-6928,10660,-3672,-2157,-217
meldung,4,266,15420,-8520,10520,-2207,-1530,-909
meldung,4,267,16840,-8452,9272,-485,-541,-1722
meldung,4,268,16004,-5248,7684,1296,626,-2689
meldung,4,269,13328,-40,5300,3105,1980,-3761
meldung,4,270,9056,5188,3540,4845,3444,-4649
meldung,4,271,3300,9924,3404,5959,4490,-4867
meldung,4,272,-2680,15976,3864,6024,4729,-4766
meldung,4,273,-6404,22228,4692,5179,4327,-4108
meldung,4,274,-9640,27352,5712,3635,3284,-2743
meldung,4,275,-11152,30240,6800,1307,1497,-1522
meldung,4,276,-9276,29132,7092,-1330,-174,-821
meldung,4,277,-7132,24376,8520,-3473,-1313,-388
meldung,4,278,-5300,18700,8932,-4729,-2193,-198
meldung,4,279,-3456,12900,9392,-5146,-2866,-142
meldung,4,280,-616,7392,9376,-5003,-3115,-33
meldung,4,281,2180,2920,9488,-4390,-3123,168
meldung,4,282,6016,-588,9216,-3342,-2618,345
meldung,4,283,9244,-2304,9052,-1949,-1633,342
meldung,4,284,11956,-2320,7660,-273,-117,46
meldung,4,285,10968,1188,7012,1590,1852,-616
meldung,4,286,6604,5068,6052,3464,3418,-1500
meldung,4,287,-320,9288,5628,4783,4265,-2437
meldung,4,288,-5356,14084,5656,5232,4385,-3267
meldung,4,289,-8056,19464,6032,4756,4070,-3176
meldung,4,290,-10372,24464,6468,3487,3342,-2188
meldung,4,291,-13328,27920,7316,1620,2129,-807
meldung,4,292,-14596,27736,8024,-613,426,211
meldung,4,293,-13736,24084,9120,-2675,-1228,535
meldung,4,294,-10712,18368,9196,-4002,-2550,660
meldung,4,295,-6724,12932,9392,-4390,-3312,1012
meldung,4,296,-3524,7592,9900,-4266,-3774,1413
meldung,4,297,536,2688,9584,-3724,-3809,1620
meldung,4,298,5316,-496,9032,-2713,-3258,1552
meldung,4,299,9924,-1676,9084,-1373,-2178,1464
meldung,5,0,-18400,22404,21092,-522,-4632,4747
meldung,5,1,-13560,22604,19456,-932,-4663,5415
meldung,5,2,-12252,20844,18464,-904,-4516,6314
meldung,5,3,-16116,18040,13828,-2383,-3523,6652
meldung,5,4,-10208,17848,13540,1139,-4732,6507
meldung,5,5,-8572,17884,12412,619,-4939,6702
meldung,5,6,-5396,17180,8760,893,-4852,6760
meldung,5,7,-3936,15560,6224,730,-4493,6896
meldung,5,8,-3068,13272,3068,605,-3960,6916
meldung,5,9,-2928,11932,1532,233,-3468,6976
meldung,5,10,-2376,9692,1000,-274,-3320,6908
meldung,5,11,-3808,6560,-1232,-1749,-2764,6854
meldung,5,12,-3528,760,-2488,-3107,-2554,6695
meldung,5,13,-2876,-3184,-3496,-4172,-2528,6612
meldung,5,14,-1872,-6732,-3824,-5129,-2656,6313
meldung,5,15,2396,-8968,-3996,-5655,-2901,5651
meldung,5,16,7624,-10256,-2668,-6073,-2765,4929
meldung,5,17,12352,-12164,-1280,-6126,-2062,4408
meldung,5,18,13868,-13272,916,-5774,-1029,4274
meldung,5,19,11844,-14448,3068,-5055,-396,4048
meldung,5,20,6236,-15504,4256,-3812,-552,3371
meldung,5,21,3196,-14184,5836,-2302,-1663,1960
meldung,5,22,5648,-11412,4140,-793,-2865,365
meldung,5,23,11092,-6512,3144,436,-3214,-843
meldung,5,24,15888,-1652,1320,1500,-2426,-1440
meldung,5,25,17808,2592,-232,2467,-845,-1547
meldung,5,26,16784,6468,-456,3283,871,-1332
meldung,5,27,13840,10028,168,3819,2391,-1070
meldung,5,28,9384,13564,1412,3809,3379,-815
meldung,5,29,6200,15764,2844,3270,3851,-629
meldung,5,30,3172,16328,4136,2499,3968,-290
meldung,5,31,964,16236,5408,1746,3872,218
meldung,5,32,-1728,16148,6948,1141,3526,649
meldung,5,33,-3500,16304,8776,630,2801,850
meldung,5,34,-4684,16036,10304,47,1795,785
meldung,5,35,-4432,15424,10864,-561,578,556
meldung,5,36,-2364,14728,10784,-1155,-451,305
meldung,5,37,908,13832,10116,-1614,-1113,231
meldung,5,38,4000,12820,9408,-1917,-1319,306
meldung,5,39,6256,11648,9336,-2041,-1181,441
meldung,5,40,7752,10808,9376,-2032,-869,528
meldung,5,41,8420,9584,9792,-1962,-515,636
meldung,5,42,8036,8552,9992,-1870,-189,709
meldung,5,43,7660,7616,10520,-1731,2,711
meldung,5,44,7228,6748,10884,-1549,78,626
meldung,5,45,7052,6472,11116,-1305,73,492
meldung,5,46,6944,5924,11168,-994,104,329
meldung,5,47,7116,5976,10988,-641,151,158
meldung,5,48,7060,6220,11036,-283,237,37
meldung,5,49,7132,6884,10856,8,300,-19
meldung,5,50,6984,7488,10788,174,357,-82
meldung,5,51,7004,8036,10508,208,342,-191
meldung,5,52,6728,8204,10204,219,284,-310
meldung,5,53,6668,8216,10008,221,231,-398
meldung,5,54,6588,8372,9956,229,219,-444
meldung,5,55,6356,8428,9788,269,218,-506
meldung,5,56,6300,8532,9548,347,323,-558
meldung,5,57,5756,8688,9348,488,514,-571
meldung,5,58,5020,9024,9428,599,576,-584
meldung,5,59,4368,9584,9264,642,577,-577
meldung,5,60,3880,10072,9400,551,481,-578
meldung,5,61,3796,10200,9180,372,320,-580
meldung,5,62,4064,10164,9044,187,174,-568
meldung,5,63,4580,10084,8728,43,125,-478
meldung,5,64,4948,9900,8924,-75,143,-373
meldung,5,65,4660,9300,8792,-91,198,-298
meldung,5,66,4316,9028,8976,-67,236,-248
meldung,5,67,4128,8936,9192,-10,234,-222
meldung,5,68,4296,9116,9188,29,242,-202
meldung,5,69,4524,9048,9336,34,246,-178
meldung,5,70,4476,9080,9148,53,233,-183
meldung,5,71,4484,9280,9296,57,211,-240
meldung,5,72,4536,9720,9200,-4,177,-355
meldung,5,73,4556,9792,8960,-67,184,-443
meldung,5,74,4644,10076,9112,-102,212,-462
meldung,5,75,4616,10008,9152,-119,316,-371
meldung,5,76,4472,10084,9444,-126,422,-280
meldung,5,77,3824,10240,9648,-132,490,-203
meldung,5,78,3616,10188,9992,-189,463,-193
meldung,5,79,3320,10212,9960,-252,384,-216
meldung,5,80,3372,10056,10136,-298,330,-222
meldung,5,81,3144,10032,10024,-314,257,-186
meldung,5,82,3152,9840,10240,-293,164,-128
meldung,5,83,3220,9904,10252,-261,67,-64
meldung,5,84,3288,9856,10168,-261,-24,-16
meldung,5,85,3720,9924,10176,-263,-93,-12
meldung,5,86,4224,9588,9852,-259,-116,-11
meldung,5,87,4604,9508,9852,-236,-89,18
meldung,5,88,4560,9408,9748,-190,-17,46
meldung,5,89,4620,9348,9732,-160,26,45
meldung,5,90,4664,9268,9740,-128,55,32
meldung,5,91,4868,9124,9968,-116,72,34
meldung,5,92,5076,9264,9912,-119,102,5
meldung,5,93,5232,9320,10012,-118,176,-4
meldung,5,94,4836,9176,9992,-98,206,-35
meldung,5,95,4648,9056,10052,-67,217,-66
meldung,5,96,4420,9232,10076,-29,212,-75
meldung,5,97,4284,9148,9988,-29,168,-55
meldung,5,98,4236,9364,9952,-37,110,-72
meldung,5,99,4324,9368,9924,-69,73,-101
meldung,5,100,4640,9384,9840,-100,71,-109
meldung,5,101,4780,9412,9608,-87,120,-96
meldung,5,102,4624,9372,9636,-85,159,-80
meldung,5,103,4544,9248,9700,-63,190,-51
meldung,5,104,4400,9344,9796,-38,233,0
meldung,5,105,4208,9128,9940,8,222,88
meldung,5,106,3996,9204,10032,45,227,145
meldung,5,107,3968,9340,9892,78,191,156
meldung,5,108,4044,9432,9864,86,139,129
meldung,5,109,4156,9532,9812,75,62,76
meldung,5,110,4360,9684,9836,50,26,49
meldung,5,111,4340,9796,9656,6,-3,20
meldung,5,112,4264,9940,9644,-51,-27,-34
meldung,5,113,4352,10064,9428,-90,-44,-89
meldung,5,114,4508,10028,9256,-139,-33,-124
meldung,5,115,4528,9780,9504,-182,-4,-121
meldung,5,116,4376,9608,9624,-176,-7,-109
meldung,5,117,4220,9484,9320,-167,-29,-105
meldung,5,118,4356,9360,9584,-144,-71,-112
meldung,5,119,4532,9336,9408,-126,-52,-97
meldung,5,120,4700,9524,9388,-97,-22,-86
meldung,5,121,4664,9604,9284,-53,5,-64
meldung,5,122,4556,9928,9212,-56,52,-45
meldung,5,123,4576,9928,9444,-95,84,-54
meldung,5,124,4384,9808,9212,-133,95,-78
meldung,5,125,4460,9716,9116,-153,104,-92
meldung,5,126,4212,9672,9032,-157,83,-87
meldung,5,127,4192,9588,9220,-138,74,-76
meldung,5,128,4376,9712,9336,-124,47,-76
meldung,5,129,4324,9780,9328,-139,28,-93
meldung,5,130,4536,9928,9444,-169,25,-131
meldung,5,131,4516,9880,9296,-188,45,-144
meldung,5,132,4576,9780,9384,-192,85,-141
meldung,5,133,4220,9852,9556,-175,140,-114
meldung,5,134,4124,9804,9748,-173,165,-67
meldung,5,135,3832,9908,9792,-188,130,-67
meldung,5,136,3800,9812,9680,-189,107,-81
meldung,5,137,3748,9676,9824,-178,40,-82
meldung,5,138,3816,9572,9784,-176,-32,-46
meldung,5,139,4016,9688,9760,-189,-66,-18
meldung,5,140,3928,9484,9780,-190,-91,3
meldung,5,141,4156,9416,10040,-167,-122,-2
meldung,5,142,4432,9304,9596,-129,-109,-18
meldung,5,143,4632,9480,9856,-98,-42,-26
meldung,5,144,4604,9512,9856,-90,40,-7
meldung,5,145,4388,9808,9636,-98,63,1
meldung,5,146,4104,9624,9772,-126,40,-23
meldung,5,147,4276,9468,9824,-158,18,-59
meldung,5,148,4312,9428,9868,-169,-2,-88
meldung,5,149,4528,9408,9900,-158,24,-69
meldung,5,150,4312,9268,9984,-121,51,-42
meldung,5,151,4220,9220,10124,-83,18,-20
meldung,5,152,4124,9468,9896,-75,0,-11
meldung,5,153,4204,9552,10144,-97,-11,-24
meldung,5,154,4196,9512,10164,-127,-22,-54
meldung,5,155,4404,9612,10060,-156,-32,-83
meldung,5,156,4400,9492,10084,-156,-17,-89
meldung,5,157,4332,9368,9964,-139,-23,-73
meldung,5,158,4180,9204,10176,-134,-31,-45
meldung,5,159,4168,9212,10016,-139,-66,-66
meldung,5,160,4392,9324,10048,-137,-70,-86
meldung,5,161,4756,9388,10000,-138,-45,-87
meldung,5,162,4700,9308,9984,-129,-11,-82
meldung,5,163,4592,9384,9868,-107,13,-78
meldung,5,164,4432,9460,10076,-118,-1,-103
meldung,5,165,4484,9288,9852,-143,-8,-133
meldung,5,166,4672,9060,9852,-117,-13,-139
meldung,5,167,4544,9048,9656,-70,4,-96
meldung,5,168,4284,8844,9556,-19,-17,-100
meldung,5,169,4340,9088,9600,5,-80,-166
meldung,5,170,4492,9224,9228,-9,-125,-267
meldung,5,171,4864,9380,8604,-37,-120,-357
meldung,5,172,5172,9360,8260,-75,-112,-433
meldung,5,173,5224,9176,7832,-133,-113,-544
meldung,5,174,5928,8512,7476,-208,-119,-677
meldung,5,175,6388,7628,7076,-251,-136,-805
meldung,5,176,7040,6744,6300,-309,-184,-1044
meldung,5,177,8304,5780,4964,-323,-151,-1326
meldung,5,178,9844,4616,3420,-232,9,-1657
meldung,5,179,10552,3984,1804,-75,346,-2034
meldung,5,180,10400,3568,368,5,616,-2671
meldung,5,181,10316,3428,-652,-13,868,-3505
meldung,5,182,10572,2832,-2040,-119,1183,-4362
meldung,5,183,10424,2248,-2872,-259,1586,-5099
meldung,5,184,10844,1544,-3384,-517,2137,-5630
meldung,5,185,9784,-256,-4556,-728,2887,-5992
meldung,5,186,8420,-2144,-5224,-784,3597,-6197
meldung,5,187,6612,-3592,-5936,-726,4312,-6262
meldung,5,188,4280,-4644,-6348,-586,4878,-6331
meldung,5,189,1364,-5428,-6508,-444,5162,-6536
meldung,5,190,0,-5076,-6260,-378,5121,-6806
meldung,5,191,-688,-4444,-6428,-465,5004,-7136
meldung,5,192,-656,-3904,-6348,-682,4961,-7488
meldung,5,193,620,-2740,-6336,-1036,5108,-7823
meldung,5,194,1360,-2488,-6608,-1421,5416,-8120
meldung,5,195,864,-2164,-6796,-1830,5797,-8482
meldung,5,196,-712,-2444,-6328,-2358,5979,-9026
meldung,5,197,-2464,-3668,-6244,-2917,5972,-9684
meldung,5,198,-4256,-4336,-5300,-3413,5775,-10269
meldung,5,199,-5288,-4856,-3724,-3779,5460,-10577
meldung,5,200,-6180,-5924,-2188,-3870,5266,-10447
meldung,5,201,-6052,-5104,368,-3703,5403,-9814
meldung,5,202,-6428,-4192,2264,-3579,5966,-8997
meldung,5,203,-9292,-3824,3904,-3313,6602,-8275
meldung,5,204,-13780,-2776,5908,-3063,7004,-7802
meldung,5,205,-18872,-1704,8056,-3001,6835,-7647
meldung,5,206,-23640,-932,9608,-3160,5948,-7777
meldung,5,207,-26560,-744,11304,-3511,4716,-8011
meldung,5,208,-27360,-1264,12688,-3928,3555,-8070
meldung,5,209,-26744,-2436,13056,-4004,2526,-7748
meldung,5,210,-25524,-3540,13632,-3704,1781,-6967
meldung,5,211,-24824,-3680,14012,-3165,1567,-5709
meldung,5,212,-23932,-3636,14060,-2611,1831,-4288
meldung,5,213,-25992,-3156,14384,-2162,2221,-3211
meldung,5,214,-28096,-3364,14988,-1853,2150,-2672
meldung,5,215,-29344,-3096,15432,-1814,1780,-2518
meldung,5,216,-30676,-3656,15848,-1928,1035,-2581
meldung,5,217,-31268,-4696,16364,-2088,114,-2709
meldung,5,218,-30672,-6324,16684,-2270,-811,-2940
meldung,5,219,-28528,-7480,16600,-2470,-1560,-3178
meldung,5,220,-26532,-7912,16080,-2777,-2182,-3309
meldung,5,221,-31856,-11780,12116,-3262,-2073,-3637
meldung,5,222,-28336,-15988,12972,-3892,-2469,-1188
meldung,5,223,-15148,-9876,16080,-451,-2032,-2613
meldung,5,224,-18640,-11364,13816,-1198,-1463,-901
meldung,5,225,-16052,-7360,12180,-1099,-612,74
meldung,5,226,-17648,-13408,12200,35,21,1340
meldung,5,227,-17316,-9784,11580,628,944,1791
meldung,5,228,-17568,-7840,9600,883,1688,2094
meldung,5,229,-17924,-6304,9044,470,2193,2561
meldung,5,230,-18080,-5936,8468,1051,2281,2636
meldung,5,231,-18932,-4384,7968,1315,1958,2566
meldung,5,232,-19676,-2164,7672,865,1263,2164
meldung,5,233,-19668,-1640,7156,313,219,1506
meldung,5,234,-19620,4,5956,-424,-1023,598
meldung,5,235,-18632,-932,5216,-1184,-2440,-337
meldung,5,236,-15488,-1248,3632,-1666,-3351,-1342
meldung,5,237,-9072,-652,1752,-2216,-3232,-2191
meldung,5,238,-5068,-3376,-1264,-3001,-1516,-3071
meldung,5,239,-2028,-22564,11896,-4516,2310,-215
meldung,5,240,-26896,-20100,20168,-1553,6677,4868
meldung,5,241,-24712,-1212,16940,5114,4904,4877
meldung,5,242,-32768,-2944,14204,2803,3921,2949
meldung,5,243,-31308,824,9276,483,2066,1519
meldung,5,244,-24052,136,6128,243,503,-277
meldung,5,245,-21228,-28,2304,-385,-1096,-1397
meldung,5,246,-16600,816,444,-1026,-2263,-2282
meldung,5,247,-13552,-1680,-320,-1661,-2665,-2745
meldung,5,248,-10792,-4236,12,-1713,-2698,-2893
meldung,5,249,-8860,-6120,684,-1428,-2476,-2691
meldung,5,250,-6704,-6888,1432,-933,-1940,-2186
meldung,5,251,-5608,-7248,2320,-354,-1151,-1581
meldung,5,252,-5860,-7080,3100,107,-255,-1083
meldung,5,253,-7256,-6392,4268,347,647,-783
meldung,5,254,-8840,-6644,5308,435,1382,-543
meldung,5,255,-11012,-6772,6328,565,1841,-351
meldung,5,256,-13240,-6504,7084,662,1958,-325
meldung,5,257,-15116,-5652,7588,527,1784,-456
meldung,5,258,-16168,-4768,7392,325,1307,-734
meldung,5,259,-16332,-4368,7028,96,639,-1070
meldung,5,260,-15808,-4132,6696,-176,2,-1311
meldung,5,261,-14760,-4596,6668,-400,-498,-1393
meldung,5,262,-13508,-5128,6168,-517,-792,-1367
meldung,5,263,-12500,-5636,5928,-535,-898,-1280
meldung,5,264,-10700,-2424,3264,-91,-997,-1245
meldung,5,265,-10672,-5512,5856,-474,-684,-1095
meldung,5,266,-10416,-5500,5280,-448,-493,-1046
meldung,5,267,-10464,-6052,5696,-387,-305,-901
meldung,5,268,-10448,-5764,5564,-292,-155,-755
meldung,5,269,-11024,-5968,5776,-244,-47,-638
meldung,5,270,-11568,-5976,5780,-231,1,-540
meldung,5,271,-11944,-6200,5940,-134,-18,-492
meldung,5,272,-12056,-5964,5668,-52,-53,-414
meldung,5,273,-12036,-5976,5560,-119,-86,-342
meldung,5,274,-11940,-5988,5624,-147,-129,-341
meldung,5,275,-12104,-6060,5564,-171,-165,-369
meldung,5,276,-12156,-6212,5680,-221,-209,-417
meldung,5,277,-12236,-6468,5652,-183,-230,-416
meldung,5,278,-12092,-6528,5664,-111,-243,-383
meldung,5,279,-12436,-6408,6192,-24,-253,-316
meldung,5,280,-12056,-6780,5804,-49,-253,-336
meldung,5,281,-12068,-6448,5792,-79,-222,-354
meldung,5,282,-11856,-6692,5908,-101,-216,-397
meldung,5,283,-11712,-6840,5956,-117,-199,-409
meldung,5,284,-11540,-6760,6004,-45,-225,-395
meldung,5,285,-11440,-6588,6000,-33,-187,-376
meldung,5,286,-11372,-6420,5884,-64,-174,-347
meldung,5,287,-11404,-6468,6004,-94,-124,-296
meldung,5,288,-11380,-6528,5852,-102,-84,-268
meldung,5,289,-11368,-6616,5708,-109,-52,-226
meldung,5,290,-11636,-6476,5908,-164,19,-193
meldung,5,291,-11576,-6588,5848,-229,18,-207
meldung,5,292,-11652,-6600,5800,-183,0,-210
meldung,5,293,-11524,-6560,5820,-183,-24,-190
meldung,5,294,-11504,-6512,5576,-172,-8,-176
meldung,5,295,-11680,-6588,5760,-175,0,-146
meldung,5,296,-11644,-6692,5940,-146,8,-129
meldung,5,297,-11864,-6632,5864,-102,7,-111
meldung,5,298,-11712,-6640,5960,-63,3,-93
meldung,5,299,-11964,-6516,6248,-49,37,-98
meldung,6,0,-7056,-1212,11664,-87,53,-61
meldung,6,1,-7220,-976,11700,-95,56,-53
meldung,6,2,-7212,-1100,11580,-96,42,-53
meldung,6,3,-7288,-992,11596,-108,33,-53
meldung,6,4,-7096,-1148,11624,-117,39,-51
meldung,6,5,-7124,-1116,11524,-118,39,-46
meldung,6,6,-7228,-1152,11652,-120,35,-51
meldung,6,7,-7208,-1192,11636,-124,27,-53
meldung,6,8,-7228,-1120,11508,-120,23,-57
meldung,6,9,-7268,-1216,11612,-116,16,-57
meldung,6,10,-7324,-1228,11636,-115,4,-56
meldung,6,11,-7156,-1184,11712,-110,4,-55
meldung,6,12,-7232,-1216,11540,-105,3,-63
meldung,6,13,-7140,-1044,11540,-91,6,-64
meldung,6,14,-7120,-1108,11568,-90,13,-64
meldung,6,15,-7176,-1032,11688,-104,15,-59
meldung,6,16,-7176,-1032,11628,-118,24,-71
meldung,6,17,-7240,-1056,11604,-126,18,-73
meldung,6,18,-7208,-1140,11588,-126,12,-68
meldung,6,19,-7100,-1048,11716,-133,14,-70
meldung,6,20,-7064,-1116,11744,-151,5,-72
meldung,6,21,-7112,-1120,11604,-147,21,-71
meldung,6,22,-7000,-1168,11716,-156,35,-66
meldung,6,23,-6932,-1100,11664,-168,53,-69
meldung,6,24,-6988,-1088,11708,-189,83,-71
meldung,6,25,-6764,-1164,11856,-191,130,-51
meldung,6,26,-6792,-1340,11868,-193,178,-27
meldung,6,27,-6712,-1464,11884,-180,233,6
meldung,6,28,-7016,-1540,11856,-157,272,40
meldung,6,29,-7252,-1472,11680,-140,293,63
meldung,6,30,-7268,-1320,11744,-126,289,93
meldung,6,31,-7600,-1260,11456,-103,277,105
meldung,6,32,-7528,-1124,11524,-101,270,112
meldung,6,33,-7456,-1036,11412,-102,259,88
meldung,6,34,-7400,-1060,11372,-104,224,73
meldung,6,35,-7368,-1076,11316,-100,206,48
meldung,6,36,-7528,-876,11184,-94,175,35
meldung,6,37,-7516,-772,11260,-118,146,20
meldung,6,38,-7564,-688,11332,-148,116,-25
meldung,6,39,-7548,-616,11348,-190,89,-72
meldung,6,40,-7376,-820,11316,-209,61,-97
meldung,6,41,-7424,-968,11472,-214,33,-115
meldung,6,42,-7392,-1012,11532,-204,9,-108
meldung,6,43,-7316,-972,11532,-201,-10,-103
meldung,6,44,-7324,-1060,11576,-194,-17,-102
meldung,6,45,-7332,-1080,11676,-177,-24,-95
meldung,6,46,-7280,-1260,11740,-155,-2,-93
meldung,6,47,-7420,-1232,11788,-129,12,-73
meldung,6,48,-7460,-1164,11588,-119,27,-53
meldung,6,49,-7408,-1096,11776,-116,47,-53
meldung,6,50,-7288,-1208,11756,-108,72,-48
meldung,6,51,-7208,-1076,11700,-112,101,-48
meldung,6,52,-7144,-1228,11792,-116,169,-54
meldung,6,53,-7020,-1196,11984,-118,275,-62
meldung,6,54,-7164,-1444,12072,-127,426,-60
meldung,6,55,-6692,-2012,12044,-53,637,-50
meldung,6,56,-7072,-1836,12028,50,891,3
meldung,6,57,-6708,-1376,12672,60,1198,32
meldung,6,58,-6288,-2376,12704,23,1766,51
meldung,6,59,-6032,-3488,13188,152,2598,139
meldung,6,60,-6372,-4388,13048,448,3777,237
meldung,6,61,-9520,-4404,13616,836,5371,400
meldung,6,62,-15184,-3952,13376,1226,6454,554
meldung,6,63,-22200,-1164,14860,1531,7281,741
meldung,6,64,-23028,1736,15184,1747,7355,1254
meldung,6,65,-25344,1356,12288,1574,7382,2358
meldung,6,66,-29060,2384,9816,1438,7510,3629
meldung,6,67,-32768,3336,12908,1179,8263,4398
meldung,6,68,-32768,6460,10628,1801,8936,5401
meldung,6,69,-32768,9220,8540,1301,7492,6213
meldung,6,70,-32768,24780,7284,-3407,6242,7485
meldung,6,71,-32768,14484,7668,-446,4248,8286
meldung,6,72,-32768,9460,8624,-1202,3276,9483
meldung,6,73,-32768,7984,8348,-1012,2380,10898
meldung,6,74,-32768,9080,9188,-876,1930,12202
meldung,6,75,-30948,8956,10060,-652,1598,13095
meldung,6,76,-28248,8636,10640,-398,1329,13270
meldung,6,77,-25356,8848,10864,-323,1040,12838
meldung,6,78,-21556,8844,11360,-309,810,12195
meldung,6,79,-17644,8612,10692,-142,663,11769
meldung,6,80,-15000,7648,10748,90,579,11852
meldung,6,81,-13452,7848,9876,546,453,12381
meldung,6,82,-12592,7744,9596,1031,316,12891
meldung,6,83,-10164,7488,9012,1375,242,13262
meldung,6,84,-7988,7344,8364,1470,311,13439
meldung,6,85,-5904,5976,6496,1440,603,13318
meldung,6,86,-3240,4236,5436,1458,960,13027
meldung,6,87,-2108,3268,3968,1432,1480,12716
meldung,6,88,-2476,2184,3044,1047,1910,12311
meldung,6,89,-3572,1556,3440,443,2230,11792
meldung,6,90,-4632,-764,2800,-432,2423,11011
meldung,6,91,-5260,-3344,2760,-1223,2287,10112
meldung,6,92,-4524,-5096,2640,-1933,2059,9198
meldung,6,93,-2900,-6360,2296,-2533,1912,8271
meldung,6,94,-2324,-8316,2384,-2952,1924,7483
meldung,6,95,-1708,-9952,2792,-3055,1835,6780
meldung,6,96,-1312,-11116,3616,-2905,1830,6224
meldung,6,97,-500,-11188,4536,-2566,1894,5783
meldung,6,98,12,-10928,5380,-2075,1982,5455
meldung,6,99,380,-9600,6508,-1524,2091,5131
meldung,6,100,-132,-8192,7820,-965,1902,4742
meldung,6,101,-208,-4676,8624,-731,1621,4303
meldung,6,102,-632,-2420,9428,-671,984,3743
meldung,6,103,-168,396,9192,-768,192,3113
meldung,6,104,732,2148,8184,-972,-619,2429
meldung,6,105,3108,3756,7164,-1148,-1362,1846
meldung,6,106,5568,4304,5876,-1267,-1709,1427
meldung,6,107,7188,4796,4828,-1206,-1692,1188
meldung,6,108,7880,5380,4436,-948,-1515,926
meldung,6,109,9308,6516,3636,-621,-1043,713
meldung,6,110,10388,6820,2852,-252,-315,569
meldung,6,111,9708,7904,3020,194,529,477
meldung,6,112,8960,9668,3052,508,1186,332
meldung,6,113,8740,11080,3288,644,1750,169
meldung,6,114,8536,12428,3272,602,2195,140
meldung,6,115,5544,14204,2952,-1091,3102,416
meldung,6,116,7680,14944,4100,1000,2707,-284
meldung,6,117,6524,13828,5264,590,3067,-202
meldung,6,118,5152,12800,5212,995,3008,-403
meldung,6,119,4332,10200,6536,1351,2583,-241
meldung,6,120,1492,14676,7628,-138,2679,-12
meldung,6,121,1900,14116,7928,-296,2489,-287
meldung,6,122,1360,14360,7464,-364,2164,-232
meldung,6,123,1448,13880,7664,-317,1781,-50
meldung,6,124,1208,13640,7876,-120,1463,72
meldung,6,125,912,13544,7708,19,1139,134
meldung,6,126,1044,13716,7780,14,796,190
meldung,6,127,1452,13656,7572,-91,482,312
meldung,6,128,1424,13384,7588,-175,217,362
meldung,6,129,1868,13572,7432,-291,-38,212
meldung,6,130,2592,13628,6824,-490,-217,103
meldung,6,131,3332,13316,6548,-601,-359,-37
meldung,6,132,3944,13112,6116,-626,-384,-140
meldung,6,133,5376,15836,4652,-634,-428,81
meldung,6,134,4244,13220,6100,-738,-258,-18
meldung,6,135,4348,12856,6212,-811,-136,-72
meldung,6,136,4016,12736,6376,-939,-35,-114
meldung,6,137,3708,12312,6360,-984,5,-187
meldung,6,138,3424,11812,6480,-954,35,-218
meldung,6,139,2920,11316,6604,-868,30,-175
meldung,6,140,2340,11176,6728,-754,-22,-105
meldung,6,141,2300,11228,7000,-676,-166,-95
meldung,6,142,2436,11168,6836,-605,-312,-108
meldung,6,143,2960,11280,7092,-549,-413,-126
meldung,6,144,3556,11284,6924,-467,-416,-88
meldung,6,145,3992,11300,6720,-391,-313,-65
meldung,6,146,4032,11316,6636,-328,-194,-72
meldung,6,147,4000,11368,6448,-237,-84,-121
meldung,6,148,4036,11416,6316,-115,20,-167
meldung,6,149,3728,11988,6320,-40,150,-162
meldung,6,150,3700,12332,6220,-52,222,-136
meldung,6,151,3532,12480,6408,-88,293,-54
meldung,6,152,3276,12304,6692,-107,332,30
meldung,6,153,3012,12392,6992,-117,338,60
meldung,6,154,2788,12208,7260,-124,318,63
meldung,6,155,2528,12072,7324,-133,243,19
meldung,6,156,2784,12300,7336,-159,164,-45
meldung,6,157,2820,12540,7216,-221,117,-91
meldung,6,158,3100,12552,7208,-304,62,-134
meldung,6,159,3392,12544,7084,-347,64,-127
meldung,6,160,3352,12460,6884,-381,96,-103
meldung,6,161,3396,12272,7076,-387,104,-87
meldung,6,162,3260,12452,7136,-409,104,-88
meldung,6,163,3360,12148,7224,-411,94,-60
meldung,6,164,3192,11952,7616,-378,95,3
meldung,6,165,3412,11900,7572,-350,107,65
meldung,6,166,3352,12116,7716,-358,125,61
meldung,6,167,3188,11956,7756,-362,89,-12
meldung,6,168,3456,11980,7792,-360,75,-40
meldung,6,169,3676,11872,7656,-340,106,-48
meldung,6,170,3588,11988,7844,-315,128,-43
meldung,6,171,3504,12008,7968,-327,142,-50
meldung,6,172,3448,12128,8068,-381,122,-97
meldung,6,173,3628,12076,8084,-400,143,-143
meldung,6,174,3544,11944,7844,-381,177,-138
meldung,6,175,3468,11696,7904,-347,201,-122
meldung,6,176,3284,11684,8024,-293,209,-99
meldung,6,177,3360,11648,8188,-269,186,-75
meldung,6,178,3220,11696,8032,-236,181,-51
meldung,6,179,3080,11568,8148,-197,168,-34
meldung,6,180,2944,11504,8048,-160,116,-47
meldung,6,181,3196,11708,8008,-118,73,-70
meldung,6,182,3224,11768,7640,-103,94,-60
meldung,6,183,3028,11652,7820,-71,104,-17
meldung,6,184,3116,11952,7804,-51,64,27
meldung,6,185,3032,12080,7944,-63,54,34
meldung,6,186,3008,12080,7524,-88,30,17
meldung,6,187,3040,12028,7644,-95,8,-16
meldung,6,188,3248,11932,7680,-114,-16,-44
meldung,6,189,3360,11980,7588,-133,0,-81
meldung,6,190,3572,11852,7320,-151,23,-99
meldung,6,191,3328,11856,7324,-144,79,-92
meldung,6,192,3356,11788,7676,-135,87,-84
meldung,6,193,3124,11876,7556,-124,102,-72
meldung,6,194,2920,11768,7692,-127,86,-76
meldung,6,195,2840,11912,7840,-122,43,-109
meldung,6,196,2968,11848,7676,-135,25,-125
meldung,6,197,3060,11812,7612,-116,19,-89
meldung,6,198,2836,11716,7760,-98,9,-68
meldung,6,199,2936,11744,7564,-80,-26,-78
meldung,6,200,3100,11892,7676,-54,-18,-93
meldung,6,201,3088,12044,7752,-55,-1,-103
meldung,6,202,2884,12120,7452,-75,9,-129
meldung,6,203,3012,12284,7456,-88,-2,-152
meldung,6,204,2964,12220,7672,-111,-6,-145
meldung,6,205,3144,12080,7380,-143,-7,-135
meldung,6,206,3284,12024,7556,-148,39,-115
meldung,6,207,3168,12048,7816,-122,88,-88
meldung,6,208,2984,12056,7732,-92,121,-73
meldung,6,209,2656,12032,7900,-86,106,-90
meldung,6,210,2628,12232,7980,-73,71,-92
meldung,6,211,2616,12088,7960,-78,50,-63
meldung,6,212,2412,12132,8020,-62,24,-28
meldung,6,213,2468,12200,7996,-59,-15,-17
meldung,6,214,2624,12312,7960,-55,-41,-26
meldung,6,215,2668,12240,7984,-80,-46,-14
meldung,6,216,2664,12200,7816,-74,-85,26
meldung,6,217,2536,12184,7976,-83,-94,64
meldung,6,218,2724,12096,8036,-98,-135,53
meldung,6,219,2932,12120,7736,-108,-147,9
meldung,6,220,3344,12056,7696,-115,-128,-34
meldung,6,221,3420,12148,7504,-126,-54,-55
meldung,6,222,3264,12380,7320,-129,-16,-67
meldung,6,223,3272,12268,7376,-126,18,-66
meldung,6,224,3188,12220,7460,-152,39,-60
meldung,6,225,3044,12052,7424,-161,68,-19
meldung,6,226,2776,11984,7600,-146,79,8
meldung,6,227,2716,11788,7704,-122,40,5
meldung,6,228,2896,11916,7836,-109,0,0
meldung,6,229,2880,11688,7768,-83,-10,6
meldung,6,230,2804,11704,7796,-30,-31,39
meldung,6,231,2976,11720,7520,6,-63,70
meldung,6,232,3036,12160,7608,9,-55,80
meldung,6,233,3156,12572,7348,-8,-48,49
meldung,6,234,3412,12644,7256,-68,-12,-3
meldung,6,235,3512,12612,7276,-135,41,-42
meldung,6,236,3264,12416,7208,-186,77,-44
meldung,6,237,3240,12108,7288,-207,92,-55
meldung,6,238,3084,11816,7428,-219,68,-74
meldung,6,239,3052,11724,7392,-192,53,-95
meldung,6,240,3352,11864,7380,-148,61,-87
meldung,6,241,3316,11936,7356,-104,90,-51
meldung,6,242,3136,11896,7284,-97,100,-28
meldung,6,243,3204,12232,7672,-108,94,-35
meldung,6,244,3092,12176,7616,-124,105,-44
meldung,6,245,3084,12056,7576,-126,106,-40
meldung,6,246,2952,11960,7736,-134,56,-60
meldung,6,247,3068,11908,7772,-124,31,-47
meldung,6,248,3140,11768,7744,-106,35,-14
meldung,6,249,3064,11820,7716,-76,29,17
meldung,6,250,3132,11944,7648,-51,24,11
meldung,6,251,3172,12224,7852,-65,8,-31
meldung,6,252,3280,12392,7700,-92,2,-77
meldung,6,253,3444,12332,7492,-126,16,-97
meldung,6,254,3340,12192,7628,-151,50,-68
meldung,6,255,3384,12024,7468,-155,63,-49
meldung,6,256,3136,11888,7836,-124,78,7
meldung,6,257,2848,11712,7920,-82,65,35
meldung,6,258,2824,11796,7884,-53,9,3
meldung,6,259,3068,12132,7968,-49,-49,-44
meldung,6,260,3368,12164,7844,-58,-53,-66
meldung,6,261,3480,12344,7652,-85,-10,-65
meldung,6,262,3316,12316,7440,-99,21,-75
meldung,6,263,3388,12364,7448,-114,45,-81
meldung,6,264,3200,12148,7460,-123,74,-56
meldung,6,265,2972,11888,7476,-95,69,-16
meldung,6,266,2836,11980,7748,-85,43,7
meldung,6,267,2812,11948,7580,-87,-3,-17
meldung,6,268,3004,12020,7756,-95,-32,-31
meldung,6,269,3148,12032,7492,-114,-43,-41
meldung,6,270,3424,12012,7464,-117,-21,-55
meldung,6,271,3488,11944,7536,-119,15,-47
meldung,6,272,3392,11964,7544,-115,21,-67
meldung,6,273,3244,11856,7460,-107,19,-92
meldung,6,274,3344,12036,7512,-113,27,-89
meldung,6,275,3328,12096,7452,-107,55,-84
meldung,6,276,3236,12184,7460,-97,82,-74
meldung,6,277,3092,12120,7756,-106,80,-88
meldung,6,278,3220,12168,7624,-115,78,-109
meldung,6,279,3256,12084,7536,-136,67,-97
meldung,6,280,3116,12104,7312,-144,98,-88
meldung,6,281,3140,11984,7444,-160,80,-95
meldung,6,282,3032,12012,7668,-170,43,-107
meldung,6,283,3240,11900,7680,-143,41,-106
meldung,6,284,3256,11776,7880,-77,43,-68
meldung,6,285,3100,11944,7540,-28,94,-27
meldung,6,286,2996,12148,7620,-8,96,-13
meldung,6,287,2944,12264,7720,-34,76,-16
meldung,6,288,3120,12332,7608,-63,48,-20
meldung,6,289,3216,12296,7528,-95,56,-14
meldung,6,290,3096,12192,7596,-114,44,-33
meldung,6,291,3228,11972,7740,-125,26,-51
meldung,6,292,3180,11824,7616,-121,8,-55
meldung,6,293,3136,11808,7684,-107,7,-52
meldung,6,294,3128,11820,7988,-76,8,-41
meldung,6,295,3108,11800,7684,-57,2,-44
meldung,6,296,3112,12124,7720,-56,-5,-61
meldung,6,297,3148,12388,7484,-90,-28,-79
meldung,6,298,3128,12252,7664,-133,-51,-112
meldung,6,299,3064,11928,7376,-193,-88,-142
meldung,7,0,-5560,-1952,13048,-305,970,53
meldung,7,1,-5684,-2068,13836,-409,1310,39
meldung,7,2,-5940,-2604,13860,-481,1823,-28
meldung,7,3,-6216,-3052,14172,-404,2370,-147
meldung,7,4,-5824,-4244,14348,-238,3292,-188
meldung,7,5,-5268,-5440,13656,-26,4688,39
meldung,7,6,-6740,-5420,13904,453,6361,362
meldung,7,7,-10364,-5700,12696,1162,8064,771
meldung,7,8,-17228,-4248,14216,1701,8928,1119
meldung,7,9,-24268,-3760,15668,2005,8877,1182
meldung,7,10,-28064,-1588,24352,2150,8512,977
meldung,7,11,-29644,-8,19152,1977,6753,1323
meldung,7,12,-29212,-2064,17732,1764,6750,1790
meldung,7,13,-28024,-1304,18148,2019,6980,3046
meldung,7,14,-29700,1268,17420,2355,7595,4421
meldung,7,15,-32680,3036,17104,2461,8297,5645
meldung,7,16,-32768,23940,14072,9,9176,6874
meldung,7,17,-32768,5200,16000,3070,7814,8240
meldung,7,18,-32768,8420,16628,2423,7643,9645
meldung,7,19,-32768,7828,15328,2700,6680,11242
meldung,7,20,-32768,8868,14960,3176,5768,12547
meldung,7,21,-32768,8644,13692,3686,4701,13566
meldung,7,22,-32768,9716,13120,4228,3467,14138
meldung,7,23,-29424,10496,12144,4531,2176,14318
meldung,7,24,-25620,11308,11160,4493,1212,14051
meldung,7,25,-21956,12428,10200,4288,379,13520
meldung,7,26,-18940,12600,10048,3895,-400,12833
meldung,7,27,-15392,12560,8956,3280,-1322,12116
meldung,7,28,-12280,11120,6740,2561,-2242,11443
meldung,7,29,-9308,8360,5472,2112,-3156,11062
meldung,7,30,-6108,6240,2480,1804,-3766,11069
meldung,7,31,-4592,4860,1212,1640,-3962,11190
meldung,7,32,-2900,3860,156,1533,-4055,11190
meldung,7,33,-1880,2592,-688,1280,-3960,10940
meldung,7,34,-1176,640,-2676,885,-3789,10503
meldung,7,35,440,-460,-4524,593,-3684,10075
meldung,7,36,2180,-416,-5080,378,-3415,9543
meldung,7,37,4844,1072,-5548,-144,-2967,8994
meldung,7,38,8116,1724,-6400,-998,-2255,8483
meldung,7,39,9588,1056,-6704,-1918,-1066,8042
meldung,7,40,9128,-1620,-6036,-2493,213,7563
meldung,7,41,6144,-3500,-4604,-2708,1373,6969
meldung,7,42,1572,-8756,-2288,-2344,1910,6275
meldung,7,43,-1280,-11260,-1628,-1740,1684,5402
meldung,7,44,-128,-10652,-916,-1040,1148,4682
meldung,7,45,3588,-8092,-440,-512,1021,4370
meldung,7,46,5664,-4432,504,-221,1314,4278
meldung,7,47,6612,-688,1304,-341,1706,4161
meldung,7,48,6548,1440,1720,-846,1966,3868
meldung,7,49,5652,2716,2440,-1350,1945,3337
meldung,7,50,5392,3456,2664,-1744,1738,2755
meldung,7,51,4820,4008,2864,-1954,1555,2211
meldung,7,52,4952,4968,3332,-2052,1247,1767
meldung,7,53,5148,5500,3776,-1965,893,1441
meldung,7,54,5644,5192,3772,-1630,652,1179
meldung,7,55,5784,4508,3796,-1000,454,1099
meldung,7,56,5488,4980,4148,-366,371,937
meldung,7,57,5220,6484,3764,12,339,621
meldung,7,58,6308,8488,3316,173,360,304
meldung,7,59,7252,10808,2664,81,490,-34
meldung,7,60,8368,12424,1880,-126,715,-121
meldung,7,61,8220,13468,1492,-293,968,-174
meldung,7,62,7828,13720,1576,-268,1225,-397
meldung,7,63,7096,13820,1876,-76,1423,-507
meldung,7,64,6344,14132,2176,116,1530,-478
meldung,7,65,6144,14500,2556,172,1617,-391
meldung,7,66,6328,14644,2864,189,1770,-320
meldung,7,67,6136,15048,3336,223,1937,-317
meldung,7,68,5432,15464,3800,224,2022,-199
meldung,7,69,5152,15268,4352,134,2037,-314
meldung,7,70,4792,15372,4612,29,1994,-345
meldung,7,71,3728,15092,4796,-68,1827,-406
meldung,7,72,2864,15396,5052,-235,1490,-519
meldung,7,73,3204,16048,5460,-464,1111,-627
meldung,7,74,4160,15948,5040,-651,882,-662
meldung,7,75,4844,15692,4792,-820,816,-650
meldung,7,76,5192,15360,4676,-824,903,-574
meldung,7,77,4592,14944,4500,-746,948,-433
meldung,7,78,4092,14936,4988,-570,870,-411
meldung,7,79,3948,14620,4764,-548,769,-320
meldung,7,80,4012,14252,4636,-517,707,-161
meldung,7,81,4220,13672,4744,-447,706,-40
meldung,7,82,4072,13640,4728,-349,712,33
meldung,7,83,3316,13236,4476,-230,634,17
meldung,7,84,2116,13408,4848,-169,347,-156
meldung,7,85,1696,14292,4892,-242,-34,-298
meldung,7,86,1896,15200,4612,-586,-440,-391
meldung,7,87,2504,15224,4444,-954,-803,-479
meldung,7,88,3240,15028,4440,-1281,-1093,-458
meldung,7,89,4036,14188,4412,-1550,-1297,-441
meldung,7,90,5316,13704,3880,-1682,-1328,-364
meldung,7,91,5972,12360,3884,-1659,-1202,-208
meldung,7,92,6112,12132,4120,-1519,-1073,-59
meldung,7,93,6408,11672,4340,-1412,-909,34
meldung,7,94,6812,12040,4496,-1348,-773,105
meldung,7,95,6644,11400,4772,-1309,-663,196
meldung,7,96,6748,10856,5020,-1268,-549,154
meldung,7,97,7048,10540,5196,-1160,-394,120
meldung,7,98,7132,10544,5296,-975,-237,125
meldung,7,99,7120,10796,5452,-810,-128,78
meldung,7,100,7428,11376,5760,-736,20,-10
meldung,7,101,7728,11748,6208,-699,206,-140
meldung,7,102,7508,11652,6184,-714,403,-279
meldung,7,103,6936,11672,6496,-750,566,-391
meldung,7,104,6116,11500,6776,-769,684,-433
meldung,7,105,5048,11208,7060,-790,681,-490
meldung,7,106,4272,11208,7236,-813,538,-583
meldung,7,107,3912,11156,7288,-835,321,-678
meldung,7,108,4120,11220,7512,-904,93,-732
meldung,7,109,4408,11452,7652,-963,-77,-790
meldung,7,110,4924,11440,7664,-996,-181,-834
meldung,7,111,4852,11144,7740,-1011,-232,-882
meldung,7,112,4860,10704,7560,-1015,-277,-940
meldung,7,113,4540,10356,7512,-985,-346,-982
meldung,7,114,4552,9632,7216,-891,-411,-975
meldung,7,115,5044,9560,6800,-734,-376,-930
meldung,7,116,5556,9656,6424,-463,-149,-855
meldung,7,117,5644,9728,6268,-113,122,-738
meldung,7,118,4476,10140,6172,224,324,-622
meldung,7,119,3352,11012,6424,433,314,-572
meldung,7,120,2492,11812,6300,423,111,-618
meldung,7,121,2728,12308,5908,310,-86,-719
meldung,7,122,3572,13092,5436,202,-151,-746
meldung,7,123,4352,13516,5384,63,-110,-640
meldung,7,124,4328,13740,5296,-136,-34,-501
meldung,7,125,4328,13780,5420,-348,38,-448
meldung,7,126,4132,13304,5744,-614,40,-444
meldung,7,127,3592,12808,6032,-855,-48,-511
meldung,7,128,3544,12196,6284,-1097,-220,-631
meldung,7,129,4180,11640,6152,-1234,-284,-762
meldung,7,130,5136,11160,6132,-1217,-164,-830
meldung,7,131,6216,10864,5916,-960,241,-723
meldung,7,132,6112,11012,6344,-606,728,-449
meldung,7,133,5284,11692,6704,-322,1125,-118
meldung,7,134,3088,12120,7356,-230,1263,37
meldung,7,135,1168,12700,8044,-339,945,-89
meldung,7,136,1064,12844,8284,-589,475,-291
meldung,7,137,2320,12796,8552,-776,145,-386
meldung,7,138,2788,12748,8636,-816,28,-328
meldung,7,139,3708,12684,8896,-777,-84,-254
meldung,7,140,4032,12856,9276,-717,-73,-154
meldung,7,141,4000,12956,9512,-680,-83,-86
meldung,7,142,3424,12644,9856,-702,-116,-124
meldung,7,143,3252,12212,9576,-703,-198,-269
meldung,7,144,3444,11680,9600,-624,-247,-331
meldung,7,145,3264,10664,9444,-434,-197,-350
meldung,7,146,3448,10280,9516,-167,-136,-314
meldung,7,147,3476,10304,9324,138,-56,-224
meldung,7,148,3180,10508,9608,370,72,-117
meldung,7,149,3344,11344,9364,531,189,-6
meldung,7,150,3036,12336,9384,598,349,78
meldung,7,151,2608,13092,9428,590,476,107
meldung,7,152,2664,13908,9504,500,528,108
meldung,7,153,2272,14440,9616,310,552,99
meldung,7,154,2028,14152,10032,83,512,29
meldung,7,155,1020,13160,9888,-43,413,-48
meldung,7,156,588,12760,9952,-137,159,-153
meldung,7,157,1296,12632,9540,-228,-47,-279
meldung,7,158,2244,12344,9188,-334,-93,-364
meldung,7,159,3076,12108,8624,-368,36,-409
meldung,7,160,3232,11896,8708,-341,213,-419
meldung,7,161,3808,11948,8500,-312,430,-456
meldung,7,162,3580,11552,8944,-214,692,-478
meldung,7,163,3184,11344,8904,-64,953,-498
meldung,7,164,2164,11160,9116,130,1125,-453
meldung,7,165,108,11596,9732,245,1137,-402
meldung,7,166,-836,12512,10272,202,854,-423
meldung,7,167,-820,13156,10352,34,645,-408
meldung,7,168,-1004,13304,10468,-140,487,-334
meldung,7,169,-1640,12756,10468,-271,227,-259
meldung,7,170,-1768,12300,10360,-413,-180,-227
meldung,7,171,-1336,11812,10180,-577,-630,-272
meldung,7,172,176,11372,9024,-748,-873,-321
meldung,7,173,1536,10052,8268,-797,-904,-289
meldung,7,174,2248,9192,7728,-696,-797,-237
meldung,7,175,2268,8500,7300,-462,-615,-173
meldung,7,176,2192,7904,7096,-146,-393,-150
meldung,7,177,2168,7932,6800,252,-165,-74
meldung,7,178,1600,8456,6752,589,-9,-51
meldung,7,179,1148,9548,6400,801,50,-78
meldung,7,180,704,10624,6136,854,-40,-152
meldung,7,181,1408,12116,5664,741,-98,-212
meldung,7,182,2072,12784,5056,538,33,-132
meldung,7,183,1516,12580,4744,400,178,52
meldung,7,184,544,12764,5072,189,108,216
meldung,7,185,-264,12544,5460,-86,-134,286
meldung,7,186,448,12196,5628,-428,-440,324
meldung,7,187,1736,10916,5800,-681,-554,438
meldung,7,188,2356,9584,6092,-788,-532,589
meldung,7,189,2652,8500,6504,-725,-504,689
meldung,7,190,2832,8020,7088,-666,-490,625
meldung,7,191,3804,8524,7528,-655,-449,483
meldung,7,192,4832,8360,7280,-721,-255,317
meldung,7,193,4876,7712,7652,-743,3,177
meldung,7,194,4404,6588,7708,-626,207,100
meldung,7,195,3344,6172,8448,-411,325,43
meldung,7,196,3152,6632,8528,-265,315,14
meldung,7,197,3200,7376,8860,-221,334,46
meldung,7,198,2780,7860,9224,-252,358,77
meldung,7,199,2276,7984,9520,-271,272,84
meldung,7,200,2120,7832,9556,-261,119,24
meldung,7,201,2544,8424,10036,-303,19,-63
meldung,7,202,2632,8948,10124,-379,-18,-229
meldung,7,203,2648,9448,10368,-492,-104,-425
meldung,7,204,2080,9196,10320,-609,-177,-655
meldung,7,205,2124,9400,10592,-780,-323,-854
meldung,7,206,1992,9040,10928,-956,-448,-1010
meldung,7,207,2044,8372,11404,-1127,-556,-1109
meldung,7,208,1544,7296,11724,-1191,-673,-1152
meldung,7,209,1408,6640,12512,-1192,-874,-1171
meldung,7,210,924,6088,12976,-1198,-1124,-1243
meldung,7,211,-1528,992,14560,-912,-1310,-1784
meldung,7,212,2444,4144,12728,-1304,-1604,-1427
meldung,7,213,2184,6032,13320,-1697,-1540,-1667
meldung,7,214,3308,4164,12788,-1794,-1581,-1882
meldung,7,215,3052,4344,13036,-1573,-1474,-2032
meldung,7,216,2568,4816,13356,-1360,-1366,-2451
meldung,7,217,2456,5408,13088,-1213,-1234,-2906
meldung,7,218,2108,5688,12604,-1054,-1057,-3241
meldung,7,219,1740,5648,12212,-775,-815,-3338
meldung,7,220,1044,5888,11636,-320,-516,-3103
meldung,7,221,408,6720,10916,214,-281,-2550
meldung,7,222,-384,8468,10624,690,-49,-1955
meldung,7,223,-1152,11248,10584,943,61,-1633
meldung,7,224,-1164,13844,10480,931,170,-1591
meldung,7,225,-1688,16028,10872,783,302,-1644
meldung,7,226,-1944,17584,11104,557,334,-1679
meldung,7,227,-2500,18852,11540,258,295,-1662
meldung,7,228,-2708,19544,11764,-131,149,-1611
meldung,7,229,-3136,18876,11644,-489,-6,-1513
meldung,7,230,-3700,17180,11488,-545,-237,-1281
meldung,7,231,-3348,16040,11452,-309,-593,-824
meldung,7,232,-2748,16052,11340,45,-852,-289
meldung,7,233,-1796,16784,11212,362,-1069,130
meldung,7,234,220,18460,10692,511,-1171,339
meldung,7,235,1968,19776,10092,523,-1091,413
meldung,7,236,3360,20588,9828,465,-927,446
meldung,7,237,4108,21428,9336,352,-789,458
meldung,7,238,4768,22028,9104,70,-704,471
meldung,7,239,5316,22160,8832,-288,-639,457
meldung,7,240,5964,21604,8776,-698,-580,426
meldung,7,241,6660,19892,8420,-1048,-483,443
meldung,7,242,6700,17812,8336,-1253,-332,573
meldung,7,243,6444,15600,8452,-1309,-173,766
meldung,7,244,6104,13740,8896,-1249,-55,916
meldung,7,245,5996,12320,8924,-1103,85,1006
meldung,7,246,6100,11744,9216,-996,239,1006
meldung,7,247,5940,10868,9332,-949,416,892
meldung,7,248,5344,10112,9012,-878,553,750
meldung,7,249,4804,9612,9184,-905,617,593
meldung,7,250,4000,8732,9232,-926,648,450
meldung,7,251,2716,7492,9032,-890,609,328
meldung,7,252,2192,5948,8520,-747,412,256
meldung,7,253,1856,4780,8520,-473,344,297
meldung,7,254,1756,4432,8544,-125,139,416
meldung,7,255,2784,4988,8128,211,54,489
meldung,7,256,4092,5892,7708,486,179,502
meldung,7,257,4708,6832,7424,662,428,492
meldung,7,258,3876,7640,7588,742,643,385
meldung,7,259,3296,7948,7720,744,686,196
meldung,7,260,2296,8260,7588,738,668,29
meldung,7,261,1424,9004,7436,677,502,-106
meldung,7,262,908,9312,7472,577,242,-210
meldung,7,263,1308,9848,7464,419,-31,-247
meldung,7,264,1768,10184,7236,243,-178,-208
meldung,7,265,2232,10468,6992,92,-293,-139
meldung,7,266,2708,10804,7000,-35,-349,-120
meldung,7,267,3620,10744,6960,-146,-315,-141
meldung,7,268,3900,10772,6712,-238,-198,-196
meldung,7,269,3944,10540,6736,-299,-88,-323
meldung,7,270,3832,10024,6508,-298,62,-443
meldung,7,271,3472,9572,6440,-250,202,-540
meldung,7,272,2912,9368,6296,-172,253,-609
meldung,7,273,2280,9288,6260,-117,226,-673
meldung,7,274,2356,9616,6152,-78,201,-710
meldung,7,275,2336,10112,5964,-64,261,-713
meldung,7,276,2132,10596,5880,-63,355,-727
meldung,7,277,1500,11044,5812,-60,402,-770
meldung,7,278,1256,11460,5928,-43,407,-813
meldung,7,279,1148,11764,5908,22,480,-753
meldung,7,280,832,12108,6104,104,593,-599
meldung,7,281,-260,12616,6440,168,584,-438
meldung,7,282,-824,13368,6980,181,458,-350
meldung,7,283,-1012,13740,7220,164,342,-218
meldung,7,284,-824,14572,7528,90,241,-45
meldung,7,285,-772,14908,7844,-67,114,115
meldung,7,286,-688,14832,8172,-254,-53,221
meldung,7,287,-200,14248,8164,-386,-204,302
meldung,7,288,500,13816,8596,-495,-309,379
meldung,7,289,1360,13276,8476,-563,-366,437
meldung,7,290,2104,12756,8740,-575,-294,475
meldung,7,291,2588,12544,8884,-522,-173,535
meldung,7,292,2696,12060,9076,-466,-60,530
meldung,7,293,2756,11756,9524,-421,33,481
meldung,7,294,2668,11448,9760,-325,125,426
meldung,7,295,2044,11588,9900,-253,95,328
meldung,7,296,1876,11576,9748,-228,13,201
meldung,7,297,2096,11420,9620,-208,-33,143
meldung,7,298,2248,11396,9464,-180,-50,147
meldung,7,299,2280,11248,9524,-126,-68,145
meldung,8,0,-208,-16732,-2088,-155,-75,-258
meldung,8,1,-96,-16860,-1884,-145,-68,-227
meldung,8,2,148,-16756,-1832,-129,-44,-181
meldung,8,3,44,-16744,-1760,-119,-16,-149
meldung,8,4,108,-16772,-1952,-112,21,-108
meldung,8,5,120,-16804,-2052,-119,50,-98
meldung,8,6,216,-16892,-2084,-111,73,-98
meldung,8,7,212,-16772,-2096,-101,92,-88
meldung,8,8,212,-16584,-2180,-105,100,-103
meldung,8,9,132,-16700,-2056,-111,118,-107
meldung,8,10,124,-16780,-2080,-121,115,-107
meldung,8,11,76,-16588,-2288,-135,106,-106
meldung,8,12,72,-16712,-2240,-142,96,-101
meldung,8,13,-28,-16708,-2476,-159,91,-88
meldung,8,14,-220,-16624,-2320,-175,66,-77
meldung,8,15,-344,-16656,-2336,-168,37,-77
meldung,8,16,-192,-16664,-2180,-169,6,-73
meldung,8,17,-160,-16696,-2352,-161,-16,-76
meldung,8,18,-64,-16660,-2352,-163,-47,-74
meldung,8,19,-112,-16744,-2228,-148,-77,-77
meldung,8,20,-196,-16624,-2188,-141,-107,-83
meldung,8,21,-168,-16664,-2340,-136,-140,-92
meldung,8,22,-48,-16732,-2496,-138,-189,-99
meldung,8,23,-12,-16612,-2372,-138,-217,-116
meldung,8,24,-16,-16596,-2448,-150,-255,-117
meldung,8,25,-16,-16712,-2352,-156,-292,-118
meldung,8,26,80,-16608,-2192,-165,-317,-129
meldung,8,27,12,-16676,-2168,-181,-347,-127
meldung,8,28,172,-16708,-2192,-194,-359,-126
meldung,8,29,248,-16616,-2084,-203,-354,-127
meldung,8,30,168,-16796,-1968,-209,-343,-122
meldung,8,31,152,-16688,-1936,-202,-313,-101
meldung,8,32,344,-16820,-2064,-198,-281,-89
meldung,8,33,268,-16892,-1924,-177,-225,-75
meldung,8,34,348,-16880,-1808,-151,-184,-68
meldung,8,35,304,-16832,-1772,-124,-132,-40
meldung,8,36,428,-16844,-1744,-112,-77,-20
meldung,8,37,444,-16932,-1768,-96,-16,-7
meldung,8,38,472,-16860,-1600,-93,39,1
meldung,8,39,544,-16808,-1796,-95,114,9
meldung,8,40,624,-16932,-1492,-109,197,16
meldung,8,41,644,-17088,-1536,-122,309,52
meldung,8,42,868,-17752,-1400,-134,500,148
meldung,8,43,1064,-19168,-736,-94,796,326
meldung,8,44,892,-20564,-244,96,1142,618
meldung,8,45,400,-21868,32,328,1608,1044
meldung,8,46,-468,-22460,596,733,2099,1635
meldung,8,47,-3356,-26368,880,966,2768,1827
meldung,8,48,-920,-23564,48,1186,3345,2303
meldung,8,49,-5044,-30776,5680,1249,4045,1691
meldung,8,50,-7356,-29972,6344,2557,3642,667
meldung,8,51,-8360,-32768,15528,2835,1669,-1285
meldung,8,52,-10368,-30532,6420,2082,1549,-2082
meldung,8,53,-27504,-32768,25276,3326,-2851,-3744
meldung,8,54,-20096,-31864,17588,4087,-4769,-3935
meldung,8,55,-15500,-32768,216,2595,-7008,-5283
meldung,8,56,-6744,-32768,7160,5093,-8970,-6082
meldung,8,57,-944,-32768,2520,7759,-11156,-5711
meldung,8,58,-800,-32768,4464,3360,-6181,-7365
meldung,8,59,9032,-32768,17704,5623,-5550,-8616
meldung,8,60,18516,-32768,4840,6018,-4046,-7957
meldung,8,61,18600,-32768,6436,6409,-2689,-7252
meldung,8,62,19232,-32768,7412,6465,-126,-6636
meldung,8,63,20128,-32768,8808,6751,2059,-5708
meldung,8,64,20092,-32768,5100,7873,4162,-4330
meldung,8,65,15544,-32768,9180,9933,5225,-2905
meldung,8,66,11660,-32768,9000,10865,5174,-1999
meldung,8,67,9580,-32768,10004,11419,4245,-1548
meldung,8,68,9340,-31048,10304,11908,2696,-1384
meldung,8,69,10108,-28788,10360,11894,1110,-1568
meldung,8,70,13284,-24064,8184,11328,97,-1548
meldung,8,71,15496,-22136,6056,11111,-143,-1405
meldung,8,72,17316,-15240,-76,10484,42,-805
meldung,8,73,17052,-17732,328,10338,1008,170
meldung,8,74,16452,-15624,-2168,11885,2082,1236
meldung,8,75,13524,-13036,-4472,13401,3229,2317
meldung,8,76,12808,-9620,-4940,14743,4121,3133
meldung,8,77,9904,-6456,-5064,14723,4586,4247
meldung,8,78,7740,-12336,-7204,15279,4366,4091
meldung,8,79,5552,-5936,-5320,15629,4080,4393
meldung,8,80,3328,-4496,-6252,15276,3432,4593
meldung,8,81,860,-1608,-4504,14552,2317,4494
meldung,8,82,1040,1192,-3672,13720,1080,3620
meldung,8,83,2560,1840,-3568,12982,-158,2377
meldung,8,84,5816,3808,-4776,12096,-1048,1468
meldung,8,85,7912,880,-5804,12301,-1374,705
meldung,8,86,6592,2352,-6008,12618,-994,465
meldung,8,87,4208,3040,-5668,12533,-783,470
meldung,8,88,2156,2732,-6340,12038,-729,492
meldung,8,89,-52,2524,-7400,11316,-738,316
meldung,8,90,-1152,3176,-8000,10562,-1042,164
meldung,8,91,-2388,4756,-7812,9623,-1423,104
meldung,8,92,-1688,6804,-8504,8434,-1876,59
meldung,8,93,-380,9004,-8636,7043,-2331,168
meldung,8,94,1068,10356,-8756,5372,-2485,386
meldung,8,95,3016,10360,-8968,3785,-2346,587
meldung,8,96,4768,9196,-9292,2464,-1865,754
meldung,8,97,5636,7536,-9648,1583,-1221,829
meldung,8,98,5284,6452,-9424,912,-498,853
meldung,8,99,4664,4004,-8376,653,27,857
meldung,8,100,3708,4832,-8228,348,542,943
meldung,8,101,3740,3944,-7320,169,1002,1095
meldung,8,102,4628,4320,-6520,56,1600,1202
meldung,8,103,4380,4924,-5472,24,2212,1279
meldung,8,104,2844,5808,-4000,-101,2745,1183
meldung,8,105,2636,6460,-3172,-275,3040,980
meldung,8,106,2612,6860,-2268,-436,3254,910
meldung,8,107,1852,7968,-1100,-526,3496,988
meldung,8,108,272,9280,528,-495,3423,1037
meldung,8,109,-616,9692,1340,-609,3153,751
meldung,8,110,-624,9772,1704,-853,2787,441
meldung,8,111,-508,9184,2636,-1132,2470,251
meldung,8,112,32,8628,2808,-1331,2277,315
meldung,8,113,408,9000,3848,-1544,2259,518
meldung,8,114,408,9640,5000,-1795,2254,640
meldung,8,115,872,10512,5592,-2024,2185,587
meldung,8,116,436,11056,5900,-2153,2107,375
meldung,8,117,388,11900,6468,-2354,1871,132
meldung,8,118,720,11496,7048,-2649,1707,-152
meldung,8,119,992,10220,7176,-2795,1602,-155
meldung,8,120,852,8160,7496,-2651,1608,204
meldung,8,121,-680,6720,7948,-2265,1496,700
meldung,8,122,-1992,6504,9224,-1784,1270,1066
meldung,8,123,-2448,7156,10264,-1393,937,1141
meldung,8,124,-1192,8144,10104,-1209,504,905
meldung,8,125,496,9168,10016,-1240,290,586
meldung,8,126,2044,10104,9880,-1377,294,272
meldung,8,127,2836,10640,9548,-1522,439,3
meldung,8,128,3612,10740,9336,-1688,653,-224
meldung,8,129,4180,10380,8704,-1801,974,-291
meldung,8,130,3368,9348,8284,-1781,1266,-161
meldung,8,131,1164,8560,8968,-1593,1324,165
meldung,8,132,-488,7844,9612,-1382,1021,437
meldung,8,133,-800,7740,10304,-1201,532,591
meldung,8,134,588,8016,10548,-1111,153,648
meldung,8,135,2100,8044,11028,-1061,-34,640
meldung,8,136,3472,8644,11148,-1000,-43,737
meldung,8,137,3936,8416,11676,-968,7,648
meldung,8,138,4452,8132,11780,-928,69,543
meldung,8,139,4296,7200,11860,-843,132,496
meldung,8,140,3720,6820,12064,-660,216,554
meldung,8,141,3032,7244,12268,-408,149,368
meldung,8,142,2564,7460,12652,-192,-87,289
meldung,8,143,3020,8100,12268,-92,-194,248
meldung,8,144,3516,8908,11972,-100,-211,221
meldung,8,145,3748,9132,11624,-124,-195,203
meldung,8,146,4084,9044,11584,-108,-130,233
meldung,8,147,4308,8880,11240,-95,-24,283
meldung,8,148,4428,8364,11172,-24,88,382
meldung,8,149,3888,8132,11216,102,164,499
meldung,8,150,2368,8576,11476,211,24,459
meldung,8,151,2448,9120,11388,198,-203,272
meldung,8,152,3156,9444,10880,92,-377,91
meldung,8,153,3940,9324,10588,-9,-399,-2
meldung,8,154,4460,9268,10132,-96,-335,-24
meldung,8,155,4532,8820,9740,-162,-235,-6
meldung,8,156,4296,8292,9744,-163,-141,15
meldung,8,157,4292,7704,9652,-105,-85,80
meldung,8,158,4324,7352,9940,9,-43,138
meldung,8,159,4520,7788,9848,100,34,135
meldung,8,160,4828,8228,10004,153,130,51
meldung,8,161,4724,8888,10548,189,279,-44
meldung,8,162,4544,9528,9844,154,311,-182
meldung,8,163,3596,9664,10304,6,225,-324
meldung,8,164,3084,9724,10340,-184,176,-450
meldung,8,165,3460,9920,10044,-309,187,-422
meldung,8,166,3796,9916,10184,-430,262,-346
meldung,8,167,3384,9060,10096,-481,261,-270
meldung,8,168,3368,8628,10140,-417,295,-186
meldung,8,169,3040,8300,10344,-352,315,-145
meldung,8,170,3256,8328,10040,-255,363,-54
meldung,8,171,2972,8532,10588,-242,319,-105
meldung,8,172,3200,8316,10468,-173,319,-102
meldung,8,173,3300,8496,10652,-143,318,-103
meldung,8,174,3140,8868,10612,-136,339,-109
meldung,8,175,3180,9088,10768,-159,338,-167
meldung,8,176,2972,9112,10792,-190,351,-231
meldung,8,177,2852,9176,10952,-204,334,-249
meldung,8,178,2664,9232,10772,-217,307,-241
meldung,8,179,2596,9080,10692,-231,294,-193
meldung,8,180,2484,8760,10884,-203,253,-156
meldung,8,181,2568,8724,10884,-152,231,-81
meldung,8,182,2728,8728,10896,-109,192,-10
meldung,8,183,2704,8752,11004,-62,188,43
meldung,8,184,2576,8952,11100,-65,132,6
meldung,8,185,2864,8860,10960,-108,76,-57
meldung,8,186,3176,8792,11148,-150,42,-97
meldung,8,187,3132,8724,11088,-176,38,-108
meldung,8,188,3204,8720,11004,-173,37,-134
meldung,8,189,3352,8528,10968,-155,84,-122
meldung,8,190,3420,8604,10984,-101,101,-79
meldung,8,191,3264,8524,11072,-32,153,-54
meldung,8,192,3676,8500,11524,-11,204,-66
meldung,8,193,3168,8472,10852,89,136,-10
meldung,8,194,2736,8540,11060,109,110,19
meldung,8,195,2660,9016,10948,115,38,0
meldung,8,196,2756,9116,10844,87,-42,-76
meldung,8,197,3104,9448,10628,31,-43,-128
meldung,8,198,3360,9440,10516,-46,-14,-177
meldung,8,199,3528,9304,10412,-93,41,-214
meldung,8,200,3336,8816,10176,-96,83,-206
meldung,8,201,3200,8820,10308,-53,107,-133
meldung,8,202,3180,8536,10328,-8,130,-56
meldung,8,203,3236,8628,10140,25,139,-22
meldung,8,204,3368,8716,10024,53,164,-23
meldung,8,205,3492,8896,10200,89,194,-17
meldung,8,206,3440,9016,10232,98,220,-20
meldung,8,207,3216,9296,10264,88,228,-60
meldung,8,208,3208,9400,10212,43,203,-124
meldung,8,209,3252,9404,9988,-21,187,-161
meldung,8,210,3272,9384,10044,-62,182,-166
meldung,8,211,3020,9104,10104,-82,160,-165
meldung,8,212,3104,8928,9812,-79,140,-141
meldung,8,213,3212,8724,9900,-56,141,-92
meldung,8,214,3036,8960,10044,-40,135,-55
meldung,8,215,3256,9016,9992,-46,132,-63
meldung,8,216,3560,9176,10288,-63,152,-62
meldung,8,217,3212,9088,10300,-77,167,-55
meldung,8,218,3076,9092,10508,-98,125,-81
meldung,8,219,3204,9252,10632,-109,109,-100
meldung,8,220,3260,9352,10376,-136,131,-120
meldung,8,221,3120,9288,10644,-154,110,-163
meldung,8,222,3044,9384,10644,-172,116,-193
meldung,8,223,2984,9360,10588,-176,103,-194
meldung,8,224,2932,9104,10560,-160,101,-177
meldung,8,225,2772,8720,10476,-110,102,-115
meldung,8,226,2852,8916,10624,-49,91,-62
meldung,8,227,3316,8920,10328,3,122,-24
meldung,8,228,3112,9192,10672,26,152,-26
meldung,8,229,2956,9288,10676,40,167,-55
meldung,8,230,3036,9384,10468,52,182,-73
meldung,8,231,2900,9568,10404,33,199,-73
meldung,8,232,2564,9548,10352,13,161,-90
meldung,8,233,2556,9416,10336,-23,110,-77
meldung,8,234,2588,9400,10288,-60,64,-83
meldung,8,235,2584,9144,10092,-104,19,-108
meldung,8,236,2528,8664,9788,-133,-81,-153
meldung,8,237,2648,8200,9500,-125,-168,-183
meldung,8,238,2552,7368,8948,-122,-259,-234
meldung,8,239,2312,6372,8472,-96,-445,-310
meldung,8,240,2824,5360,7780,-95,-697,-417
meldung,8,241,3800,4572,7020,-116,-946,-545
meldung,8,242,4908,3100,5980,-139,-1074,-680
meldung,8,243,6292,1716,4808,-105,-1156,-811
meldung,8,244,8084,668,3672,-43,-1024,-959
meldung,8,245,9364,220,2460,12,-681,-1143
meldung,8,246,10756,-148,832,84,-121,-1446
meldung,8,247,10732,-44,-192,114,577,-1877
meldung,8,248,10400,340,-1600,44,1197,-2422
meldung,8,249,7900,536,-1492,-1,1695,-3047
meldung,8,250,6044,2036,-1696,-335,1796,-3786
meldung,8,251,5136,2064,-1824,-843,1823,-4518
meldung,8,252,4832,1752,-2332,-1340,1971,-4994
meldung,8,253,3704,1732,-2276,-1686,2130,-5264
meldung,8,254,2516,1964,-1900,-1991,2211,-5460
meldung,8,255,1496,2100,-1760,-2281,2286,-5577
meldung,8,256,328,2328,-1056,-2581,2240,-5638
meldung,8,257,-1556,1812,-816,-2928,1973,-5777
meldung,8,258,-2276,588,-68,-3175,1452,-5900
meldung,8,259,-2216,1640,532,-3488,977,-5814
meldung,8,260,-2352,1936,1328,-3888,679,-5717
meldung,8,261,-2172,2464,1132,-4361,294,-5724
meldung,8,262,-1380,3360,1792,-4897,128,-5752
meldung,8,263,-500,3124,2580,-5407,57,-5745
meldung,8,264,272,2772,3500,-5847,101,-5627
meldung,8,265,936,2292,4796,-6115,349,-5424
meldung,8,266,472,2608,6584,-6252,735,-5226
meldung,8,267,-1960,1860,8296,-6239,903,-5236
meldung,8,268,-3740,1260,9908,-6122,805,-5320
meldung,8,269,-4628,240,11544,-5916,594,-5198
meldung,8,270,-4544,64,12732,-5650,439,-4772
meldung,8,271,-4116,-624,13988,-5349,557,-4108
meldung,8,272,-2952,-276,15420,-4955,938,-3244
meldung,8,273,-3624,-588,16652,-4518,1546,-2566
meldung,8,274,-4556,-600,17816,-4053,1989,-2191
meldung,8,275,-5296,-444,18656,-3686,2370,-2133
meldung,8,276,-7932,244,19112,-3479,2542,-2485
meldung,8,277,-12320,824,20188,-3472,2187,-3219
meldung,8,278,-14184,1916,21160,-3796,1291,-3959
meldung,8,279,-15260,2372,21736,-4432,247,-4369
meldung,8,280,-15340,1632,21352,-5138,-844,-4391
meldung,8,281,-14264,916,21280,-5753,-1817,-4063
meldung,8,282,-12596,-912,21508,-6346,-2521,-3684
meldung,8,283,-10720,-3852,21472,-6659,-2956,-3440
meldung,8,284,-8268,-6372,21824,-6772,-3170,-3174
meldung,8,285,-6044,-10000,21628,-6604,-3138,-2813
meldung,8,286,-4668,-12772,20924,-6187,-3071,-2289
meldung,8,287,-3524,-14564,20752,-5547,-2692,-1716
meldung,8,288,-2384,-14596,20400,-4913,-2053,-1188
meldung,8,289,-4092,-6380,19624,-4963,-1035,-797
meldung,8,290,-7084,-9184,16824,-5026,-166,-831
meldung,8,291,-1348,-15256,16964,-2832,-252,305
meldung,8,292,80,-12312,17640,-2340,1125,-211
meldung,8,293,-152,-9856,15816,-1986,2282,-307
meldung,8,294,-672,-14548,15732,-981,3116,323
meldung,8,295,-1844,-11184,14868,-520,4101,1129
meldung,8,296,-4744,-11620,14704,-173,5169,1697
meldung,8,297,-8300,-10436,14872,-123,5590,2086
meldung,8,298,-11024,-11124,15756,47,5359,2311
meldung,8,299,-11824,-10580,15616,437,4741,2561
meldung,9,0,196,8072,-2224,9273,-7323,8002
meldung,9,1,2960,6416,-4264,8901,-7250,8456
meldung,9,2,3108,6828,-4792,8012,-7048,8611
meldung,9,3,4672,5544,-5948,6911,-7100,8025
meldung,9,4,6208,5548,-7488,5823,-6897,7185
meldung,9,5,8072,4128,-8796,4840,-6465,6427
meldung,9,6,10324,3180,-10040,4075,-5599,5859
meldung,9,7,11728,2556,-9648,2855,-4772,5396
meldung,9,8,13600,500,-10768,1644,-3704,4949
meldung,9,9,11852,-1912,-10912,919,-2418,4701
meldung,9,10,10528,-4432,-10320,665,-1352,4285
meldung,9,11,9160,-5828,-10208,657,-379,3775
meldung,9,12,9812,-5556,-9524,784,383,3112
meldung,9,13,12016,-2708,-9708,689,1433,2589
meldung,9,14,12432,-1440,-9404,365,2582,2110
meldung,9,15,9436,-3028,-8496,160,3560,1795
meldung,9,16,8152,-4524,-7328,258,4102,1588
meldung,9,17,6588,-4536,-6420,590,4516,1495
meldung,9,18,6736,-2556,-5112,861,4854,1378
meldung,9,19,6972,-96,-4032,886,5085,1091
meldung,9,20,7412,2128,-2508,694,5311,643
meldung,9,21,7284,3640,-1660,447,5532,175
meldung,9,22,6496,4436,-140,248,5657,-194
meldung,9,23,4612,4752,1512,103,5660,-499
meldung,9,24,2776,5764,3640,-93,5315,-777
meldung,9,25,2052,6444,5092,-353,4824,-877
meldung,9,26,860,7016,6072,-544,4174,-794
meldung,9,27,920,8336,7320,-670,3480,-692
meldung,9,28,1720,9668,7896,-753,2889,-572
meldung,9,29,2056,11084,8576,-747,2406,-420
meldung,9,30,2492,11884,8680,-743,1937,-325
meldung,9,31,3376,12560,8628,-791,1621,-298
meldung,9,32,2332,11816,12852,-837,1472,-370
meldung,9,33,4624,13084,8176,-838,1454,-336
meldung,9,34,3500,11816,8296,-834,1483,-301
meldung,9,35,3048,10976,7980,-567,1365,-222
meldung,9,36,3496,10844,7672,-237,1299,-48
meldung,9,37,3800,11344,7244,106,1307,196
meldung,9,38,3476,12452,7128,329,1220,416
meldung,9,39,3300,13244,7596,313,1065,659
meldung,9,40,3024,13852,7404,185,804,749
meldung,9,41,3452,14532,7796,-28,471,710
meldung,9,42,3916,14432,7716,-367,163,621
meldung,9,43,5492,13708,7548,-683,-29,609
meldung,9,44,5992,13232,7712,-891,-13,675
meldung,9,45,6388,12676,7772,-1078,20,681
meldung,9,46,6600,12240,7992,-1201,85,614
meldung,9,47,7004,11384,7952,-1216,204,587
meldung,9,48,7160,10684,8036,-1113,390,625
meldung,9,49,7116,10000,7900,-931,565,639
meldung,9,50,6404,9800,8268,-719,669,596
meldung,9,51,6768,10344,8416,-563,696,503
meldung,9,52,6852,10356,8224,-449,802,435
meldung,9,53,6508,10632,8252,-341,832,376
meldung,9,54,5816,10340,8456,-276,856,399
meldung,9,55,5836,10688,8656,-235,794,442
meldung,9,56,5684,11048,8456,-189,749,479
meldung,9,57,5864,11276,8644,-192,722,514
meldung,9,58,5888,11280,8528,-187,712,557
meldung,9,59,6088,11236,8524,-190,726,633
meldung,9,60,5644,11212,8564,-172,712,678
meldung,9,61,5776,11316,8772,-242,644,682
meldung,9,62,5168,11172,8716,-351,551,595
meldung,9,63,5140,11084,8648,-500,380,502
meldung,9,64,5092,10464,8480,-679,214,494
meldung,9,65,5288,9868,8364,-797,40,509
meldung,9,66,5424,9348,8156,-838,-88,541
meldung,9,67,6280,9108,8156,-815,-122,565
meldung,9,68,7000,9128,7920,-753,-85,543
meldung,9,69,7444,9152,7976,-650,119,499
meldung,9,70,7492,9224,8076,-564,332,402
meldung,9,71,6880,8932,8000,-456,493,298
meldung,9,72,6376,8924,8100,-337,525,222
meldung,9,73,6148,9052,8148,-220,580,220
meldung,9,74,5920,9312,8160,-142,603,243
meldung,9,75,5920,9424,8212,-107,619,259
meldung,9,76,5884,9716,8356,-97,641,261
meldung,9,77,5844,9700,8140,-100,649,288
meldung,9,78,5264,9608,8492,-75,603,314
meldung,9,79,5088,9796,8780,-113,496,350
meldung,9,80,4996,10040,8820,-158,379,343
meldung,9,81,5340,10328,8876,-258,266,289
meldung,9,82,5628,10168,8708,-384,225,237
meldung,9,83,5852,10348,8756,-488,210,188
meldung,9,84,5784,10088,8756,-585,155,119
meldung,9,85,6044,9780,8524,-679,155,89
meldung,9,86,5952,9232,8704,-707,163,93
meldung,9,87,6284,8888,8804,-686,169,83
meldung,9,88,6416,8520,8772,-634,222,111
meldung,9,89,6196,7980,8920,-521,263,130
meldung,9,90,6452,7820,9080,-386,266,123
meldung,9,91,6564,8184,9084,-248,283,111
meldung,9,92,6256,8308,9320,-190,270,31
meldung,9,93,6172,8388,9312,-158,201,-85
meldung,9,94,6584,8788,9028,-153,166,-151
meldung,9,95,6608,9012,9052,-122,227,-157
meldung,9,96,6648,9428,9200,-108,286,-129
meldung,9,97,6216,9416,9012,-104,337,-94
meldung,9,98,6168,9604,9244,-136,295,-70
meldung,9,99,6056,9604,9152,-171,300,-55
meldung,9,100,5864,9620,9204,-193,267,-98
meldung,9,101,6348,9720,9276,-242,230,-139
meldung,9,102,6188,9708,9316,-269,273,-113
meldung,9,103,5912,9636,9248,-252,292,-93
meldung,9,104,5568,9488,9532,-237,244,-52
meldung,9,105,5592,9428,9712,-193,175,-6
meldung,9,106,5736,9328,9760,-143,156,41
meldung,9,107,5956,9420,9888,-113,155,92
meldung,9,108,5988,9428,10108,-72,148,98
meldung,9,109,6060,9428,9768,-28,149,70
meldung,9,110,5988,9532,9864,7,156,53
meldung,9,111,5840,9472,9768,29,147,46
meldung,9,112,5508,9456,9944,48,83,61
meldung,9,113,5548,9612,9896,43,5,88
meldung,9,114,5688,9584,9796,40,-73,116
meldung,9,115,5844,9388,9600,40,-144,153
meldung,9,116,5956,9380,9604,48,-180,132
meldung,9,117,5904,9272,9512,39,-233,64
meldung,9,118,6104,9652,9288,6,-283,-37
meldung,9,119,6496,9560,8992,-69,-265,-125
meldung,9,120,6800,9492,8540,-121,-172,-174
meldung,9,121,7044,9308,8564,-137,-91,-174
meldung,9,122,6676,8784,8412,-122,13,-146
meldung,9,123,6012,8844,8464,-67,45,-177
meldung,9,124,5988,8900,8364,-47,35,-234
meldung,9,125,6264,9136,8236,4,69,-220
meldung,9,126,6684,9408,8320,26,164,-195
meldung,9,127,6528,9372,8476,116,312,-145
meldung,9,128,6596,9652,7712,208,465,-143
meldung,9,129,5248,9512,9012,254,408,-123
meldung,9,130,4856,9920,9000,191,347,-152
meldung,9,131,4724,10372,8892,88,213,-170
meldung,9,132,4548,10336,8924,-16,35,-158
meldung,9,133,4816,10104,9532,-163,-108,-125
meldung,9,134,5420,10408,9048,-267,-222,-81
meldung,9,135,5588,9792,8800,-312,-260,-46
meldung,9,136,6068,9580,9156,-325,-269,-14
meldung,9,137,6436,9620,8928,-320,-180,-13
meldung,9,138,6444,9364,8884,-331,-130,-35
meldung,9,139,6388,9340,9008,-324,-103,-99
meldung,9,140,6560,9260,8796,-323,-54,-145
meldung,9,141,6704,9204,8704,-308,17,-176
meldung,9,142,6744,9192,8516,-268,93,-188
meldung,9,143,6532,9372,8656,-233,150,-172
meldung,9,144,6344,9172,8824,-218,155,-176
meldung,9,145,6352,8988,8964,-186,153,-128
meldung,9,146,6172,9016,9112,-139,180,-91
meldung,9,147,5980,8952,9068,-84,193,-98
meldung,9,148,6172,9260,9204,-49,179,-133
meldung,9,149,6104,9512,9268,-33,202,-162
meldung,9,150,5916,9660,9304,-65,201,-210
meldung,9,151,6048,9844,9408,-84,229,-209
meldung,9,152,5656,9692,9388,-93,249,-195
meldung,9,153,5460,9532,9308,-92,236,-175
meldung,9,154,5192,9332,9476,-70,199,-145
meldung,9,155,5240,9460,9384,-43,176,-133
meldung,9,156,5568,9628,9496,-26,179,-120
meldung,9,157,5668,9764,9316,19,219,-121
meldung,9,158,5540,10032,9280,9,224,-128
meldung,9,159,5772,10196,9400,-21,260,-164
meldung,9,160,5572,10260,9288,-18,334,-141
meldung,9,161,5264,10072,9444,-49,342,-140
meldung,9,162,5020,10252,9220,-94,306,-141
meldung,9,163,5196,9984,9092,-110,270,-104
meldung,9,164,4876,9712,9176,-111,251,-64
meldung,9,165,4956,9892,9416,-123,199,-52
meldung,9,166,5312,9724,9184,-148,162,-71
meldung,9,167,5652,9744,9084,-179,160,-79
meldung,9,168,5748,9336,9072,-182,213,-102
meldung,9,169,5436,9168,9000,-131,257,-107
meldung,9,170,5056,9152,9080,-62,247,-90
meldung,9,171,4788,9036,9124,-6,194,-63
meldung,9,172,4896,9256,9124,61,153,-17
meldung,9,173,4828,9400,9172,125,140,27
meldung,9,174,5104,9704,9320,155,80,30
meldung,9,175,5108,9760,9200,168,53,15
meldung,9,176,5368,9844,9220,176,63,24
meldung,9,177,5136,9976,9420,160,71,11
meldung,9,178,5164,10124,9272,137,41,1
meldung,9,179,5160,10228,9100,108,20,10
meldung,9,180,5332,10256,9184,82,14,42
meldung,9,181,5164,10284,8996,56,12,74
meldung,9,182,5348,10468,9088,20,2,84
meldung,9,183,5348,10180,8876,-19,-7,98
meldung,9,184,5468,10176,8816,-40,-22,118
meldung,9,185,5464,9996,8812,-62,-26,134
meldung,9,186,5724,10020,8892,-57,-16,140
meldung,9,187,5932,9980,8812,-67,12,120
meldung,9,188,6168,10108,8964,-77,56,76
meldung,9,189,6252,10060,8768,-107,109,20
meldung,9,190,5924,9912,9228,-121,150,-28
meldung,9,191,5884,9692,9000,-122,141,-46
meldung,9,192,5704,9552,8956,-106,121,-30
meldung,9,193,5560,9472,9060,-83,101,10
meldung,9,194,5616,9496,9140,-47,75,8
meldung,9,195,5820,9816,9348,-40,64,-19
meldung,9,196,5784,9892,9372,-38,74,-55
meldung,9,197,5576,9780,9188,-35,57,-70
meldung,9,198,5412,9828,9128,-20,23,-60
meldung,9,199,5476,9988,9304,-35,0,-42
meldung,9,200,5576,9968,9076,-55,-17,-31
meldung,9,201,5488,9864,9080,-73,-53,-34
meldung,9,202,5356,9632,8856,-47,-92,-18
meldung,9,203,5528,9760,8844,-17,-109,14
meldung,9,204,5656,9860,8900,13,-102,51
meldung,9,205,5600,9904,9024,6,-106,55
meldung,9,206,5852,9980,8932,-3,-95,39
meldung,9,207,5792,9800,8820,-9,-65,20
meldung,9,208,5808,9712,8808,0,-32,16
meldung,9,209,5776,9836,8772,6,-4,1
meldung,9,210,5576,9944,8552,-9,-6,-23
meldung,9,211,5572,10148,8644,-54,-10,-50
meldung,9,212,5816,10156,8668,-92,-12,-80
meldung,9,213,5736,9972,8408,-126,20,-69
meldung,9,214,5736,9728,8520,-132,37,-41
meldung,9,215,5752,9732,8680,-116,61,-37
meldung,9,216,5748,9780,8676,-124,81,-56
meldung,9,217,6020,9820,8912,-126,143,-80
meldung,9,218,5964,9728,8748,-113,204,-108
meldung,9,219,6156,9428,8500,-67,294,-100
meldung,9,220,5460,9324,8964,16,337,-95
meldung,9,221,5180,9584,9184,60,304,-103
meldung,9,222,5260,9936,9104,65,272,-88
meldung,9,223,4992,10324,9124,30,246,-80
meldung,9,224,5128,10648,9272,-31,207,-99
meldung,9,225,5052,10640,9296,-91,155,-112
meldung,9,226,5012,10316,9208,-124,108,-103
meldung,9,227,4800,10200,9164,-134,59,-86
meldung,9,228,4976,10056,9052,-157,-3,-101
meldung,9,229,5240,10100,9116,-159,-36,-88
meldung,9,230,5632,9980,9048,-159,-16,-69
meldung,9,231,5560,9828,9168,-132,-15,-47
meldung,9,232,5248,9640,9248,-96,-47,-35
meldung,9,233,5388,9780,9000,-52,-66,-12
meldung,9,234,5532,9980,9192,-37,-50,6
meldung,9,235,5488,10220,9092,-35,-29,-31
meldung,9,236,5732,10384,9112,-54,-10,-56
meldung,9,237,5504,10216,9024,-79,11,-48
meldung,9,238,5032,10196,9068,-95,-26,-40
meldung,9,239,5332,10100,9064,-115,-97,-49
meldung,9,240,5532,10012,8796,-109,-104,-46
meldung,9,241,5804,9980,8708,-118,-78,-24
meldung,9,242,5828,9716,8668,-106,-36,-18
meldung,9,243,5796,9748,8792,-102,-17,-44
meldung,9,244,5692,9784,8624,-84,-7,-84
meldung,9,245,5872,10000,8628,-80,12,-91
meldung,9,246,5688,9888,8576,-66,49,-67
meldung,9,247,5400,9912,8596,-45,58,-47
meldung,9,248,5460,9996,8828,-41,38,-41
meldung,9,249,5592,10176,8644,-62,23,-43
meldung,9,250,5644,10204,8572,-97,18,-74
meldung,9,251,5576,10088,8500,-136,15,-84
meldung,9,252,5624,9712,8564,-147,-9,-76
meldung,9,253,5492,9612,8408,-128,-11,-72
meldung,9,254,5380,9552,8644,-138,-64,-90
meldung,9,255,5572,9468,8760,-165,-133,-154
meldung,9,256,5624,9232,8400,-185,-192,-240
meldung,9,257,5612,8920,8296,-190,-250,-323
meldung,9,258,4964,8300,8056,-215,-375,-428
meldung,9,259,4740,7244,8020,-273,-645,-594
meldung,9,260,4832,5960,7924,-349,-956,-755
meldung,9,261,5604,4384,7312,-391,-1401,-956
meldung,9,262,7200,3036,6284,-468,-1763,-1221
meldung,9,263,9648,1908,5000,-584,-1946,-1591
meldung,9,264,11880,480,3108,-618,-1773,-2048
meldung,9,265,12576,-1328,1196,-511,-1310,-2553
meldung,9,266,13692,-1764,-540,-408,-693,-3161
meldung,9,267,12984,-2600,-2604,-229,16,-3933
meldung,9,268,13316,-2404,-4364,-138,854,-4622
meldung,9,269,12508,-2404,-5688,-187,1785,-5237
meldung,9,270,11048,-1864,-7536,-294,2726,-5791
meldung,9,271,8120,-1948,-6216,-615,3252,-6492
meldung,9,272,6288,-1368,-6236,-1056,3638,-7233
meldung,9,273,4960,-496,-6144,-1659,3981,-7971
meldung,9,274,4260,344,-5820,-2412,4347,-8587
meldung,9,275,3268,24,-6204,-3151,4729,-9077
meldung,9,276,1664,-228,-5820,-3842,4991,-9445
meldung,9,277,612,340,-5180,-4569,5124,-9673
meldung,9,278,-340,-236,-4660,-5343,5206,-9829
meldung,9,279,-872,-1580,-4532,-5930,5249,-9923
meldung,9,280,-680,-2724,-3856,-6318,5337,-9801
meldung,9,281,-1976,-3780,-3208,-6391,5604,-9519
meldung,9,282,-3692,-3468,-1596,-6320,5861,-9249
meldung,9,283,-5652,-2980,-324,-6294,6075,-9198
meldung,9,284,-7608,-2400,1192,-6306,6087,-9309
meldung,9,285,-8320,-1444,2516,-6529,5852,-9430
meldung,9,286,-9684,-1272,4356,-6894,5871,-9491
meldung,9,287,-10120,-1708,5088,-7250,5835,-9187
meldung,9,288,-11392,-3124,5596,-7390,5860,-8546
meldung,9,289,-12820,-4792,6476,-7244,5824,-7673
meldung,9,290,-14996,-6460,6596,-6800,5760,-6565
meldung,9,291,-17740,-6812,8948,-6122,5438,-5495
meldung,9,292,-20144,-7948,10528,-5424,5015,-4698
meldung,9,293,-20128,-8400,11952,-4685,4306,-4322
meldung,9,294,-19212,-7784,12304,-3972,3857,-4135
meldung,9,295,-18160,-7740,12584,-3230,3718,-3826
meldung,9,296,-17556,-7240,12544,-2375,3783,-3243
meldung,9,297,-17160,-6020,13072,-1605,4140,-2541
meldung,9,298,-17796,-5020,12824,-1044,4487,-1879
meldung,9,299,-20140,-3652,12900,-759,4654,-1452
meldung,10,0,-10048,-3780,9056,-155,14,-69
meldung,10,1,-10144,-4152,9132,-32,-18,-16
meldung,10,2,-10236,-3920,9080,-49,-4,-20
meldung,10,3,-10128,-3772,9084,-59,1,-23
meldung,10,4,-10252,-3772,9088,-68,-10,-28
meldung,10,5,-10104,-3824,9144,-70,2,-21
meldung,10,6,-10156,-3808,9164,-81,14,-30
meldung,10,7,-10108,-3840,9204,-95,6,-46
meldung,10,8,-10160,-3756,9156,-113,0,-47
meldung,10,9,-10204,-3652,9192,-136,16,-40
meldung,10,10,-10208,-3872,9016,-207,8,-66
meldung,10,11,-10144,-3956,8820,-155,-29,-73
meldung,10,12,-10128,-3860,9192,-120,-24,-57
meldung,10,13,-9952,-3908,8892,-122,0,-54
meldung,10,14,-10068,-3796,9028,-118,29,-35
meldung,10,15,-10156,-3776,8980,-132,28,-37
meldung,10,16,-10092,-3820,9040,-122,6,-43
meldung,10,17,-10176,-3808,9088,-129,-4,-46
meldung,10,18,-10116,-3876,9076,-121,-6,-41
meldung,10,19,-10052,-3800,9020,-124,18,-29
meldung,10,20,-10056,-3796,9088,-120,20,-33
meldung,10,21,-10032,-3648,9156,-127,18,-29
meldung,10,22,-10368,-3748,9136,-126,3,-36
meldung,10,23,-10128,-3732,9136,-131,10,-26
meldung,10,24,-10052,-3796,9112,-120,15,-21
meldung,10,25,-10120,-3820,9028,-124,8,-33
meldung,10,26,-10056,-3888,9084,-126,11,-34
meldung,10,27,-10080,-3880,9152,-119,20,-32
meldung,10,28,-9916,-3860,9176,-129,26,-18
meldung,10,29,-10100,-3780,9276,-138,22,-27
meldung,10,30,-10216,-3776,9220,-139,13,-29
meldung,10,31,-10192,-3800,9156,-145,10,-33
meldung,10,32,-10200,-3796,9016,-132,4,-22
meldung,10,33,-10156,-3828,9080,-120,11,-25
meldung,10,34,-10012,-3648,9028,-120,12,-23
meldung,10,35,-10208,-3740,9076,-114,2,-31
meldung,10,36,-10236,-3784,9048,-117,3,-24
meldung,10,37,-9924,-3896,9072,-120,20,-3
meldung,10,38,-10112,-3788,9036,-111,23,-14
meldung,10,39,-10268,-3740,9180,-107,16,-20
meldung,10,40,-10280,-3716,9060,-120,14,-28
meldung,10,41,-9932,-3864,9028,-114,29,-9
meldung,10,42,-10096,-3888,9116,-109,45,-6
meldung,10,43,-10096,-3604,9172,-110,42,-21
meldung,10,44,-10208,-3788,9180,-109,50,-20
meldung,10,45,-10248,-3664,9228,-125,62,-16
meldung,10,46,-10232,-3920,9292,-135,40,-13
meldung,10,47,-10104,-3796,9092,-162,52,-41
meldung,10,48,-10096,-3888,9264,-186,52,-37
meldung,10,49,-10096,-3940,9004,-207,63,-51
meldung,10,50,-10052,-3908,9192,-237,82,-66
meldung,10,51,-10096,-3836,9228,-279,103,-78
meldung,10,52,-10276,-3972,9468,-324,115,-114
meldung,10,53,-10284,-4072,9552,-401,164,-161
meldung,10,54,-10340,-4320,9988,-469,274,-222
meldung,10,55,-10900,-5220,10260,-550,478,-279
meldung,10,56,-11888,-5616,10664,-522,723,-369
meldung,10,57,-13260,-6120,12140,-426,972,-563
meldung,10,58,-15656,-7396,13420,-334,1238,-815
meldung,10,59,-17964,-7652,14292,-48,1373,-1074
meldung,10,60,-20464,-7272,15612,54,1139,-1395
meldung,10,61,-24600,-8068,16896,-93,558,-2169
meldung,10,62,-27828,-11744,20356,-127,-607,-3237
meldung,10,63,-28828,-13920,22320,-236,-2446,-3957
meldung,10,64,-28036,-16168,23088,-36,-3959,-3867
meldung,10,65,-24584,-16580,23856,554,-4877,-3159
meldung,10,66,-22764,-17924,24052,1471,-4834,-2223
meldung,10,67,-22268,-17004,24828,2547,-4293,-1445
meldung,10,68,-22504,-17204,25700,3545,-3346,-836
meldung,10,69,-24712,-15772,27312,4441,-2592,-356
meldung,10,70,-25904,-14016,27924,5262,-2438,168
meldung,10,71,-26892,-12400,28316,5953,-2131,765
meldung,10,72,-28124,-10356,27788,6641,-2194,1456
meldung,10,73,-28016,-8420,27088,7137,-2538,2245
meldung,10,74,-25384,-4964,24936,7195,-3237,3573
meldung,10,75,-23320,-9000,23408,8832,-3700,4811
meldung,10,76,-22016,-5580,22444,9845,-3933,6189
meldung,10,77,-20056,-1192,21012,9969,-4493,7538
meldung,10,78,-17032,656,19344,9955,-4957,8697
meldung,10,79,-14568,3680,18700,9294,-5208,9183
meldung,10,80,-11972,4100,16264,8495,-5732,9408
meldung,10,81,-9432,1380,13520,7898,-6421,9546
meldung,10,82,-7224,60,10856,7852,-6937,9602
meldung,10,83,-5380,-1428,8736,8043,-7449,9593
meldung,10,84,-4360,-3452,6372,8522,-8155,9592
meldung,10,85,-4388,-4480,3496,8889,-9137,9496
meldung,10,86,-1320,-4596,1336,9323,-10065,9198
meldung,10,87,3532,-1516,-2784,9253,-10229,8311
meldung,10,88,8776,-404,-6048,9049,-9924,7664
meldung,10,89,12404,1264,-9936,8730,-8948,6735
meldung,10,90,15992,3432,-10308,7790,-7474,6092
meldung,10,91,14432,1780,-10236,6869,-5819,5718
meldung,10,92,11600,676,-10624,6421,-4368,5253
meldung,10,93,10464,996,-9760,5787,-3351,4793
meldung,10,94,9528,140,-9528,4954,-2353,4255
meldung,10,95,9076,-308,-9760,4317,-1422,3886
meldung,10,96,6316,-1912,-8844,3910,-767,3669
meldung,10,97,2740,-4436,-8524,3101,-518,3784
meldung,10,98,3984,-2736,-8344,2866,-252,3702
meldung,10,99,4572,-3120,-7380,2557,-112,3740
meldung,10,100,5460,-1764,-6904,2114,21,3641
meldung,10,101,7088,-788,-6068,1543,321,3393
meldung,10,102,9456,832,-6156,970,747,3191
meldung,10,103,11060,2220,-5116,396,1421,2825
meldung,10,104,11168,2204,-3912,-130,2208,2415
meldung,10,105,8764,1216,-2392,-420,2719,1861
meldung,10,106,7436,220,-884,-508,2926,1509
meldung,10,107,6848,-88,176,-433,3125,1425
meldung,10,108,3416,-380,2112,-167,2991,1301
meldung,10,109,1692,284,3284,-16,2314,948
meldung,10,110,3264,2152,3152,55,1516,497
meldung,10,111,5688,4816,2656,10,1182,281
meldung,10,112,6708,7036,2592,-196,1059,107
meldung,10,113,6556,9308,2472,-476,1014,-81
meldung,10,114,6828,10240,2008,-789,916,-220
meldung,10,115,7084,11104,1880,-1074,892,-245
meldung,10,116,7220,10356,1732,-1042,995,-82
meldung,10,117,6696,9504,2012,-761,1081,147
meldung,10,118,6920,9572,2800,-460,1138,380
meldung,10,119,6592,9948,3260,-272,1132,502
meldung,10,120,7544,10336,3392,-227,1048,461
meldung,10,121,7584,10516,3548,-182,1094,426
meldung,10,122,7104,10820,3368,-216,1033,507
meldung,10,123,6816,10888,3592,-297,783,520
meldung,10,124,7088,11248,3580,-291,636,384
meldung,10,125,7988,11628,3460,-220,627,216
meldung,10,126,8708,11668,3360,-210,752,233
meldung,10,127,8564,11296,3532,-251,852,310
meldung,10,128,8092,10976,3848,-322,856,295
meldung,10,129,8360,10628,4080,-424,809,236
meldung,10,130,8720,10480,4088,-507,816,166
meldung,10,131,8920,9816,4308,-528,853,101
meldung,10,132,9036,9708,4468,-463,908,26
meldung,10,133,8828,9648,4800,-339,975,-22
meldung,10,134,8456,10200,5116,-245,955,-107
meldung,10,135,8188,10760,5408,-234,915,-200
meldung,10,136,8028,11304,6076,-322,814,-270
meldung,10,137,8128,11392,6224,-447,769,-277
meldung,10,138,8160,11292,6352,-547,726,-252
meldung,10,139,8120,10984,6672,-581,718,-219
meldung,10,140,8640,10796,6848,-541,730,-167
meldung,10,141,8616,10344,7344,-427,840,-95
meldung,10,142,8032,9960,7656,-242,920,-88
meldung,10,143,7220,10348,8108,-55,838,-177
meldung,10,144,7064,10876,8244,-17,731,-235
meldung,10,145,6856,11352,8292,-34,618,-216
meldung,10,146,6612,11448,8036,-94,449,-201
meldung,10,147,6424,11388,7896,-219,317,-163
meldung,10,148,6472,10988,7960,-340,163,-131
meldung,10,149,6636,10704,7716,-436,32,-105
meldung,10,150,7060,10504,7188,-508,-49,-115
meldung,10,151,7568,10240,6848,-538,-79,-115
meldung,10,152,7736,10096,6680,-579,-44,-124
meldung,10,153,7608,9660,6244,-611,4,-163
meldung,10,154,7680,9196,5900,-631,28,-240
meldung,10,155,7716,8788,5560,-647,83,-317
meldung,10,156,7824,7912,4976,-620,137,-378
meldung,10,157,7832,7200,4632,-550,194,-432
meldung,10,158,8144,6636,4212,-504,252,-514
meldung,10,159,8272,5940,3404,-489,334,-662
meldung,10,160,8468,4996,2620,-475,442,-866
meldung,10,161,8808,4248,1748,-440,606,-1118
meldung,10,162,9252,3560,928,-419,870,-1378
meldung,10,163,9528,2740,-60,-363,1238,-1633
meldung,10,164,9572,2476,-772,-314,1581,-1959
meldung,10,165,9624,2308,-1304,-329,1940,-2375
meldung,10,166,9476,2212,-1604,-422,2360,-2884
meldung,10,167,9752,2068,-2132,-603,2797,-3437
meldung,10,168,8828,1252,-2812,-793,3275,-4003
meldung,10,169,7056,732,-2788,-987,3584,-4583
meldung,10,170,6508,680,-2960,-1244,3704,-5099
meldung,10,171,5368,220,-3040,-1564,3797,-5612
meldung,10,172,3860,-756,-3100,-1955,3853,-6164
meldung,10,173,3800,-984,-3840,-2288,3790,-6683
meldung,10,174,4436,-1192,-4004,-2577,3818,-7038
meldung,10,175,4708,-1640,-4692,-2764,4050,-7227
meldung,10,176,4756,-1864,-4380,-2873,4300,-7317
meldung,10,177,4200,-2144,-3728,-2897,4568,-7247
meldung,10,178,3388,-2140,-2880,-2874,4777,-7124
meldung,10,179,3184,-2528,-1856,-2918,5052,-6930
meldung,10,180,2704,-2796,-1056,-2785,5396,-6629
meldung,10,181,1964,-2748,220,-2571,5918,-6213
meldung,10,182,136,-2196,1420,-2274,6461,-5870
meldung,10,183,-1628,-1444,3156,-1979,6763,-5753
meldung,10,184,-3152,-28,3948,-1804,6946,-5862
meldung,10,185,-4396,1032,4900,-1672,7027,-6080
meldung,10,186,-6696,2576,5560,-1605,7065,-6291
meldung,10,187,-9404,4580,7096,-1756,6922,-6594
meldung,10,188,-11804,6416,8368,-2168,6550,-6850
meldung,10,189,-13608,7020,8768,-2595,5925,-6589
meldung,10,190,-15404,6876,9828,-2910,5368,-5816
meldung,10,191,-17016,6088,10904,-2982,4689,-4813
meldung,10,192,-17224,5052,11336,-2808,3842,-3760
meldung,10,193,-16772,4808,11828,-2401,3502,-2814
meldung,10,194,-17508,6164,12528,-2018,3516,-2252
meldung,10,195,-20072,7860,13728,-1840,3376,-2344
meldung,10,196,-22192,10052,15208,-2148,2757,-2940
meldung,10,197,-23512,10516,15968,-2818,1934,-3718
meldung,10,198,-23412,10520,16564,-3568,1155,-4247
meldung,10,199,-24316,9472,16848,-4275,491,-4417
meldung,10,200,-24972,7808,17116,-4862,-185,-4326
meldung,10,201,-24748,5356,17620,-5326,-808,-4134
meldung,10,202,-23864,2848,17608,-5561,-1219,-3965
meldung,10,203,-22484,384,17436,-5517,-1337,-3888
meldung,10,204,-21900,-2036,17456,-5267,-1366,-3854
meldung,10,205,-20768,-3636,17032,-4885,-1315,-3775
meldung,10,206,-18872,-4588,16404,-4480,-1164,-3587
meldung,10,207,-16868,-5080,15288,-4048,-742,-3328
meldung,10,208,-15988,-5600,15452,-3703,-12,-2974
meldung,10,209,-16612,-4056,15272,-3792,937,-2597
meldung,10,210,-14516,-6960,11768,-2452,835,-1595
meldung,10,211,-16000,-5296,13608,-1601,1364,-1829
meldung,10,212,-15732,-10560,12848,-1864,1456,-1505
meldung,10,213,-15592,-7656,12464,-752,1613,-1713
meldung,10,214,-7836,-32768,20528,3646,569,-2153
meldung,10,215,-23680,204,9388,-648,1450,-1048
meldung,10,216,-18720,-6584,8984,-847,975,-1816
meldung,10,217,-16724,-5644,11100,-1311,668,-2040
meldung,10,218,-14956,-3684,8852,-1423,273,-1915
meldung,10,219,-12084,-7904,6900,-1216,105,-1439
meldung,10,220,-8008,-7648,9532,-1690,191,1771
meldung,10,221,-22648,-29524,16916,3528,2431,4682
meldung,10,222,-26748,1476,15048,5248,1455,5941
meldung,10,223,-21736,6264,15880,3826,83,4741
meldung,10,224,-21172,7808,15128,2579,778,3004
meldung,10,225,-22944,10788,18560,1347,1069,1221
meldung,10,226,-29192,7032,19140,152,210,-163
meldung,10,227,-27380,2484,17028,-503,-1429,-1173
meldung,10,228,-21508,984,12180,-922,-2351,-1699
meldung,10,229,-15304,308,8872,-1087,-2590,-1831
meldung,10,230,-11108,-800,6372,-1067,-2448,-1794
meldung,10,231,-7024,-848,4496,-1083,-2251,-1635
meldung,10,232,-6556,-2872,4388,-1049,-1738,-1661
meldung,10,233,-5992,-4824,4856,-843,-1405,-1608
meldung,10,234,-5564,-5360,4940,-591,-1228,-1417
meldung,10,235,-5600,-6124,5692,-333,-786,-1099
meldung,10,236,-5472,-5940,6052,158,-420,-758
meldung,10,237,-5700,-4656,6532,449,-5,-469
meldung,10,238,-6324,-3668,7216,524,480,-277
meldung,10,239,-7544,-2396,7816,510,767,-186
meldung,10,240,-9748,-2920,9008,484,994,-168
meldung,10,241,-12564,-2204,9768,659,844,-100
meldung,10,242,-13848,-1764,10780,619,617,-183
meldung,10,243,-14072,-1068,10764,476,330,-369
meldung,10,244,-13412,-516,9920,525,-4,-400
meldung,10,245,-12660,-828,10248,317,-107,-618
meldung,10,246,-11900,-1196,10024,35,-130,-725
meldung,10,247,-11312,-1636,9524,-56,-134,-755
meldung,10,248,-10656,-2420,9416,-64,-193,-716
meldung,10,249,-10112,-2224,9068,36,-181,-698
meldung,10,250,-9840,-2284,8780,-45,-140,-625
meldung,10,251,-9892,-2468,8740,-157,-67,-542
meldung,10,252,-9984,-2540,8932,-193,-19,-457
meldung,10,253,-9780,-2748,9052,-192,-1,-395
meldung,10,254,-9900,-2428,8984,-220,31,-340
meldung,10,255,-9796,-2480,8992,-277,59,-294
meldung,10,256,-10092,-2552,8928,-302,84,-239
meldung,10,257,-10192,-2692,9284,-326,97,-164
meldung,10,258,-10444,-2744,9184,-238,79,-95
meldung,10,259,-10548,-2496,9152,-260,85,-46
meldung,10,260,-10452,-2384,8780,-294,77,-39
meldung,10,261,-10508,-2496,8680,-310,56,-39
meldung,10,262,-10460,-2844,8860,-262,52,-16
meldung,10,263,-10492,-2772,8776,-215,51,18
meldung,10,264,-10640,-2712,8604,-173,46,40
meldung,10,265,-10412,-2484,8636,-173,67,40
meldung,10,266,-10424,-2480,8608,-184,112,40
meldung,10,267,-10580,-2628,8516,-180,141,49
meldung,10,268,-10760,-2612,8700,-141,142,59
meldung,10,269,-11096,-2744,8856,-113,114,61
meldung,10,270,-11044,-2488,8884,-94,82,49
meldung,10,271,-10884,-2432,8832,-108,64,19
meldung,10,272,-10904,-2292,8792,-131,43,-16
meldung,10,273,-10828,-2372,8928,-133,64,-28
meldung,10,274,-10780,-2504,8892,-115,69,-22
meldung,10,275,-10852,-2556,8824,-115,73,-19
meldung,10,276,-10864,-2484,9068,-99,65,-23
meldung,10,277,-10864,-2380,8924,-102,50,-28
meldung,10,278,-10872,-2460,8816,-100,38,-32
meldung,10,279,-10876,-2448,8892,-103,22,-43
meldung,10,280,-10888,-2476,8660,-91,5,-37
meldung,10,281,-10808,-2464,8836,-85,3,-35
meldung,10,282,-10748,-2480,8928,-73,4,-30
meldung,10,283,-10656,-2488,8624,-72,5,-33
meldung,10,284,-10564,-2492,8716,-70,8,-28
meldung,10,285,-10680,-2412,8656,-68,14,-12
meldung,10,286,-10692,-2512,8876,-59,13,-5
meldung,10,287,-10716,-2376,8744,-58,18,2
meldung,10,288,-10652,-2308,8804,-70,12,4
meldung,10,289,-10712,-2280,8784,-80,7,-4
meldung,10,290,-10668,-2320,8824,-100,12,-1
meldung,10,291,-10820,-2412,8692,-99,15,-4
meldung,10,292,-10832,-2404,9012,-94,30,-7
meldung,10,293,-10876,-2332,8764,-101,25,-12
meldung,10,294,-10832,-2320,8932,-110,21,-17
meldung,10,295,-10824,-2376,8936,-114,20,-18
meldung,10,296,-10808,-2304,8784,-114,25,-29
meldung,10,297,-10776,-2408,8936,-112,30,-31
meldung,10,298,-10704,-2480,8784,-108,35,-35
meldung,10,299,-10824,-2428,8740,-118,44,-36
meldung,11,0,-10232,-2492,9188,-131,27,-67
meldung,11,1,-10328,-2508,9172,-131,18,-58
meldung,11,2,-10344,-2576,9052,-124,21,-58
meldung,11,3,-10328,-2528,9200,-125,16,-55
meldung,11,4,-10296,-2616,9136,-115,12,-60
meldung,11,5,-10380,-2600,9164,-107,17,-65
meldung,11,6,-10276,-2480,9104,-113,11,-62
meldung,11,7,-10416,-2508,9020,-103,17,-56
meldung,11,8,-10400,-2504,9244,-102,17,-64
meldung,11,9,-10424,-2556,9116,-97,16,-62
meldung,11,10,-10324,-2544,8972,-99,17,-59
meldung,11,11,-10348,-2508,9204,-98,14,-58
meldung,11,12,-10324,-2512,9164,-95,15,-61
meldung,11,13,-10364,-2528,9180,-92,27,-52
meldung,11,14,-10436,-2492,9156,-102,18,-66
meldung,11,15,-10284,-2440,9284,-108,24,-75
meldung,11,16,-10340,-2292,9128,-106,33,-58
meldung,11,17,-10400,-2500,9312,-104,14,-76
meldung,11,18,-10272,-2532,9172,-121,16,-72
meldung,11,19,-10392,-2472,9260,-118,15,-66
meldung,11,20,-10428,-2496,9192,-116,12,-64
meldung,11,21,-10352,-2448,9132,-120,12,-70
meldung,11,22,-10364,-2664,9076,-121,12,-61
meldung,11,23,-10308,-2576,9140,-111,17,-56
meldung,11,24,-10428,-2556,9216,-110,25,-55
meldung,11,25,-10372,-2612,9224,-118,22,-54
meldung,11,26,-10232,-2576,9012,-116,24,-58
meldung,11,27,-10320,-2520,9244,-128,31,-59
meldung,11,28,-10292,-2612,9216,-129,30,-52
meldung,11,29,-10384,-2576,9092,-137,32,-56
meldung,11,30,-10288,-2544,9204,-137,27,-56
meldung,11,31,-10300,-2532,9164,-145,45,-45
meldung,11,32,-10172,-2556,9308,-160,53,-38
meldung,11,33,-10372,-2516,9308,-168,39,-45
meldung,11,34,-10356,-2488,9052,-185,47,-52
meldung,11,35,-10532,-2548,9076,-183,45,-41
meldung,11,36,-10544,-2352,9204,-179,26,-51
meldung,11,37,-10320,-2472,9108,-174,22,-60
meldung,11,38,-10252,-2492,9232,-178,33,-54
meldung,11,39,-10400,-2508,9120,-168,41,-50
meldung,11,40,-10424,-2520,9072,-166,28,-61
meldung,11,41,-10344,-2624,9124,-158,55,-54
meldung,11,42,-10356,-2560,9300,-179,114,-58
meldung,11,43,-10576,-2488,9476,-225,192,-88
meldung,11,44,-10804,-2492,9780,-344,268,-128
meldung,11,45,-11164,-2352,10476,-539,325,-217
meldung,11,46,-12428,-2728,11484,-902,526,-439
meldung,11,47,-13868,-3168,12808,-1360,810,-696
meldung,11,48,-15124,-9496,14312,-530,1249,-1145
meldung,11,49,-18316,-7604,14616,-11,1979,-1250
meldung,11,50,-23920,-11580,15684,1029,2212,-1553
meldung,11,51,-27360,-11112,17368,1765,1370,-1519
meldung,11,52,-30440,-11880,20984,2423,100,-1448
meldung,11,53,-31176,-13116,23612,2704,-2137,-1216
meldung,11,54,-29236,-13096,24060,2537,-3929,-348
meldung,11,55,-27404,-11176,25368,2652,-4684,570
meldung,11,56,-26528,-8420,25048,2954,-4063,1690
meldung,11,57,-26948,-7244,25088,3596,-3573,2490
meldung,11,58,-27856,-5564,23540,4262,-3287,2583
meldung,11,59,-27456,-2600,23784,4396,-3393,2608
meldung,11,60,-27008,-1856,23788,4722,-3104,2690
meldung,11,61,-25916,512,23808,5188,-3115,3066
meldung,11,62,-20040,-7848,24248,5898,-3632,4162
meldung,11,63,-24756,3964,24244,6752,-2682,4578
meldung,11,64,-22184,572,22320,7352,-2598,5633
meldung,11,65,-21748,3268,22676,8147,-2630,6930
meldung,11,66,-20876,5220,21924,8653,-2910,8052
meldung,11,67,-19320,7148,21480,8827,-3397,8722
meldung,11,68,-17080,7708,20488,8374,-3746,8985
meldung,11,69,-15652,8744,18592,7824,-4454,8818
meldung,11,70,-12480,5528,16488,7792,-5071,8878
meldung,11,71,-9656,3240,14024,8023,-5309,9424
meldung,11,72,-8652,2584,12916,8598,-5529,10177
meldung,11,73,-8584,2912,12152,9097,-6135,10714
meldung,11,74,-8284,2960,10328,9396,-6952,10830
meldung,11,75,-5732,3784,8024,9425,-7846,10520
meldung,11,76,-1432,4684,5044,9237,-8252,10237
meldung,11,77,2644,7900,2668,8708,-8377,10062
meldung,11,78,4504,3676,1472,7692,-7748,9623
meldung,11,79,4328,-2244,-1388,7505,-7699,8824
meldung,11,80,2596,-692,-3364,6266,-7170,8303
meldung,11,81,4796,444,-3108,4928,-6925,7826
meldung,11,82,6200,-2220,-6348,3835,-6555,7332
meldung,11,83,7600,-1124,-7968,2645,-5952,6722
meldung,11,84,7508,-1156,-9192,1295,-5407,5818
meldung,11,85,9144,-2344,-10128,119,-4867,4967
meldung,11,86,8108,-5824,-12204,-895,-4205,4514
meldung,11,87,8992,-7036,-11668,-1262,-3221,4390
meldung,11,88,10264,-7492,-11780,-1288,-2185,4293
meldung,11,89,9064,-8704,-11456,-1162,-1161,3955
meldung,11,90,8740,-8352,-10692,-760,-274,3548
meldung,11,91,9500,-8452,-9916,-350,487,3094
meldung,11,92,11516,-7092,-9752,76,1419,2619
meldung,11,93,13100,-4132,-8860,375,2653,2218
meldung,11,94,12812,-1800,-7964,429,3761,1803
meldung,11,95,10640,256,-6948,286,4543,1414
meldung,11,96,7124,2284,-5424,-34,4654,1055
meldung,11,97,5060,3480,-4000,-543,4465,743
meldung,11,98,4468,4372,-2428,-1113,3876,680
meldung,11,99,4568,5536,-1696,-1653,3367,672
meldung,11,100,4740,5848,-724,-2105,2902,677
meldung,11,101,5492,5704,232,-2383,2516,680
meldung,11,102,6068,5088,624,-2363,2209,664
meldung,11,103,7048,5176,1868,-2080,1983,646
meldung,11,104,6676,4448,2540,-1700,1767,542
meldung,11,105,6448,5024,3296,-1195,1557,315
meldung,11,106,5904,5944,3880,-731,1205,-6
meldung,11,107,7036,7436,4124,-504,984,-238
meldung,11,108,7868,8904,4044,-474,950,-319
meldung,11,109,8004,10148,3644,-529,1041,-297
meldung,11,110,8944,10864,3160,-682,1143,48
meldung,11,111,8264,11060,3648,-653,1183,407
meldung,11,112,7988,11036,3964,-439,1256,433
meldung,11,113,7748,11616,4428,-182,1341,355
meldung,11,114,6620,11856,5200,-121,1234,229
meldung,11,115,6112,12084,6064,-285,893,154
meldung,11,116,6376,11876,6352,-556,514,72
meldung,11,117,7712,11524,6212,-853,255,134
meldung,11,118,7812,10948,6124,-1097,106,297
meldung,11,119,8344,10264,6580,-1277,-40,332
meldung,11,120,9436,10016,6540,-1367,-74,296
meldung,11,121,9864,9452,6484,-1328,-37,250
meldung,11,122,10188,9296,6552,-1184,37,183
meldung,11,123,10384,9020,7036,-1016,112,62
meldung,11,124,10008,8848,7284,-851,259,23
meldung,11,125,9392,8744,7268,-726,301,-1
meldung,11,126,9384,8752,7536,-597,280,-27
meldung,11,127,9360,8512,7292,-504,251,-12
meldung,11,128,9080,8380,7392,-382,200,34
meldung,11,129,9600,8584,7280,-252,165,48
meldung,11,130,10148,8712,6972,-174,206,-36
meldung,11,131,10172,9408,6848,-127,299,-184
meldung,11,132,10404,9316,6468,-135,391,-357
meldung,11,133,10344,9424,6324,-142,519,-443
meldung,11,134,10180,9256,6032,-134,631,-422
meldung,11,135,9784,9208,5900,-89,778,-323
meldung,11,136,9220,9068,6180,-95,856,-231
meldung,11,137,8752,9044,6424,-95,867,-166
meldung,11,138,8136,9348,6556,-135,805,-181
meldung,11,139,7576,9644,6820,-228,579,-293
meldung,11,140,7996,9772,6672,-385,409,-350
meldung,11,141,8528,9596,6796,-503,296,-318
meldung,11,142,8904,9248,6612,-523,312,-218
meldung,11,143,9064,9000,6676,-486,356,-139
meldung,11,144,8904,8844,6828,-381,348,-114
meldung,11,145,8488,8612,6972,-319,340,-147
meldung,11,146,8340,8776,6816,-263,307,-183
meldung,11,147,8620,9020,6988,-224,310,-193
meldung,11,148,8068,9444,7096,-214,303,-185
meldung,11,149,8132,9744,7284,-254,265,-199
meldung,11,150,8040,10044,7268,-344,223,-218
meldung,11,151,8136,10068,7272,-420,200,-237
meldung,11,152,7968,10096,7344,-511,167,-278
meldung,11,153,8320,9784,7356,-581,184,-298
meldung,11,154,8532,9512,7488,-590,218,-291
meldung,11,155,7832,9092,7668,-546,226,-296
meldung,11,156,8076,8724,7732,-480,176,-304
meldung,11,157,8204,8584,7956,-378,219,-223
meldung,11,158,7692,8612,8156,-256,232,-149
meldung,11,159,7784,9068,8436,-195,192,-130
meldung,11,160,7908,9152,8712,-168,168,-113
meldung,11,161,8116,9448,8652,-175,176,-87
meldung,11,162,8000,9728,8720,-192,195,-97
meldung,11,163,7712,9664,8748,-200,187,-126
meldung,11,164,7496,9972,8796,-249,95,-156
meldung,11,165,7520,9648,9032,-306,11,-167
meldung,11,166,7664,9344,8868,-353,-76,-123
meldung,11,167,7616,9140,8868,-371,-183,-104
meldung,11,168,8008,8912,8952,-399,-236,-80
meldung,11,169,8508,8672,8824,-348,-252,-43
meldung,11,170,9060,8352,8436,-278,-182,-30
meldung,11,171,9208,8260,8372,-191,-64,-25
meldung,11,172,9004,8348,8228,-127,5,-60
meldung,11,173,8612,8412,7988,-122,1,-153
meldung,11,174,8560,8492,7656,-184,-21,-267
meldung,11,175,8512,8380,7216,-280,-79,-365
meldung,11,176,8188,7856,6772,-394,-168,-463
meldung,11,177,7820,6708,6076,-438,-335,-551
meldung,11,178,7796,5380,5380,-438,-572,-677
meldung,11,179,8588,4172,4460,-377,-727,-798
meldung,11,180,9380,3020,2988,-301,-788,-986
meldung,11,181,10756,1772,828,-207,-678,-1230
meldung,11,182,12216,608,-1068,-56,-290,-1518
meldung,11,183,13652,-460,-2680,141,400,-1827
meldung,11,184,14048,-1256,-4476,401,1311,-2185
meldung,11,185,13168,-1708,-5580,659,2267,-2631
meldung,11,186,11368,-2512,-6264,883,3116,-3218
meldung,11,187,10680,-2288,-7020,1103,3759,-3764
meldung,11,188,9868,-1624,-7044,1089,4397,-4265
meldung,11,189,8100,-1720,-7252,944,4927,-4796
meldung,11,190,6488,-1164,-6868,659,5215,-5398
meldung,11,191,5452,-808,-7116,245,5273,-6011
meldung,11,192,5232,-804,-7252,-258,5343,-6505
meldung,11,193,4488,-604,-7264,-761,5427,-6812
meldung,11,194,4024,-840,-7080,-1258,5546,-6934
meldung,11,195,3148,-1284,-6704,-1693,5717,-6940
meldung,11,196,2952,-1168,-6780,-2012,5876,-6917
meldung,11,197,2884,-420,-6520,-2226,6035,-6951
meldung,11,198,1968,16,-5720,-2529,6198,-7111
meldung,11,199,548,28,-4592,-2961,6269,-7498
meldung,11,200,-1072,192,-3580,-3552,6164,-8004
meldung,11,201,-3020,396,-2272,-4235,5821,-8559
meldung,11,202,-4552,816,-316,-4917,5283,-9134
meldung,11,203,-3552,1844,2764,-5695,4831,-9382
meldung,11,204,-2180,2644,3372,-6397,4946,-9259
meldung,11,205,-3496,2400,5872,-6822,5417,-8927
meldung,11,206,-6408,916,8308,-6911,5835,-8495
meldung,11,207,-10728,-696,10908,-6586,5969,-7982
meldung,11,208,-17064,-1172,13688,-6103,5600,-7529
meldung,11,209,-22920,-1408,16216,-5531,4442,-7213
meldung,11,210,-26032,-484,18316,-5158,2631,-6788
meldung,11,211,-26780,1752,19848,-5139,802,-6187
meldung,11,212,-25428,2812,20204,-5332,-762,-5536
meldung,11,213,-22648,3228,19320,-5542,-1857,-4948
meldung,11,214,-18928,3276,18168,-5593,-2402,-4407
meldung,11,215,-15052,3028,17544,-5562,-2380,-3886
meldung,11,216,-12384,2628,17444,-5505,-1817,-3375
meldung,11,217,-11584,1792,18136,-5414,-1043,-2944
meldung,11,218,-12732,-532,19392,-5377,-328,-2781
meldung,11,219,-15652,-4020,20068,-5039,141,-2580
meldung,11,220,-18004,-5692,21812,-4593,171,-2410
meldung,11,221,-19020,-7008,22516,-4170,-153,-2159
meldung,11,222,-18808,-7524,23084,-3860,-513,-1876
meldung,11,223,-17752,-7816,22960,-3699,-851,-1675
meldung,11,224,-15580,-8132,22464,-3653,-1017,-1531
meldung,11,225,-13616,-8944,21580,-3555,-917,-1402
meldung,11,226,-11804,-9668,20344,-3314,-571,-1250
meldung,11,227,-12268,-2368,18788,-3467,273,-965
meldung,11,228,-16268,-7740,15836,-3561,1103,-1002
meldung,11,229,-9268,-12920,15120,-1480,601,93
meldung,11,230,-8772,-9968,17360,-862,1544,-402
meldung,11,231,-9404,-9868,15348,-601,2083,-876
meldung,11,232,-9188,-8928,14776,-144,2303,-764
meldung,11,233,-10440,-8720,14024,-177,2545,-455
meldung,11,234,-25140,3840,2748,-460,2654,573
meldung,11,235,-11312,-8260,13312,-672,3179,-670
meldung,11,236,-12728,-6724,12616,-1094,3099,-915
meldung,11,237,-12148,-8776,12688,-909,2684,-625
meldung,11,238,-10352,-9672,10564,125,2279,-277
meldung,11,239,-11980,-6104,9500,-851,2367,114
meldung,11,240,-9508,-7176,11184,-507,2206,1251
meldung,11,241,-18860,-18660,12072,399,5492,3726
meldung,11,242,-17300,-14676,12908,3066,4782,6180
meldung,11,243,-24544,-7580,9780,6835,3164,6034
meldung,11,244,-18908,3948,11028,5544,2353,5329
meldung,11,245,-19516,4908,9672,4255,2349,3862
meldung,11,246,-21728,6012,12916,3024,2256,2351
meldung,11,247,-24988,5652,14964,2014,1348,963
meldung,11,248,-26880,6044,15720,766,223,-18
meldung,11,249,-25116,1284,15796,471,-1173,-916
meldung,11,250,-20172,1236,13120,-242,-1961,-1653
meldung,11,251,-15552,-392,10088,-811,-2203,-2215
meldung,11,252,-11680,-1688,7520,-984,-2109,-2495
meldung,11,253,-9248,-2916,6344,-910,-1827,-2526
meldung,11,254,-7396,-3932,5724,-892,-1503,-2177
meldung,11,255,-6352,-5980,5992,-570,-1025,-1865
meldung,11,256,-6120,-6668,6416,-152,-830,-1488
meldung,11,257,-5412,-5732,6216,131,-559,-1125
meldung,11,258,-4616,-3084,4028,669,-214,-794
meldung,11,259,-4468,-4712,7540,521,247,-441
meldung,11,260,-4940,-5228,8224,755,604,-220
meldung,11,261,-6388,-3808,8948,751,817,86
meldung,11,262,-8824,-3456,9824,755,953,250
meldung,11,263,-11528,-2012,10840,598,840,320
meldung,11,264,-12716,-1588,11380,325,586,194
meldung,11,265,-13408,-1472,11268,98,229,-4
meldung,11,266,-13272,-1392,11184,-126,-137,-205
meldung,11,267,-12460,-1680,10816,-318,-368,-340
meldung,11,268,-11504,-1892,10128,-486,-411,-383
meldung,11,269,-11396,-1004,9276,-839,-275,-404
meldung,11,270,-10496,-3616,9132,-970,-282,-463
meldung,11,271,-10100,-3476,8528,-581,-266,-383
meldung,11,272,-10012,-3500,8336,-526,-159,-339
meldung,11,273,-9804,-3204,8232,-462,-40,-288
meldung,11,274,-9768,-3180,8028,-402,47,-242
meldung,11,275,-9688,-3296,8068,-338,134,-208
meldung,11,276,-9888,-3380,8352,-283,208,-163
meldung,11,277,-10144,-3340,8488,-199,248,-129
meldung,11,278,-10492,-2888,8584,-213,291,-89
meldung,11,279,-10644,-3120,8932,-453,278,-210
meldung,11,280,-10340,-2744,8688,-319,175,-183
meldung,11,281,-10196,-3484,8844,-51,94,-34
meldung,11,282,-10500,-3428,8924,-88,134,-7
meldung,11,283,-10352,-3340,9092,-62,141,-7
meldung,11,284,-10216,-3104,8936,-81,165,22
meldung,11,285,-10448,-3008,9052,-88,159,12
meldung,11,286,-10480,-2988,9084,-123,144,11
meldung,11,287,-10412,-3020,8944,-151,121,13
meldung,11,288,-10488,-3140,8792,-170,89,21
meldung,11,289,-10544,-3304,8828,-168,72,32
meldung,11,290,-10640,-3412,8916,-168,42,48
meldung,11,291,-10440,-3252,8784,-173,72,57
meldung,11,292,-10328,-3128,8788,-191,82,50
meldung,11,293,-10556,-2948,8776,-197,114,48
meldung,11,294,-10584,-2972,8664,-212,126,44
meldung,11,295,-10692,-3036,8992,-199,125,50
meldung,11,296,-10792,-3120,8888,-190,92,50
meldung,11,297,-11008,-2756,8716,-125,72,19
meldung,11,298,-11196,-3060,9012,-268,85,-83
meldung,11,299,-10708,-3052,8936,-186,24,-60
meldung,12,0,1656,-15920,1104,-43,691,-47
meldung,12,1,1664,-15992,1184,-72,722,-47
meldung,12,2,1452,-16112,1608,-95,751,-42
meldung,12,3,1396,-16220,1752,-123,793,-37
meldung,12,4,1600,-16572,1960,-122,883,-11
meldung,12,5,1296,-16944,2240,-84,991,24
meldung,12,6,1676,-17668,3024,-8,1235,130
meldung,12,7,1988,-18804,3984,132,1619,311
meldung,12,8,2500,-20160,5148,343,2353,551
meldung,12,9,1928,-21748,6352,586,3328,765
meldung,12,10,492,-23808,8508,1229,4075,914
meldung,12,11,-524,-25036,9844,1877,4673,1033
meldung,12,12,-1828,-27056,12100,2376,5216,1087
meldung,12,13,-3604,-28064,13152,3381,5059,997
meldung,12,14,-2972,-28284,12680,4257,4775,726
meldung,12,15,-1052,-28572,12980,4838,5017,629
meldung,12,16,-8228,-32768,20604,3347,3420,-1135
meldung,12,17,-1528,-26216,11904,4786,4657,-694
meldung,12,18,-13916,-29848,21628,5331,2281,-1439
meldung,12,19,-15652,-26132,30744,3423,1866,-1358
meldung,12,20,-16544,-20500,7776,2659,2234,355
meldung,12,21,-17816,-32768,26500,2878,-1213,-798
meldung,12,22,-12564,-32768,10184,1441,-1670,-5006
meldung,12,23,-8596,-32768,20164,4823,-9194,-6632
meldung,12,24,5376,-32768,14372,4459,-10519,-6951
meldung,12,25,-6388,-32768,21196,4218,-14040,-8471
meldung,12,26,15448,-32768,16984,4588,-10163,-9332
meldung,12,27,13556,-32768,18944,7571,-10556,-9908
meldung,12,28,16560,-28528,16800,7747,-10610,-10552
meldung,12,29,21440,-25804,15984,7276,-10525,-11322
meldung,12,30,26112,-25316,12292,6052,-8965,-11642
meldung,12,31,29840,-23192,9916,6999,-8337,-11954
meldung,12,32,32767,-17488,6720,6700,-6203,-11595
meldung,12,33,32767,-13640,4380,5141,-3249,-10751
meldung,12,34,32452,-13404,304,5298,-482,-9631
meldung,12,35,30692,-13952,-1440,5403,2945,-8379
meldung,12,36,26496,-12800,-2064,5771,5951,-7128
meldung,12,37,22764,-11136,-3100,6084,8180,-5348
meldung,12,38,19300,-10144,-4444,6447,9793,-3200
meldung,12,39,13640,-10608,-5952,6986,11090,-1195
meldung,12,40,10760,-8148,-5740,7756,11622,696
meldung,12,41,8536,-9276,-3572,9194,12017,2439
meldung,12,42,4684,-7356,-2448,11313,12095,3693
meldung,12,43,1404,-4592,1296,12533,11483,4383
meldung,12,44,-3900,-3632,3412,12698,9948,5397
meldung,12,45,-9720,-3812,7340,12504,7469,6281
meldung,12,46,-13396,-4420,8796,12406,4077,6219
meldung,12,47,-12872,-4864,8940,12582,750,5154
meldung,12,48,-8060,-4024,7088,12774,-2268,3807
meldung,12,49,-1044,-2232,3148,12770,-4074,2796
meldung,12,50,5464,-816,-880,13330,-4401,2360
meldung,12,51,7028,1144,-3416,14373,-4050,2218
meldung,12,52,6560,4244,-5536,15022,-3408,1902
meldung,12,53,6968,7096,-7356,15216,-2674,1448
meldung,12,54,6972,10364,-9056,14891,-1974,794
meldung,12,55,6984,11960,-10984,14133,-1292,139
meldung,12,56,6372,14092,-11140,13050,-742,-202
meldung,12,57,4584,17272,-11984,11543,-116,-296
meldung,12,58,4692,20396,-10668,9224,443,55
meldung,12,59,3764,21060,-7752,6538,1146,629
meldung,12,60,2236,18008,-9312,4102,1854,1227
meldung,12,61,588,12200,-8224,2260,2097,1758
meldung,12,62,1200,6864,-7424,863,2219,2378
meldung,12,63,2640,1488,-7060,184,2709,3137
meldung,12,64,2024,-2460,-5548,225,3356,3865
meldung,12,65,1420,132,-7212,-1,3899,4648
meldung,12,66,2156,-1780,-3384,1057,4396,4445
meldung,12,67,3264,816,-3220,375,5143,4207
meldung,12,68,4788,1132,-1832,-215,5898,4032
meldung,12,69,4300,1072,-752,-853,6520,3614
meldung,12,70,1848,-316,572,-1344,6784,3052
meldung,12,71,-1164,-1444,2208,-1770,6488,2729
meldung,12,72,-5228,-3464,4000,-1841,5579,2409
meldung,12,73,-6528,-4244,5316,-1842,4124,2130
meldung,12,74,-6548,-4044,6380,-1501,2552,1879
meldung,12,75,-5320,-2932,6832,-992,1026,1470
meldung,12,76,-1896,-624,5720,-534,-209,906
meldung,12,77,2148,1820,4044,-201,-901,434
meldung,12,78,5060,3932,2288,94,-1182,75
meldung,12,79,7292,6404,1128,293,-1028,-217
meldung,12,80,9232,7932,-124,423,-475,-261
meldung,12,81,9580,9092,-652,698,265,-112
meldung,12,82,8288,10736,-1100,815,998,94
meldung,12,83,6180,11388,-864,1037,1259,711
meldung,12,84,3696,13012,548,1049,1157,1013
meldung,12,85,2744,14288,1360,733,799,1071
meldung,12,86,4016,15452,2272,226,357,1065
meldung,12,87,5296,15676,2516,-343,129,1062
meldung,12,88,7072,15176,2924,-878,127,1039
meldung,12,89,8204,13988,3412,-1263,285,1042
meldung,12,90,8772,13120,4252,-1505,559,1058
meldung,12,91,9180,11460,5172,-1665,903,1177
meldung,12,92,8112,9092,6340,-1565,1182,1334
meldung,12,93,6820,7468,7456,-1280,1231,1428
meldung,12,94,6500,6740,8256,-923,1113,1417
meldung,12,95,6824,6944,8956,-621,933,1335
meldung,12,96,7236,7684,9760,-384,747,1175
meldung,12,97,7604,8492,10004,-312,604,951
meldung,12,98,8320,9212,9864,-366,447,666
meldung,12,99,8956,9392,9576,-463,349,432
meldung,12,100,9504,9632,9352,-578,323,253
meldung,12,101,9768,9452,8860,-646,391,71
meldung,12,102,10636,9472,8648,-665,532,-29
meldung,12,103,11048,9160,8288,-629,740,-55
meldung,12,104,10260,8656,8240,-501,971,-21
meldung,12,105,9172,8404,8700,-286,1074,64
meldung,12,106,7764,8604,9008,-163,989,104
meldung,12,107,7268,8916,8760,-129,740,-3
meldung,12,108,7616,9388,8668,-150,534,-144
meldung,12,109,8492,9964,8052,-192,487,-200
meldung,12,110,8856,10088,7916,-251,535,-170
meldung,12,111,8532,10236,7540,-333,604,-172
meldung,12,112,8224,9988,7344,-427,601,-182
meldung,12,113,7620,9852,7600,-506,502,-194
meldung,12,114,7508,9140,7700,-518,481,-91
meldung,12,115,7476,8832,7672,-448,466,100
meldung,12,116,6920,8784,8148,-339,396,185
meldung,12,117,7092,8832,8212,-266,364,159
meldung,12,118,6808,9128,8188,-195,319,89
meldung,12,119,6808,9288,8100,-127,244,2
meldung,12,120,6680,9640,7704,-87,200,-13
meldung,12,121,6944,9856,7668,-92,195,29
meldung,12,122,6936,10028,7400,-137,183,75
meldung,12,123,6880,9828,7260,-216,174,105
meldung,12,124,7108,9916,7052,-304,170,97
meldung,12,125,7644,10000,7052,-387,171,84
meldung,12,126,7908,10040,6960,-455,267,56
meldung,12,127,7632,9656,7168,-494,349,44
meldung,12,128,7204,9480,7476,-494,357,65
meldung,12,129,6764,8892,7544,-468,331,121
meldung,12,130,6988,8604,7900,-426,307,182
meldung,12,131,7060,8772,8236,-403,252,210
meldung,12,132,7296,8900,8120,-406,223,134
meldung,12,133,7708,8968,8148,-449,236,-3
meldung,12,134,7956,8768,8140,-448,289,-83
meldung,12,135,8028,8836,8348,-436,403,-102
meldung,12,136,7928,8876,8192,-413,475,-126
meldung,12,137,7504,8796,8312,-439,472,-214
meldung,12,138,7412,8716,8476,-457,439,-276
meldung,12,139,7212,8524,8536,-434,374,-278
meldung,12,140,7220,8404,8520,-373,353,-231
meldung,12,141,7424,8500,8956,-286,346,-156
meldung,12,142,7124,8920,9108,-205,355,-107
meldung,12,143,7172,9232,9252,-183,340,-130
meldung,12,144,7228,9584,9340,-221,331,-193
meldung,12,145,7132,9508,9476,-225,376,-200
meldung,12,146,6844,9592,9432,-238,391,-201
meldung,12,147,6660,9412,9580,-240,354,-223
meldung,12,148,6520,9196,9488,-216,326,-181
meldung,12,149,6164,9068,9324,-189,265,-125
meldung,12,150,6224,9016,9296,-162,163,-64
meldung,12,151,6488,9340,9748,-182,76,-6
meldung,12,152,6708,9188,9644,-203,13,29
meldung,12,153,6696,8972,9644,-188,-22,35
meldung,12,154,7164,9004,9620,-171,-62,27
meldung,12,155,7248,8880,9736,-122,-37,22
meldung,12,156,7320,8760,9636,-89,-22,2
meldung,12,157,7296,8944,9636,-55,-12,-25
meldung,12,158,7480,9004,9368,-74,-30,-81
meldung,12,159,7384,8872,9164,-119,-34,-110
meldung,12,160,7252,8856,8824,-117,-71,-121
meldung,12,161,7456,8684,8820,-112,-81,-85
meldung,12,162,7528,8660,8724,-126,-90,-62
meldung,12,163,7764,8788,8792,-145,-68,-64
meldung,12,164,8072,8784,9044,-149,-10,-95
meldung,12,165,8140,8424,8852,-135,41,-122
meldung,12,166,8100,8516,8816,-98,100,-191
meldung,12,167,8004,8588,8812,-81,188,-255
meldung,12,168,7852,8960,8956,-57,270,-286
meldung,12,169,7484,9204,8972,-50,315,-283
meldung,12,170,6872,9024,8848,-37,290,-251
meldung,12,171,6620,8852,8760,-47,249,-180
meldung,12,172,6476,8672,8876,-33,157,-92
meldung,12,173,6656,8732,9124,-31,84,-52
meldung,12,174,6792,8796,8868,-27,44,-47
meldung,12,175,6864,8840,8868,-36,-22,-90
meldung,12,176,7064,8976,8508,-65,-67,-110
meldung,12,177,7204,8876,8428,-81,-91,-131
meldung,12,178,7420,8924,8300,-126,-94,-153
meldung,12,179,7904,9040,8500,-174,-60,-201
meldung,12,180,7900,9040,8348,-198,20,-253
meldung,12,181,7808,8848,8136,-204,74,-306
meldung,12,182,7600,8500,8060,-179,120,-358
meldung,12,183,7480,8452,8144,-170,142,-380
meldung,12,184,7276,8332,7892,-165,148,-411
meldung,12,185,7160,8240,7844,-155,132,-446
meldung,12,186,7260,8044,7764,-154,90,-468
meldung,12,187,7196,7964,7736,-101,86,-456
meldung,12,188,7376,8032,7772,-10,133,-440
meldung,12,189,7400,8128,7688,95,199,-389
meldung,12,190,7348,8412,7672,162,230,-387
meldung,12,191,7300,8716,7688,134,231,-445
meldung,12,192,7224,8796,7756,34,199,-551
meldung,12,193,7444,8696,7588,-94,184,-661
meldung,12,194,7688,8208,7156,-226,170,-781
meldung,12,195,7752,7496,7040,-315,210,-865
meldung,12,196,7900,7092,6836,-308,153,-959
meldung,12,197,7932,6336,6588,-330,179,-1051
meldung,12,198,8560,6372,6608,-266,261,-1184
meldung,12,199,9476,7020,6416,-161,560,-1290
meldung,12,200,10088,6852,6096,18,1000,-1381
meldung,12,201,9552,6756,5720,249,1521,-1409
meldung,12,202,8744,6408,5676,483,1982,-1412
meldung,12,203,7944,5472,5140,689,2425,-1354
meldung,12,204,7348,4440,4744,974,2786,-1266
meldung,12,205,6364,3604,4256,1312,3023,-1205
meldung,12,206,5240,2992,3756,1654,3063,-1269
meldung,12,207,5884,3484,3028,1846,2993,-1448
meldung,12,208,6216,3104,2408,1980,3077,-1668
meldung,12,209,6128,3308,1668,1982,3175,-1955
meldung,12,210,6300,3612,1156,1859,3251,-2357
meldung,12,211,6260,3196,652,1532,3418,-2788
meldung,12,212,5636,2292,112,1347,3600,-3205
meldung,12,213,4676,1992,-256,1089,3732,-3732
meldung,12,214,2136,1916,-152,830,3678,-4320
meldung,12,215,-56,2432,596,376,3314,-5036
meldung,12,216,-596,3708,672,-52,2769,-5672
meldung,12,217,-292,4760,832,-676,2224,-6139
meldung,12,218,148,5028,772,-1283,1956,-6327
meldung,12,219,1324,4896,864,-1756,1923,-6250
meldung,12,220,1404,3804,968,-1987,2130,-6026
meldung,12,221,1608,3164,1096,-2002,2419,-5757
meldung,12,222,1356,2556,1516,-1941,2749,-5536
meldung,12,223,836,1836,2080,-1841,3116,-5439
meldung,12,224,-1132,2352,2972,-1799,3385,-5506
meldung,12,225,-3964,2652,4408,-1875,3226,-5911
meldung,12,226,-5796,2920,5128,-2063,2746,-6401
meldung,12,227,-6216,3260,5568,-2298,2137,-6709
meldung,12,228,-6812,2608,5048,-2375,1788,-6757
meldung,12,229,-5536,3464,4860,-2121,1300,-6385
meldung,12,230,-3632,3804,4208,-1917,1198,-5863
meldung,12,231,-2104,4060,4148,-1683,1404,-5314
meldung,12,232,-1640,4668,4432,-1523,1904,-4815
meldung,12,233,-2148,5292,5160,-1394,2433,-4470
meldung,12,234,-4088,6512,6272,-1316,2931,-4269
meldung,12,235,-6596,7536,7584,-1363,3179,-4232
meldung,12,236,-9360,8376,8896,-1495,3129,-4205
meldung,12,237,-10600,8684,9556,-1642,2744,-4044
meldung,12,238,-10712,8484,9576,-1781,2408,-3725
meldung,12,239,-10836,7760,9612,-1748,2203,-3248
meldung,12,240,-11020,7320,10200,-1500,2137,-2726
meldung,12,241,-11080,7600,10688,-1203,2248,-2311
meldung,12,242,-11936,8600,11524,-885,2569,-2011
meldung,12,243,-12604,9968,12884,-721,2830,-1791
meldung,12,244,-15236,11092,13676,-806,2968,-1685
meldung,12,245,-17772,11736,14848,-1167,2674,-1754
meldung,12,246,-19492,12060,15800,-1801,2140,-1994
meldung,12,247,-19236,11636,15636,-2518,1594,-2307
meldung,12,248,-18904,10980,15464,-3166,1245,-2626
meldung,12,249,-18680,9464,15712,-3761,1077,-2967
meldung,12,250,-17996,7308,15556,-4034,1045,-3301
meldung,12,251,-17972,5380,14536,-4090,1337,-3402
meldung,12,252,-18712,3600,14312,-3829,1626,-3275
meldung,12,253,-19700,1792,13916,-3446,1866,-2983
meldung,12,254,-18848,13912,9136,-3720,1906,-1848
meldung,12,255,-22052,1876,11404,-2169,1999,-1420
meldung,12,256,-22324,-1540,11716,-1830,1882,-1076
meldung,12,257,-21092,-6192,12156,22,1441,-1628
meldung,12,258,-17332,8764,14120,-2675,1775,-1108
meldung,12,259,-17256,13792,8000,-2331,1201,-876
meldung,12,260,-17700,-568,11788,-7,316,-1167
meldung,12,261,-17944,1736,12108,1121,515,-2326
meldung,12,262,-9204,-29396,28308,4304,664,-4724
meldung,12,263,-32768,656,5088,-1735,209,-1648
meldung,12,264,-17824,1284,11328,-5775,1067,-1541
meldung,12,265,-17300,296,8332,-3075,408,-2419
meldung,12,266,-16588,-3872,11088,-1786,-221,-2008
meldung,12,267,-18016,-1256,10048,-2303,-191,-1610
meldung,12,268,-16040,-2592,9828,-2226,-230,-1499
meldung,12,269,-15256,-2180,9784,-1702,-408,-1267
meldung,12,270,-14436,-2468,8676,-1425,-537,-1041
meldung,12,271,-13640,-1300,8520,-1454,-672,-779
meldung,12,272,-13624,-644,8300,-1800,-752,-683
meldung,12,273,-12448,-1148,8808,-1673,-1031,-650
meldung,12,274,-11872,-868,6928,-1516,-1344,-557
meldung,12,275,-9744,-1132,6300,-1322,-1355,-671
meldung,12,276,-9484,1540,5552,-2223,-771,-867
meldung,12,277,-7748,-6880,6036,-2592,-35,-1394
meldung,12,278,-7012,-32768,32767,-2636,5882,6764
meldung,12,279,-23204,14796,23028,5782,4125,5826
meldung,12,280,-20228,6040,19068,6185,216,1598
meldung,12,281,-19488,16800,12284,2204,1557,1666
meldung,12,282,-31016,7876,13208,-12,1183,384
meldung,12,283,-22224,4972,10144,-703,-1037,-1179
meldung,12,284,-14452,488,8020,-657,-1373,-1807
meldung,12,285,-12124,2144,6824,-1173,-968,-1437
meldung,12,286,-10184,-3628,8400,-433,-1175,-1434
meldung,12,287,-9724,-3300,8092,-882,-868,-785
meldung,12,288,-8260,-620,7432,-898,-807,-581
meldung,12,289,-7188,-1860,6900,-1027,-624,-392
meldung,12,290,-8508,-1644,6656,-866,-320,-106
meldung,12,291,-9696,-2348,6932,-656,-166,281
meldung,12,292,-11216,-1932,7084,-387,-23,344
meldung,12,293,-11604,-1544,7696,-171,-66,338
meldung,12,294,-11416,-692,7628,-89,34,312
meldung,12,295,-11960,96,7660,-156,43,217
meldung,12,296,-11984,-184,7556,-198,49,198
meldung,12,297,-12296,-780,7384,-179,123,200
meldung,12,298,-12108,-1048,7516,-41,115,135
meldung,12,299,-11768,-1316,7580,139,184,131
meldung,13,0,2280,12860,6540,-43,-209,101
meldung,13,1,2420,12824,6644,112,-124,95
meldung,13,2,1648,13032,6468,95,20,110
meldung,13,3,1772,13500,6428,65,25,83
meldung,13,4,1624,13216,6332,42,30,26
meldung,13,5,2012,13216,6472,5,55,1
meldung,13,6,2100,13432,6376,-5,113,-15
meldung,13,7,1624,13316,6616,-21,133,-48
meldung,13,8,1592,13484,6648,-60,141,-78
meldung,13,9,2144,13652,6632,-68,153,-103
meldung,13,10,1724,13460,6696,-119,224,-83
meldung,13,11,1448,13460,6728,-145,237,-69
meldung,13,12,1376,13256,6840,-161,239,-83
meldung,13,13,1384,13164,6844,-177,249,-99
meldung,13,14,1548,13072,6836,-175,245,-117
meldung,13,15,1492,13004,6768,-165,262,-110
meldung,13,16,1544,12852,6828,-155,283,-117
meldung,13,17,1372,12844,6832,-112,292,-133
meldung,13,18,1284,12984,6596,-75,280,-134
meldung,13,19,1300,12984,6456,-72,294,-135
meldung,13,20,1404,13340,6396,-81,275,-145
meldung,13,21,1320,13296,6692,-96,261,-173
meldung,13,22,1288,13308,6628,-120,263,-198
meldung,13,23,1140,13312,6700,-149,257,-207
meldung,13,24,1136,13440,6604,-176,254,-221
meldung,13,25,1108,13216,6720,-202,243,-229
meldung,13,26,960,13092,6476,-209,233,-243
meldung,13,27,1180,12996,6352,-198,196,-235
meldung,13,28,1128,13112,6412,-193,180,-240
meldung,13,29,1148,13120,6308,-179,148,-222
meldung,13,30,700,12884,6484,-195,157,-169
meldung,13,31,1072,13168,6512,-225,100,-146
meldung,13,32,1072,12964,6444,-234,68,-134
meldung,13,33,1160,12864,6584,-244,49,-96
meldung,13,34,1284,12772,6404,-240,57,-60
meldung,13,35,1112,12900,6528,-235,47,-34
meldung,13,36,1104,12948,6532,-248,25,-25
meldung,13,37,1244,13000,6596,-268,28,-15
meldung,13,38,1072,12812,6804,-261,14,-17
meldung,13,39,1096,12952,6840,-270,-1,-26
meldung,13,40,1308,12844,7016,-269,7,-37
meldung,13,41,1324,12908,6936,-248,17,-21
meldung,13,42,1144,12944,6720,-219,20,-3
meldung,13,43,1104,13052,6616,-218,33,-15
meldung,13,44,1000,13056,6696,-207,20,-26
meldung,13,45,1088,12896,6484,-193,26,-32
meldung,13,46,968,13064,6664,-169,35,-13
meldung,13,47,1132,12976,6652,-148,41,-7
meldung,13,48,1252,13036,6896,-132,46,-10
meldung,13,49,1164,12956,6940,-116,24,-16
meldung,13,50,1088,12920,6928,-116,9,-31
meldung,13,51,1236,12960,7072,-112,-4,-38
meldung,13,52,1392,12896,7040,-107,-4,-32
meldung,13,53,1256,12876,7068,-93,5,-31
meldung,13,54,1164,13048,6952,-106,-4,-25
meldung,13,55,1236,13040,6976,-114,20,-7
meldung,13,56,1236,12988,6624,-131,11,-21
meldung,13,57,1300,13008,6820,-145,36,-28
meldung,13,58,1048,13124,7120,-163,38,-16
meldung,13,59,1104,13016,6980,-178,22,-19
meldung,13,60,1228,12980,6768,-172,18,-27
meldung,13,61,1228,12876,6720,-169,24,-28
meldung,13,62,1168,12828,6820,-150,31,-19
meldung,13,63,1280,12856,6792,-137,25,-25
meldung,13,64,1068,12832,6712,-116,7,-19
meldung,13,65,1084,12888,6752,-104,-8,-13
meldung,13,66,1416,12988,6744,-92,-9,-12
meldung,13,67,1356,13056,6720,-75,8,8
meldung,13,68,1196,13104,6868,-72,4,7
meldung,13,69,1340,12924,6728,-69,-20,5
meldung,13,70,1408,12848,6652,-71,-19,12
meldung,13,71,1420,13032,6724,-75,-22,16
meldung,13,72,1296,13000,6512,-79,-37,8
meldung,13,73,1324,13020,6712,-93,-51,-1
meldung,13,74,1364,13048,6856,-108,-59,5
meldung,13,75,1300,13196,6800,-126,-66,-13
meldung,13,76,1316,13088,6752,-137,-83,-24
meldung,13,77,1404,13104,6680,-144,-85,-25
meldung,13,78,1444,12968,6596,-138,-80,-44
meldung,13,79,1292,12836,6616,-121,-75,-45
meldung,13,80,1316,12880,6576,-105,-59,-37
meldung,13,81,1388,12912,6568,-85,-35,-57
meldung,13,82,1204,13044,6808,-79,-1,-75
meldung,13,83,1240,13036,6640,-75,15,-87
meldung,13,84,1360,12920,6704,-47,74,-114
meldung,13,85,1604,12824,6708,13,197,-158
meldung,13,86,1624,12752,6120,172,461,-218
meldung,13,87,1276,12848,5920,423,889,-322
meldung,13,88,776,13556,5548,767,1452,-509
meldung,13,89,-548,14640,5804,1156,2154,-866
meldung,13,90,-1244,17100,5332,1587,3139,-1260
meldung,13,91,-2200,20392,6016,1933,4002,-1809
meldung,13,92,-3108,21004,5988,2161,5316,-2193
meldung,13,93,-3684,22760,6232,2427,6839,-2132
meldung,13,94,-8132,23508,6032,3007,8229,-1937
meldung,13,95,-11684,26320,4864,3084,8627,-1413
meldung,13,96,-17316,30816,5048,2120,8707,-949
meldung,13,97,-22580,32767,3184,71,8408,215
meldung,13,98,-23636,24592,5284,793,6309,1479
meldung,13,99,-32028,32767,6760,1247,4354,1829
meldung,13,100,-18136,32767,-9168,733,1086,2666
meldung,13,101,-17948,32767,8104,289,967,2958
meldung,13,102,-9796,32767,8880,-129,1915,2920
meldung,13,103,-4748,32767,11288,222,2803,3068
meldung,13,104,-4828,32767,12392,936,3451,2971
meldung,13,105,-4224,32767,14072,1454,3863,2911
meldung,13,106,-4160,29332,15240,1949,4091,3238
meldung,13,107,-3076,26152,15056,2522,4068,3725
meldung,13,108,-1568,23648,14128,3163,4202,4285
meldung,13,109,672,21628,13136,3744,4449,4874
meldung,13,110,1188,19988,12116,4177,4729,5192
meldung,13,111,1312,18664,11008,4262,4943,5262
meldung,13,112,-196,17852,9772,3876,4900,5371
meldung,13,113,-872,17012,8980,2975,4468,5473
meldung,13,114,-2672,14824,8604,1548,3895,5437
meldung,13,115,-4472,10416,7268,88,3088,5290
meldung,13,116,-6140,5728,5988,-1092,1854,5157
meldung,13,117,-7364,1760,5292,-2085,505,5175
meldung,13,118,-6912,-2044,3188,-2987,-940,5270
meldung,13,119,-2692,-3952,1300,-3763,-2094,5484
meldung,13,120,1832,-5320,-332,-4270,-2477,5928
meldung,13,121,4336,-6968,-1028,-4662,-2246,6278
meldung,13,122,5268,-8108,-496,-4746,-1892,6192
meldung,13,123,4456,-10040,892,-4518,-1513,5641
meldung,13,124,3688,-12588,1424,-4061,-1337,4784
meldung,13,125,5532,-15052,704,-3209,-1317,3919
meldung,13,126,8324,-15920,60,-2050,-847,3447
meldung,13,127,11488,-13772,308,-883,-1,3294
meldung,13,128,12408,-10900,216,214,1021,3196
meldung,13,129,11348,-7112,312,852,1799,2856
meldung,13,130,9712,-3560,420,1147,2178,2148
meldung,13,131,8364,-1324,424,1125,2194,1406
meldung,13,132,7036,-440,-444,1095,2085,874
meldung,13,133,5880,812,-700,1098,1808,610
meldung,13,134,6100,3408,-1336,986,1463,474
meldung,13,135,6676,6136,-1480,708,1169,380
meldung,13,136,7744,8040,-1604,326,1028,223
meldung,13,137,8252,9044,-1628,20,1043,-11
meldung,13,138,8160,9512,-1240,-83,1086,-297
meldung,13,139,7592,9804,-788,-51,1128,-541
meldung,13,140,7396,10540,-332,-37,1225,-699
meldung,13,141,7408,10992,168,-65,1292,-769
meldung,13,142,7212,11248,936,-105,1425,-714
meldung,13,143,6704,11752,1940,-165,1485,-632
meldung,13,144,5624,12468,2936,-269,1416,-609
meldung,13,145,5424,13476,3544,-416,1229,-644
meldung,13,146,5324,14432,4100,-581,1054,-600
meldung,13,147,5128,14724,4476,-792,878,-598
meldung,13,148,5172,14232,5000,-893,748,-506
meldung,13,149,4816,13844,5332,-897,597,-476
meldung,13,150,5240,13488,5588,-811,504,-517
meldung,13,151,5568,13152,5064,-633,474,-537
meldung,13,152,5524,13068,5252,-428,476,-492
meldung,13,153,6244,13060,4956,-237,527,-404
meldung,13,154,6436,13548,5116,-64,650,-302
meldung,13,155,5992,14056,5448,54,716,-268
meldung,13,156,5832,14660,5812,88,672,-301
meldung,13,157,5484,15204,5664,47,599,-288
meldung,13,158,5464,15552,5636,-95,491,-255
meldung,13,159,4796,15812,5824,-258,331,-261
meldung,13,160,4724,15484,5660,-474,141,-290
meldung,13,161,5052,15020,5736,-605,18,-274
meldung,13,162,5192,14112,5804,-636,-19,-127
meldung,13,163,5264,13740,5992,-549,-60,-125
meldung,13,164,5416,13292,5952,-403,-95,-141
meldung,13,165,5616,12888,5668,-270,-68,-131
meldung,13,166,5928,12868,5712,-156,-6,-142
meldung,13,167,6000,12888,5328,2,66,-165
meldung,13,168,6076,13184,5316,91,158,-183
meldung,13,169,5724,13380,5204,148,226,-197
meldung,13,170,5204,13856,5104,114,208,-218
meldung,13,171,4028,17200,1112,-124,159,-288
meldung,13,172,3936,14660,4976,-39,92,-291
meldung,13,173,4432,13932,5120,-201,-25,-261
meldung,13,174,4624,13748,5092,-300,-114,-202
meldung,13,175,4960,13180,4716,-288,-126,-175
meldung,13,176,5356,12908,4772,-199,-108,-170
meldung,13,177,5392,12964,4828,-181,-51,-189
meldung,13,178,5164,12568,4868,-146,10,-244
meldung,13,179,5380,12320,4612,-91,57,-204
meldung,13,180,5072,12440,4896,-32,123,-153
meldung,13,181,5136,12808,5016,4,162,-166
meldung,13,182,5408,12984,4832,27,222,-202
meldung,13,183,5492,13316,4700,67,323,-219
meldung,13,184,5168,13592,4808,91,394,-247
meldung,13,185,4904,13924,4812,63,409,-279
meldung,13,186,4324,14384,4840,-36,343,-329
meldung,13,187,4080,14440,4752,-210,225,-361
meldung,13,188,4200,14216,4724,-371,147,-310
meldung,13,189,4280,13676,4872,-448,74,-196
meldung,13,190,4424,13344,4844,-465,22,-70
meldung,13,191,4536,13096,5112,-465,-25,14
meldung,13,192,4876,12848,4988,-430,-39,27
meldung,13,193,5432,13028,5080,-408,-17,38
meldung,13,194,5444,12704,4812,-334,29,2
meldung,13,195,5824,12652,5064,-259,102,-11
meldung,13,196,5456,12796,5232,-185,186,-9
meldung,13,197,4872,13212,4872,-180,210,-25
meldung,13,198,4872,13488,5352,-130,180,-56
meldung,13,199,5156,13616,5392,-162,155,-84
meldung,13,200,5400,13764,5176,-188,198,-43
meldung,13,201,4876,13656,5168,-208,183,-20
meldung,13,202,5076,13580,5356,-245,134,-2
meldung,13,203,5372,13456,5380,-280,141,32
meldung,13,204,5236,13232,5512,-246,121,66
meldung,13,205,4928,13020,5496,-195,68,77
meldung,13,206,5248,12916,5616,-142,24,97
meldung,13,207,5340,13164,5504,-113,6,110
meldung,13,208,5116,13092,5448,-97,-34,75
meldung,13,209,5228,12812,5308,-100,-87,46
meldung,13,210,5292,13288,5196,-134,-159,31
meldung,13,211,5476,13072,4960,-206,-225,10
meldung,13,212,5648,13216,4740,-260,-267,-13
meldung,13,213,5912,12912,4760,-297,-275,-31
meldung,13,214,6076,12852,4816,-302,-226,-59
meldung,13,215,6132,12612,4488,-270,-173,-84
meldung,13,216,6116,12540,4548,-216,-106,-130
meldung,13,217,6172,12640,4508,-134,-26,-147
meldung,13,218,6076,12848,4448,-63,49,-166
meldung,13,219,5688,13012,4576,-65,82,-198
meldung,13,220,5576,13048,4604,-74,65,-216
meldung,13,221,5244,12984,4488,-67,58,-196
meldung,13,222,4820,13072,4664,-82,7,-142
meldung,13,223,4528,13204,4832,-120,-92,-149
meldung,13,224,4620,13028,4952,-194,-184,-177
meldung,13,225,4448,12576,5036,-243,-262,-190
meldung,13,226,4040,11848,4928,-252,-332,-175
meldung,13,227,3392,11092,5348,-185,-485,-166
meldung,13,228,2872,10028,5160,-93,-704,-171
meldung,13,229,3020,10052,5120,-92,-980,-183
meldung,13,230,2548,9508,5336,-226,-1260,-269
meldung,13,231,2396,8332,5140,-426,-1617,-409
meldung,13,232,2432,7020,5040,-608,-2022,-530
meldung,13,233,2524,5724,5004,-824,-2432,-669
meldung,13,234,2436,4708,4692,-1034,-2806,-881
meldung,13,235,2864,3764,4464,-1208,-3182,-1114
meldung,13,236,3728,3892,4052,-1307,-3423,-1423
meldung,13,237,4728,3320,3524,-1559,-3572,-1723
meldung,13,238,5292,2448,2716,-1677,-3527,-2038
meldung,13,239,5732,2300,1756,-1707,-3400,-2284
meldung,13,240,6740,2532,836,-1682,-3318,-2494
meldung,13,241,7724,2776,-48,-1663,-3071,-2716
meldung,13,242,8520,3484,-340,-1772,-2641,-2952
meldung,13,243,8000,2932,132,-1877,-2107,-3296
meldung,13,244,7636,3480,152,-1827,-1643,-3661
meldung,13,245,6640,2900,1016,-1812,-1196,-4072
meldung,13,246,6300,2128,1628,-1689,-747,-4437
meldung,13,247,5924,1720,1932,-1306,-289,-4638
meldung,13,248,5564,1628,2624,-809,165,-4653
meldung,13,249,5216,1972,3072,-281,547,-4590
meldung,13,250,5220,3040,3408,221,902,-4436
meldung,13,251,4348,4068,3828,674,1187,-4266
meldung,13,252,3532,5784,4424,942,1297,-4180
meldung,13,253,3020,6592,4524,1058,1366,-4184
meldung,13,254,3264,7868,4524,1236,1423,-4138
meldung,13,255,4056,9872,5012,1376,1447,-4011
meldung,13,256,3880,11132,5176,1426,1568,-3949
meldung,13,257,3488,12408,5220,1517,1559,-3904
meldung,13,258,2800,13440,5004,1414,1558,-3907
meldung,13,259,2812,14632,4872,1328,1406,-3897
meldung,13,260,1920,15896,4796,1136,1256,-3849
meldung,13,261,976,16876,5296,924,1000,-3851
meldung,13,262,-444,18664,5884,612,709,-4003
meldung,13,263,-1632,20048,6052,216,458,-4316
meldung,13,264,-3348,21028,6488,-78,204,-4622
meldung,13,265,-4028,22016,6488,-297,-141,-4740
meldung,13,266,-5244,22748,6428,-499,-395,-4554
meldung,13,267,-6748,23412,6380,-643,-729,-3999
meldung,13,268,-8532,24632,6136,-957,-1436,-3303
meldung,13,269,-9468,25016,6564,-1542,-2446,-2652
meldung,13,270,-9592,24676,6256,-2247,-3431,-2193
meldung,13,271,-8588,24184,6460,-2805,-4292,-1958
meldung,13,272,-7364,23736,7172,-3246,-4864,-1942
meldung,13,273,-5248,23288,7900,-3652,-5084,-2059
meldung,13,274,-3564,22172,8832,-3954,-5013,-2156
meldung,13,275,-2228,19844,9900,-4049,-4588,-2157
meldung,13,276,-1224,17796,11200,-3873,-3802,-2107
meldung,13,277,-2548,15588,12588,-3367,-2840,-2151
meldung,13,278,-4476,13512,13652,-2629,-2158,-2231
meldung,13,279,-6236,12460,13936,-1894,-1894,-2321
meldung,13,280,-6628,11800,13840,-1219,-1817,-2306
meldung,13,281,-6400,11712,13704,-552,-1571,-2187
meldung,13,282,-6164,12036,12700,88,-1107,-2014
meldung,13,283,-6136,12148,11652,835,-539,-1766
meldung,13,284,-24580,14564,5540,2400,-1195,-660
meldung,13,285,-18380,21748,15196,1642,-1966,665
meldung,13,286,-17216,24536,9320,570,-2087,1388
meldung,13,287,-18888,23456,10000,30,-2231,1217
meldung,13,288,-14872,20592,9760,-243,-3182,1102
meldung,13,289,-8140,18536,8996,-498,-3778,1022
meldung,13,290,-2048,18904,8928,-1089,-4014,1233
meldung,13,291,-4104,6024,7172,-1572,-3282,818
meldung,13,292,1948,7420,8492,-918,-2245,1202
meldung,13,293,4076,8844,9292,292,-523,-189
meldung,13,294,1868,6696,9284,1359,791,45
meldung,13,295,-1856,8108,9916,2365,1383,758
meldung,13,296,-3952,9756,9528,3017,1319,1010
meldung,13,297,-5556,11380,8812,3129,579,1162
meldung,13,298,-4252,10912,9028,2707,-222,995
meldung,13,299,-644,11472,8136,2574,-882,557
meldung,14,0,2632,12092,7952,-125,30,-73
meldung,14,1,2624,12076,7792,-116,44,-65
meldung,14,2,2600,11984,7756,-118,51,-49
meldung,14,3,2624,11944,7828,-120,40,-53
meldung,14,4,2640,11920,7876,-128,24,-61
meldung,14,5,2756,11908,7688,-125,31,-52
meldung,14,6,2772,11936,7772,-119,30,-42
meldung,14,7,2700,12068,7728,-121,32,-51
meldung,14,8,2484,11732,8084,-151,130,-127
meldung,14,9,2640,12192,7868,-132,46,-50
meldung,14,10,2300,12184,7940,-154,-6,-69
meldung,14,11,2736,12088,7912,-143,0,-83
meldung,14,12,2676,12052,7884,-122,37,-45
meldung,14,13,2604,12108,7748,-115,38,-54
meldung,14,14,2712,12092,7888,-115,48,-65
meldung,14,15,2600,11960,7652,-121,46,-55
meldung,14,16,2452,12004,7840,-109,37,-72
meldung,14,17,2544,12084,7632,-106,25,-63
meldung,14,18,2576,11988,7892,-109,22,-71
meldung,14,19,2636,12028,7640,-113,29,-82
meldung,14,20,2556,12096,7668,-107,43,-69
meldung,14,21,2420,12076,7836,-98,50,-87
meldung,14,22,2548,12536,7748,-119,43,-122
meldung,14,23,2508,12132,7832,-98,45,-71
meldung,14,24,2280,12092,8016,-101,40,-133
meldung,14,25,2768,12172,7820,-98,43,-143
meldung,14,26,2712,12060,7780,-75,96,-134
meldung,14,27,2608,12012,7724,-66,123,-142
meldung,14,28,2540,12280,7860,-72,126,-159
meldung,14,29,2456,12056,7852,-63,133,-138
meldung,14,30,2496,12048,7892,-59,127,-144
meldung,14,31,2732,11940,7704,-57,158,-147
meldung,14,32,2808,12056,7732,-47,178,-121
meldung,14,33,2524,12096,7840,-42,182,-112
meldung,14,34,2500,11984,7868,-50,158,-110
meldung,14,35,2516,12076,7876,-69,144,-108
meldung,14,36,2532,11980,7992,-85,108,-94
meldung,14,37,2612,12024,7928,-94,77,-79
meldung,14,38,2596,11996,7948,-109,41,-71
meldung,14,39,2724,11904,7908,-126,21,-68
meldung,14,40,2676,12032,7904,-125,31,-49
meldung,14,41,2504,12044,7676,-129,19,-44
meldung,14,42,2440,12072,7740,-154,0,-46
meldung,14,43,2404,12072,7608,-147,-26,-44
meldung,14,44,2420,11920,7392,-169,18,-96
meldung,14,45,2588,12204,7724,-151,9,-80
meldung,14,46,2340,12288,7612,-135,35,-67
meldung,14,47,2320,12228,7796,-124,57,-125
meldung,14,48,2412,12156,7548,-65,166,-134
meldung,14,49,2308,12224,7312,29,308,-170
meldung,14,50,2064,12356,7344,169,487,-240
meldung,14,51,1820,12720,7024,339,735,-349
meldung,14,52,1140,13860,6832,539,1081,-524
meldung,14,53,-32,14944,7256,760,1493,-814
meldung,14,54,-2048,17180,7072,962,1857,-1330
meldung,14,55,-3392,18892,7600,1125,2262,-2111
meldung,14,56,-3236,20316,7640,1322,2916,-2715
meldung,14,57,-3500,21452,8088,1445,3844,-3007
meldung,14,58,-3736,22508,8924,1533,5022,-3020
meldung,14,59,-5544,23744,9196,1570,6629,-2777
meldung,14,60,-7972,25620,9452,1672,7950,-2534
meldung,14,61,-6548,31140,5652,1475,8566,-2065
meldung,14,62,-14520,32767,3904,264,10037,-871
meldung,14,63,-29872,32767,6212,48,9471,448
meldung,14,64,-32768,32767,13744,295,6756,1764
meldung,14,65,-27364,31872,21168,990,2046,2718
meldung,14,66,-22732,32767,17140,104,1172,3323
meldung,14,67,-13812,32767,16200,157,175,4326
meldung,14,68,-7152,32767,17340,288,120,4713
meldung,14,69,-1516,32767,18900,105,-36,4809
meldung,14,70,3112,32767,17816,-298,149,4641
meldung,14,71,4956,31056,17840,-255,549,4197
meldung,14,72,5912,26436,18588,-51,905,3869
meldung,14,73,5108,20884,18084,321,1140,4015
meldung,14,74,3736,16308,18308,943,1337,4561
meldung,14,75,2152,12008,17932,2023,1294,5250
meldung,14,76,-240,9728,16200,3184,928,5812
meldung,14,77,-1996,8432,14512,3974,282,6037
meldung,14,78,540,9520,13496,3982,-494,6052
meldung,14,79,2488,9904,10976,3382,-819,6043
meldung,14,80,1932,7320,9124,2506,-931,6174
meldung,14,81,388,2060,7212,1931,-1046,6302
meldung,14,82,-1676,-2476,6020,1629,-1425,6487
meldung,14,83,-392,-5592,3088,1516,-1937,6755
meldung,14,84,3056,-5304,728,1247,-1998,7004
meldung,14,85,6716,-2680,-1640,284,-1589,6928
meldung,14,86,7392,-2936,-3816,-786,-938,6326
meldung,14,87,5532,-6188,-4464,-1534,-228,5613
meldung,14,88,4160,-10648,-4764,-1581,348,4937
meldung,14,89,3620,-15204,-5224,-874,728,4518
meldung,14,90,5508,-14564,-4908,72,1134,4354
meldung,14,91,8928,-10720,-4456,671,1884,4224
meldung,14,92,10932,-6792,-4100,795,2831,3804
meldung,14,93,10812,-2296,-3364,462,3510,3073
meldung,14,94,9928,56,-2796,-136,4056,2210
meldung,14,95,7536,172,-1296,-708,4375,1533
meldung,14,96,5484,-1012,-536,-963,4425,1303
meldung,14,97,3788,-332,1224,-961,4168,1281
meldung,14,98,2056,88,3412,-879,3657,1208
meldung,14,99,480,-136,4472,-821,2774,1021
meldung,14,100,1704,820,4960,-809,1812,750
meldung,14,101,4656,3128,4176,-754,1203,579
meldung,14,102,6564,5164,4296,-576,990,490
meldung,14,103,6860,7180,4132,-565,874,252
meldung,14,104,7040,8884,3748,-616,775,-2
meldung,14,105,6748,10320,3776,-659,804,-123
meldung,14,106,6120,11256,3876,-682,729,-187
meldung,14,107,5704,12164,3628,-725,731,-200
meldung,14,108,5008,12484,3852,-616,682,-78
meldung,14,109,3748,12548,4196,-532,607,126
meldung,14,110,2852,12880,4828,-479,315,347
meldung,14,111,2956,13076,5428,-583,-35,583
meldung,14,112,3688,12952,5776,-769,-469,820
meldung,14,113,4596,12600,6068,-1008,-799,989
meldung,14,114,6172,12496,6268,-1230,-1048,1054
meldung,14,115,7856,12080,6340,-1357,-1085,1048
meldung,14,116,8760,11092,6116,-1336,-966,958
meldung,14,117,8940,10188,6412,-1209,-730,934
meldung,14,118,9016,9684,6800,-997,-546,897
meldung,14,119,8876,9616,6896,-858,-415,782
meldung,14,120,8624,10052,7168,-709,-340,503
meldung,14,121,8676,10580,7332,-649,-323,254
meldung,14,122,8996,10472,7644,-642,-256,183
meldung,14,123,8540,10128,7896,-633,-227,231
meldung,14,124,8308,9676,8016,-600,-265,264
meldung,14,125,8728,9620,8012,-514,-274,244
meldung,14,126,9340,9456,7952,-345,-227,226
meldung,14,127,9556,9904,7624,-208,-113,174
meldung,14,128,9292,10316,7348,-82,-9,104
meldung,14,129,8960,10596,7256,-46,48,46
meldung,14,130,8476,10736,7016,-74,42,10
meldung,14,131,8016,10420,6864,-116,-52,26
meldung,14,132,8184,10384,6716,-130,-120,92
meldung,14,133,8168,10412,6872,-183,-165,118
meldung,14,134,9024,10348,6536,-208,-180,56
meldung,14,135,8924,10224,6292,-217,-109,12
meldung,14,136,8908,10240,6036,-215,-46,-48
meldung,14,137,9240,10248,5888,-238,-37,-78
meldung,14,138,9316,10336,5996,-234,78,-58
meldung,14,139,9104,10012,5952,-170,207,-71
meldung,14,140,8736,9836,6440,-75,307,-64
meldung,14,141,8020,9992,6492,-37,279,-123
meldung,14,142,8008,10100,6548,-43,210,-181
meldung,14,143,8504,10136,6304,-69,224,-152
meldung,14,144,8676,10088,6392,-57,255,-104
meldung,14,145,8532,10380,6592,-19,301,-80
meldung,14,146,8732,10376,6572,-28,311,-112
meldung,14,147,8632,10364,6656,-18,363,-134
meldung,14,148,8200,10496,6764,28,405,-165
meldung,14,149,7808,10440,6940,73,392,-145
meldung,14,150,7568,10684,6696,87,338,-113
meldung,14,151,7492,11220,6912,31,222,-85
meldung,14,152,7712,11456,6912,-109,90,-120
meldung,14,153,8260,11464,6672,-253,38,-132
meldung,14,154,8212,11064,6472,-358,45,-144
meldung,14,155,8152,10400,6508,-418,42,-124
meldung,14,156,8520,9976,6552,-416,40,-128
meldung,14,157,8620,9612,6640,-329,98,-169
meldung,14,158,8680,9292,6592,-171,189,-194
meldung,14,159,8400,9428,6908,13,259,-168
meldung,14,160,8100,10020,6988,147,287,-136
meldung,14,161,8428,10784,6848,190,303,-160
meldung,14,162,8396,11088,6896,179,337,-180
meldung,14,163,8128,11332,6668,161,390,-183
meldung,14,164,7308,11424,6936,98,348,-155
meldung,14,165,7020,11528,6936,-22,201,-122
meldung,14,166,7344,11660,6816,-170,42,-66
meldung,14,167,7580,11412,6760,-316,-60,-35
meldung,14,168,8028,10940,6872,-409,-123,-29
meldung,14,169,8452,10360,6684,-411,-119,-8
meldung,14,170,8644,9584,6744,-326,-92,-6
meldung,14,171,8768,9448,6724,-198,-34,-33
meldung,14,172,8876,9472,6696,-66,11,-77
meldung,14,173,9200,9312,6276,25,55,-101
meldung,14,174,9212,9028,6168,103,174,-119
meldung,14,175,9020,8844,6024,195,208,-140
meldung,14,176,8784,8804,5936,238,201,-205
meldung,14,177,9104,8812,5656,224,166,-268
meldung,14,178,9268,8396,5560,183,171,-330
meldung,14,179,9612,8000,5076,139,174,-440
meldung,14,180,9876,7372,4764,58,182,-590
meldung,14,181,10152,7008,4472,-93,135,-804
meldung,14,182,11048,6272,3800,-282,116,-1082
meldung,14,183,11992,4992,3120,-465,200,-1423
meldung,14,184,12768,4336,2876,-601,429,-1768
meldung,14,185,13308,3328,2016,-639,739,-2205
meldung,14,186,13008,2920,1608,-497,1195,-2666
meldung,14,187,12740,3388,1236,-253,1723,-3133
meldung,14,188,12036,3868,1028,27,2331,-3541
meldung,14,189,10148,4384,844,286,2855,-3861
meldung,14,190,8276,5468,724,369,3156,-4219
meldung,14,191,6816,6260,880,243,3331,-4571
meldung,14,192,6604,6488,520,-29,3458,-4830
meldung,14,193,4852,5852,448,-174,3600,-4972
meldung,14,194,2816,5984,876,-379,3467,-4985
meldung,14,195,1808,6576,1628,-811,3064,-4962
meldung,14,196,1496,5940,2032,-1294,2678,-4986
meldung,14,197,2156,5316,2344,-1785,2380,-5107
meldung,14,198,4104,4264,1956,-2137,2400,-5286
meldung,14,199,5520,3188,1932,-2155,2809,-5395
meldung,14,200,5060,2188,2204,-1983,3449,-5617
meldung,14,201,2852,1300,2428,-1651,3921,-5946
meldung,14,202,1512,904,3664,-1283,4201,-6384
meldung,14,203,-1364,2672,3740,-934,4487,-6741
meldung,14,204,-3520,4188,4680,-788,4298,-7148
meldung,14,205,-4980,4992,5272,-937,3963,-7478
meldung,14,206,-6032,5428,5672,-1181,3691,-7644
meldung,14,207,-6684,5528,6184,-1267,3393,-7445
meldung,14,208,-7240,5704,6796,-1274,3096,-7045
meldung,14,209,-8472,6080,7760,-1293,2812,-6657
meldung,14,210,-8960,6332,8608,-1288,2381,-6303
meldung,14,211,-8684,5936,9164,-1323,2065,-6063
meldung,14,212,-7520,6144,9036,-1306,2014,-5918
meldung,14,213,-7592,5564,9400,-1142,2093,-5898
meldung,14,214,-7460,5256,9344,-927,2212,-6006
meldung,14,215,-8492,4952,9500,-729,2336,-6245
meldung,14,216,-8784,4912,9272,-532,2314,-6490
meldung,14,217,-8856,3904,8512,-227,2218,-6620
meldung,14,218,-9268,3192,8068,226,2221,-6442
meldung,14,219,-9908,3404,7680,761,2298,-6011
meldung,14,220,-11524,4532,7560,1152,2325,-5491
meldung,14,221,-12920,6064,7468,1343,2114,-5076
meldung,14,222,-13956,7624,7256,1301,1842,-4786
meldung,14,223,-14216,8340,8336,1033,1474,-4558
meldung,14,224,-10696,5576,8240,771,843,-4044
meldung,14,225,-13644,10180,6932,506,993,-4050
meldung,14,226,-13056,9368,7204,276,833,-4050
meldung,14,227,-13644,9312,7484,-76,690,-4036
meldung,14,228,-13964,8792,7312,-341,483,-4011
meldung,14,229,-14852,7568,7652,-550,269,-3990
meldung,14,230,-14704,6724,7616,-589,-43,-3886
meldung,14,231,-14892,6408,8288,-643,-237,-3922
meldung,14,232,-14336,6004,8444,-623,-390,-4016
meldung,14,233,-13732,5732,8768,-678,-327,-4119
meldung,14,234,-12676,5200,8388,-478,-116,-4081
meldung,14,235,-15112,-568,11508,-395,260,-4232
meldung,14,236,-12384,5208,7888,-584,836,-3422
meldung,14,237,-13320,4944,8228,-162,1325,-2986
meldung,14,238,-15292,5468,8732,-71,1639,-2829
meldung,14,239,-17188,5456,8844,-213,1626,-3104
meldung,14,240,-18040,5208,9052,-418,1418,-3287
meldung,14,241,-18740,4760,9104,-661,1159,-3393
meldung,14,242,-20084,4404,9232,-713,843,-3349
meldung,14,243,-20956,3204,9664,-769,552,-3225
meldung,14,244,-21440,2476,9996,-476,187,-2916
meldung,14,245,-20828,3000,10148,-271,-114,-2603
meldung,14,246,-19796,3420,10268,-162,-316,-2309
meldung,14,247,-19068,4192,10272,-181,-441,-2106
meldung,14,248,-18264,4296,10360,-397,-571,-2050
meldung,14,249,-17848,4476,10472,-740,-675,-2124
meldung,14,250,-17116,1688,9892,-1113,-805,-2062
meldung,14,251,-14576,6736,8588,-1411,-665,-1543
meldung,14,252,-18872,1904,10764,-1184,-927,-2452
meldung,14,253,-21156,-3412,9932,-1626,-1050,-2275
meldung,14,254,-16136,-3740,9604,-878,-1002,-1964
meldung,14,255,-15484,1144,9664,-1079,-741,-2578
meldung,14,256,-15508,-1752,9372,-1315,-764,-2928
meldung,14,257,-14344,-1392,7896,-1062,-641,-3037
meldung,14,258,-13676,-1932,8232,-860,-530,-2873
meldung,14,259,-12488,-1916,8136,-885,-182,-2387
meldung,14,260,-13064,-1700,7712,-1022,152,-1701
meldung,14,261,-13476,-1844,8408,-1074,531,-1476
meldung,14,262,-12976,-3816,8452,-874,601,-1341
meldung,14,263,-13044,-3300,7856,-704,817,-1316
meldung,14,264,-13180,-2212,7468,-746,1042,-1217
meldung,14,265,-13740,-2648,7244,-819,1319,-1187
meldung,14,266,-14792,-3072,7188,-767,1389,-999
meldung,14,267,-15804,-3332,6944,-636,1447,-763
meldung,14,268,-16412,-3924,7372,-590,1211,-455
meldung,14,269,-17032,-4444,7964,-519,891,-452
meldung,14,270,-17148,-3592,8060,-380,468,-518
meldung,14,271,-16848,-3880,8380,-397,-67,-590
meldung,14,272,-16016,-3588,7796,-379,-514,-781
meldung,14,273,-14804,-3436,7568,-470,-776,-937
meldung,14,274,-13456,-3124,7264,-480,-821,-989
meldung,14,275,-11972,-3708,6680,-476,-533,-1034
meldung,14,276,-10820,-3248,6012,-395,-212,-843
meldung,14,277,-10256,-3672,5568,-75,185,-708
meldung,14,278,-10252,-3296,5264,-32,591,-318
meldung,14,279,-10936,-3044,5432,80,861,-31
meldung,14,280,-11816,-2088,5616,16,1029,74
meldung,14,281,-11676,-2492,5668,137,955,4
meldung,14,282,-12252,-1720,5748,-24,930,-122
meldung,14,283,-12176,-1780,5504,-226,680,-402
meldung,14,284,-11644,-1548,5464,-471,414,-812
meldung,14,285,-11384,-1416,5540,-734,139,-1282
meldung,14,286,-10912,-1424,5272,-1076,-100,-1772
meldung,14,287,-10576,-2148,2992,-1495,-448,-2382
meldung,14,288,-10516,-2192,4276,-1761,26,-3035
meldung,14,289,-14804,-2344,-3348,-2520,-1123,-4037
meldung,14,290,-32768,-9184,27904,-3308,-211,-4563
meldung,14,291,-32768,-17212,12840,-1410,1032,-3672
meldung,14,292,-18320,-3808,15808,1024,941,-728
meldung,14,293,-11296,112,10424,-217,-1521,953
meldung,14,294,-12668,-4284,1868,27,-2920,-602
meldung,14,295,-8856,-2612,1376,-146,-2531,-1447
meldung,14,296,-8644,-4036,2820,-500,-2181,-796
meldung,14,297,-9472,-5204,4384,-181,-1850,-735
meldung,14,298,-9792,-6196,4756,-275,-1774,-883
meldung,14,299,-10552,-6692,6436,-327,-1677,-975
meldung,15,0,-11368,-5380,7092,-113,29,-52
meldung,15,1,-11268,-5336,7336,-123,27,-55
meldung,15,2,-11296,-5468,7220,-122,39,-50
meldung,15,3,-11240,-5388,7084,-120,39,-50
meldung,15,4,-11316,-5424,7368,-117,46,-40
meldung,15,5,-11292,-5412,7148,-113,55,-40
meldung,15,6,-11364,-5408,7100,-114,48,-45
meldung,15,7,-11436,-5352,7212,-113,37,-49
meldung,15,8,-11332,-5460,7172,-119,24,-48
meldung,15,9,-11276,-5392,7404,-120,14,-57
meldung,15,10,-11372,-5388,7232,-113,24,-58
meldung,15,11,-11236,-5400,7152,-117,29,-59
meldung,15,12,-11216,-5348,7348,-114,36,-42
meldung,15,13,-11216,-5384,7184,-112,50,-43
meldung,15,14,-11320,-5444,7152,-116,52,-42
meldung,15,15,-11460,-5468,7324,-114,51,-44
meldung,15,16,-11428,-5400,7184,-116,35,-50
meldung,15,17,-11436,-5440,7100,-116,25,-50
meldung,15,18,-11300,-5372,7092,-116,26,-60
meldung,15,19,-11468,-5392,7048,-119,12,-67
meldung,15,20,-11404,-5352,7208,-117,0,-71
meldung,15,21,-11480,-5352,7188,-126,-8,-77
meldung,15,22,-11368,-5356,7176,-127,-10,-84
meldung,15,23,-11300,-5368,7144,-127,-8,-91
meldung,15,24,-11152,-5412,6932,-126,14,-67
meldung,15,25,-11168,-5400,7220,-130,32,-71
meldung,15,26,-11248,-5440,7068,-126,46,-44
meldung,15,27,-11376,-5380,6936,-116,52,-47
meldung,15,28,-11400,-5344,7156,-118,46,-45
meldung,15,29,-11380,-5312,7196,-123,39,-52
meldung,15,30,-11664,-5324,7176,-121,28,-59
meldung,15,31,-11484,-5348,7084,-126,19,-69
meldung,15,32,-11328,-5436,7048,-132,9,-72
meldung,15,33,-11308,-5448,7232,-126,10,-65
meldung,15,34,-11136,-5392,7180,-124,21,-62
meldung,15,35,-11260,-5388,7180,-125,35,-58
meldung,15,36,-11324,-5396,7052,-119,40,-47
meldung,15,37,-11276,-5348,7156,-121,37,-46
meldung,15,38,-11384,-5412,7236,-114,27,-54
meldung,15,39,-11420,-5380,7196,-126,25,-60
meldung,15,40,-11388,-5392,6984,-128,17,-56
meldung,15,41,-11444,-5292,7208,-136,2,-68
meldung,15,42,-11404,-5312,7124,-131,-9,-79
meldung,15,43,-11408,-5364,7068,-137,-21,-83
meldung,15,44,-11416,-5320,7160,-125,-40,-95
meldung,15,45,-11412,-5416,7180,-125,-58,-105
meldung,15,46,-11408,-5364,7172,-128,-72,-130
meldung,15,47,-11472,-5348,7236,-137,-95,-132
meldung,15,48,-11440,-5368,7320,-140,-112,-150
meldung,15,49,-11300,-5408,7108,-143,-121,-150
meldung,15,50,-11316,-5368,7136,-125,-124,-150
meldung,15,51,-11292,-5364,7216,-129,-104,-156
meldung,15,52,-11344,-5344,7124,-141,-111,-163
meldung,15,53,-11236,-5416,7304,-134,-104,-169
meldung,15,54,-11280,-5496,7340,-141,-98,-168
meldung,15,55,-11192,-5584,7372,-126,-96,-155
meldung,15,56,-11296,-5464,7248,-123,-87,-154
meldung,15,57,-11336,-5444,7136,-129,-90,-161
meldung,15,58,-11456,-5420,7244,-128,-105,-174
meldung,15,59,-11316,-5452,7264,-138,-127,-197
meldung,15,60,-11368,-5560,7200,-144,-144,-203
meldung,15,61,-11200,-5436,7356,-152,-162,-209
meldung,15,62,-11044,-5632,7360,-131,-177,-221
meldung,15,63,-10868,-5892,7388,-121,-175,-190
meldung,15,64,-10988,-5644,7396,-127,-128,-165
meldung,15,65,-10752,-5680,7336,-112,-86,-131
meldung,15,66,-10760,-5588,7276,-114,-24,-94
meldung,15,67,-10932,-5484,7412,-132,11,-83
meldung,15,68,-11128,-5628,7452,-122,47,-54
meldung,15,69,-11504,-5484,7424,-129,46,-63
meldung,15,70,-11928,-5648,7356,-142,-24,-87
meldung,15,71,-12436,-5848,7500,-150,-120,-207
meldung,15,72,-12772,-6160,7716,-63,-304,-278
meldung,15,73,-13236,-6220,8096,-65,-360,-474
meldung,15,74,-12820,-5748,7760,-109,-468,-667
meldung,15,75,-13928,-7776,9268,41,-383,-1175
meldung,15,76,-11832,-10888,7096,457,313,-1658
meldung,15,77,-13180,-11668,8288,659,2151,-1965
meldung,15,78,-18656,-14816,12336,230,3374,-2426
meldung,15,79,-22088,-17580,14200,522,3965,-3814
meldung,15,80,-26620,-22492,15372,349,4067,-5304
meldung,15,81,-30004,-25376,16824,851,3951,-6971
meldung,15,82,-30156,-28740,16960,2175,3535,-8223
meldung,15,83,-29896,-29456,15440,2820,3285,-8417
meldung,15,84,-31944,-31280,17256,3198,3443,-7342
meldung,15,85,-32768,-28032,17176,3190,3539,-5199
meldung,15,86,-32768,-27908,18404,3563,2620,-1434
meldung,15,87,-32768,-21676,19836,2941,920,2846
meldung,15,88,-32768,-18448,16940,3333,-399,5629
meldung,15,89,-32768,-30352,15080,3573,-2012,8471
meldung,15,90,-32768,-27972,13972,4055,-2677,10040
meldung,15,91,-32768,-28120,14468,5470,-3568,11571
meldung,15,92,-32768,-25652,15700,6803,-4803,12821
meldung,15,93,-32768,-22596,15748,7710,-6334,14735
meldung,15,94,-32768,-21304,14692,8415,-8149,16985
meldung,15,95,-30176,-18740,12108,9267,-9760,18475
meldung,15,96,-26352,-16924,9948,9092,-11238,18874
meldung,15,97,-22524,-14824,6544,8751,-12766,18071
meldung,15,98,-17728,-14948,1672,8084,-13562,16745
meldung,15,99,-11660,-16844,-1976,7716,-14488,15522
meldung,15,100,-8276,-19400,-7296,7645,-15843,14438
meldung,15,101,-2960,-21960,-14344,7772,-17135,13423
meldung,15,102,5252,-21692,-19624,7957,-17782,12558
meldung,15,103,12420,-19488,-22992,8716,-16752,11772
meldung,15,104,17048,-17304,-23132,9024,-15172,11687
meldung,15,105,24208,-13920,-24692,10020,-12741,11094
meldung,15,106,27496,-10240,-23952,10454,-9860,10450
meldung,15,107,28148,-6644,-22872,10374,-6618,9463
meldung,15,108,26500,-4648,-21824,10019,-3726,8383
meldung,15,109,24720,-2140,-20816,9608,-1292,7266
meldung,15,110,19516,924,-18432,9021,449,6104
meldung,15,111,16660,2060,-17700,7854,1390,5152
meldung,15,112,14100,4152,-16016,6376,1721,4325
meldung,15,113,14628,3612,-16524,4797,1949,4006
meldung,15,114,13812,2300,-14464,3259,2197,4070
meldung,15,115,11672,1148,-12172,2065,2569,4154
meldung,15,116,11392,-184,-10256,1381,2499,3989
meldung,15,117,13972,424,-9108,823,2543,3638
meldung,15,118,17136,408,-8880,455,3265,3298
meldung,15,119,16348,1056,-7172,329,4170,2911
meldung,15,120,13384,1180,-5780,399,4623,2358
meldung,15,121,11056,1764,-3840,644,4809,1829
meldung,15,122,9536,756,-3072,960,4799,1547
meldung,15,123,9156,1956,-2148,1383,4636,1595
meldung,15,124,7668,4480,-760,1837,4502,1739
meldung,15,125,7612,7256,-52,1913,4122,1696
meldung,15,126,8044,10200,976,1555,3659,1388
meldung,15,127,8656,11708,976,989,3368,1060
meldung,15,128,8660,12564,1672,371,3101,791
meldung,15,129,11036,13964,-5036,-59,3443,698
meldung,15,130,7328,10372,2556,-534,2806,440
meldung,15,131,6696,7824,3088,-503,2510,646
meldung,15,132,6428,6356,3716,-143,2237,933
meldung,15,133,6392,6608,5008,321,2062,1161
meldung,15,134,6324,7736,5752,717,1747,1081
meldung,15,135,6984,9992,5856,651,1362,771
meldung,15,136,7744,11380,5940,133,1113,456
meldung,15,137,7980,11516,5780,-324,863,215
meldung,15,138,7744,11248,5700,-710,731,141
meldung,15,139,7240,11128,5552,-1092,546,100
meldung,15,140,8068,11200,5636,-1601,421,133
meldung,15,141,8620,10692,5812,-1964,487,259
meldung,15,142,7784,9980,5944,-2252,758,409
meldung,15,143,6344,9228,5968,-2233,907,630
meldung,15,144,6732,8848,6264,-2174,769,777
meldung,15,145,9256,7852,5864,-1715,388,1221
meldung,15,146,10680,8248,5988,-764,296,1446
meldung,15,147,9340,8828,6296,290,398,1154
meldung,15,148,-32768,-32768,9428,896,-1849,1199
meldung,15,149,7520,7976,6028,1007,815,-1129
meldung,15,150,9312,12544,6340,544,-17,214
meldung,15,151,9976,9940,6820,-136,55,80
meldung,15,152,9344,9096,6104,-402,196,429
meldung,15,153,8264,7980,6260,-389,137,389
meldung,15,154,8944,8320,6036,-432,68,371
meldung,15,155,9724,9060,5896,-390,84,297
meldung,15,156,10396,9440,5792,-309,247,240
meldung,15,157,9312,9524,5972,-242,282,225
meldung,15,158,9304,9448,6000,-211,186,127
meldung,15,159,9036,9752,6148,-193,137,123
meldung,15,160,8988,9452,6364,-225,29,141
meldung,15,161,8824,8984,6596,-297,-99,123
meldung,15,162,9192,8840,6564,-432,-234,112
meldung,15,163,9672,8812,6572,-521,-299,70
meldung,15,164,10856,8768,6480,-495,-254,-4
meldung,15,165,11424,9000,6420,-415,-112,-50
meldung,15,166,11304,8924,6524,-270,71,-127
meldung,15,167,11168,8856,6608,-131,214,-163
meldung,15,168,10760,8724,6792,-5,346,-138
meldung,15,169,10028,8880,6944,104,363,-84
meldung,15,170,9604,9336,7092,89,315,-60
meldung,15,171,9528,9764,7240,-27,200,-63
meldung,15,172,9776,9812,7196,-201,95,-47
meldung,15,173,10360,9760,6952,-335,45,-26
meldung,15,174,10536,9276,6884,-357,32,-15
meldung,15,175,10812,8516,7068,-306,112,2
meldung,15,176,10572,8128,7036,-133,196,25
meldung,15,177,10652,8084,7080,76,255,-3
meldung,15,178,10512,8328,6952,208,300,-60
meldung,15,179,10468,8920,7048,287,335,-93
meldung,15,180,10128,8852,6776,348,386,-121
meldung,15,181,9836,9124,6824,439,428,-125
meldung,15,182,9328,9540,6932,483,399,-115
meldung,15,183,9104,10264,7032,418,298,-127
meldung,15,184,8952,10588,6796,284,214,-141
meldung,15,185,8964,10748,6784,119,102,-163
meldung,15,186,8880,10908,6772,-64,6,-193
meldung,15,187,9252,10564,6396,-240,-79,-228
meldung,15,188,9536,10064,6432,-327,-48,-229
meldung,15,189,9512,9200,6484,-277,26,-215
meldung,15,190,9208,8768,6604,-152,77,-212
meldung,15,191,9480,8648,6684,10,143,-198
meldung,15,192,9808,9064,6644,145,231,-129
meldung,15,193,9316,9436,6552,211,339,-97
meldung,15,194,8884,9520,6700,194,339,-125
meldung,15,195,8612,9484,6660,177,268,-164
meldung,15,196,8664,9568,6532,130,181,-169
meldung,15,197,8832,9780,6604,104,146,-111
meldung,15,198,8672,10052,6544,65,99,-63
meldung,15,199,8424,10428,6572,-38,9,-54
meldung,15,200,8900,10724,6204,-152,-40,-57
meldung,15,201,9424,10520,6332,-258,-7,-28
meldung,15,202,9328,9912,6300,-314,60,-25
meldung,15,203,9152,9448,6340,-291,69,-24
meldung,15,204,9180,9172,6368,-234,100,-13
meldung,15,205,9232,9256,6480,-190,116,5
meldung,15,206,9232,9368,6644,-171,142,51
meldung,15,207,9304,9560,6764,-181,165,62
meldung,15,208,9264,9668,7016,-204,178,42
meldung,15,209,9232,9360,6772,-175,180,51
meldung,15,210,8868,9152,7052,-105,164,98
meldung,15,211,8836,9564,7112,-80,106,114
meldung,15,212,9256,9800,7268,-91,108,128
meldung,15,213,9196,9920,7160,-129,100,144
meldung,15,214,9108,9960,7380,-159,61,88
meldung,15,215,9188,9600,7208,-177,21,43
meldung,15,216,9400,9508,7280,-149,10,47
meldung,15,217,9440,9604,7008,-103,49,68
meldung,15,218,9612,9560,7352,-86,95,70
meldung,15,219,9432,9200,7160,-59,125,97
meldung,15,220,9436,9016,7380,-11,114,92
meldung,15,221,9892,9020,7452,47,144,93
meldung,15,222,9744,9200,7304,80,158,35
meldung,15,223,9156,9464,7512,35,86,-99
meldung,15,224,9220,9756,7476,-52,-3,-210
meldung,15,225,9384,9384,7060,-112,-52,-226
meldung,15,226,9236,9216,6952,-112,-75,-162
meldung,15,227,9180,8892,6980,-74,-95,-113
meldung,15,228,9280,8612,7068,-36,-142,-97
meldung,15,229,9396,8272,6888,38,-146,-96
meldung,15,230,9764,8100,6540,117,-122,-90
meldung,15,231,9792,8128,6448,214,-59,-104
meldung,15,232,9784,7992,6292,235,-44,-194
meldung,15,233,9484,7612,5948,198,-59,-341
meldung,15,234,9748,7124,5464,142,-85,-453
meldung,15,235,9652,6480,4836,55,-104,-586
meldung,15,236,9928,5384,4084,-15,-129,-723
meldung,15,237,10756,4176,3192,-42,-65,-851
meldung,15,238,11488,2712,2524,-10,144,-968
meldung,15,239,12044,1344,2008,116,509,-1087
meldung,15,240,12324,236,1104,340,949,-1307
meldung,15,241,12684,356,408,640,1465,-1611
meldung,15,242,11420,1372,28,843,1897,-2024
meldung,15,243,10540,2256,-488,792,2147,-2566
meldung,15,244,10292,2856,-780,607,2372,-3010
meldung,15,245,9840,2736,-1508,404,2625,-3320
meldung,15,246,9372,2120,-1620,224,2909,-3545
meldung,15,247,8512,1200,-1672,173,3135,-3699
meldung,15,248,7236,360,-1252,242,3340,-3832
meldung,15,249,6004,1492,-968,295,3291,-4010
meldung,15,250,5504,3300,-676,120,3173,-4290
meldung,15,251,5144,4492,-520,-290,3050,-4656
meldung,15,252,4956,4900,-624,-750,2982,-5042
meldung,15,253,5104,4444,-784,-1106,3004,-5321
meldung,15,254,5328,4104,-888,-1346,3103,-5475
meldung,15,255,4564,3380,-244,-1432,3302,-5552
meldung,15,256,3336,3596,756,-1424,3277,-5637
meldung,15,257,2416,4456,2176,-1497,3160,-5714
meldung,15,258,1396,4944,3508,-1597,2938,-5836
meldung,15,259,948,5236,3964,-1629,2728,-5901
meldung,15,260,1004,6044,4416,-1577,2569,-5821
meldung,15,261,1072,6512,4240,-1549,2431,-5744
meldung,15,262,1268,6756,4540,-1487,2458,-5615
meldung,15,263,988,7056,5440,-1521,2568,-5499
meldung,15,264,-808,8224,6656,-1670,2513,-5566
meldung,15,265,-1860,8500,7700,-1935,2300,-5846
meldung,15,266,-1424,8164,8176,-2160,2142,-6079
meldung,15,267,-1160,6808,8684,-2127,2290,-6153
meldung,15,268,-2072,5836,9176,-1715,2627,-6047
meldung,15,269,-3352,5116,9408,-1079,2907,-5845
meldung,15,270,-3956,5044,9288,-348,3165,-5514
meldung,15,271,-4488,5688,9560,345,3468,-5176
meldung,15,272,-5724,7164,9984,859,3701,-4897
meldung,15,273,-7416,8936,10472,1047,3688,-4906
meldung,15,274,-8620,9296,10392,1069,3586,-5068
meldung,15,275,-9664,9856,10896,1106,3449,-5091
meldung,15,276,-12472,10972,11268,1127,3230,-5110
meldung,15,277,-16064,12772,12020,930,2547,-5209
meldung,15,278,-20468,19508,4916,-655,1509,-5250
meldung,15,279,-16916,14876,11680,130,795,-4866
meldung,15,280,-16180,14652,11684,-828,110,-4796
meldung,15,281,-17260,13928,11744,-1556,-445,-4777
meldung,15,282,-17328,12948,12284,-2263,-1116,-4648
meldung,15,283,-16836,12120,12204,-2773,-1647,-4757
meldung,15,284,-16120,9316,13676,-3050,-2091,-4680
meldung,15,285,-15332,9040,13432,-3266,-2278,-4518
meldung,15,286,-14372,7524,13472,-3392,-2287,-4237
meldung,15,287,-10996,11596,14240,-3272,-2118,-3401
meldung,15,288,-10940,5480,12908,-2756,-1522,-3354
meldung,15,289,-11100,6624,14720,-1935,-497,-3663
meldung,15,290,-11564,5100,13680,-2012,158,-3747
meldung,15,291,1316,32767,-768,-2542,1097,-1761
meldung,15,292,-6612,14940,14328,557,2307,-6925
meldung,15,293,-10728,-196,13024,133,2323,-4460
meldung,15,294,-15436,21488,7460,-1966,3381,-3160
meldung,15,295,-18400,-940,13512,-3129,3373,-3576
meldung,15,296,-19376,3132,10776,-1034,2987,-3887
meldung,15,297,-24148,12172,10980,-1989,2570,-2497
meldung,15,298,-19344,-2108,12224,445,1171,-3151
meldung,15,299,-21756,4100,11292,244,1008,-2587
meldung,16,0,-12012,-4240,6848,-125,29,-57
meldung,16,1,-12132,-4212,6836,-130,32,-56
meldung,16,2,-12004,-4144,6788,-118,35,-53
meldung,16,3,-12052,-4148,7004,-111,37,-47
meldung,16,4,-11988,-4192,6852,-117,45,-51
meldung,16,5,-12020,-4196,6992,-122,54,-38
meldung,16,6,-12056,-4188,6848,-127,65,-40
meldung,16,7,-12052,-4100,6808,-119,65,-32
meldung,16,8,-12016,-4152,6796,-119,62,-37
meldung,16,9,-12136,-4128,6668,-115,69,-32
meldung,16,10,-12028,-4100,6840,-119,63,-41
meldung,16,11,-12164,-4192,6752,-121,51,-49
meldung,16,12,-12068,-4140,6800,-122,43,-54
meldung,16,13,-12160,-4092,6760,-120,27,-61
meldung,16,14,-12112,-4112,6804,-113,22,-63
meldung,16,15,-12172,-4092,6824,-113,17,-55
meldung,16,16,-12068,-4136,6988,-116,14,-65
meldung,16,17,-12180,-4224,6876,-103,12,-63
meldung,16,18,-12104,-4188,6872,-115,5,-61
meldung,16,19,-12272,-4048,6856,-124,-1,-74
meldung,16,20,-12144,-4148,6780,-119,-7,-78
meldung,16,21,-12148,-4052,6856,-124,-20,-87
meldung,16,22,-12264,-4124,6844,-121,-24,-92
meldung,16,23,-12284,-4068,6836,-126,-48,-108
meldung,16,24,-12300,-4072,6852,-136,-76,-128
meldung,16,25,-12096,-4160,6892,-127,-90,-127
meldung,16,26,-12060,-4164,6816,-128,-99,-137
meldung,16,27,-12060,-4264,6844,-125,-91,-132
meldung,16,28,-12060,-4116,6876,-118,-86,-125
meldung,16,29,-12000,-4192,6800,-118,-76,-121
meldung,16,30,-11896,-4220,6936,-114,-73,-114
meldung,16,31,-12048,-4140,6932,-101,-70,-108
meldung,16,32,-11968,-4212,6912,-104,-55,-102
meldung,16,33,-11936,-4264,6984,-98,-56,-87
meldung,16,34,-12000,-4300,6936,-86,-55,-83
meldung,16,35,-12156,-4316,6784,-58,-65,-66
meldung,16,36,-12208,-4268,6844,-36,-85,-53
meldung,16,37,-12244,-4504,6928,-22,-92,-55
meldung,16,38,-12376,-4256,7004,15,-125,-56
meldung,16,39,-12316,-5112,7088,82,-83,-29
meldung,16,40,-12644,-5628,7032,287,-82,89
meldung,16,41,-12572,-4672,7444,394,-14,240
meldung,16,42,-13944,-6008,7440,508,-15,398
meldung,16,43,-14376,-6508,7404,861,-26,579
meldung,16,44,-14832,-6288,8540,1179,17,999
meldung,16,45,-14392,-7232,8128,1523,-26,1653
meldung,16,46,-15320,-7900,6344,2188,-74,2202
meldung,16,47,-19092,-9108,10148,2696,-528,2818
meldung,16,48,-19584,-9688,11396,3197,-343,3362
meldung,16,49,-18664,-9740,9028,3548,368,3750
meldung,16,50,-22832,-3436,15460,3991,228,4429
meldung,16,51,-27284,-1664,17028,2919,-469,3554
meldung,16,52,-30772,-1804,19292,887,-1353,2098
meldung,16,53,-31460,-3836,19568,123,-2561,681
meldung,16,54,-30604,-4588,18980,-754,-3194,219
meldung,16,55,-29596,-8808,18612,-270,-3426,569
meldung,16,56,-29380,-10684,17736,741,-2873,1300
meldung,16,57,-29288,-9008,17400,2139,-2117,2985
meldung,16,58,-32644,2744,15756,1645,-1312,5428
meldung,16,59,-32768,-1580,16628,5488,-1187,6570
meldung,16,60,-32768,936,16320,5851,-918,7160
meldung,16,61,-32768,3856,15320,6480,-1052,7574
meldung,16,62,-32768,7408,15436,6628,-1219,8031
meldung,16,63,-32768,9292,15024,6868,-1770,8984
meldung,16,64,-32768,8440,14492,6951,-2505,10216
meldung,16,65,-31564,11496,14652,7186,-3772,11083
meldung,16,66,-27540,11772,14208,6876,-4947,11642
meldung,16,67,-20828,15288,14460,6336,-5448,11603
meldung,16,68,-15308,14948,13672,5547,-5637,11374
meldung,16,69,-11760,14692,12948,4983,-5534,10706
meldung,16,70,-9136,13128,12356,4079,-5477,10356
meldung,16,71,-6828,9628,10772,3473,-5348,10082
meldung,16,72,-6432,5604,8648,3339,-5334,9842
meldung,16,73,-5248,2580,6500,3467,-5521,9774
meldung,16,74,-4928,824,5084,3578,-5848,9763
meldung,16,75,-3100,-544,2832,3718,-6170,9734
meldung,16,76,-804,-1176,840,3750,-6496,9512
meldung,16,77,2032,-1612,-1948,3623,-6597,9135
meldung,16,78,5776,-432,-4288,3403,-6402,8695
meldung,16,79,8308,956,-6240,2981,-5847,8091
meldung,16,80,10856,1220,-8004,2280,-4909,7427
meldung,16,81,11828,672,-8844,1575,-3936,6922
meldung,16,82,10548,-2444,-8724,1126,-2939,6611
meldung,16,83,6284,-5704,-7940,892,-2326,6412
meldung,16,84,6628,-7744,-7184,903,-2185,6180
meldung,16,85,8228,-8204,-7704,809,-1897,6034
meldung,16,86,12080,-6020,-7960,612,-1195,5824
meldung,16,87,15000,-3116,-8760,206,55,5570
meldung,16,88,16452,-1396,-7640,-168,1473,5100
meldung,16,89,15080,-3144,-5920,-450,2784,4553
meldung,16,90,10148,-2484,-4904,-798,3700,3792
meldung,16,91,6496,-5532,-1712,-603,3875,3320
meldung,16,92,4028,-4488,-444,-770,3737,2821
meldung,16,93,5460,-4536,900,-778,3426,2813
meldung,16,94,5796,-2964,2560,-754,3023,2855
meldung,16,95,6180,-1560,3508,-897,2645,2667
meldung,16,96,7036,124,4320,-1194,2178,2372
meldung,16,97,7856,1192,4480,-1522,1637,1873
meldung,16,98,7960,1724,4540,-1769,1244,1272
meldung,16,99,8808,2868,3916,-1697,1138,691
meldung,16,100,8796,3340,3280,-1386,1175,194
meldung,16,101,8672,3292,2672,-910,1390,-68
meldung,16,102,6868,3264,2752,-284,1499,-52
meldung,16,103,5596,4600,3136,280,1412,91
meldung,16,104,5324,6788,3456,524,1170,208
meldung,16,105,5968,9104,3652,482,1024,220
meldung,16,106,6892,11136,3688,213,992,90
meldung,16,107,7432,11580,3640,-14,1092,15
meldung,16,108,7180,11744,4160,-185,1246,103
meldung,16,109,6184,11540,4616,-235,1367,319
meldung,16,110,4604,11788,5668,-339,1225,470
meldung,16,111,4640,12472,6180,-590,998,663
meldung,16,112,5088,11936,6500,-846,716,911
meldung,16,113,5860,10836,6736,-964,465,1212
meldung,16,114,6168,9968,7056,-968,235,1406
meldung,16,115,7016,9460,7308,-837,50,1416
meldung,16,116,8204,9000,7580,-514,-60,1329
meldung,16,117,8568,8832,7508,-189,37,1093
meldung,16,118,8572,8412,7968,42,146,756
meldung,16,119,8372,8328,8092,177,234,527
meldung,16,120,8292,8284,8404,253,250,412
meldung,16,121,8316,8476,8492,295,268,363
meldung,16,122,8088,8864,8828,264,254,344
meldung,16,123,7132,9192,8756,173,108,246
meldung,16,124,7684,9664,8420,21,-81,180
meldung,16,125,8164,9620,8128,-137,-182,156
meldung,16,126,9012,9596,7712,-260,-186,155
meldung,16,127,9712,9392,7532,-289,-47,121
meldung,16,128,9244,8948,7512,-231,116,59
meldung,16,129,8816,8612,7520,-223,208,13
meldung,16,130,9084,8512,7448,-183,290,11
meldung,16,131,8640,8364,7592,-117,374,-14
meldung,16,132,8648,8492,7936,-94,377,-92
meldung,16,133,8844,8404,7780,-105,353,-190
meldung,16,134,9452,8548,7868,-157,362,-321
meldung,16,135,9800,8176,7772,-205,486,-425
meldung,16,136,9608,8256,7756,-171,612,-554
meldung,16,137,9604,8020,7444,-104,752,-661
meldung,16,138,9388,8168,7640,26,963,-657
meldung,16,139,8800,8064,7436,174,1128,-630
meldung,16,140,8108,8800,7920,306,1219,-570
meldung,16,141,7632,9388,7968,349,1217,-575
meldung,16,142,7332,10080,8144,286,1163,-607
meldung,16,143,6884,10284,7912,220,1080,-609
meldung,16,144,6384,10464,8040,116,946,-582
meldung,16,145,6300,10776,7904,-38,740,-552
meldung,16,146,6260,10944,7832,-226,547,-531
meldung,16,147,6852,10728,7900,-461,401,-534
meldung,16,148,7624,10528,7720,-664,347,-534
meldung,16,149,8436,10228,7576,-804,419,-563
meldung,16,150,8828,9916,7780,-805,650,-584
meldung,16,151,8436,9736,7836,-697,888,-605
meldung,16,152,7732,9040,7920,-515,1095,-622
meldung,16,153,6968,8988,8464,-301,1190,-580
meldung,16,154,6456,8744,8508,-124,1240,-527
meldung,16,155,5900,9152,8740,-1,1178,-483
meldung,16,156,5992,9464,8904,26,1102,-494
meldung,16,157,6240,9424,8828,37,1067,-477
meldung,16,158,6168,9404,8876,69,1119,-427
meldung,16,159,5664,9276,9288,148,1091,-384
meldung,16,160,5276,9360,9432,185,985,-381
meldung,16,161,4888,9288,9496,135,804,-455
meldung,16,162,4680,9536,9504,38,615,-593
meldung,16,163,5276,9724,9436,-85,461,-734
meldung,16,164,5768,9380,9160,-99,463,-765
meldung,16,165,5048,9276,9432,-37,440,-754
meldung,16,166,4824,9504,9560,8,404,-741
meldung,16,167,4684,9424,9572,17,334,-737
meldung,16,168,4440,9476,9640,-6,291,-782
meldung,16,169,4476,9436,9740,-52,237,-803
meldung,16,170,3960,9200,9724,-112,124,-867
meldung,16,171,4152,8952,9672,-189,2,-935
meldung,16,172,4764,8872,9400,-284,-53,-1039
meldung,16,173,4640,8116,9212,-283,-19,-1103
meldung,16,174,4372,8084,9372,-257,-67,-1147
meldung,16,175,4344,7932,9260,-249,-127,-1240
meldung,16,176,4344,7552,8940,-210,-167,-1329
meldung,16,177,5080,7700,8556,-130,-131,-1414
meldung,16,178,5524,8436,8184,-46,-35,-1464
meldung,16,179,4656,7796,8584,151,114,-1493
meldung,16,180,4180,8768,8764,154,60,-1645
meldung,16,181,4736,9588,7620,187,61,-1664
meldung,16,182,4720,9732,7860,287,230,-1606
meldung,16,183,3904,10480,8168,315,256,-1508
meldung,16,184,3336,11072,8244,262,203,-1430
meldung,16,185,2768,11032,8076,178,76,-1401
meldung,16,186,2424,11624,8380,-74,-190,-1387
meldung,16,187,2576,11048,8820,-427,-506,-1379
meldung,16,188,2632,10476,8536,-735,-748,-1463
meldung,16,189,3740,9500,7956,-932,-1011,-1470
meldung,16,190,4256,7872,8176,-846,-934,-1436
meldung,16,191,4632,7748,8720,-702,-939,-1371
meldung,16,192,5512,8228,8636,-538,-869,-1381
meldung,16,193,6776,8916,8472,-388,-709,-1454
meldung,16,194,6696,8928,8640,-109,-370,-1538
meldung,16,195,6656,10128,8848,249,-49,-1672
meldung,16,196,6292,11112,9028,563,350,-1756
meldung,16,197,4844,11856,8732,846,693,-1731
meldung,16,198,2524,13216,8928,1046,823,-1658
meldung,16,199,864,15036,9116,1106,644,-1662
meldung,16,200,752,16536,8744,1075,486,-1534
meldung,16,201,548,18132,8528,1006,435,-1167
meldung,16,202,-548,19128,8176,873,380,-688
meldung,16,203,-1168,19936,8348,631,168,-244
meldung,16,204,-672,20012,8212,309,-112,145
meldung,16,205,-552,18936,8132,40,-292,466
meldung,16,206,-704,17536,8512,-181,-539,693
meldung,16,207,0,16048,9024,-363,-863,951
meldung,16,208,768,14676,9368,-481,-1131,1253
meldung,16,209,2236,14208,9828,-645,-1349,1423
meldung,16,210,4540,13500,9876,-747,-1365,1497
meldung,16,211,5912,12916,9748,-673,-1129,1530
meldung,16,212,6288,13016,10140,-548,-908,1464
meldung,16,213,6528,12896,10472,-459,-712,1314
meldung,16,214,6436,12704,10248,-365,-551,1165
meldung,16,215,6232,12892,10096,-367,-507,979
meldung,16,216,6056,12512,9684,-460,-484,847
meldung,16,217,5736,11316,9596,-498,-529,792
meldung,16,218,5876,10232,9244,-421,-594,838
meldung,16,219,5868,9792,8952,-287,-691,930
meldung,16,220,6684,9816,8804,-191,-775,944
meldung,16,221,7860,9752,8340,-122,-721,899
meldung,16,222,8472,9768,8236,-30,-537,856
meldung,16,223,8432,9772,7936,25,-371,775
meldung,16,224,8292,9868,7932,5,-233,640
meldung,16,225,7552,9752,7792,-77,-157,475
meldung,16,226,7444,9464,7624,-140,-84,351
meldung,16,227,7360,9112,7416,-197,36,284
meldung,16,228,7272,8596,7596,-155,150,279
meldung,16,229,7004,8388,7404,-11,279,303
meldung,16,230,6156,8560,7592,122,372,276
meldung,16,231,5712,8604,7612,198,349,174
meldung,16,232,5624,8928,7440,217,303,110
meldung,16,233,5680,8980,7312,202,287,97
meldung,16,234,5600,9216,7120,173,309,88
meldung,16,235,5436,9236,6856,149,296,33
meldung,16,236,5452,9440,6848,104,283,-10
meldung,16,237,5156,9628,6876,41,224,-35
meldung,16,238,4648,9828,6876,-67,126,-66
meldung,16,239,4732,9956,7228,-230,1,-97
meldung,16,240,5320,10040,6948,-386,-85,-142
meldung,16,241,5712,9780,6900,-468,-66,-173
meldung,16,242,5968,9804,6936,-508,-21,-212
meldung,16,243,6104,9788,6860,-519,31,-248
meldung,16,244,5880,9232,7128,-454,121,-278
meldung,16,245,5888,9120,7292,-347,176,-288
meldung,16,246,5516,9264,7292,-158,263,-269
meldung,16,247,5248,9736,7664,23,288,-248
meldung,16,248,5360,10268,7548,110,288,-215
meldung,16,249,5028,10968,7816,118,311,-169
meldung,16,250,4780,11512,7904,55,257,-177
meldung,16,251,4756,11984,7980,-71,162,-206
meldung,16,252,4820,11916,8120,-187,94,-192
meldung,16,253,4820,11792,8176,-292,57,-164
meldung,16,254,4804,11496,8140,-340,21,-145
meldung,16,255,4908,11204,8164,-321,-7,-114
meldung,16,256,4724,11076,8168,-270,-7,-66
meldung,16,257,4584,11252,8380,-236,-56,-3
meldung,16,258,4784,11388,8552,-251,-123,8
meldung,16,259,5164,11128,8580,-284,-127,23
meldung,16,260,5484,10988,8264,-293,-111,23
meldung,16,261,5520,10704,8176,-254,-50,48
meldung,16,262,5288,10540,8324,-190,-41,76
meldung,16,263,5252,10692,8564,-141,-60,66
meldung,16,264,5464,10884,8460,-135,-66,36
meldung,16,265,5420,10960,8580,-155,-52,18
meldung,16,266,5504,10996,8424,-204,-71,6
meldung,16,267,5600,10852,8552,-233,-100,-5
meldung,16,268,5512,10868,8696,-265,-100,-28
meldung,16,269,5448,10844,8612,-285,-133,-69
meldung,16,270,5728,10768,8668,-307,-150,-68
meldung,16,271,5816,10620,8608,-324,-143,-55
meldung,16,272,5780,10464,8792,-328,-171,-69
meldung,16,273,5848,10228,8504,-304,-169,-93
meldung,16,274,6056,10124,8744,-211,-114,-86
meldung,16,275,5668,10184,8748,-86,-75,-89
meldung,16,276,5620,10532,8744,-1,-57,-123
meldung,16,277,5708,10956,8676,36,-18,-138
meldung,16,278,5464,11020,8560,57,10,-120
meldung,16,279,5184,11164,8368,64,16,-85
meldung,16,280,5008,11396,8484,54,-14,-60
meldung,16,281,5032,11564,8296,35,-47,-48
meldung,16,282,4964,11624,8376,-3,-82,-38
meldung,16,283,4720,11464,8108,-49,-141,-20
meldung,16,284,4820,11340,8196,-75,-198,0
meldung,16,285,4988,11072,8232,-104,-254,23
meldung,16,286,5208,11004,7992,-145,-311,26
meldung,16,287,5412,10808,7928,-167,-333,1
meldung,16,288,5948,10636,7968,-141,-285,6
meldung,16,289,6324,10632,7780,-33,-172,46
meldung,16,290,6384,10768,7960,104,-54,87
meldung,16,291,6148,11196,7780,177,30,66
meldung,16,292,6312,11696,8032,187,51,51
meldung,16,293,6072,11940,7928,149,58,33
meldung,16,294,6196,11940,7968,73,56,13
meldung,16,295,6012,11568,8032,32,12,-1
meldung,16,296,5996,11224,8072,28,-35,-25
meldung,16,297,6224,10816,8056,54,-73,-34
meldung,16,298,6344,10288,7940,145,-65,-9
meldung,16,299,6328,9900,8120,299,-63,29
meldung,17,0,-9292,9820,-11492,-6,-169,38
meldung,17,1,-9396,9848,-11324,-20,-157,25
meldung,17,2,-9412,9940,-11388,-31,-141,22
meldung,17,3,-9332,9908,-11408,-46,-131,28
meldung,17,4,-9336,10016,-11224,-62,-116,29
meldung,17,5,-9328,10004,-11212,-87,-105,16
meldung,17,6,-9284,9988,-11252,-99,-90,11
meldung,17,7,-9384,9940,-11256,-122,-71,11
meldung,17,8,-9416,9964,-11128,-137,-53,-3
meldung,17,9,-9360,9960,-11184,-158,-40,-6
meldung,17,10,-9404,9856,-11200,-164,-20,-17
meldung,17,11,-9336,9844,-11240,-173,0,-27
meldung,17,12,-9364,10012,-11164,-185,24,-52
meldung,17,13,-9380,9856,-11240,-193,62,-93
meldung,17,14,-9436,9992,-11268,-198,81,-116
meldung,17,15,-9468,9832,-11264,-201,100,-135
meldung,17,16,-9564,9976,-11388,-214,112,-150
meldung,17,17,-9504,9952,-11308,-229,126,-167
meldung,17,18,-9544,9876,-11452,-257,138,-191
meldung,17,19,-9572,9856,-11336,-262,155,-199
meldung,17,20,-9408,9832,-11500,-268,157,-210
meldung,17,21,-9412,9836,-11232,-280,163,-210
meldung,17,22,-9328,9692,-11352,-284,176,-204
meldung,17,23,-9420,9696,-11284,-281,169,-203
meldung,17,24,-9392,9716,-11476,-278,174,-208
meldung,17,25,-9368,9756,-11260,-271,182,-201
meldung,17,26,-9504,9744,-11504,-269,179,-197
meldung,17,27,-9548,9692,-11492,-262,179,-196
meldung,17,28,-9536,9740,-11480,-258,171,-177
meldung,17,29,-9408,9764,-11404,-253,166,-173
meldung,17,30,-9416,9716,-11404,-249,166,-168
meldung,17,31,-9468,9716,-11348,-247,171,-169
meldung,17,32,-9404,9708,-11428,-240,170,-175
meldung,17,33,-9364,9724,-11464,-236,163,-167
meldung,17,34,-9520,9768,-11424,-237,164,-169
meldung,17,35,-9612,9708,-11480,-226,157,-159
meldung,17,36,-9520,9776,-11740,-220,139,-141
meldung,17,37,-9596,9800,-11372,-212,125,-128
meldung,17,38,-9664,9768,-11440,-210,110,-120
meldung,17,39,-9560,9676,-11468,-208,82,-113
meldung,17,40,-9400,9596,-11412,-190,78,-107
meldung,17,41,-9384,9656,-11516,-173,72,-92
meldung,17,42,-9404,9568,-11460,-154,62,-73
meldung,17,43,-9432,9656,-11460,-127,62,-56
meldung,17,44,-9464,9740,-11348,-116,48,-46
meldung,17,45,-9412,9648,-11476,-118,38,-31
meldung,17,46,-9472,9724,-11432,-96,12,-11
meldung,17,47,-9404,9772,-11424,-93,-6,3
meldung,17,48,-9424,9700,-11608,-80,-6,7
meldung,17,49,-9368,9784,-11428,-72,-15,19
meldung,17,50,-9440,9744,-11588,-61,-20,26
meldung,17,51,-9428,9752,-11520,-54,-21,39
meldung,17,52,-9392,9856,-11516,-50,-31,49
meldung,17,53,-9308,9704,-11468,-40,-37,56
meldung,17,54,-9316,9896,-11536,-34,-40,57
meldung,17,55,-9332,9888,-11500,-35,-29,57
meldung,17,56,-9184,9964,-11412,-50,-29,40
meldung,17,57,-9264,9888,-11500,-55,-5,24
meldung,17,58,-9352,9888,-11528,-61,-1,10
meldung,17,59,-9416,9960,-11544,-64,4,7
meldung,17,60,-9340,9980,-11548,-69,0,3
meldung,17,61,-9380,9952,-11480,-94,-2,-2
meldung,17,62,-9348,9988,-11384,-107,1,-12
meldung,17,63,-9420,9892,-11324,-123,1,-17
meldung,17,64,-9316,9976,-11516,-128,9,-18
meldung,17,65,-9204,9820,-11544,-114,11,-22
meldung,17,66,-9184,9896,-11560,-115,20,-42
meldung,17,67,-9212,10020,-11468,-117,34,-49
meldung,17,68,-9280,9916,-11440,-109,30,-51
meldung,17,69,-9332,9916,-11556,-112,30,-61
meldung,17,70,-9204,10052,-11452,-127,30,-61
meldung,17,71,-9236,9924,-11492,-131,34,-78
meldung,17,72,-9300,10028,-11268,-156,38,-78
meldung,17,73,-9212,10008,-11320,-178,43,-79
meldung,17,74,-9244,9960,-11300,-184,50,-79
meldung,17,75,-9176,9948,-11468,-190,45,-78
meldung,17,76,-9316,9896,-11556,-192,41,-73
meldung,17,77,-9344,9928,-11500,-189,43,-69
meldung,17,78,-9232,9804,-11480,-183,32,-73
meldung,17,79,-9284,9824,-11488,-177,29,-76
meldung,17,80,-9276,9892,-11632,-179,36,-77
meldung,17,81,-9364,9832,-11652,-170,24,-79
meldung,17,82,-9400,9936,-11424,-178,22,-76
meldung,17,83,-9352,9856,-11616,-189,14,-69
meldung,17,84,-9356,9880,-11528,-190,17,-64
meldung,17,85,-9320,9908,-11548,-180,20,-67
meldung,17,86,-9308,9952,-11484,-176,14,-64
meldung,17,87,-9548,9924,-11444,-175,16,-74
meldung,17,88,-9380,9856,-11452,-174,12,-82
meldung,17,89,-9404,9764,-11508,-166,9,-92
meldung,17,90,-9188,9780,-11488,-150,3,-81
meldung,17,91,-9328,9872,-11476,-141,2,-83
meldung,17,92,-9292,9792,-11352,-137,-1,-82
meldung,17,93,-9300,9800,-11532,-129,-6,-80
meldung,17,94,-9440,9900,-11396,-123,-9,-82
meldung,17,95,-9356,9908,-11444,-117,-18,-77
meldung,17,96,-9308,9916,-11436,-123,-18,-67
meldung,17,97,-9376,9900,-11268,-119,-23,-64
meldung,17,98,-9408,9900,-11260,-110,-24,-59
meldung,17,99,-9360,9716,-11188,-98,-32,-51
meldung,17,100,-9324,9832,-11276,-88,-24,-49
meldung,17,101,-9440,9860,-11216,-96,-27,-47
meldung,17,102,-9292,9924,-11360,-87,-21,-39
meldung,17,103,-9320,9956,-11324,-99,-17,-50
meldung,17,104,-9376,10012,-11376,-104,-2,-56
meldung,17,105,-9328,9984,-11304,-99,-8,-54
meldung,17,106,-9332,9952,-11336,-107,1,-62
meldung,17,107,-9344,9988,-11436,-101,-6,-54
meldung,17,108,-9324,9872,-11320,-108,-4,-60
meldung,17,109,-9384,9980,-11404,-111,-8,-58
meldung,17,110,-9312,9868,-11256,-121,-3,-61
meldung,17,111,-9412,9908,-11212,-117,-5,-49
meldung,17,112,-9372,9988,-11352,-124,0,-57
meldung,17,113,-9440,9904,-11508,-125,7,-62
meldung,17,114,-9388,9892,-11236,-130,19,-65
meldung,17,115,-9440,9856,-11536,-138,13,-77
meldung,17,116,-9368,9860,-11288,-128,17,-73
meldung,17,117,-9332,9824,-11484,-121,15,-76
meldung,17,118,-9424,9912,-11384,-121,16,-78
meldung,17,119,-9432,9908,-11288,-117,17,-69
meldung,17,120,-9344,9976,-11380,-122,29,-75
meldung,17,121,-9392,9872,-11340,-112,32,-89
meldung,17,122,-9432,9960,-11412,-121,26,-82
meldung,17,123,-9464,9824,-11480,-130,26,-84
meldung,17,124,-9412,9916,-11452,-121,25,-89
meldung,17,125,-9428,9904,-11252,-124,28,-90
meldung,17,126,-9364,9960,-11324,-129,36,-89
meldung,17,127,-9540,9784,-11320,-117,37,-93
meldung,17,128,-9408,9972,-11400,-125,33,-91
meldung,17,129,-9408,9824,-11288,-120,32,-90
meldung,17,130,-9396,9860,-11436,-125,19,-83
meldung,17,131,-9340,9792,-11372,-108,31,-76
meldung,17,132,-9384,9732,-11528,-100,30,-74
meldung,17,133,-9372,9836,-11468,-95,27,-71
meldung,17,134,-9432,9908,-11336,-92,21,-75
meldung,17,135,-9444,9840,-11424,-101,14,-67
meldung,17,136,-9384,9744,-11452,-103,17,-65
meldung,17,137,-9324,9664,-11340,-101,13,-60
meldung,17,138,-9432,9592,-11388,-104,15,-46
meldung,17,139,-9456,9796,-11316,-101,12,-30
meldung,17,140,-9500,9708,-11456,-92,-2,-26
meldung,17,141,-9296,9752,-11352,-104,3,-31
meldung,17,142,-9340,9868,-11452,-102,4,-30
meldung,17,143,-9288,9860,-11408,-115,0,-33
meldung,17,144,-9296,9864,-11392,-112,11,-48
meldung,17,145,-9448,9940,-11420,-122,13,-45
meldung,17,146,-9396,9948,-11344,-130,15,-53
meldung,17,147,-9380,9752,-11444,-143,19,-58
meldung,17,148,-9372,9836,-11384,-141,12,-48
meldung,17,149,-9368,9996,-11420,-139,13,-45
meldung,17,150,-9396,9852,-11372,-145,11,-47
meldung,17,151,-9324,9832,-11452,-154,11,-58
meldung,17,152,-9276,9896,-11612,-152,15,-73
meldung,17,153,-9312,9800,-11572,-151,16,-78
meldung,17,154,-9332,9796,-11456,-146,28,-72
meldung,17,155,-9400,9992,-11460,-145,31,-76
meldung,17,156,-9480,9952,-11428,-153,28,-79
meldung,17,157,-9436,9996,-11404,-165,11,-73
meldung,17,158,-9452,9920,-11380,-167,7,-75
meldung,17,159,-9520,9908,-11256,-172,0,-72
meldung,17,160,-9544,9920,-11300,-165,-7,-69
meldung,17,161,-9384,9892,-11432,-164,4,-78
meldung,17,162,-9304,9844,-11400,-164,8,-81
meldung,17,163,-9412,9840,-11340,-167,14,-91
meldung,17,164,-9332,9832,-11352,-176,9,-92
meldung,17,165,-9264,9788,-11104,-180,9,-91
meldung,17,166,-9340,9860,-11320,-168,4,-90
meldung,17,167,-9272,9852,-11492,-174,22,-92
meldung,17,168,-9248,9976,-11392,-176,17,-93
meldung,17,169,-9352,9884,-11344,-165,22,-97
meldung,17,170,-9340,9924,-11396,-171,31,-92
meldung,17,171,-9476,9944,-11412,-178,25,-104
meldung,17,172,-9460,9808,-11276,-176,23,-101
meldung,17,173,-9564,9824,-11272,-173,16,-95
meldung,17,174,-9388,9924,-11596,-185,24,-98
meldung,17,175,-9356,9936,-11420,-181,34,-104
meldung,17,176,-9416,9900,-11388,-184,43,-108
meldung,17,177,-9524,9984,-11296,-186,36,-101
meldung,17,178,-9452,10072,-11408,-190,38,-107
meldung,17,179,-9296,10156,-11384,-184,41,-121
meldung,17,180,-9544,10064,-11404,-185,61,-135
meldung,17,181,-9600,9968,-11652,-178,70,-176
meldung,17,182,-10080,10128,-11656,-197,29,-240
meldung,17,183,-10832,10716,-11356,-246,-68,-354
meldung,17,184,-11688,10640,-11640,-338,-130,-568
meldung,17,185,-12184,10592,-12232,-429,-212,-810
meldung,17,186,-13032,11196,-12272,-435,-299,-1162
meldung,17,187,-13332,11720,-12232,-496,-286,-1495
meldung,17,188,-14324,10908,-13068,-622,-99,-1804
meldung,17,189,-17672,10332,-12680,-659,-12,-1779
meldung,17,190,-21712,10384,-12180,-311,-272,-1755
meldung,17,191,-24756,12164,-12148,-234,-1122,-1566
meldung,17,192,-29948,14204,-12664,-278,-2391,-1536
meldung,17,193,-17824,18376,-28060,-1224,-966,-199
meldung,17,194,-32768,30520,-16888,-2630,-4633,2894
meldung,17,195,-31240,21472,-30604,-3321,-4000,3420
meldung,17,196,-32768,24700,-21696,-2720,-6663,4867
meldung,17,197,-32768,26392,-23356,-3802,-6782,5353
meldung,17,198,-28908,28576,-28248,-4203,-5396,6594
meldung,17,199,-32768,32767,-24232,-4089,-5021,8057
meldung,17,200,-28420,32767,-24336,-5227,-3724,8785
meldung,17,201,-32488,32388,-21712,-6145,-3728,9606
meldung,17,202,-31632,29380,-21960,-6624,-4202,10371
meldung,17,203,-28800,24968,-19732,-6812,-5000,11188
meldung,17,204,-27168,22120,-16864,-6809,-5688,12080
meldung,17,205,-22812,20512,-15220,-7124,-6440,12831
meldung,17,206,-17540,13936,-14044,-7376,-7075,13092
meldung,17,207,-7956,11604,-13888,-7189,-7051,13429
meldung,17,208,-300,8644,-13928,-6719,-6048,13812
meldung,17,209,4304,7032,-13240,-6229,-4611,13838
meldung,17,210,5672,5276,-12904,-6136,-3294,13211
meldung,17,211,6012,2336,-11620,-5997,-2116,11955
meldung,17,212,6372,-1744,-11648,-5558,-1058,10461
meldung,17,213,6812,-3692,-11108,-5176,95,9349
meldung,17,214,6908,-5952,-11000,-4724,1281,8480
meldung,17,215,8644,-7440,-11344,-4143,2629,8031
meldung,17,216,7528,-6880,-11284,-3616,4142,7965
meldung,17,217,5696,-6360,-10568,-3298,5438,7913
meldung,17,218,4044,-6580,-9892,-3105,6562,7900
meldung,17,219,2328,-6692,-8944,-2888,7456,7972
meldung,17,220,1440,-6744,-7404,-2740,8204,8019
meldung,17,221,836,-7748,-5580,-2519,8550,8058
meldung,17,222,508,-7540,-3136,-2494,8665,7601
meldung,17,223,3004,-7348,-1288,-2487,8860,7195
meldung,17,224,4952,-7096,940,-2458,9256,7073
meldung,17,225,3556,-7080,3792,-2446,9402,6946
meldung,17,226,1632,-6636,7432,-2571,8814,6588
meldung,17,227,-1120,-5336,11128,-2831,7661,5423
meldung,17,228,-3372,-5904,13872,-2938,6012,3786
meldung,17,229,-4776,-5780,14960,-2951,4106,1928
meldung,17,230,-3088,-5020,14956,-2734,2105,106
meldung,17,231,-212,-4452,12728,-2194,493,-1182
meldung,17,232,1936,-3100,11208,-1230,-625,-1789
meldung,17,233,4196,-676,9820,-132,-1247,-1845
meldung,17,234,6280,2580,8540,884,-1336,-1543
meldung,17,235,7716,5968,7824,1618,-1084,-1069
meldung,17,236,7356,9472,7372,1999,-801,-663
meldung,17,237,6012,12232,7108,2011,-653,-495
meldung,17,238,5600,15064,6824,1700,-613,-503
meldung,17,239,4848,16820,6532,1177,-612,-533
meldung,17,240,4316,17824,5988,613,-742,-536
meldung,17,241,4164,17924,5944,52,-931,-337
meldung,17,242,4676,17488,5992,-513,-1124,59
meldung,17,243,5532,16460,5856,-1027,-1224,493
meldung,17,244,6660,14384,5860,-1405,-1240,832
meldung,17,245,8008,12400,5756,-1573,-1110,1102
meldung,17,246,8704,11040,6088,-1608,-879,1196
meldung,17,247,9172,9708,6592,-1500,-643,1095
meldung,17,248,9640,8828,6912,-1382,-368,948
meldung,17,249,9728,8384,7524,-1356,-97,773
meldung,17,250,10056,8044,8412,-1343,107,601
meldung,17,251,10088,7456,8720,-1354,328,383
meldung,17,252,9536,7348,9416,-1364,406,85
meldung,17,253,9196,7048,9544,-1364,440,-199
meldung,17,254,8560,6352,9808,-1313,456,-352
meldung,17,255,7948,5820,10108,-1095,384,-330
meldung,17,256,6920,5544,10500,-759,223,-233
meldung,17,257,6956,5784,10488,-437,31,-152
meldung,17,258,7356,6316,10380,-182,-108,-92
meldung,17,259,7928,7400,10100,36,-156,-101
meldung,17,260,8276,8448,9748,148,-190,-207
meldung,17,261,8564,9212,9456,200,-100,-334
meldung,17,262,8812,9720,8968,213,53,-401
meldung,17,263,8764,9880,8592,200,217,-350
meldung,17,264,8352,9912,8400,139,346,-213
meldung,17,265,7512,9812,8656,59,389,-67
meldung,17,266,6484,9696,8720,-77,298,45
meldung,17,267,6148,9512,8884,-208,57,65
meldung,17,268,6716,9176,8904,-337,-98,92
meldung,17,269,7504,9036,8960,-387,-128,98
meldung,17,270,8384,8584,9036,-373,-19,101
meldung,17,271,7940,8564,9208,-280,98,58
meldung,17,272,7512,8300,9084,-217,143,-47
meldung,17,273,6960,8588,9120,-182,107,-136
meldung,17,274,6968,8652,8780,-212,49,-188
meldung,17,275,7200,8752,8756,-257,6,-181
meldung,17,276,7220,8700,8400,-263,-31,-148
meldung,17,277,7424,8848,8440,-293,-73,-157
meldung,17,278,7744,8968,8488,-343,-53,-228
meldung,17,279,7908,8972,8596,-351,42,-269
meldung,17,280,7888,9260,8756,-344,109,-297
meldung,17,281,7392,8948,8816,-317,169,-320
meldung,17,282,6752,8812,8752,-278,164,-337
meldung,17,283,6516,8868,8740,-227,122,-311
meldung,17,284,6640,8820,8632,-198,75,-265
meldung,17,285,6664,8908,8520,-182,16,-210
meldung,17,286,6700,8892,8600,-160,-40,-165
meldung,17,287,6928,8900,8484,-131,-57,-142
meldung,17,288,6856,9012,8608,-123,-87,-149
meldung,17,289,7196,9332,8432,-102,-95,-146
meldung,17,290,7136,9268,8380,-111,-57,-135
meldung,17,291,7056,9356,8448,-127,-76,-133
meldung,17,292,6852,9444,8512,-144,-102,-149
meldung,17,293,7136,9692,8324,-215,-142,-185
meldung,17,294,7712,9456,8196,-294,-152,-201
meldung,17,295,7600,9296,8128,-340,-104,-176
meldung,17,296,7664,8864,8232,-312,-68,-131
meldung,17,297,7832,8740,8392,-246,-17,-62
meldung,17,298,7680,8648,8308,-170,56,-2
meldung,17,299,7804,8876,8508,-118,113,10
meldung,18,0,-8716,11984,-9940,62,134,-351
meldung,18,1,-8588,12444,-9840,9,1,-499
meldung,18,2,-8604,12808,-9660,-124,-61,-617
meldung,18,3,-8872,12772,-9288,-194,-59,-725
meldung,18,4,-10048,12908,-8804,-239,-154,-861
meldung,18,5,-10788,12128,-8872,-263,-415,-992
meldung,18,6,-11476,12168,-9144,-223,-837,-1062
meldung,18,7,-12708,11676,-8064,-272,-1503,-1406
meldung,18,8,-13552,10360,-13960,-805,-2591,-2296
meldung,18,9,-9568,10168,-10160,-1199,-3651,-3427
meldung,18,10,-5704,11628,-5472,-813,-3424,-2811
meldung,18,11,-5852,11124,-8392,-596,-3147,-2213
meldung,18,12,-6568,10888,-9544,-427,-2667,-1982
meldung,18,13,-7688,10136,-9572,-240,-2391,-1771
meldung,18,14,-8548,10336,-10956,144,-2078,-1376
meldung,18,15,-8628,10712,-11400,400,-1669,-937
meldung,18,16,-8076,12048,-11468,497,-1288,-581
meldung,18,17,-7804,13036,-11896,400,-826,-415
meldung,18,18,-7896,13804,-11568,116,-332,-286
meldung,18,19,-7996,14376,-11276,-262,63,-298
meldung,18,20,-7552,13572,-10320,-699,377,-454
meldung,18,21,-6808,12160,-9812,-1017,805,-557
meldung,18,22,-6116,9912,-8460,-1081,1430,-372
meldung,18,23,-7308,7208,-7412,-667,2155,40
meldung,18,24,-10196,6628,-6684,-39,2435,372
meldung,18,25,-11880,7972,-6696,473,2270,403
meldung,18,26,-12400,10104,-7956,584,1942,366
meldung,18,27,-12848,11388,-9196,591,1594,360
meldung,18,28,-13472,12048,-9576,477,1165,384
meldung,18,29,-13720,12016,-9528,342,679,332
meldung,18,30,-12860,11516,-9468,236,275,262
meldung,18,31,-11636,11004,-9124,218,-5,216
meldung,18,32,-10468,10520,-8968,241,-132,197
meldung,18,33,-9512,10524,-8908,298,-135,194
meldung,18,34,-8972,10756,-8848,353,-57,192
meldung,18,35,-8972,10976,-8872,354,19,190
meldung,18,36,-9264,11272,-8524,347,90,170
meldung,18,37,-9644,11316,-8628,307,114,126
meldung,18,38,-9928,11640,-8944,247,120,93
meldung,18,39,-10212,11556,-8864,168,116,45
meldung,18,40,-10364,11372,-8896,102,86,2
meldung,18,41,-10280,11268,-9092,39,58,-50
meldung,18,42,-9956,11128,-9116,-15,40,-97
meldung,18,43,-9852,11008,-9220,-49,68,-120
meldung,18,44,-9844,11000,-9188,-62,96,-143
meldung,18,45,-9636,11060,-9208,-85,131,-143
meldung,18,46,-9684,11188,-9164,-120,162,-141
meldung,18,47,-9592,11160,-9192,-156,199,-147
meldung,18,48,-9584,11180,-8940,-182,282,-130
meldung,18,49,-9584,11184,-8932,-200,340,-141
meldung,18,50,-9552,11248,-9004,-225,412,-196
meldung,18,51,-9480,11276,-9016,-251,531,-231
meldung,18,52,-9452,11564,-9072,-245,697,-285
meldung,18,53,-9828,11612,-9436,-244,928,-313
meldung,18,54,-11700,12748,-8924,-291,1082,-469
meldung,18,55,-13692,13716,-9128,-518,1146,-792
meldung,18,56,-15456,13828,-9832,-747,1248,-988
meldung,18,57,-17608,12592,-11836,-823,1361,-1030
meldung,18,58,-21416,10760,-11108,-485,1231,-524
meldung,18,59,-24652,12592,-10572,-48,1225,446
meldung,18,60,-25384,13260,-14616,409,2208,2232
meldung,18,61,-31648,19144,-3736,1363,1526,6035
meldung,18,62,-32768,27220,-7484,1266,-698,6951
meldung,18,63,-32768,32767,-7604,-211,-2973,6085
meldung,18,64,-32768,32767,-12328,-2447,-4965,6083
meldung,18,65,-28776,32767,-18488,-3682,-5303,6795
meldung,18,66,-25344,31524,-23604,-4204,-4700,7586
meldung,18,67,-24808,30556,-27616,-4515,-3539,8262
meldung,18,68,-25940,32080,-29012,-4519,-2567,8961
meldung,18,69,-26580,32767,-28864,-4963,-1919,9620
meldung,18,70,-26980,32767,-29188,-5705,-1760,10204
meldung,18,71,-26036,32767,-29032,-6745,-2032,10751
meldung,18,72,-22592,32496,-29144,-8235,-2531,11067
meldung,18,73,-19084,30448,-27844,-9602,-2792,11505
meldung,18,74,-15060,26864,-26528,-10930,-2908,11889
meldung,18,75,-11664,22384,-25164,-12243,-2940,11979
meldung,18,76,-8504,16256,-24476,-13160,-2903,11849
meldung,18,77,-4668,9864,-23024,-13796,-2677,11612
meldung,18,78,-2864,1656,-22320,-13795,-2292,11381
meldung,18,79,-1060,-5680,-20400,-12884,-1820,10872
meldung,18,80,1372,-12316,-18648,-11319,-1246,10565
meldung,18,81,2228,-16216,-15592,-9305,-409,10361
meldung,18,82,3756,-17196,-13180,-7451,445,9823
meldung,18,83,6308,-16264,-11336,-5954,1544,9017
meldung,18,84,10244,-15096,-10816,-4975,3091,8268
meldung,18,85,12396,-14456,-11144,-4274,5350,8039
meldung,18,86,13048,-13792,-11016,-3745,7865,8471
meldung,18,87,10016,-13604,-10296,-3202,10381,9390
meldung,18,88,6524,-14008,-9164,-2873,12528,10320
meldung,18,89,1676,-13952,-6244,-2678,13972,11041
meldung,18,90,-4272,-13188,-1452,-2724,14335,11282
meldung,18,91,-6412,-12460,4312,-3313,13641,10895
meldung,18,92,-6420,-12428,10132,-4420,12356,9954
meldung,18,93,-4320,-14100,14312,-5699,10812,8570
meldung,18,94,-5632,-17888,16596,-6605,8890,6649
meldung,18,95,-10060,-25244,22256,-6563,6807,3877
meldung,18,96,-8012,-22616,21784,-5953,3461,1480
meldung,18,97,-4448,-22592,21764,-4252,-52,-1026
meldung,18,98,1340,-19500,17932,-1836,-2209,-3276
meldung,18,99,6816,-14072,14612,494,-3307,-4711
meldung,18,100,9084,-9072,11724,2468,-3075,-5205
meldung,18,101,9296,-4308,9396,4006,-2403,-4918
meldung,18,102,7796,76,7588,5071,-1633,-4064
meldung,18,103,6176,5068,6472,5879,-955,-3075
meldung,18,104,4952,10352,6440,6185,-462,-2182
meldung,18,105,3204,15524,6412,5859,-130,-1479
meldung,18,106,1736,19676,6704,5016,-134,-862
meldung,18,107,1444,22240,7080,3894,-235,-462
meldung,18,108,2128,23128,7392,2602,-429,-135
meldung,18,109,3220,21916,7412,1263,-670,367
meldung,18,110,3624,20536,7868,-77,-901,906
meldung,18,111,3828,17424,8664,-1441,-1136,1203
meldung,18,112,5072,13788,8696,-2486,-1339,1191
meldung,18,113,7248,10368,8948,-3095,-1303,1096
meldung,18,114,9184,7224,9312,-3261,-961,1068
meldung,18,115,9904,5312,9744,-3074,-398,1026
meldung,18,116,9428,4060,10740,-2702,156,835
meldung,18,117,8856,3240,11276,-2285,621,541
meldung,18,118,7592,2480,11932,-1865,915,238
meldung,18,119,6112,2344,12484,-1458,985,-39
meldung,18,120,4788,2500,13204,-1140,889,-212
meldung,18,121,3584,2528,13316,-831,635,-271
meldung,18,122,3180,2716,13312,-527,285,-254
meldung,18,123,3164,3540,13684,-184,14,-185
meldung,18,124,3516,4280,13444,127,-154,-21
meldung,18,125,4032,5416,13000,404,-263,-9
meldung,18,126,4200,6320,12640,554,-398,-80
meldung,18,127,4528,6848,12188,600,-542,-161
meldung,18,128,4676,7292,11620,608,-629,-188
meldung,18,129,5304,7568,11196,544,-683,-159
meldung,18,130,6048,7724,10844,466,-639,-50
meldung,18,131,6772,7780,10548,353,-489,111
meldung,18,132,6820,7812,10536,226,-357,222
meldung,18,133,6684,7616,10740,81,-298,210
meldung,18,134,6680,7076,10540,-66,-235,159
meldung,18,135,6636,6840,10692,-170,-199,65
meldung,18,136,6252,6704,10888,-223,-234,-98
meldung,18,137,6624,6572,10976,-290,-232,-248
meldung,18,138,7092,6376,10776,-315,-144,-307
meldung,18,139,7320,6088,10880,-260,11,-237
meldung,18,140,6920,5748,10828,-179,140,-125
meldung,18,141,6036,5520,10952,-71,150,-56
meldung,18,142,5844,5708,10996,-25,23,-37
meldung,18,143,6176,5932,11040,14,-83,-37
meldung,18,144,6688,5924,10920,34,-119,-45
meldung,18,145,6836,6180,10608,52,-111,-51
meldung,18,146,7076,6596,10576,53,-66,-113
meldung,18,147,7128,6696,10564,36,-5,-205
meldung,18,148,6692,6760,10368,38,77,-252
meldung,18,149,6216,6916,10524,65,70,-243
meldung,18,150,6280,6948,10364,102,70,-158
meldung,18,151,6136,6872,10452,105,99,-55
meldung,18,152,5864,6768,10448,135,85,53
meldung,18,153,5888,6908,10592,146,43,112
meldung,18,154,6180,7112,10508,130,20,79
meldung,18,155,6204,7084,10372,111,8,24
meldung,18,156,6004,7512,10400,86,-2,-47
meldung,18,157,5896,7804,10236,20,-67,-168
meldung,18,158,5912,7776,10068,-40,-133,-243
meldung,18,159,6164,7768,9768,-101,-158,-220
meldung,18,160,6448,7580,9712,-172,-123,-163
meldung,18,161,6640,7368,9904,-250,-62,-95
meldung,18,162,6604,7348,10100,-260,-7,-37
meldung,18,163,6476,6948,10196,-232,33,-7
meldung,18,164,6564,6792,10264,-183,47,6
meldung,18,165,6428,6736,10528,-159,48,-16
meldung,18,166,6516,6920,10408,-132,62,-48
meldung,18,167,6748,6988,10564,-130,81,-84
meldung,18,168,6692,7008,10216,-133,124,-87
meldung,18,169,6484,6920,9956,-126,133,-98
meldung,18,170,6580,7036,10036,-116,117,-111
meldung,18,171,6988,7188,10088,-152,126,-129
meldung,18,172,7092,7024,10020,-193,199,-157
meldung,18,173,7060,6720,10212,-229,223,-195
meldung,18,174,6852,6780,10292,-263,224,-252
meldung,18,175,6884,6436,10544,-305,194,-371
meldung,18,176,7168,6392,10364,-337,191,-501
meldung,18,177,7412,6216,10212,-320,263,-576
meldung,18,178,7312,5880,10136,-228,334,-566
meldung,18,179,6816,5900,10204,-116,394,-549
meldung,18,180,6484,6408,10124,0,436,-539
meldung,18,181,6384,7108,10152,40,488,-554
meldung,18,182,6284,7760,10316,50,579,-566
meldung,18,183,5976,8340,10516,68,682,-503
meldung,18,184,5272,8404,10324,122,765,-348
meldung,18,185,4348,8768,10748,146,746,-165
meldung,18,186,3576,8940,11048,88,601,-39
meldung,18,187,3288,8956,11292,-33,355,18
meldung,18,188,3364,8736,11492,-218,53,19
meldung,18,189,3984,8152,11376,-374,-218,2
meldung,18,190,5072,7696,11228,-458,-391,-17
meldung,18,191,6044,7204,11080,-477,-452,-20
meldung,18,192,6480,6948,10916,-444,-420,-27
meldung,18,193,6800,6576,11012,-400,-368,-65
meldung,18,194,6764,6380,11088,-345,-315,-112
meldung,18,195,6572,6224,11148,-328,-283,-157
meldung,18,196,6408,6088,11096,-315,-269,-251
meldung,18,197,6272,5660,11044,-302,-311,-344
meldung,18,198,5516,5060,11328,-258,-430,-466
meldung,18,199,4552,3688,10776,-109,-711,-618
meldung,18,200,4880,3228,10784,95,-1021,-722
meldung,18,201,4928,2912,10080,208,-1394,-900
meldung,18,202,4436,1588,9308,286,-1748,-1187
meldung,18,203,4720,696,8252,439,-2276,-1564
meldung,18,204,5468,376,6932,510,-2715,-2081
meldung,18,205,7032,584,5200,470,-3033,-2676
meldung,18,206,7012,-72,3812,351,-3126,-3339
meldung,18,207,6532,-636,2392,275,-3161,-4016
meldung,18,208,5392,-1344,1800,224,-3337,-4715
meldung,18,209,5296,-1492,884,180,-3464,-5289
meldung,18,210,5652,-1824,616,162,-3451,-5670
meldung,18,211,7512,-772,876,195,-3217,-5754
meldung,18,212,8680,964,1500,135,-2671,-5611
meldung,18,213,7140,984,2684,84,-1982,-5359
meldung,18,214,4400,-136,4020,180,-1695,-5170
meldung,18,215,1484,-420,4972,226,-1946,-5117
meldung,18,216,520,308,6212,22,-2653,-5227
meldung,18,217,1600,1304,6752,-473,-3266,-5414
meldung,18,218,4244,2784,7056,-999,-3701,-5542
meldung,18,219,6420,3688,7628,-1520,-3784,-5625
meldung,18,220,7608,2932,7972,-1890,-3537,-5722
meldung,18,221,7608,1688,8336,-1944,-3103,-5884
meldung,18,222,7772,984,9084,-1697,-2900,-6089
meldung,18,223,8820,104,9252,-1316,-2545,-6233
meldung,18,224,9428,-56,9072,-689,-1951,-6261
meldung,18,225,10676,1088,8844,102,-1283,-6145
meldung,18,226,10648,3500,8452,793,-515,-6104
meldung,18,227,9688,4648,8420,1285,247,-6306
meldung,18,228,10708,5584,7884,1734,1090,-6451
meldung,18,229,11104,6016,7196,2363,2204,-6357
meldung,18,230,10340,5408,6004,3238,3508,-6145
meldung,18,231,7268,5456,4828,4389,4657,-5903
meldung,18,232,3368,6720,4748,5510,5398,-5719
meldung,18,233,168,9464,4744,6454,5829,-5585
meldung,18,234,-2012,12100,4348,7157,6025,-5455
meldung,18,235,-3924,14736,3708,7658,6145,-5236
meldung,18,236,-7476,16328,3060,8077,6031,-4970
meldung,18,237,-9992,18268,2268,8363,5461,-4645
meldung,18,238,-10016,18384,748,8525,4862,-4105
meldung,18,239,-8760,18392,-820,8793,4600,-3228
meldung,18,240,-7824,17780,-2376,9182,4673,-2230
meldung,18,241,-8040,16912,-3888,9720,4750,-1526
meldung,18,242,-7976,16032,-5712,10519,4734,-1232
meldung,18,243,-10684,15244,-7252,11452,4350,-1403
meldung,18,244,-6228,13984,-4744,11449,3550,-1550
meldung,18,245,-14280,20704,-11564,11899,3749,-2114
meldung,18,246,-13804,20940,-12768,11725,3028,-2804
meldung,18,247,-14068,20684,-16908,11569,2603,-3305
meldung,18,248,-12788,22312,-19548,11888,2324,-3450
meldung,18,249,-12932,24452,-21760,11697,2393,-3202
meldung,18,250,-13148,26224,-23396,11118,2352,-2805
meldung,18,251,-14024,28968,-24076,9977,2170,-2270
meldung,18,252,-14684,31184,-24400,8418,1763,-1832
meldung,18,253,-15844,32132,-23424,6507,1199,-1662
meldung,18,254,-14476,32767,-21616,4233,240,-1567
meldung,18,255,-14440,32368,-19860,1808,-572,-1397
meldung,18,256,-14284,29624,-17576,-345,-1553,-1207
meldung,18,257,-13756,25864,-15484,-2023,-2596,-1127
meldung,18,258,-11552,21604,-13264,-3255,-3388,-1142
meldung,18,259,-9076,17608,-11304,-3960,-3744,-1009
meldung,18,260,-7544,14308,-9212,-4075,-3809,-849
meldung,18,261,-6400,11880,-7164,-3930,-3706,-878
meldung,18,262,-5304,10440,-5656,-3639,-3473,-1191
meldung,18,263,-3640,8956,-4528,-3199,-3181,-1483
meldung,18,264,-2452,7584,-4360,-2523,-2418,-1647
meldung,18,265,-2176,7332,-4232,-1705,-1415,-1771
meldung,18,266,-3088,7220,-4052,-831,-396,-1616
meldung,18,267,-4832,7432,-3688,81,554,-1368
meldung,18,268,-7460,9244,-4656,905,1453,-1015
meldung,18,269,-12004,9716,-5508,1570,1963,-910
meldung,18,270,-13984,11936,-7048,2079,2138,-882
meldung,18,271,-13708,14324,-8256,2227,1883,-891
meldung,18,272,-12556,15608,-9008,2031,1571,-1027
meldung,18,273,-13004,16372,-8884,1756,1066,-1005
meldung,18,274,-11176,16248,-11092,1287,547,-1024
meldung,18,275,-10764,14604,-8196,721,198,-1210
meldung,18,276,-9196,13544,-10668,378,-277,-1116
meldung,18,277,-10812,14896,-14520,-327,-2145,-1046
meldung,18,278,-11804,12052,-2496,-428,-2634,-1566
meldung,18,279,-8448,10200,-5500,-539,-3528,-2061
meldung,18,280,-6664,10304,-9120,-300,-3466,-2288
meldung,18,281,-5256,10444,-10852,-177,-3915,-2363
meldung,18,282,-2620,11200,-8844,-104,-3252,-2470
meldung,18,283,-2548,11648,-10884,-110,-2483,-2409
meldung,18,284,-3596,11584,-13224,-156,-1713,-2461
meldung,18,285,-2812,12180,-13576,-196,-810,-2526
meldung,18,286,-3280,12856,-13704,-337,132,-2475
meldung,18,287,-5636,13100,-13276,-436,1145,-2267
meldung,18,288,-8000,13640,-12320,-663,1862,-2103
meldung,18,289,-10240,13740,-11920,-1126,2254,-2126
meldung,18,290,-12404,12872,-10772,-1629,2438,-2132
meldung,18,291,-13572,10648,-8276,-1839,2363,-2108
meldung,18,292,-12232,7924,-10088,-1667,2465,-1890
meldung,18,293,-11168,6812,-7716,-1155,2475,-1325
meldung,18,294,-10412,4772,-4788,-469,2437,-721
meldung,18,295,-13020,3564,-7644,677,1922,248
meldung,18,296,-13948,6764,-6272,1557,1360,1043
meldung,18,297,-11068,12828,-7084,1198,1097,908
meldung,18,298,-8912,12516,-7696,700,874,837
meldung,18,299,-9900,11716,-7724,685,909,1134
meldung,19,0,-8756,10916,-11548,-144,-32,-217
meldung,19,1,-9424,10940,-12024,-101,23,-372
meldung,19,2,-10048,10664,-12704,-76,100,-638
meldung,19,3,-11408,11540,-13080,-57,31,-942
meldung,19,4,-11944,11696,-13400,-124,-18,-1283
meldung,19,5,-11648,11972,-14188,-150,-96,-1618
meldung,19,6,-11612,12884,-12804,-22,-78,-1936
meldung,19,7,-11656,10780,-13564,69,210,-2140
meldung,19,8,-12184,10568,-12528,223,345,-2174
meldung,19,9,-10588,10632,-12868,225,412,-1964
meldung,19,10,-9188,12220,-11564,561,180,-1636
meldung,19,11,-10860,10628,-14220,365,817,-756
meldung,19,12,-10572,14016,-16000,-30,1147,571
meldung,19,13,-13044,12884,-12328,-48,1140,720
meldung,19,14,-12660,16208,-4056,388,2251,1929
meldung,19,15,-18404,17088,-12620,-866,755,2193
meldung,19,16,-19664,15236,-11204,-1865,-459,1420
meldung,19,17,-20080,15008,-11908,-2608,-1391,1590
meldung,19,18,-20092,15000,-14680,-2808,-1929,2327
meldung,19,19,-22280,16356,-17396,-2987,-2199,2926
meldung,19,20,-25052,18948,-20844,-2911,-2527,3458
meldung,19,21,-28764,21608,-25960,-2794,-2739,3728
meldung,19,22,-31656,27852,-32120,-3029,-2977,4282
meldung,19,23,-29464,32767,-32768,-3859,-2709,5679
meldung,19,24,-28392,32767,-32768,-5555,-1686,7471
meldung,19,25,-27232,32767,-32768,-6972,-746,8829
meldung,19,26,-30000,32767,-32216,-8130,-214,9570
meldung,19,27,-31880,32767,-28172,-9275,-464,10222
meldung,19,28,-31940,29616,-23492,-9856,-1306,11278
meldung,19,29,-28864,25980,-21060,-10201,-2477,12717
meldung,19,30,-23768,23012,-17076,-10192,-3355,13640
meldung,19,31,-17112,21844,-18196,-10488,-4013,13849
meldung,19,32,-9316,21008,-15072,-10758,-3960,14082
meldung,19,33,-3048,20228,-13444,-11265,-3046,14375
meldung,19,34,-616,15452,-13732,-11504,-1961,14570
meldung,19,35,-2336,9680,-12116,-11958,-1114,14200
meldung,19,36,-2580,2304,-12324,-12371,-365,13661
meldung,19,37,-4360,-5888,-13196,-12309,184,13146
meldung,19,38,-5088,-11936,-13456,-11870,528,12355
meldung,19,39,-4048,-16724,-14268,-11227,1119,11254
meldung,19,40,-1400,-19404,-12916,-10651,1983,10094
meldung,19,41,2504,-22908,-15152,-10209,3689,9090
meldung,19,42,4356,-27164,-15488,-9523,5865,8859
meldung,19,43,3172,-30268,-15612,-8383,8128,9111
meldung,19,44,2464,-32768,-13536,-7114,9953,10120
meldung,19,45,388,-32768,-8712,-5821,11464,11885
meldung,19,46,1108,-29888,-1944,-4894,12730,13499
meldung,19,47,-6536,-31248,7804,-4732,12792,14737
meldung,19,48,-10396,-32164,16616,-4694,11286,13938
meldung,19,49,-17424,-32768,22728,-4430,7628,11022
meldung,19,50,-16396,-32768,23932,-3401,2732,6081
meldung,19,51,-9680,-32744,21432,-1251,-2574,796
meldung,19,52,3184,-23184,14292,1100,-6089,-3471
meldung,19,53,12084,-15404,6484,2937,-7205,-5988
meldung,19,54,18868,-7660,1860,4377,-7056,-7095
meldung,19,55,23956,-2564,-1620,5722,-5470,-6968
meldung,19,56,25980,3816,-2612,7238,-3049,-5878
meldung,19,57,23716,9668,-3048,8177,-322,-4448
meldung,19,58,18112,14492,-2908,8252,2382,-3097
meldung,19,59,13572,19668,-960,7600,4089,-1705
meldung,19,60,6476,22072,484,6404,4885,-643
meldung,19,61,132,24028,3328,4777,4519,70
meldung,19,62,-3244,25184,6080,2666,3446,535
meldung,19,63,-2952,23840,8512,385,1990,788
meldung,19,64,-784,21104,9256,-1580,712,813
meldung,19,65,1728,17188,9264,-3115,-283,1017
meldung,19,66,4164,13236,9384,-4122,-782,1115
meldung,19,67,6460,9584,9288,-4529,-958,986
meldung,19,68,8492,6588,9496,-4472,-840,758
meldung,19,69,9652,4240,9772,-4158,-548,662
meldung,19,70,9428,1788,10412,-3678,-221,686
meldung,19,71,8304,128,11160,-3033,-26,683
meldung,19,72,7084,-256,12312,-2356,-115,601
meldung,19,73,6376,-192,13012,-1750,-322,418
meldung,19,74,6428,88,13368,-1243,-590,132
meldung,19,75,6936,1036,13032,-786,-817,-173
meldung,19,76,8212,2456,12604,-400,-912,-336
meldung,19,77,8728,3996,11840,-116,-871,-368
meldung,19,78,9040,5308,11204,19,-778,-350
meldung,19,79,9532,6200,10644,76,-670,-313
meldung,19,80,10280,6924,10188,60,-522,-269
meldung,19,81,10496,7432,9828,-29,-336,-167
meldung,19,82,10268,7624,9756,-173,-175,-216
meldung,19,83,10228,7532,9684,-354,-100,-256
meldung,19,84,9764,6852,10012,-548,-49,-228
meldung,19,85,9352,6120,10328,-696,-34,-237
meldung,19,86,9492,5444,10344,-784,-18,-333
meldung,19,87,9776,5056,10592,-781,95,-439
meldung,19,88,9760,4328,10848,-662,292,-483
meldung,19,89,9612,4040,10592,-474,550,-443
meldung,19,90,8992,4040,10576,-189,786,-364
meldung,19,91,8612,3840,10852,59,988,-278
meldung,19,92,8160,4092,10836,305,1150,-114
meldung,19,93,6836,4660,10868,461,1199,-17
meldung,19,94,5716,5144,11292,515,1050,26
meldung,19,95,5120,5536,11276,480,754,-11
meldung,19,96,5252,6120,11048,341,449,-100
meldung,19,97,6104,6332,10920,182,218,-186
meldung,19,98,6744,6464,10820,32,74,-229
meldung,19,99,7212,6368,10612,-78,13,-240
meldung,19,100,7560,6312,10368,-180,21,-223
meldung,19,101,7560,5888,10344,-236,9,-226
meldung,19,102,7696,5800,10484,-248,11,-235
meldung,19,103,7828,5388,10488,-221,45,-205
meldung,19,104,8012,5260,10536,-145,86,-130
meldung,19,105,7748,5172,10524,-43,145,-29
meldung,19,106,7572,5192,10464,54,158,49
meldung,19,107,7432,5160,10284,132,136,92
meldung,19,108,7448,5588,10428,166,98,116
meldung,19,109,7776,5788,10420,162,102,107
meldung,19,110,8024,5928,10252,133,179,95
meldung,19,111,8112,5940,10224,120,246,103
meldung,19,112,7648,5960,10312,106,294,91
meldung,19,113,7488,6100,10320,86,304,92
meldung,19,114,7076,6152,10452,43,252,44
meldung,19,115,7056,6416,10408,-40,174,-5
meldung,19,116,7240,6432,10440,-112,128,-37
meldung,19,117,7440,6496,10588,-183,89,-61
meldung,19,118,7604,6376,10684,-214,100,-73
meldung,19,119,7544,6160,10688,-219,100,-60
meldung,19,120,7396,5948,10664,-193,106,-28
meldung,19,121,7572,5728,10812,-138,105,41
meldung,19,122,7388,5740,10760,-69,127,101
meldung,19,123,7572,5984,10868,-43,129,128
meldung,19,124,7364,6008,10760,-36,117,113
meldung,19,125,7560,6160,10960,-66,99,80
meldung,19,126,7644,5968,10856,-83,85,93
meldung,19,127,7576,5672,10748,-79,78,135
meldung,19,128,7704,5640,10696,-68,69,153
meldung,19,129,7932,5356,10428,-26,62,134
meldung,19,130,8140,5740,10752,1,78,91
meldung,19,131,7968,5960,10548,-9,73,22
meldung,19,132,8004,6248,10492,-44,60,-29
meldung,19,133,8496,6112,10544,-88,83,-45
meldung,19,134,8560,6060,10404,-117,158,-7
meldung,19,135,8184,5752,10480,-130,180,-16
meldung,19,136,7908,5492,10592,-102,160,-2
meldung,19,137,7672,5264,10696,-34,127,34
meldung,19,138,7804,5368,11024,15,76,75
meldung,19,139,8020,5444,10676,57,43,85
meldung,19,140,8176,5740,10700,63,34,45
meldung,19,141,8068,5948,10756,71,27,-26
meldung,19,142,8148,6232,10436,47,43,-71
meldung,19,143,7976,6228,10452,39,52,-50
meldung,19,144,8036,5892,10508,50,106,28
meldung,19,145,7852,6128,10396,73,127,88
meldung,19,146,7552,6188,10484,77,103,110
meldung,19,147,7256,6084,10544,47,1,37
meldung,19,148,7468,6216,10520,3,-99,-45
meldung,19,149,7868,6100,10572,-33,-139,-73
meldung,19,150,7888,6076,10264,-40,-159,-65
meldung,19,151,7720,6008,10376,-15,-157,-54
meldung,19,152,7960,5812,10464,3,-152,-44
meldung,19,153,7908,5844,10352,33,-134,-35
meldung,19,154,8004,6012,10236,52,-103,-18
meldung,19,155,8256,6108,10148,66,-33,15
meldung,19,156,8220,6068,9952,79,60,49
meldung,19,157,7880,6296,10036,92,94,59
meldung,19,158,7348,6136,10224,89,93,63
meldung,19,159,6844,6028,10212,72,-20,60
meldung,19,160,7020,6032,10292,60,-180,70
meldung,19,161,7480,5924,10220,11,-306,59
meldung,19,162,8220,6092,10084,-31,-341,20
meldung,19,163,8644,5960,9788,-41,-297,-38
meldung,19,164,9224,6184,9692,-27,-150,-102
meldung,19,165,9112,6236,9668,12,39,-105
meldung,19,166,8844,6528,9728,-4,169,-87
meldung,19,167,8020,6496,9916,-45,251,-88
meldung,19,168,7760,6504,9856,-128,247,-117
meldung,19,169,7900,6548,9852,-188,228,-126
meldung,19,170,7740,6252,10028,-225,197,-95
meldung,19,171,7604,5984,10144,-201,163,-72
meldung,19,172,7588,5748,10244,-163,138,-44
meldung,19,173,7640,5908,10556,-143,110,-25
meldung,19,174,7736,6000,10632,-133,118,-17
meldung,19,175,7732,5956,10560,-96,152,5
meldung,19,176,7644,6272,10552,-70,152,19
meldung,19,177,7488,6304,10684,-96,133,6
meldung,19,178,7528,6376,10452,-132,80,-22
meldung,19,179,7584,6176,10552,-180,51,-44
meldung,19,180,7896,5984,10312,-218,21,-51
meldung,19,181,8108,5804,10204,-199,25,-54
meldung,19,182,8264,5824,10380,-157,65,-55
meldung,19,183,8248,5892,10208,-126,121,-60
meldung,19,184,8060,6136,10264,-101,158,-33
meldung,19,185,7820,6036,10524,-66,167,-8
meldung,19,186,7620,5984,10500,-58,143,17
meldung,19,187,7736,5900,10572,-46,112,15
meldung,19,188,8132,5972,10176,-35,130,19
meldung,19,189,8244,6064,10360,-16,150,26
meldung,19,190,7928,6128,10528,-16,189,-1
meldung,19,191,7716,6280,10344,-52,167,-78
meldung,19,192,7888,6328,10472,-104,155,-112
meldung,19,193,7780,6104,10524,-135,149,-115
meldung,19,194,7480,5876,10572,-115,126,-95
meldung,19,195,7644,5820,10680,-83,85,-109
meldung,19,196,7636,6180,10700,-47,56,-118
meldung,19,197,7800,6108,10580,-36,74,-105
meldung,19,198,7748,6256,10144,-22,102,-77
meldung,19,199,7564,6336,10300,-8,111,-43
meldung,19,200,7548,6464,10248,-12,91,-39
meldung,19,201,7680,6516,10156,-38,95,-41
meldung,19,202,7636,6388,10108,-61,99,-44
meldung,19,203,7688,6508,10204,-64,104,-46
meldung,19,204,7828,6344,10056,-78,123,-43
meldung,19,205,7904,6312,10120,-86,152,-45
meldung,19,206,7688,6272,10072,-84,163,-73
meldung,19,207,7912,6268,10072,-83,181,-79
meldung,19,208,7924,6376,9968,-79,234,-53
meldung,19,209,7744,6484,10020,-67,262,-42
meldung,19,210,7572,6424,10076,-55,274,-11
meldung,19,211,7272,6400,10028,-67,249,-9
meldung,19,212,7244,6512,10088,-80,205,-6
meldung,19,213,7536,6616,10272,-108,186,-7
meldung,19,214,7352,6732,10380,-134,224,11
meldung,19,215,7404,6488,10396,-156,229,30
meldung,19,216,7284,6464,10404,-145,210,49
meldung,19,217,7208,6244,10548,-149,162,50
meldung,19,218,7156,6088,10668,-153,116,30
meldung,19,219,7360,6104,10700,-136,94,18
meldung,19,220,7612,6348,10660,-152,63,-13
meldung,19,221,7680,6360,10532,-171,70,-42
meldung,19,222,7696,6416,10400,-182,77,-54
meldung,19,223,7420,6232,10532,-185,61,-62
meldung,19,224,7512,6096,10520,-184,44,-41
meldung,19,225,7760,6052,10472,-199,36,-46
meldung,19,226,7828,5780,10368,-174,75,-29
meldung,19,227,7744,5808,10684,-147,103,-44
meldung,19,228,7700,5868,10588,-112,121,-60
meldung,19,229,7512,5852,10492,-103,144,-61
meldung,19,230,7592,5876,10692,-88,155,-30
meldung,19,231,7436,6044,10764,-81,174,9
meldung,19,232,7216,6132,10776,-93,135,-12
meldung,19,233,7136,6232,10852,-118,98,-61
meldung,19,234,7300,6268,10892,-142,69,-90
meldung,19,235,7336,6004,10832,-152,55,-97
meldung,19,236,7488,5980,10752,-133,49,-70
meldung,19,237,7400,5776,10832,-98,52,-42
meldung,19,238,7544,5876,10716,-73,66,-17
meldung,19,239,7520,5988,10836,-40,107,-10
meldung,19,240,7660,6120,10500,-25,156,-12
meldung,19,241,7196,6392,10564,-36,147,-50
meldung,19,242,6976,6316,10684,-89,106,-99
meldung,19,243,6992,6236,10508,-137,49,-100
meldung,19,244,7280,6120,10380,-153,39,-67
meldung,19,245,7432,6000,10372,-144,39,-43
meldung,19,246,7496,5964,10376,-124,65,-30
meldung,19,247,7312,5924,10432,-112,65,-51
meldung,19,248,7472,6040,10324,-140,51,-98
meldung,19,249,7848,6036,10240,-154,73,-144
meldung,19,250,7816,6160,10292,-186,109,-176
meldung,19,251,7768,5876,10252,-217,138,-218
meldung,19,252,7644,5728,10208,-229,97,-291
meldung,19,253,7552,5444,10264,-261,33,-386
meldung,19,254,7828,5048,10032,-307,-75,-506
meldung,19,255,8244,4652,9828,-386,-177,-658
meldung,19,256,8468,3992,9624,-446,-313,-874
meldung,19,257,8348,2744,9068,-441,-442,-1135
meldung,19,258,8708,1680,7816,-323,-641,-1480
meldung,19,259,8168,-76,7168,-73,-771,-1821
meldung,19,260,7956,-1120,6036,324,-993,-2151
meldung,19,261,6944,-2604,4452,748,-1202,-2588
meldung,19,262,6012,-2984,2820,1207,-1553,-3135
meldung,19,263,5180,-2424,1312,1424,-1980,-3778
meldung,19,264,4784,-1920,508,1323,-2341,-4621
meldung,19,265,4952,-956,340,821,-2587,-5464
meldung,19,266,4664,76,288,-42,-2587,-6096
meldung,19,267,3072,-3084,1536,-659,-2617,-6657
meldung,19,268,960,-5280,2084,-951,-2884,-7127
meldung,19,269,652,-7272,3328,-1041,-3315,-7223
meldung,19,270,1972,-7688,3924,-891,-3671,-6991
meldung,19,271,4036,-6796,5944,-890,-3666,-6617
meldung,19,272,5184,-5576,7556,-954,-3461,-6380
meldung,19,273,5344,-5536,9208,-982,-3097,-6358
meldung,19,274,5820,-5492,10232,-804,-3067,-6440
meldung,19,275,6484,-5352,11628,-519,-3118,-6616
meldung,19,276,7652,-4632,11960,-78,-3058,-6717
meldung,19,277,9376,-3388,12596,332,-2661,-6773
meldung,19,278,9572,-2304,12268,940,-2235,-6822
meldung,19,279,9272,-556,12220,1379,-1787,-7004
meldung,19,280,9296,2172,12440,1528,-1375,-7352
meldung,19,281,10060,2812,12124,1507,-703,-7755
meldung,19,282,10036,1788,11360,1843,206,-8011
meldung,19,283,9268,-32,10288,2665,1194,-8097
meldung,19,284,8452,-1440,9192,3964,2410,-7964
meldung,19,285,6804,-2220,7128,5812,3608,-7762
meldung,19,286,6108,-2608,3436,7936,4980,-7550
meldung,19,287,4104,-1764,-1136,10411,6660,-7211
meldung,19,288,988,28,-5688,12975,8199,-6783
meldung,19,289,-2956,2400,-11536,15431,9546,-6195
meldung,19,290,-11040,7588,-15524,17665,10104,-5613
meldung,19,291,-15104,13204,-18904,18986,9653,-5089
meldung,19,292,-19252,19716,-22244,19428,8895,-4312
meldung,19,293,-24520,27660,-21436,18760,7094,-3853
meldung,19,294,-22188,31580,-21504,16637,4981,-3157
meldung,19,295,-19448,32636,-22368,14150,3250,-2252
meldung,19,296,-18096,32204,-22032,11961,1786,-1549
meldung,19,297,-12540,26504,-14776,9495,54,-1065
meldung,19,298,-22784,32767,-22064,8358,-911,-1113
meldung,19,299,-19756,30868,-19232,5980,-2824,-1722
meldung,20,0,-5580,12728,-11040,-54,-123,102
meldung,20,1,-5628,12752,-11060,-52,-120,100
meldung,20,2,-5792,12656,-11052,-52,-120,101
meldung,20,3,-5668,12780,-11088,-51,-132,100
meldung,20,4,-5560,12860,-11040,-45,-133,102
meldung,20,5,-5536,12704,-11112,-56,-130,98
meldung,20,6,-5636,12772,-11172,-53,-127,96
meldung,20,7,-5444,12796,-11172,-59,-116,89
meldung,20,8,-5588,12812,-11120,-50,-102,82
meldung,20,9,-5648,12916,-10876,-72,-103,76
meldung,20,10,-5564,12896,-10992,-70,-104,60
meldung,20,11,-5512,12892,-10992,-74,-98,45
meldung,20,12,-5524,12832,-10976,-68,-82,30
meldung,20,13,-5456,12912,-11192,-81,-68,15
meldung,20,14,-5544,12808,-11092,-76,-47,1
meldung,20,15,-5524,12916,-10968,-81,-35,-15
meldung,20,16,-5452,12952,-11044,-87,-23,-21
meldung,20,17,-5400,12824,-10884,-91,-14,-29
meldung,20,18,-5356,12868,-10916,-109,-2,-36
meldung,20,19,-5308,12800,-10884,-109,7,-42
meldung,20,20,-5344,12748,-10964,-116,30,-44
meldung,20,21,-5316,12836,-10824,-125,40,-54
meldung,20,22,-5256,12840,-11016,-130,49,-58
meldung,20,23,-5536,12824,-11008,-134,63,-61
meldung,20,24,-5432,12844,-10936,-147,68,-71
meldung,20,25,-5392,12836,-11076,-139,74,-74
meldung,20,26,-5412,12856,-11116,-150,92,-82
meldung,20,27,-5448,12804,-11012,-155,99,-93
meldung,20,28,-5352,12928,-10976,-150,102,-99
meldung,20,29,-5564,12768,-11076,-154,104,-100
meldung,20,30,-5520,12900,-11068,-153,109,-114
meldung,20,31,-5508,12928,-11208,-152,113,-121
meldung,20,32,-5532,12708,-10980,-149,111,-133
meldung,20,33,-5424,12664,-11152,-153,121,-137
meldung,20,34,-5484,12708,-11180,-151,127,-141
meldung,20,35,-5436,12772,-11080,-155,126,-142
meldung,20,36,-5516,12696,-11180,-157,132,-140
meldung,20,37,-5444,12824,-11156,-156,137,-131
meldung,20,38,-5456,12824,-11084,-164,137,-131
meldung,20,39,-5480,12868,-11224,-170,134,-132
meldung,20,40,-5472,12800,-11228,-179,126,-127
meldung,20,41,-5520,12808,-11152,-187,131,-125
meldung,20,42,-5572,12768,-11248,-187,125,-125
meldung,20,43,-5500,12812,-11020,-192,120,-131
meldung,20,44,-5468,12680,-11212,-187,120,-126
meldung,20,45,-5508,12752,-11068,-182,102,-118
meldung,20,46,-5524,12544,-11136,-185,92,-115
meldung,20,47,-5532,12712,-11088,-187,79,-111
meldung,20,48,-5544,12700,-11068,-178,72,-110
meldung,20,49,-5584,12696,-11068,-170,57,-95
meldung,20,50,-5576,12764,-11292,-165,50,-99
meldung,20,51,-5716,12828,-11116,-163,33,-101
meldung,20,52,-5592,12664,-11200,-156,10,-95
meldung,20,53,-5648,12684,-11136,-147,2,-95
meldung,20,54,-5556,12700,-11116,-143,-6,-85
meldung,20,55,-5652,12800,-10952,-136,-12,-85
meldung,20,56,-5576,12776,-11168,-133,-29,-77
meldung,20,57,-5556,12756,-10972,-133,-44,-64
meldung,20,58,-5560,12680,-10884,-126,-49,-63
meldung,20,59,-5636,12676,-11128,-125,-52,-57
meldung,20,60,-5664,12796,-11024,-114,-48,-60
meldung,20,61,-5616,12748,-11096,-110,-55,-57
meldung,20,62,-5636,12732,-11120,-111,-53,-59
meldung,20,63,-5496,12768,-10844,-102,-52,-56
meldung,20,64,-5664,12816,-10932,-105,-53,-65
meldung,20,65,-5580,12736,-10988,-109,-54,-63
meldung,20,66,-5620,12832,-10936,-120,-60,-58
meldung,20,67,-5696,12812,-11048,-124,-57,-65
meldung,20,68,-5636,12880,-11032,-129,-68,-67
meldung,20,69,-5592,12720,-10956,-138,-65,-70
meldung,20,70,-5548,12820,-11052,-145,-63,-76
meldung,20,71,-5624,12736,-10988,-156,-56,-85
meldung,20,72,-5664,12868,-10948,-162,-42,-105
meldung,20,73,-5840,12848,-10980,-164,-49,-110
meldung,20,74,-6104,13052,-11144,-175,-83,-147
meldung,20,75,-6292,13108,-11492,-170,-114,-194
meldung,20,76,-6468,13048,-11676,-158,-102,-283
meldung,20,77,-6944,13304,-12396,-104,-77,-409
meldung,20,78,-8096,13660,-12836,-54,-39,-598
meldung,20,79,-8932,14416,-13904,-42,-3,-870
meldung,20,80,-9216,15176,-14796,-85,301,-1067
meldung,20,81,-12264,15652,-15272,-217,520,-1111
meldung,20,82,-13872,15064,-15228,-480,601,-944
meldung,20,83,-13460,13372,-13260,-872,1893,-1137
meldung,20,84,-17052,18120,-12648,-946,1540,-262
meldung,20,85,-16336,16760,-11812,-539,2337,1067
meldung,20,86,-21512,21416,-18012,-1000,3070,2823
meldung,20,87,-28812,23676,-12816,-1082,2485,4404
meldung,20,88,-31824,20756,-8348,-2079,430,3749
meldung,20,89,-32184,23888,-13560,-2583,-1392,3644
meldung,20,90,-29160,26792,-19976,-2737,-2805,4316
meldung,20,91,-25888,28968,-27808,-3295,-3091,5394
meldung,20,92,-23804,32767,-32768,-3927,-3096,6764
meldung,20,93,-20392,32767,-32768,-4567,-2512,8232
meldung,20,94,-18220,32767,-32768,-5814,-1386,9354
meldung,20,95,-18108,32767,-32768,-7244,-548,10403
meldung,20,96,-20820,32767,-32768,-8984,-591,10911
meldung,20,97,-20204,32767,-31884,-10355,-1078,11255
meldung,20,98,-18128,29580,-29460,-11182,-1632,11873
meldung,20,99,-13464,24892,-26112,-12062,-2005,12853
meldung,20,100,-9808,19704,-23252,-12768,-2199,13608
meldung,20,101,-5484,13472,-21052,-13381,-2081,14039
meldung,20,102,-2656,6508,-19084,-13739,-1638,14261
meldung,20,103,-968,284,-17708,-13808,-1016,14394
meldung,20,104,-2272,-5248,-14988,-13514,-419,14262
meldung,20,105,-3840,-12180,-13976,-12912,-140,13461
meldung,20,106,-5840,-18936,-11772,-11763,-92,11776
meldung,20,107,-6016,-26320,-10300,-10128,-618,9668
meldung,20,108,-1816,-28960,-8292,-8240,-1125,8040
meldung,20,109,4740,-30984,-7524,-6381,-590,7594
meldung,20,110,10848,-30168,-6864,-4496,1287,8283
meldung,20,111,14600,-28288,-5652,-2862,3957,9348
meldung,20,112,16372,-25468,-4456,-1609,6901,10320
meldung,20,113,15488,-21948,-1776,-689,9718,10842
meldung,20,114,13340,-18040,2584,-336,11792,10867
meldung,20,115,10008,-16412,7024,-494,12950,10306
meldung,20,116,3960,-16264,12016,-934,13084,9213
meldung,20,117,-1000,-15920,15992,-1640,11813,7670
meldung,20,118,-5380,-16640,19760,-2183,9428,5733
meldung,20,119,-8004,-16588,19828,-2498,6363,3434
meldung,20,120,-7096,-16448,18112,-2597,2989,1170
meldung,20,121,-3260,-15576,15044,-2260,43,-545
meldung,20,122,1296,-13996,10456,-1496,-2197,-1722
meldung,20,123,8148,-10188,6972,-446,-3497,-2052
meldung,20,124,14144,-6632,4116,655,-3637,-1921
meldung,20,125,18484,-3156,2564,1727,-3008,-1481
meldung,20,126,20676,548,2072,2518,-1834,-1120
meldung,20,127,20864,4392,2600,2943,-475,-808
meldung,20,128,19476,7528,3696,2934,781,-763
meldung,20,129,16936,9592,4300,2571,1852,-888
meldung,20,130,13480,10564,5128,2024,2517,-1055
meldung,20,131,9544,10892,6184,1350,2702,-1236
meldung,20,132,6596,11156,7120,660,2394,-1293
meldung,20,133,5804,10416,7392,-40,1924,-1055
meldung,20,134,6224,8760,7584,-590,1514,-384
meldung,20,135,6824,7620,8412,-968,1272,497
meldung,20,136,7648,6268,8952,-1170,1083,1269
meldung,20,137,7260,1872,10956,-1086,1098,1388
meldung,20,138,9044,1484,10312,-1602,652,2022
meldung,20,139,8116,4228,10916,-2015,824,1255
meldung,20,140,9608,1512,10504,-1988,416,536
meldung,20,141,10420,2096,10508,-1737,298,-21
meldung,20,142,11364,1684,10720,-1587,333,-420
meldung,20,143,11732,1128,10784,-1457,568,-582
meldung,20,144,11880,812,10924,-1226,875,-490
meldung,20,145,11044,480,11152,-798,1132,-224
meldung,20,146,9276,820,11572,-371,1180,42
meldung,20,147,8544,1300,12124,-87,1137,238
meldung,20,148,7828,1960,12584,158,1016,342
meldung,20,149,7624,2820,12552,329,796,307
meldung,20,150,7448,3448,12376,365,554,170
meldung,20,151,7116,4076,12028,311,252,23
meldung,20,152,7268,4260,11672,232,-46,-93
meldung,20,153,8084,4324,11284,164,-248,-91
meldung,20,154,8936,4484,10852,89,-323,10
meldung,20,155,9796,3988,10560,13,-226,132
meldung,20,156,10156,3976,10684,-5,-79,242
meldung,20,157,10280,3440,10568,-28,112,242
meldung,20,158,9948,3348,10828,-52,238,150
meldung,20,159,9424,2872,10800,-71,303,24
meldung,20,160,8960,2612,10860,-42,274,-98
meldung,20,161,8768,2336,10728,38,226,-128
meldung,20,162,8824,2284,10736,119,226,-77
meldung,20,163,9200,2172,10716,224,255,19
meldung,20,164,9028,2316,10776,356,344,131
meldung,20,165,8644,2864,10728,477,416,184
meldung,20,166,8076,3484,10992,513,389,126
meldung,20,167,7960,4180,10856,467,326,2
meldung,20,168,7996,4472,10648,369,270,-98
meldung,20,169,7976,4592,10588,268,226,-121
meldung,20,170,8084,4484,10468,181,180,-63
meldung,20,171,8000,4100,10216,115,136,9
meldung,20,172,8096,3928,10312,84,89,76
meldung,20,173,8436,4504,9808,-68,53,90
meldung,20,174,8412,3548,9980,74,62,115
meldung,20,175,8520,3960,10668,121,105,161
meldung,20,176,8472,4348,10428,48,106,91
meldung,20,177,8644,4280,10196,62,170,99
meldung,20,178,8080,4344,10200,53,170,67
meldung,20,179,8020,5008,10288,-86,97,5
meldung,20,180,8344,4764,10200,-163,46,-42
meldung,20,181,8852,4612,9940,-244,78,-105
meldung,20,182,8876,4500,10236,-360,126,-71
meldung,20,183,9132,4092,10096,-449,187,-37
meldung,20,184,8804,3820,10360,-441,172,30
meldung,20,185,8864,3524,10840,-394,184,-14
meldung,20,186,8600,3552,10932,-314,121,5
meldung,20,187,8728,3060,10932,-272,124,-53
meldung,20,188,8988,3060,11116,-203,118,-35
meldung,20,189,8712,3312,11100,-121,105,4
meldung,20,190,8680,3080,11108,-49,59,36
meldung,20,191,8812,3228,11120,-10,31,57
meldung,20,192,8752,3520,11140,2,17,63
meldung,20,193,9076,3876,10924,62,17,70
meldung,20,194,9192,3820,10860,43,61,63
meldung,20,195,9164,3676,10752,50,139,125
meldung,20,196,8676,3632,10756,66,148,182
meldung,20,197,8344,3784,10844,35,73,156
meldung,20,198,8304,3848,10976,-39,-76,44
meldung,20,199,8988,3780,10812,-149,-180,-48
meldung,20,200,9412,3572,10852,-197,-186,-73
meldung,20,201,9648,3596,10656,-216,-162,-125
meldung,20,202,9792,3532,10636,-238,-102,-181
meldung,20,203,9808,3360,10608,-229,-24,-215
meldung,20,204,9508,3236,10604,-223,53,-221
meldung,20,205,9344,3204,10676,-167,114,-180
meldung,20,206,9012,3036,10688,-90,161,-88
meldung,20,207,8764,3232,10636,-23,157,-2
meldung,20,208,8720,3192,10812,9,142,55
meldung,20,209,8812,3332,10808,24,103,56
meldung,20,210,9008,3428,10520,22,76,29
meldung,20,211,8900,3624,10748,23,64,-3
meldung,20,212,9236,3720,10760,1,73,-34
meldung,20,213,9304,3852,10628,-12,122,-51
meldung,20,214,9056,3980,10484,-40,151,-91
meldung,20,215,8832,4040,10456,-86,144,-150
meldung,20,216,8724,4052,10568,-133,131,-191
meldung,20,217,8800,3972,10360,-189,133,-202
meldung,20,218,8940,3624,10208,-188,145,-165
meldung,20,219,8776,3400,10300,-154,135,-110
meldung,20,220,8532,3416,10472,-63,133,-60
meldung,20,221,8616,3588,10452,-5,112,-36
meldung,20,222,8616,3836,10344,44,135,-45
meldung,20,223,8808,4256,10368,42,170,-41
meldung,20,224,8796,4544,10232,16,218,-34
meldung,20,225,8544,4652,10328,-30,251,-41
meldung,20,226,8400,4660,10268,-88,253,-59
meldung,20,227,8044,4620,10380,-171,211,-117
meldung,20,228,8132,4588,10392,-261,153,-164
meldung,20,229,8556,4380,10504,-327,124,-177
meldung,20,230,8496,4052,10304,-355,123,-148
meldung,20,231,8536,3832,10524,-356,112,-137
meldung,20,232,8632,3632,10528,-351,98,-146
meldung,20,233,8768,3696,10420,-338,77,-175
meldung,20,234,8664,3596,10592,-330,75,-226
meldung,20,235,8820,3660,10672,-313,60,-284
meldung,20,236,9024,3648,10572,-325,79,-298
meldung,20,237,8768,3460,10544,-328,138,-323
meldung,20,238,8644,3576,10620,-301,105,-309
meldung,20,239,8536,3564,10824,-302,93,-290
meldung,20,240,8564,3312,10736,-309,66,-299
meldung,20,241,8568,3412,10828,-308,18,-339
meldung,20,242,8956,3572,10764,-335,-15,-371
meldung,20,243,8880,3316,10836,-360,-31,-430
meldung,20,244,9092,3272,10752,-383,-34,-484
meldung,20,245,9344,3348,10488,-391,16,-508
meldung,20,246,9316,3224,10644,-302,130,-506
meldung,20,247,9068,3420,10868,-190,230,-466
meldung,20,248,8764,3584,10856,-120,312,-395
meldung,20,249,8380,4116,10836,-92,363,-311
meldung,20,250,7944,4204,11084,-102,367,-246
meldung,20,251,7572,4344,11028,-131,318,-211
meldung,20,252,7752,4376,11052,-209,231,-199
meldung,20,253,8072,4356,11228,-251,210,-163
meldung,20,254,8116,3864,11364,-232,219,-74
meldung,20,255,7724,3724,11484,-197,201,-29
meldung,20,256,7712,3720,11552,-160,164,13
meldung,20,257,7680,3840,11524,-141,118,38
meldung,20,258,7892,3912,11540,-105,94,64
meldung,20,259,8112,3900,11516,-97,71,85
meldung,20,260,8088,4012,11568,-128,53,74
meldung,20,261,8208,3840,11352,-175,22,51
meldung,20,262,8464,3772,11300,-211,-11,25
meldung,20,263,8696,3728,11320,-233,-25,-6
meldung,20,264,8772,3720,11224,-261,-19,-64
meldung,20,265,8904,3480,11284,-267,3,-90
meldung,20,266,8956,3216,11272,-245,51,-73
meldung,20,267,8872,3140,11264,-210,93,-49
meldung,20,268,8680,3044,11224,-163,121,-19
meldung,20,269,8560,2960,11164,-96,157,12
meldung,20,270,8716,3028,11124,-16,199,66
meldung,20,271,8640,2992,11020,65,240,113
meldung,20,272,8536,3340,11232,129,235,164
meldung,20,273,8240,3644,11244,119,236,167
meldung,20,274,8340,3728,11152,54,173,108
meldung,20,275,8296,3884,11016,-52,132,1
meldung,20,276,8532,3656,11200,-143,86,-96
meldung,20,277,8600,3176,11204,-178,84,-164
meldung,20,278,8376,2780,11160,-140,86,-181
meldung,20,279,8096,2404,11164,-84,59,-185
meldung,20,280,7708,1920,11204,-21,-3,-205
meldung,20,281,7176,1128,11300,146,-131,-224
meldung,20,282,7160,444,11200,413,-330,-214
meldung,20,283,7536,112,10988,710,-497,-179
meldung,20,284,7784,564,10704,953,-673,-196
meldung,20,285,7820,640,10052,1131,-870,-279
meldung,20,286,7840,796,9268,1171,-1128,-510
meldung,20,287,7624,700,8488,1117,-1402,-854
meldung,20,288,7456,20,7252,1041,-1719,-1274
meldung,20,289,6620,-1252,6460,965,-1981,-1719
meldung,20,290,5800,-3184,5136,1091,-2439,-2177
meldung,20,291,5816,-4408,4084,1307,-2944,-2609
meldung,20,292,5912,-5132,3660,1454,-3479,-3067
meldung,20,293,6636,-4532,3648,1398,-3849,-3516
meldung,20,294,7692,-3836,3804,1150,-4108,-3931
meldung,20,295,7656,-3476,3864,706,-4214,-4474
meldung,20,296,6456,-4316,4532,118,-4330,-5090
meldung,20,297,6744,-5012,4900,-377,-4566,-5694
meldung,20,298,7148,-6804,4988,-769,-4823,-6193
meldung,20,299,8364,-8872,5220,-892,-4867,-6434
kopf,1,0,-11296,-3812,7624,-142,25,-72
kopf,1,1,-11432,-3788,7616,-138,29,-72
kopf,1,2,-11520,-3884,7712,-126,38,-60
kopf,1,3,-11380,-3868,7524,-131,32,-54
kopf,1,4,-11556,-3804,7612,-128,32,-59
kopf,1,5,-11456,-3820,7860,-126,28,-64
kopf,1,6,-11556,-3788,7708,-127,23,-64
kopf,1,7,-11548,-3768,7780,-127,23,-64
kopf,1,8,-11500,-3844,7872,-125,19,-63
kopf,1,9,-11540,-3744,7668,-124,21,-65
kopf,1,10,-11380,-3820,7600,-127,17,-68
kopf,1,11,-11652,-3760,7748,-131,11,-66
kopf,1,12,-11448,-3812,7732,-131,-18,-77
kopf,1,13,-11200,-3900,7804,-124,8,-56
kopf,1,14,-11336,-3824,7640,-128,36,-51
kopf,1,15,-11336,-3920,7564,-130,56,-44
kopf,1,16,-11548,-3896,7684,-130,37,-40
kopf,1,17,-11540,-3800,7812,-140,40,-52
kopf,1,18,-11600,-3828,7528,-147,47,-52
kopf,1,19,-11580,-3860,7804,-160,65,-62
kopf,1,20,-11888,-4140,7744,-166,107,-89
kopf,1,21,-12384,-4200,8152,-185,133,-105
kopf,1,22,-12720,-4956,8524,-152,134,-106
kopf,1,23,-13776,-3860,8468,-212,25,-232
kopf,1,24,-15424,-3512,9248,-322,-219,-284
kopf,1,25,-16308,-3556,9660,-415,-752,-444
kopf,1,26,-16724,-4356,10312,-658,-1330,-652
kopf,1,27,-18552,-5900,11224,-631,-1950,-848
kopf,1,28,-19596,-7812,11888,-696,-2433,-781
kopf,1,29,-20244,-8760,11900,-500,-3291,-1041
kopf,1,30,-17844,-11664,14900,-92,-4179,-1029
kopf,1,31,-15776,-12064,14412,1297,-4974,-587
kopf,1,32,-14004,-11580,15724,1830,-4896,102
kopf,1,33,-14192,-12364,17260,2295,-4709,707
kopf,1,34,-15468,-15524,18936,2804,-4776,969
kopf,1,35,-17480,-11696,19220,2957,-4963,1088
kopf,1,36,-18536,-11688,19612,3257,-5707,985
kopf,1,37,-18184,-12064,19416,3452,-6708,913
kopf,1,38,-17940,-11444,18540,3662,-7718,768
kopf,1,39,-15844,-10464,18052,3787,-8598,636
kopf,1,40,-12296,-9760,17236,3840,-8927,549
kopf,1,41,-10140,-9556,16872,4074,-8744,679
kopf,1,42,-9964,-4132,15632,4094,-8316,889
kopf,1,43,-9528,-9356,14832,4411,-8143,959
kopf,1,44,-5060,-10156,15052,5513,-8112,1006
kopf,1,45,-3104,-8900,15104,6391,-7579,1301
kopf,1,46,-2616,-8040,15044,6776,-6914,1459
kopf,1,47,-2680,-7108,14024,7090,-6263,1293
kopf,1,48,-3200,-6416,14100,7274,-5759,1131
kopf,1,49,-3408,-5400,13736,7449,-5797,907
kopf,1,50,-3000,-4620,12412,7532,-5946,584
kopf,1,51,-1928,-3204,11676,7436,-5903,295
kopf,1,52,-1316,-2832,10460,7426,-5957,-12
kopf,1,53,156,-1976,8360,7480,-5949,-426
kopf,1,54,1448,-584,7188,7559,-5805,-886
kopf,1,55,3384,212,5436,7533,-5491,-1245
kopf,1,56,4220,916,3556,7619,-4916,-1482
kopf,1,57,4624,1592,2332,7690,-4347,-1605
kopf,1,58,4548,2008,1092,7772,-3806,-1688
kopf,1,59,4196,2504,56,7870,-3453,-1850
kopf,1,60,4596,3096,-1576,7929,-3114,-2080
kopf,1,61,5212,4044,-3028,8048,-2695,-2296
kopf,1,62,5984,5628,-4104,8127,-2185,-2362
kopf,1,63,5596,6864,-4980,8109,-1700,-2436
kopf,1,64,4648,8432,-5836,7997,-1235,-2508
kopf,1,65,3440,9936,-5672,7754,-1018,-2578
kopf,1,66,2720,11444,-5452,7201,-841,-2630
kopf,1,67,1700,12796,-5836,6541,-826,-2681
kopf,1,68,928,14348,-5644,5747,-901,-2803
kopf,1,69,-748,15608,-4920,4933,-1169,-3087
kopf,1,70,-1044,16720,-4420,3884,-1492,-3459
kopf,1,71,-1272,16232,-4572,2906,-1796,-3949
kopf,1,72,-432,15296,-4320,2169,-2060,-4355
kopf,1,73,-160,15644,-4864,1582,-1990,-4388
kopf,1,74,636,13936,-4188,1159,-1785,-4151
kopf,1,75,172,12896,-3492,992,-1384,-3805
kopf,1,76,-1008,12136,-3204,1043,-964,-3521
kopf,1,77,-7056,10904,-2092,1491,-710,-2804
kopf,1,78,-27884,14616,-4468,2519,-1459,-879
kopf,1,79,-7744,18640,5196,872,-3482,180
kopf,1,80,-5500,12136,-2116,1097,-3215,450
kopf,1,81,-2792,11760,-4076,1091,-2184,-806
kopf,1,82,6116,17844,-6864,1398,-1472,-1082
kopf,1,83,3944,12724,-1828,1542,-104,-740
kopf,1,84,772,8624,-952,2096,1012,-311
kopf,1,85,2856,7992,-1084,3003,1786,358
kopf,1,86,2108,6780,1064,3871,2144,654
kopf,1,87,3916,9620,-1060,4780,2258,1079
kopf,1,88,7536,17184,-1924,5394,1942,1537
kopf,1,89,8288,26520,-2692,5086,1351,1275
kopf,1,90,2852,32767,-3656,3394,999,327
kopf,1,91,-6088,32767,-4032,922,678,-360
kopf,1,92,-19060,26336,-968,-154,-385,-303
kopf,1,93,-19864,20808,2932,-384,-2478,283
kopf,1,94,-10380,18448,1428,-1061,-3721,296
kopf,1,95,96,18604,-1308,-1606,-3656,199
kopf,1,96,5464,18144,-1632,-1621,-2778,452
kopf,1,97,6460,19172,-2064,-1720,-1701,866
kopf,1,98,3848,18300,-1264,-1800,-996,1118
kopf,1,99,908,17832,-40,-1946,-812,1202
kopf,1,100,1256,18748,-184,-2569,-805,1169
kopf,1,101,-1108,16992,480,-3148,-942,707
kopf,1,102,-1592,13284,2312,-3276,-1483,-10
kopf,1,103,1096,13420,2136,-3109,-1903,-506
kopf,1,104,5092,10756,3576,-3044,-2103,-1256
kopf,1,105,5568,8844,4120,-2486,-1540,-1570
kopf,1,106,8680,8104,6236,-1213,-1571,-1704
kopf,1,107,9844,5860,8220,-790,-722,-1486
kopf,1,108,11984,4980,7896,161,172,-1187
kopf,1,109,11656,4300,7804,1038,1091,-970
kopf,1,110,11064,7244,4776,1734,2163,-669
kopf,1,111,6984,9064,3484,2282,2960,-488
kopf,1,112,2404,10788,3284,2842,2988,-597
kopf,1,113,-1012,14892,1924,3056,2820,-243
kopf,1,114,-3440,16140,1476,3335,2366,114
kopf,1,115,-2584,16996,2136,3356,1592,-95
kopf,1,116,604,18316,1848,3131,1178,-523
kopf,1,117,-400,20500,796,2751,1490,-527
kopf,1,118,-2116,20212,-704,2347,1660,-144
kopf,1,119,-5792,19972,-1472,1926,1493,-80
kopf,1,120,-4924,20900,-1996,1298,985,-274
kopf,1,121,-9124,23600,-4168,712,631,26
kopf,1,122,-11484,26068,-2276,-319,-566,228
kopf,1,123,-15992,25180,-2552,-1300,-2170,-37
kopf,1,124,-11572,23584,-2484,-2174,-3680,-293
kopf,1,125,-4960,21572,-3500,-2564,-4366,-59
kopf,1,126,632,23404,-4888,-3045,-4292,760
kopf,1,127,2732,27912,-7712,-4047,-3804,1514
kopf,1,128,712,30072,-8024,-5598,-3105,1715
kopf,1,129,-5092,18980,-5608,-6122,-3076,1274
kopf,1,130,-6812,17320,-3340,-6884,-3596,274
kopf,1,131,-4060,9528,-436,-6305,-4873,-1412
kopf,1,132,7880,12096,-3552,-6906,-4109,-2632
kopf,1,133,16944,6792,3388,-5537,-3744,-3226
kopf,1,134,9912,-2396,5188,-5188,-901,-2945
kopf,1,135,13592,620,6252,-3545,67,-1931
kopf,1,136,12664,-6080,12164,-1407,157,-1677
kopf,1,137,15336,-4968,13828,638,411,-1297
kopf,1,138,19412,-752,9992,2182,1519,-497
kopf,1,139,15732,6512,6048,3096,3657,541
kopf,1,140,7280,9616,6404,4005,4403,1131
kopf,1,141,-824,14244,6928,3968,3922,1018
kopf,1,142,-4888,16412,5172,3866,2873,660
kopf,1,143,-8148,15488,7368,3585,1668,314
kopf,1,144,-6932,18760,4972,3349,521,-49
kopf,1,145,-5828,20048,4456,2693,-75,-325
kopf,1,146,-5100,20860,684,1937,-104,-309
kopf,1,147,-7356,23724,748,1265,-344,-217
kopf,1,148,-8696,23812,-1704,427,-890,-361
kopf,1,149,-12684,26092,-964,-538,-1714,-872
kopf,1,150,-14104,27956,-2356,-1619,-2725,-1032
kopf,1,151,-12440,27312,-1904,-2670,-3878,-1162
kopf,1,152,-5208,27584,-3096,-3845,-4982,-946
kopf,1,153,1204,27996,-5184,-5157,-4646,-203
kopf,1,154,4004,27568,-7404,-6406,-3313,840
kopf,1,155,1616,22740,-5916,-7402,-2047,1579
kopf,1,156,-804,14456,-5192,-7647,-1310,1933
kopf,1,157,3220,8860,900,-7342,-1078,2304
kopf,1,158,7456,4456,-896,-7291,-49,1847
kopf,1,159,5992,-3460,3168,-6418,449,457
kopf,1,160,7328,-9248,10400,-3811,-191,-377
kopf,1,161,15748,-10952,10856,-924,-449,-213
kopf,1,162,20952,-12768,9000,1776,-181,146
kopf,1,163,26140,-8004,9632,4535,972,1530
kopf,1,164,22236,1780,7772,6304,3206,3244
kopf,1,165,8128,7672,8208,7243,4536,4005
kopf,1,166,-2652,9600,8200,7583,4486,3585
kopf,1,167,-4756,14180,8496,7421,3666,2544
kopf,1,168,-6276,17376,6632,7027,3118,1694
kopf,1,169,-3260,21556,5428,6300,2361,793
kopf,1,170,-1960,22776,2892,5275,1993,-56
kopf,1,171,-1488,24624,2204,4142,1382,-577
kopf,1,172,-1916,24536,708,3005,1011,-918
kopf,1,173,-3324,25348,-164,1580,742,-1046
kopf,1,174,-4088,24644,-1512,531,394,-920
kopf,1,175,-5936,25844,-2476,-483,-116,-1137
kopf,1,176,-6232,26236,-3480,-1490,-628,-1472
kopf,1,177,-6772,25032,-2744,-2281,-1144,-1901
kopf,1,178,-4872,23736,-1300,-2958,-1688,-2064
kopf,1,179,-2076,24316,-2096,-3699,-1772,-1715
kopf,1,180,432,24316,-2060,-4553,-1450,-778
kopf,1,181,3888,24008,-1672,-5504,-841,849
kopf,1,182,5960,21932,-2020,-6467,75,2307
kopf,1,183,6432,15604,-2876,-7164,1142,2841
kopf,1,184,2508,1956,584,-7007,1907,1697
kopf,1,185,2404,-11260,5288,-4883,1154,-375
kopf,1,186,3544,-16888,14076,-1476,-1077,-1333
kopf,1,187,18888,-16992,9540,1850,-1161,-915
kopf,1,188,30140,-9552,6432,4480,1088,1203
kopf,1,189,20004,-2088,8012,6819,3305,2402
kopf,1,190,6288,4408,8764,8166,3560,2479
kopf,1,191,-2108,12524,8568,8451,3009,1942
kopf,1,192,-6852,19744,9828,8185,1767,682
kopf,1,193,-5856,27312,5908,6657,667,-314
kopf,1,194,-5396,30220,2324,4719,250,-1117
kopf,1,195,-3952,32767,-2760,2862,226,-1517
kopf,1,196,-4392,32767,-7096,1261,578,-1214
kopf,1,197,-7792,30324,-6352,432,814,-1213
kopf,1,198,-8868,29224,-5344,-866,799,-1163
kopf,1,199,-8056,27484,-8824,-2013,1006,-977
kopf,1,200,-7728,24032,-6216,-2326,532,-802
kopf,1,201,-3180,22704,-5112,-2690,-144,119
kopf,1,202,764,23600,-7524,-3390,214,1578
kopf,1,203,1160,22188,-9792,-4323,1189,2593
kopf,1,204,1716,21664,-10988,-4900,1916,3018
kopf,1,205,3228,20944,-11172,-5685,2594,2829
kopf,1,206,3596,17152,-11832,-6267,3313,2164
kopf,1,207,5324,16216,-9392,-6745,3693,1408
kopf,1,208,1328,13568,-5052,-6924,3975,698
kopf,1,209,2048,14744,-3272,-6771,3442,667
kopf,1,210,1900,13852,-3596,-7145,4048,456
kopf,1,211,4516,12084,-2440,-7863,4456,-187
kopf,1,212,3584,10104,-336,-8116,5130,-709
kopf,1,213,2272,8492,-2112,-8112,5439,-1309
kopf,1,214,384,6836,-932,-7812,5281,-1947
kopf,1,215,-1228,4952,-376,-7523,4795,-2582
kopf,1,216,-2512,4824,1268,-7304,4079,-2841
kopf,1,217,-3328,3772,2356,-7061,3338,-2758
kopf,1,218,-3396,2796,3928,-6776,2598,-2313
kopf,1,219,-3272,2428,5376,-6395,2128,-1538
kopf,1,220,-3240,2060,6348,-5947,1826,-665
kopf,1,221,-3540,1956,7224,-5464,1523,94
kopf,1,222,-3644,2272,7724,-5105,1135,600
kopf,1,223,-3276,2484,8104,-4943,702,822
kopf,1,224,-1800,2400,8272,-4932,403,955
kopf,1,225,-748,1416,7796,-5012,224,1010
kopf,1,226,644,244,7432,-5064,188,911
kopf,1,227,1332,-444,7436,-4997,361,719
kopf,1,228,2076,-28,7276,-4913,522,467
kopf,1,229,2468,524,7528,-4844,761,139
kopf,1,230,2640,1052,7580,-4876,1044,-210
kopf,1,231,2816,1376,7728,-4968,1382,-543
kopf,1,232,2768,2056,7908,-5163,1797,-749
kopf,1,233,2756,2148,8192,-5389,2300,-788
kopf,1,234,2444,1428,8616,-5557,2845,-697
kopf,1,235,1828,-232,9480,-5583,3521,-536
kopf,1,236,888,-2244,9996,-5349,4241,-325
kopf,1,237,376,-3008,10308,-4930,4751,-139
kopf,1,238,-1708,-4356,10576,-4401,5385,-34
kopf,1,239,-3332,-4956,11584,-3732,5902,20
kopf,1,240,-5672,-4140,11808,-3543,6386,43
kopf,1,241,-3396,-7484,15568,-2461,6421,-458
kopf,1,242,-9816,-4104,13116,-2754,6593,75
kopf,1,243,-9080,-1776,13592,-2299,6767,-527
kopf,1,244,-10848,-1652,12964,-2390,6699,-152
kopf,1,245,-12872,-736,12808,-2670,6629,207
kopf,1,246,-22584,-1824,4900,-2868,6428,218
kopf,1,247,-21296,1776,10148,-2761,6389,319
kopf,1,248,-17964,-4728,16108,-4381,5881,-307
kopf,1,249,-20356,-8504,16692,-4390,5069,-1132
kopf,1,250,-19524,-9824,15740,-3071,3790,-1578
kopf,1,251,-16572,-6660,15396,-1786,2599,-1431
kopf,1,252,-16236,-6836,14424,-1513,2047,-1010
kopf,1,253,-14628,-4752,13312,-1220,1896,-595
kopf,1,254,-13368,-1852,11640,-1406,2109,-162
kopf,1,255,-12680,-1348,10804,-1619,2521,523
kopf,1,256,-12360,-1440,9524,-1617,2952,1188
kopf,1,257,-13460,-852,9332,-1741,3287,1612
kopf,1,258,-15660,-2228,9436,-1628,3197,1547
kopf,1,259,-16984,-2452,9960,-1483,2797,1131
kopf,1,260,-18156,-3024,10592,-1634,2124,603
kopf,1,261,-18208,-2584,10792,-1898,1336,26
kopf,1,262,-16708,-3760,9164,-1964,579,-387
kopf,1,263,-14736,-3128,7848,-2066,137,-542
kopf,1,264,-12924,-4000,7380,-2045,-14,-524
kopf,1,265,-11932,-3216,6704,-2211,102,-466
kopf,1,266,-10756,-3316,6188,-2842,324,-455
kopf,1,267,-10216,-3644,5480,-2632,486,-557
kopf,1,268,-15660,-7776,5448,-2375,190,-1194
kopf,1,269,-26980,-32768,22912,56,1041,-424
kopf,1,270,-15192,-22656,25992,2869,23,4107
kopf,1,271,-16916,-4848,15372,3916,43,3866
kopf,1,272,-8044,4012,6100,3115,475,3121
kopf,1,273,-9640,6740,7484,1785,1502,2148
kopf,1,274,-17380,3108,10512,1018,1637,1790
kopf,1,275,-20116,120,11292,585,772,993
kopf,1,276,-18896,1352,10308,20,58,404
kopf,1,277,-15812,1608,9076,-397,-347,-169
kopf,1,278,-14420,664,8296,-618,-620,-523
kopf,1,279,-13488,-604,7932,-719,-630,-739
kopf,1,280,-12324,-1112,7368,-844,-499,-977
kopf,1,281,-12108,-1528,6676,-804,-452,-1130
kopf,1,282,-11884,-2048,6380,-689,-399,-1188
kopf,1,283,-11676,-2380,6572,-500,-360,-1142
kopf,1,284,-11256,-2812,6812,-279,-312,-1051
kopf,1,285,-10852,-2960,7228,-67,-246,-946
kopf,1,286,-10600,-2468,7180,65,-153,-835
kopf,1,287,-10420,-2388,7048,148,-59,-708
kopf,1,288,-10316,-2064,7280,186,64,-547
kopf,1,289,-10396,-2328,7348,241,158,-398
kopf,1,290,-10880,-1656,7520,222,249,-217
kopf,1,291,-11008,-3964,8972,-234,262,-43
kopf,1,292,-11664,-2188,8484,48,225,-32
kopf,1,293,-11452,-1324,8336,85,180,37
kopf,1,294,-11692,-1632,8060,72,157,38
kopf,1,295,-11804,-1112,8016,-12,144,12
kopf,1,296,-12040,-1536,8044,-77,144,-4
kopf,1,297,-11984,-1456,7848,-82,110,-37
kopf,1,298,-12204,-1652,7936,-94,86,-68
kopf,1,299,-12140,-1636,7680,-89,71,-64
kopf,2,0,-11988,-1116,7772,-93,43,-50
kopf,2,1,-12052,-1188,7580,-107,33,-63
kopf,2,2,-12220,-1392,7616,-119,14,-73
kopf,2,3,-11940,-1360,7736,-115,15,-81
kopf,2,4,-11988,-1500,7420,-110,18,-90
kopf,2,5,-12000,-1388,7472,-117,21,-79
kopf,2,6,-11980,-1336,7464,-117,10,-89
kopf,2,7,-12524,-296,7116,-388,43,-81
kopf,2,8,-12072,-1860,7904,-668,26,-64
kopf,2,9,-11476,-2484,8336,-38,-70,-81
kopf,2,10,-12116,-1808,7692,-160,26,-80
kopf,2,11,-12148,-1088,8032,-181,-3,-100
kopf,2,12,-12252,-1232,7572,-198,14,-121
kopf,2,13,-12376,-1368,7628,-217,-35,-157
kopf,2,14,-12056,-1508,7632,-237,-62,-168
kopf,2,15,-11748,-1608,7464,-225,-49,-139
kopf,2,16,-11708,-1704,7440,-231,-31,-131
kopf,2,17,-11768,-1712,7504,-216,17,-94
kopf,2,18,-11880,-1652,7580,-176,13,-86
kopf,2,19,-11980,-1740,7256,-176,26,-59
kopf,2,20,-12144,-1480,7732,-168,8,-54
kopf,2,21,-12164,-1756,7760,-145,-12,-51
kopf,2,22,-12120,-1648,7564,-131,17,-60
kopf,2,23,-12180,-1616,7372,-148,14,-86
kopf,2,24,-12408,-1580,7556,-142,5,-77
kopf,2,25,-12324,-1340,7696,-157,-8,-119
kopf,2,26,-12552,-1420,7848,-207,-2,-173
kopf,2,27,-12776,-1428,8236,-289,-12,-240
kopf,2,28,-13188,-1396,8516,-405,-17,-318
kopf,2,29,-13676,-1908,8608,-589,-12,-468
kopf,2,30,-14340,-1688,8932,-691,-128,-598
kopf,2,31,-14844,-1484,9020,-785,-218,-756
kopf,2,32,-16092,-1744,9880,-985,-344,-969
kopf,2,33,-18604,-3024,10760,-1030,-559,-1262
kopf,2,34,-19744,-2296,11868,-1374,-1300,-1319
kopf,2,35,-22588,-5616,14580,-1518,-2272,-2187
kopf,2,36,-20496,-9168,14288,-2152,-3408,-3579
kopf,2,37,-19428,-11572,19168,-1182,-5467,-5210
kopf,2,38,-17872,-11544,20196,-1589,-7010,-6000
kopf,2,39,-16096,-13052,20160,-1681,-8500,-7081
kopf,2,40,-14244,-13672,19220,-1980,-9539,-7943
kopf,2,41,-11460,-14936,17580,-1983,-10639,-8662
kopf,2,42,-7996,-14960,17312,-2028,-11240,-9249
kopf,2,43,-3524,-17892,16644,-1378,-11386,-9458
kopf,2,44,-1740,-17304,16680,-666,-11162,-9272
kopf,2,45,32,-16360,15560,136,-10903,-9226
kopf,2,46,1152,-14784,15480,668,-10504,-9357
kopf,2,47,2316,-14432,14448,1053,-10166,-9715
kopf,2,48,4164,-13408,13564,1236,-9616,-10171
kopf,2,49,6132,-13248,12116,1470,-9007,-10621
kopf,2,50,8164,-12816,11156,1949,-8241,-10945
kopf,2,51,8800,-11368,10232,2293,-7232,-11045
kopf,2,52,7868,-9868,9772,2585,-6330,-11188
kopf,2,53,6780,-6584,9284,2365,-5444,-11243
kopf,2,54,3028,-6656,9208,2466,-4942,-11435
kopf,2,55,2536,-2908,8348,2010,-4529,-11875
kopf,2,56,2160,-4144,8224,1405,-4009,-11681
kopf,2,57,784,-2720,8396,1190,-3947,-11829
kopf,2,58,1048,-1368,7956,829,-4074,-11941
kopf,2,59,1672,-1212,7696,666,-4155,-11876
kopf,2,60,3092,484,6976,483,-4148,-11554
kopf,2,61,3672,1428,6656,310,-3795,-10902
kopf,2,62,4484,1752,7304,265,-3436,-10177
kopf,2,63,4568,3212,6384,139,-2922,-9289
kopf,2,64,6040,2948,7076,-314,-2112,-8404
kopf,2,65,6068,2248,7068,-512,-1221,-7509
kopf,2,66,4312,1232,8024,-467,-669,-6857
kopf,2,67,2640,1100,9256,-519,-363,-6402
kopf,2,68,480,888,10484,-489,-582,-6281
kopf,2,69,1276,1564,10636,-668,-905,-6194
kopf,2,70,2728,1792,11076,-822,-1103,-6177
kopf,2,71,3976,1840,10952,-830,-1086,-6044
kopf,2,72,5576,1800,10580,-768,-738,-5669
kopf,2,73,6616,1804,11080,-515,-251,-5201
kopf,2,74,5936,1816,10908,-527,328,-4778
kopf,2,75,4936,244,10732,-547,757,-4412
kopf,2,76,4500,-236,12116,-356,887,-4099
kopf,2,77,4024,-860,12076,-29,909,-3958
kopf,2,78,3832,-412,12200,209,713,-3964
kopf,2,79,4648,220,11888,354,519,-3920
kopf,2,80,4428,52,12180,441,683,-3847
kopf,2,81,708,-2172,10224,894,593,-3839
kopf,2,82,-5056,-280,12368,1605,-503,-4122
kopf,2,83,-9036,3088,12700,1918,-2151,-3821
kopf,2,84,-3664,4660,6072,708,-1943,-3101
kopf,2,85,2208,2980,7112,-412,-1737,-2174
kopf,2,86,3416,-12,21436,47,-207,-995
kopf,2,87,8080,2372,8216,93,-317,-1038
kopf,2,88,7064,3040,6740,-402,-150,-817
kopf,2,89,7644,3460,5244,-812,-271,-694
kopf,2,90,8444,2988,5368,-1025,-607,-586
kopf,2,91,10140,3636,5124,-1307,-957,-504
kopf,2,92,11288,3284,5676,-1758,-1166,-573
kopf,2,93,10668,2296,6348,-2050,-1347,-782
kopf,2,94,8412,2444,8256,-2300,-1836,-1221
kopf,2,95,6152,3424,10644,-2545,-2552,-1358
kopf,2,96,5056,2376,10688,-2976,-2932,-1310
kopf,2,97,7952,64,8068,-3274,-2565,-1272
kopf,2,98,9656,-28,10180,-2919,-2007,-833
kopf,2,99,11632,84,10728,-2166,-1021,-83
kopf,2,100,11328,2168,9288,-1647,-116,654
kopf,2,101,11492,3300,10300,-1478,158,904
kopf,2,102,9844,3304,9140,-1639,591,907
kopf,2,103,9632,3632,10668,-1380,121,796
kopf,2,104,10368,1300,9836,-1546,6,498
kopf,2,105,10148,2372,9056,-1303,-298,335
kopf,2,106,8712,4116,11964,-918,-909,411
kopf,2,107,11944,2420,6036,-1219,-338,311
kopf,2,108,10316,4536,8572,-926,-626,457
kopf,2,109,10752,3828,8964,-754,-425,462
kopf,2,110,10420,3716,8920,-840,-348,276
kopf,2,111,10176,5048,8836,-908,-276,298
kopf,2,112,9564,2548,9424,-965,-352,276
kopf,2,113,10380,2508,8732,-1119,-135,254
kopf,2,114,9324,3696,10248,-936,-526,410
kopf,2,115,10560,1140,11160,-1076,-220,346
kopf,2,116,10260,1840,9520,-1068,-66,471
kopf,2,117,9776,3060,10696,-981,-379,641
kopf,2,118,11584,3244,8720,-1046,-426,609
kopf,2,119,10580,2296,11692,-1126,-555,502
kopf,2,120,12104,1232,10404,-845,-271,492
kopf,2,121,12080,1984,10056,-766,-12,645
kopf,2,122,11112,1784,10896,-612,173,716
kopf,2,123,10708,652,10224,-666,363,730
kopf,2,124,9764,1304,12688,-549,61,823
kopf,2,125,9912,244,10420,-500,31,789
kopf,2,126,10360,-1216,10992,-490,216,648
kopf,2,127,10656,-304,8940,-519,460,737
kopf,2,128,10036,496,11184,-285,529,909
kopf,2,129,9176,-2012,9916,-381,747,958
kopf,2,130,10752,1096,9928,-87,728,925
kopf,2,131,10540,-216,10412,61,808,927
kopf,2,132,10952,672,9428,261,882,1000
kopf,2,133,11528,588,11908,408,1098,967
kopf,2,134,10960,652,12524,751,1119,1055
kopf,2,135,9884,-1136,11672,939,1119,1251
kopf,2,136,11820,1944,12188,1060,1219,1673
kopf,2,137,9928,-4816,11660,1085,1747,1752
kopf,2,138,12832,2904,11708,1530,1813,2542
kopf,2,139,12688,596,10244,1672,2413,3068
kopf,2,140,9072,-1424,11156,1867,2811,3029
kopf,2,141,2772,-7016,14512,3717,2367,2629
kopf,2,142,6104,5024,11624,1910,2651,2616
kopf,2,143,7268,6120,12560,1109,2231,2475
kopf,2,144,7708,3228,11836,584,2222,2530
kopf,2,145,8824,2588,15508,545,2244,2522
kopf,2,146,9052,888,14500,660,2302,2714
kopf,2,147,10004,340,12580,844,2653,3255
kopf,2,148,8568,-600,11388,1289,2927,3802
kopf,2,149,9532,708,12780,1705,3034,3896
kopf,2,150,6204,-2548,11816,1858,3208,3987
kopf,2,151,5380,664,13068,1939,3021,3651
kopf,2,152,2136,1896,15580,1718,2063,3169
kopf,2,153,1852,256,14204,1487,1214,2621
kopf,2,154,2988,52,13144,1187,759,2547
kopf,2,155,3128,-2456,13936,1127,624,2174
kopf,2,156,5264,-3204,10156,1197,761,2071
kopf,2,157,8316,-928,11480,1528,776,2158
kopf,2,158,3368,-8364,13432,1814,983,2138
kopf,2,159,11004,68,12604,1775,1612,2728
kopf,2,160,11220,-1676,11684,2046,2405,2813
kopf,2,161,10688,0,10584,2167,3237,3500
kopf,2,162,9352,-3524,13024,3130,3528,3387
kopf,2,163,8752,-3760,14356,3169,4253,3773
kopf,2,164,6360,-6540,14400,2902,5066,4258
kopf,2,165,12340,5396,11452,3352,5338,4907
kopf,2,166,9472,7028,11884,3341,5538,5153
kopf,2,167,5228,3428,10780,3014,5696,5214
kopf,2,168,5476,2660,12284,3393,5236,4970
kopf,2,169,4692,2732,11480,3352,5145,5021
kopf,2,170,1288,-3300,13212,4356,4598,4686
kopf,2,171,3560,-1560,11656,4806,4468,4960
kopf,2,172,4208,-432,12152,5280,4435,5166
kopf,2,173,5356,4524,13548,6060,4304,5395
kopf,2,174,3000,2272,13284,6076,4240,5230
kopf,2,175,2400,2028,12840,6262,4011,5003
kopf,2,176,3016,3140,14108,6393,3555,4795
kopf,2,177,3484,3128,13468,6102,3465,4414
kopf,2,178,5068,2680,14084,5905,3418,4217
kopf,2,179,4640,3532,13048,6726,3252,4251
kopf,2,180,5240,4412,11572,7239,3256,4134
kopf,2,181,6136,5556,10736,7569,3360,4122
kopf,2,182,5616,7844,9800,7809,3673,4017
kopf,2,183,4092,8104,8728,7920,4029,3628
kopf,2,184,3488,10040,8628,8039,4021,2881
kopf,2,185,4136,12516,7484,7953,3856,1972
kopf,2,186,4092,13264,7076,7531,3743,1167
kopf,2,187,4648,13136,5380,7168,3921,476
kopf,2,188,4128,12864,3692,6929,4142,79
kopf,2,189,3152,13188,2696,6822,4257,-85
kopf,2,190,2012,13416,1440,6680,4572,-177
kopf,2,191,-620,16596,1856,6409,4210,-161
kopf,2,192,-2316,16460,1384,5826,4036,-411
kopf,2,193,-3152,17244,908,5105,3858,-648
kopf,2,194,-4416,17528,-20,4493,3588,-795
kopf,2,195,-5552,19040,1036,3791,3069,-794
kopf,2,196,-6820,18304,68,2878,2692,-675
kopf,2,197,-6624,17716,-668,2092,2271,-473
kopf,2,198,-7056,17172,-1604,1623,1696,-167
kopf,2,199,-6980,16208,-2260,1251,1183,166
kopf,2,200,-6908,16032,-856,853,634,511
kopf,2,201,-6192,15300,-492,471,268,794
kopf,2,202,-4500,14836,-1304,92,-49,975
kopf,2,203,-3264,13800,-720,-251,-233,1171
kopf,2,204,-2092,12596,368,-398,-251,1377
kopf,2,205,-1988,12528,840,-564,-377,1576
kopf,2,206,-1020,12064,908,-693,-428,1689
kopf,2,207,2216,10764,-4196,-540,453,1758
kopf,2,208,3736,9612,860,-243,1055,1694
kopf,2,209,6596,9044,-7624,283,2174,1724
kopf,2,210,2420,9276,336,783,1966,1518
kopf,2,211,4332,5376,10380,1194,2762,1199
kopf,2,212,-240,11752,7648,1710,1132,919
kopf,2,213,-7660,10900,-17432,471,1567,-1163
kopf,2,214,3476,16592,-8440,490,1082,-415
kopf,2,215,556,14396,30580,1800,1674,56
kopf,2,216,4408,18368,-5328,2351,2349,1060
kopf,2,217,-1072,17352,5024,2502,3033,1427
kopf,2,218,-4144,19400,444,2018,2466,1035
kopf,2,219,-12368,15004,15648,989,1502,333
kopf,2,220,-1660,22620,3988,518,1139,276
kopf,2,221,1560,23496,8972,-473,266,365
kopf,2,222,1880,26016,14084,-570,299,197
kopf,2,223,3348,23112,1632,-1444,114,390
kopf,2,224,144,18224,8648,-285,1422,-214
kopf,2,225,-5248,13008,600,42,1384,-249
kopf,2,226,5880,25064,9712,-1273,118,468
kopf,2,227,1508,18684,-1468,160,1454,-312
kopf,2,228,2052,20064,5700,-137,1227,-170
kopf,2,229,-3960,11784,5336,199,1347,-355
kopf,2,230,-2372,15792,5232,-309,1283,-178
kopf,2,231,-1192,17228,4276,-743,1320,-188
kopf,2,232,-1376,15992,3864,-1097,1334,-368
kopf,2,233,-2956,14364,4296,-1204,1204,-303
kopf,2,234,-2732,15400,6284,-1221,1175,-276
kopf,2,235,-1912,15888,4528,-1601,1157,-411
kopf,2,236,-1076,16536,4404,-1865,1174,-404
kopf,2,237,-824,15668,3524,-2091,1405,-579
kopf,2,238,1752,19380,1336,-2771,1577,-956
kopf,2,239,10208,20016,-2260,-4580,2293,-1745
kopf,2,240,4284,11016,-6968,-4648,3585,-2150
kopf,2,241,-1220,9900,-2948,-3467,3590,-2408
kopf,2,242,-5052,16792,9520,-3872,2312,-2641
kopf,2,243,-5588,10232,1108,-3946,2347,-3022
kopf,2,244,-6584,12160,1280,-3658,1887,-2706
kopf,2,245,-2868,10580,-14792,-3013,2145,-2850
kopf,2,246,-2072,12516,4480,-2977,1626,-2185
kopf,2,247,-3064,14828,-904,-3115,2086,-1774
kopf,2,248,-3540,15368,-148,-3250,2359,-1261
kopf,2,249,-4124,16324,-272,-3569,2495,-966
kopf,2,250,-4084,16916,-644,-3900,2538,-1008
kopf,2,251,-4232,17296,-456,-4372,2875,-1230
kopf,2,252,-4180,17108,-536,-4858,3241,-1499
kopf,2,253,-3500,15984,-700,-5295,3698,-1704
kopf,2,254,-4672,14412,-436,-5519,4168,-1795
kopf,2,255,-5528,13936,876,-5785,4514,-1785
kopf,2,256,-6860,12148,1648,-6021,4702,-1779
kopf,2,257,-8480,10880,2696,-6103,4762,-1699
kopf,2,258,-9532,10324,3532,-6189,4720,-1641
kopf,2,259,-10188,9244,4564,-6261,4518,-1680
kopf,2,260,-10228,8288,4440,-6365,4240,-1748
kopf,2,261,-10416,7192,4532,-6330,3867,-1702
kopf,2,262,-10160,5976,4448,-6235,3548,-1471
kopf,2,263,-10216,5620,5080,-6119,3334,-1106
kopf,2,264,-10792,5260,5408,-6053,3139,-838
kopf,2,265,-10388,5136,5220,-6004,2966,-742
kopf,2,266,-9860,5924,4852,-6167,2946,-745
kopf,2,267,-8788,-1884,7408,-5492,3074,-1336
kopf,2,268,-10108,680,4756,-6057,3090,-615
kopf,2,269,-10076,2232,5572,-5424,3479,-1082
kopf,2,270,-11740,764,5908,-5247,3478,-1062
kopf,2,271,-13104,-184,7552,-5170,3297,-1127
kopf,2,272,-13604,-352,8364,-5151,2931,-1114
kopf,2,273,-14112,-1384,8900,-5100,2456,-1078
kopf,2,274,-14372,-1548,9172,-5030,1882,-1049
kopf,2,275,-13756,-1224,8944,-5016,1444,-962
kopf,2,276,-13064,-1568,8572,-5003,1174,-768
kopf,2,277,-11524,-2060,8444,-4795,1063,-489
kopf,2,278,-10452,-1964,8424,-4598,1212,-172
kopf,2,279,-9804,-2324,8396,-4368,1672,163
kopf,2,280,-9608,-3228,8988,-3703,1983,337
kopf,2,281,-10468,-8464,10700,-2197,1915,437
kopf,2,282,-7868,-9056,12604,-87,1987,293
kopf,2,283,-14748,848,8712,-2815,2924,34
kopf,2,284,-11864,-5364,11120,-2804,2907,-236
kopf,2,285,-13068,-7380,13092,-2236,2895,-150
kopf,2,286,-15880,-2860,12116,-2627,2745,-207
kopf,2,287,-16064,-7108,12904,-3157,2266,-269
kopf,2,288,-15596,-4360,12324,-1728,1757,-127
kopf,2,289,-16992,-4780,12940,-1792,1445,-168
kopf,2,290,-14744,-2564,11728,-1661,979,-231
kopf,2,291,-13476,-1812,11448,-1422,704,-156
kopf,2,292,-13048,-2636,11316,-1358,609,-360
kopf,2,293,-12836,-1256,10448,-1463,609,-363
kopf,2,294,-12304,-1024,9684,-1428,591,-500
kopf,2,295,-11816,160,8800,-1444,695,-638
kopf,2,296,-11036,-1116,9180,-1301,653,-772
kopf,2,297,-11572,-808,8580,-1454,725,-843
kopf,2,298,-10808,-1664,8904,-1228,820,-881
kopf,2,299,-11160,-912,8168,-1192,1024,-955
kopf,3,0,-13392,-648,7820,-527,-382,-604
kopf,3,1,-13704,-40,8808,-574,-531,-625
kopf,3,2,-13640,-624,8276,-832,-522,-782
kopf,3,3,-14204,-392,8712,-1097,-678,-1016
kopf,3,4,-14348,-616,8980,-1312,-869,-1157
kopf,3,5,-13652,-764,8408,-1562,-918,-1342
kopf,3,6,-13312,-712,8592,-1748,-985,-1557
kopf,3,7,-14228,-1644,8392,-1935,-1147,-1829
kopf,3,8,-15304,-1912,8168,-2074,-1392,-2213
kopf,3,9,-15668,-2196,7952,-2165,-1837,-2411
kopf,3,10,-18212,-3804,8868,-1971,-2323,-2797
kopf,3,11,-18816,-5368,9760,-1838,-3221,-3283
kopf,3,12,-19572,-8840,9756,-1523,-4197,-4494
kopf,3,13,-16092,-10172,11496,-1203,-5010,-5294
kopf,3,14,-15304,-10056,12136,-525,-5980,-6064
kopf,3,15,-13612,-7844,12516,-473,-6317,-6193
kopf,3,16,-11148,-8664,14752,-802,-6507,-6137
kopf,3,17,-7664,-7708,13748,-815,-6452,-5211
kopf,3,18,-13376,-11492,16184,464,-7101,-5065
kopf,3,19,-13976,-8968,16484,513,-7831,-5409
kopf,3,20,-13380,-10672,17136,636,-9015,-6099
kopf,3,21,-11488,-6432,14408,302,-9482,-6704
kopf,3,22,-8192,-7288,17196,12,-10073,-7179
kopf,3,23,-8096,-11444,15164,454,-10850,-7924
kopf,3,24,-4384,-10720,16128,874,-11352,-7991
kopf,3,25,-524,-13160,17804,840,-11358,-7910
kopf,3,26,4044,-8932,16352,1720,-10854,-7086
kopf,3,27,2860,-9508,11672,1817,-10491,-7108
kopf,3,28,1332,-19084,13960,1699,-9788,-7710
kopf,3,29,7188,-11280,17684,1744,-8772,-7308
kopf,3,30,7952,-12836,9592,2100,-8525,-7870
kopf,3,31,17708,-8804,7828,2312,-7378,-7783
kopf,3,32,14588,-7640,10304,2699,-6380,-7078
kopf,3,33,14304,-9588,8620,2914,-5327,-6976
kopf,3,34,13868,-6464,9228,2945,-4545,-6793
kopf,3,35,13388,-5348,8936,2765,-3873,-6790
kopf,3,36,12476,-3944,8664,2409,-3274,-6852
kopf,3,37,12616,-2936,7820,1944,-2746,-6978
kopf,3,38,13880,-2300,7268,1651,-1833,-6842
kopf,3,39,13768,-2236,6900,1361,-876,-6692
kopf,3,40,11632,-796,7964,1222,-159,-6309
kopf,3,41,9132,-1480,7036,1056,337,-6091
kopf,3,42,5812,-1488,8696,1134,153,-5705
kopf,3,43,3644,-900,8880,1167,-165,-5535
kopf,3,44,2824,440,9532,1151,-609,-5282
kopf,3,45,1692,1076,9888,1126,-1048,-5150
kopf,3,46,724,1988,9860,1156,-1609,-5246
kopf,3,47,1436,2972,9260,1042,-1951,-5233
kopf,3,48,1884,3984,9428,1006,-2230,-5051
kopf,3,49,2968,4044,9164,761,-2153,-4713
kopf,3,50,4320,4660,8052,332,-1926,-4555
kopf,3,51,5048,5188,8328,47,-1666,-4334
kopf,3,52,5372,4948,8172,-24,-1353,-4197
kopf,3,53,6100,4248,8016,-433,-733,-4137
kopf,3,54,5508,3940,9192,-615,-442,-4240
kopf,3,55,7036,5144,6944,-831,-28,-4227
kopf,3,56,5060,3900,9696,-778,78,-4252
kopf,3,57,5856,3716,9276,-830,98,-3980
kopf,3,58,7780,5104,8128,-1158,298,-3820
kopf,3,59,6432,3224,9924,-1136,225,-3625
kopf,3,60,6068,2452,10392,-1191,230,-3439
kopf,3,61,5460,1220,10816,-1062,94,-3512
kopf,3,62,4820,32,12228,-981,-254,-3678
kopf,3,63,4624,-708,11712,-661,-575,-4069
kopf,3,64,6520,-272,11924,-553,-759,-4233
kopf,3,65,8144,-52,11612,-296,-611,-4180
kopf,3,66,10136,1184,11704,-234,-290,-3917
kopf,3,67,11796,572,10016,-131,211,-3739
kopf,3,68,9932,6076,10496,907,764,-1584
kopf,3,69,-10264,1096,15084,898,1689,440
kopf,3,70,-11176,10364,17136,4366,-816,2088
kopf,3,71,-6796,8420,-296,1709,-2780,80
kopf,3,72,13152,8068,8568,-587,-2473,-372
kopf,3,73,16904,1848,10284,140,-66,517
kopf,3,74,13952,1624,6728,1892,718,320
kopf,3,75,17040,7404,6628,1676,2359,958
kopf,3,76,9764,3372,9008,1345,2296,1261
kopf,3,77,8252,2204,10324,1346,1942,886
kopf,3,78,11720,4196,10192,1628,1982,1229
kopf,3,79,11600,7120,14324,1710,1825,1598
kopf,3,80,8452,9680,20696,1265,731,1500
kopf,3,81,11236,7248,9132,555,1337,1023
kopf,3,82,16112,6648,6792,1277,3206,2333
kopf,3,83,9012,6116,8424,1758,3903,2155
kopf,3,84,4836,5524,11248,1353,3583,1626
kopf,3,85,7676,8264,13696,1199,3143,1430
kopf,3,86,11616,2536,7292,1281,4418,1459
kopf,3,87,14140,4804,10112,1628,5137,1867
kopf,3,88,8184,856,8948,2408,5562,1995
kopf,3,89,7564,2568,9432,2763,5529,2083
kopf,3,90,7960,1584,10200,2986,5223,2131
kopf,3,91,9984,-380,10248,3107,5369,2223
kopf,3,92,14804,1792,7120,3613,6087,2729
kopf,3,93,17256,2792,6828,4222,6667,2850
kopf,3,94,14708,2552,6320,4638,7567,2726
kopf,3,95,10412,1340,6380,5178,8041,2224
kopf,3,96,10804,4968,4952,5384,8869,2384
kopf,3,97,1412,748,9460,6426,8758,2394
kopf,3,98,-1400,2924,6764,7221,8517,2419
kopf,3,99,3976,5720,5448,7227,8457,2249
kopf,3,100,8020,5852,1208,7422,9093,2343
kopf,3,101,8024,7792,-376,7413,9975,2430
kopf,3,102,6596,10892,-1764,7387,10546,2263
kopf,3,103,2736,13712,-3684,7043,11055,2494
kopf,3,104,-4164,12608,-1452,6645,11326,2907
kopf,3,105,-8056,14832,-964,6142,10781,2717
kopf,3,106,-12184,13796,-216,5637,9691,2037
kopf,3,107,-14208,14000,2916,5119,8055,1169
kopf,3,108,-14424,14168,680,4584,6220,353
kopf,3,109,-12880,14816,1564,3984,4568,-225
kopf,3,110,-11508,15320,812,3804,3022,-622
kopf,3,111,-9472,13772,232,3524,1864,-417
kopf,3,112,-7088,13612,-1372,3561,1264,-28
kopf,3,113,-4088,14956,-2696,3696,1107,774
kopf,3,114,-2364,14996,-4292,3813,1435,1658
kopf,3,115,-2312,16216,-5684,4036,1837,2396
kopf,3,116,-4320,16584,-4972,3950,2053,2743
kopf,3,117,-6140,18256,-4996,3705,1804,2591
kopf,3,118,-7612,20896,-5724,3102,1173,2000
kopf,3,119,-6668,21160,-4524,1943,548,1544
kopf,3,120,-5524,20768,-4268,965,56,1070
kopf,3,121,-3836,20184,-4272,192,-66,1066
kopf,3,122,-2156,18968,-4380,-319,214,1642
kopf,3,123,-6516,15064,2112,-714,644,2407
kopf,3,124,-2956,18080,-4564,-710,951,2993
kopf,3,125,-5184,16500,-2768,-911,794,3311
kopf,3,126,-4248,14764,-3716,-1152,396,3129
kopf,3,127,-2608,15568,-3492,-1386,145,3113
kopf,3,128,384,15300,-3640,-1694,94,3197
kopf,3,129,2444,15400,-3636,-1952,315,3244
kopf,3,130,2864,15460,-3824,-2324,751,3341
kopf,3,131,2940,14592,-3388,-2643,1138,3316
kopf,3,132,2768,13948,-2812,-2996,1536,3090
kopf,3,133,4548,12808,-2028,-3180,2079,2962
kopf,3,134,4900,12456,-1640,-3136,2844,2950
kopf,3,135,4272,12000,-404,-3020,3640,2825
kopf,3,136,1472,12868,928,-2992,4117,2347
kopf,3,137,-356,13100,1660,-3157,4173,1513
kopf,3,138,-448,13964,2252,-3500,4035,790
kopf,3,139,-288,14416,2048,-3983,3841,345
kopf,3,140,-288,15188,2204,-4536,3605,148
kopf,3,141,-276,15472,2036,-5230,3286,16
kopf,3,142,760,15288,1960,-6027,3105,-146
kopf,3,143,1152,14236,2048,-6748,3117,-427
kopf,3,144,1448,12480,2192,-7184,3287,-733
kopf,3,145,1504,11568,2768,-7458,3561,-1025
kopf,3,146,1488,10100,3440,-7621,3935,-1240
kopf,3,147,920,8532,4000,-7600,4216,-1429
kopf,3,148,276,7460,4696,-7394,4414,-1518
kopf,3,149,-136,7488,5392,-7278,4563,-1592
kopf,3,150,-892,8424,5888,-7271,4614,-1761
kopf,3,151,-1520,8648,6616,-7563,4617,-2088
kopf,3,152,-2704,7044,7240,-7898,4765,-2441
kopf,3,153,-3556,5972,9292,-8063,4633,-2713
kopf,3,154,-6944,5980,8216,-8019,4150,-3210
kopf,3,155,-3400,5888,9748,-8601,4047,-3003
kopf,3,156,-3704,4288,10168,-8743,3786,-3048
kopf,3,157,-9592,-1932,8484,-9154,3568,-2945
kopf,3,158,-6964,-1412,11424,-8204,2777,-2019
kopf,3,159,-8164,-1132,13876,-8287,2851,-2264
kopf,3,160,-5472,-776,12776,-7699,2957,-1782
kopf,3,161,-8216,-3048,13320,-7007,2743,-1601
kopf,3,162,-12048,-5640,15632,-6357,2114,-2013
kopf,3,163,-8868,-1704,15476,-6171,1691,-1859
kopf,3,164,-8256,-3604,15832,-6456,1322,-2102
kopf,3,165,-6488,-2476,16348,-6720,1040,-2143
kopf,3,166,-5332,-2988,15192,-6820,925,-2033
kopf,3,167,-5304,-5752,14744,-6815,1205,-1788
kopf,3,168,-3992,-6052,14364,-6523,1806,-1379
kopf,3,169,-4200,-6676,13236,-6050,2558,-1026
kopf,3,170,-4452,-6372,12752,-5660,3403,-667
kopf,3,171,-7956,-8996,12888,-5193,4209,-642
kopf,3,172,-10520,-9772,12732,-4483,4485,-772
kopf,3,173,-13120,-11956,14236,-3794,4457,-725
kopf,3,174,-15900,-14188,14780,-2886,3893,-728
kopf,3,175,-16380,-13456,16204,-1966,2648,-609
kopf,3,176,-13880,-10528,13424,-1099,1433,-627
kopf,3,177,-11172,-8804,13788,-871,718,-355
kopf,3,178,-9016,-7136,12828,-791,532,-398
kopf,3,179,-6552,-4928,10952,-684,949,-120
kopf,3,180,-5336,-6640,10736,-719,1595,-123
kopf,3,181,-7672,-3128,11552,-1258,2110,-178
kopf,3,182,-8632,-4408,11492,-1461,2210,-367
kopf,3,183,-10292,-3924,11076,-1721,2048,-551
kopf,3,184,-11352,-4708,10420,-2029,1745,-789
kopf,3,185,-12296,-5456,10260,-2328,1279,-1070
kopf,3,186,-14572,-5348,8948,-2890,835,-1526
kopf,3,187,-12060,-15648,12936,-3331,1013,-483
kopf,3,188,-16008,-19604,14320,-1470,2134,1023
kopf,3,189,-15352,-16376,13344,1259,879,1610
kopf,3,190,-16732,-8896,12576,2425,48,1619
kopf,3,191,-13600,-2844,9948,1689,-247,1194
kopf,3,192,-10868,-564,8816,1011,-228,550
kopf,3,193,-9756,-3780,9224,610,-25,461
kopf,3,194,-10292,-3652,8876,596,217,491
kopf,3,195,-11112,-4580,9252,753,329,389
kopf,3,196,-11680,-5184,9276,685,356,376
kopf,3,197,-12128,-4204,8900,752,323,180
kopf,3,198,-11784,-4892,8644,737,125,86
kopf,3,199,-11120,-3908,7956,802,125,-97
kopf,3,200,-10456,-5456,8356,827,97,-121
kopf,3,201,-7616,-10536,10088,691,664,503
kopf,3,202,-8764,-9716,7736,1480,1329,1050
kopf,3,203,-10164,-4084,8180,1580,1081,1001
kopf,3,204,-9088,-4144,7432,1182,914,648
kopf,3,205,-8048,-5540,7556,1287,971,872
kopf,3,206,-8716,-6440,7832,1364,1027,1176
kopf,3,207,-9584,-5684,7092,1332,1078,1294
kopf,3,208,-9036,-6016,7452,1451,932,1551
kopf,3,209,-10196,-5828,7776,1390,821,1757
kopf,3,210,-11524,-5988,7836,1261,543,1837
kopf,3,211,-10220,-6604,8184,1345,99,1999
kopf,3,212,-7932,-5456,7916,1403,87,2101
kopf,3,213,-6528,-4464,7708,1467,467,2292
kopf,3,214,-6976,-2772,8144,1482,941,2442
kopf,3,215,-8936,-1936,9328,1487,1268,2496
kopf,3,216,-11788,-524,10404,1380,1381,2414
kopf,3,217,-14796,280,11360,1010,1101,2108
kopf,3,218,-16532,344,11088,650,436,1569
kopf,3,219,-16560,1548,9320,173,-203,1091
kopf,3,220,-15208,480,8248,-234,-497,725
kopf,3,221,-12660,-628,7752,1,-617,495
kopf,3,222,-11708,160,7560,255,-410,415
kopf,3,223,-11456,196,8180,301,-144,419
kopf,3,224,-11676,-212,8876,274,50,359
kopf,3,225,-11688,72,9252,144,174,262
kopf,3,226,-11896,348,9240,66,243,127
kopf,3,227,-12116,704,9044,14,309,63
kopf,3,228,-12588,428,8904,-57,275,-73
kopf,3,229,-12428,-212,8804,-72,175,-220
kopf,3,230,-11984,-604,8648,-47,114,-334
kopf,3,231,-11612,-656,8300,-15,107,-374
kopf,3,232,-11136,-788,8380,14,107,-399
kopf,3,233,-11068,-872,8388,24,158,-408
kopf,3,234,-11092,-1008,8684,16,213,-405
kopf,3,235,-11200,-928,8516,-3,242,-410
kopf,3,236,-11400,-1060,8744,-18,233,-396
kopf,3,237,-11412,-836,8444,-10,234,-399
kopf,3,238,-11460,-940,8292,21,176,-379
kopf,3,239,-11256,-1092,8304,-90,228,-379
kopf,3,240,-11064,-868,8636,-112,202,-351
kopf,3,241,-11340,-920,8636,-99,154,-390
kopf,3,242,-11216,-592,8596,-80,175,-414
kopf,3,243,-11224,-932,8528,-83,98,-362
kopf,3,244,-11364,-740,8424,-77,78,-372
kopf,3,245,-11512,-872,8628,-79,-3,-382
kopf,3,246,-11428,-864,8628,-95,-11,-394
kopf,3,247,-11124,-712,8404,-106,-5,-378
kopf,3,248,-11288,-900,8504,-116,34,-384
kopf,3,249,-11800,-728,8492,-88,109,-422
kopf,3,250,-11692,-1128,8336,-72,83,-367
kopf,3,251,-11700,-452,8228,166,119,-406
kopf,3,252,-11792,-640,8420,21,164,-426
kopf,3,253,-11808,-520,8480,-29,190,-484
kopf,3,254,-11912,-596,8640,-95,193,-549
kopf,3,255,-11408,-508,8708,-122,260,-623
kopf,3,256,-11852,-768,8576,-105,305,-653
kopf,3,257,-12080,-728,8556,-232,339,-720
kopf,3,258,-12008,-760,8712,-266,351,-802
kopf,3,259,-12140,-876,8672,-321,368,-900
kopf,3,260,-11816,-1224,8564,-343,398,-996
kopf,3,261,-12000,-684,8288,-386,571,-1048
kopf,3,262,-11332,-1876,8460,-270,690,-1052
kopf,3,263,-11880,-1604,8000,-320,1001,-1007
kopf,3,264,-11436,-1592,7756,-139,1164,-1002
kopf,3,265,-12168,-2492,7772,-242,1214,-1060
kopf,3,266,-13552,-1372,7344,-501,1228,-1198
kopf,3,267,-12464,-2796,7672,-389,880,-1304
kopf,3,268,-12724,-2408,7228,-536,702,-1337
kopf,3,269,-11604,-1896,6792,-582,502,-1207
kopf,3,270,-12000,-1764,6292,-670,288,-1099
kopf,3,271,-9112,-1912,6856,-475,113,-1010
kopf,3,272,-10012,-3840,7152,-518,10,-837
kopf,3,273,-9392,-3404,6524,-348,97,-677
kopf,3,274,-8804,-3124,6908,-225,127,-425
kopf,3,275,-9976,-3852,6956,79,186,-389
kopf,3,276,-10040,-3556,7512,183,300,-160
kopf,3,277,-10468,-2960,7576,303,407,-61
kopf,3,278,-10932,-2092,7572,382,543,70
kopf,3,279,-11600,-1716,7692,416,643,164
kopf,3,280,-12280,-1504,8040,365,727,257
kopf,3,281,-12968,-1404,8228,277,712,247
kopf,3,282,-13248,-1412,8432,127,590,193
kopf,3,283,-13492,-1332,8236,39,418,136
kopf,3,284,-13936,-116,6384,-90,496,227
kopf,3,285,-12564,156,7764,-273,319,348
kopf,3,286,-12656,320,6840,-525,219,456
kopf,3,287,-12944,-740,7780,-657,121,518
kopf,3,288,-12552,-1000,7156,-803,22,615
kopf,3,289,-12484,-1088,7012,-933,-20,668
kopf,3,290,-11944,-1884,7384,-892,-100,690
kopf,3,291,-11820,-1996,7520,-928,-130,726
kopf,3,292,-12100,-3088,7508,-871,-90,604
kopf,3,293,-11508,-3792,7928,-713,-123,456
kopf,3,294,-11236,-4736,8428,-459,-139,271
kopf,3,295,-11180,-5172,8596,-217,-98,15
kopf,3,296,-9828,-4076,8200,-65,-38,-111
kopf,3,297,-11104,-1776,7248,-108,98,34
kopf,3,298,-12092,-1676,7096,-139,141,171
kopf,3,299,-12920,-2284,7404,-152,32,137
kopf,4,0,-13400,-2156,7856,-253,326,-315
kopf,4,1,-13760,-2604,8060,-140,452,-295
kopf,4,2,-14012,-3236,8120,31,525,41
kopf,4,3,-15132,-2804,7556,319,540,247
kopf,4,4,-16904,-3528,7876,769,-7,392
kopf,4,5,-16412,-1920,8004,974,-662,689
kopf,4,6,-16088,-1312,8448,887,-1004,819
kopf,4,7,-13220,-396,9232,998,-1329,1432
kopf,4,8,-13544,3016,8572,1316,-1030,1525
kopf,4,9,-16460,428,11088,960,-733,1790
kopf,4,10,-19396,-1108,12116,1015,-702,1619
kopf,4,11,-22296,-1600,12860,1154,-1256,1567
kopf,4,12,-21776,-2536,14552,1427,-1962,1826
kopf,4,13,-22760,-2320,15276,1450,-2785,2154
kopf,4,14,-23028,-1340,14548,1416,-3588,2378
kopf,4,15,-20536,1472,14068,1506,-4215,2578
kopf,4,16,-18016,-1600,13432,1666,-4651,2598
kopf,4,17,-17748,-84,13820,1725,-4656,2699
kopf,4,18,-16912,-248,13752,1846,-4771,2872
kopf,4,19,-16268,120,13692,1890,-4970,3070
kopf,4,20,-17032,-752,14352,1748,-5133,3161
kopf,4,21,-17800,376,15120,1637,-5551,3196
kopf,4,22,-17656,-1692,15676,1746,-6098,2908
kopf,4,23,-15548,-1136,16636,1605,-6456,2974
kopf,4,24,-14012,-2552,16192,2022,-6709,2818
kopf,4,25,-12156,-1020,16112,2422,-6612,2938
kopf,4,26,-12816,-44,16984,2682,-6463,2943
kopf,4,27,-13504,-752,17028,2924,-6626,2631
kopf,4,28,-13276,-1016,17044,3161,-7040,2264
kopf,4,29,-12108,164,16356,3482,-7402,2163
kopf,4,30,-11416,860,16628,3655,-7749,2061
kopf,4,31,-10396,1860,14964,4002,-8243,1746
kopf,4,32,-8412,3056,14220,3800,-8451,1122
kopf,4,33,-5500,2276,13420,3758,-8369,717
kopf,4,34,-5164,3508,13148,3789,-8173,448
kopf,4,35,-6616,2840,12428,3637,-8294,-257
kopf,4,36,-4796,2288,11360,3429,-8696,-1018
kopf,4,37,-4036,1792,9204,3525,-8912,-1638
kopf,4,38,-1848,2088,8316,3531,-9116,-2387
kopf,4,39,1604,1672,5964,3526,-9113,-3211
kopf,4,40,4240,2696,4736,3589,-8724,-4093
kopf,4,41,5708,2904,3836,3483,-7971,-5097
kopf,4,42,7196,3532,3092,3531,-7234,-6188
kopf,4,43,9572,4076,2476,3741,-6443,-6954
kopf,4,44,10276,5600,396,4099,-5344,-7153
kopf,4,45,10756,6436,-672,4217,-4207,-7137
kopf,4,46,10988,5868,-1280,4207,-2834,-6958
kopf,4,47,10708,5492,-2408,4423,-1504,-6899
kopf,4,48,8876,9460,-2124,4790,-737,-6323
kopf,4,49,4872,8212,-3244,4958,-172,-5963
kopf,4,50,5792,9992,-828,4496,622,-5554
kopf,4,51,3464,12328,-2892,4273,1222,-5335
kopf,4,52,4124,15372,-3820,3635,1670,-5077
kopf,4,53,972,14668,-3544,3117,1816,-5169
kopf,4,54,-1080,12192,-1700,2584,1864,-5559
kopf,4,55,-2084,13276,-1544,2470,1586,-5631
kopf,4,56,-2508,11688,-2280,2217,1763,-5476
kopf,4,57,296,13964,-944,1670,2117,-5126
kopf,4,58,-492,10332,1748,1284,2937,-4539
kopf,4,59,-1664,13728,-660,1543,3281,-4194
kopf,4,60,-3088,12924,-1180,1386,3609,-3832
kopf,4,61,-3572,13672,-944,1201,3892,-3544
kopf,4,62,-3972,13324,-2212,548,4167,-3448
kopf,4,63,-3800,15932,-1648,144,4399,-3465
kopf,4,64,-3180,14476,-1596,-431,4642,-3706
kopf,4,65,-2336,14244,-2216,-927,5038,-4009
kopf,4,66,-1348,13592,-2388,-1445,5749,-4412
kopf,4,67,-740,14744,-3760,-1858,6366,-4711
kopf,4,68,-20,14804,-4392,-2401,7002,-4864
kopf,4,69,888,14720,-5740,-2957,7574,-5113
kopf,4,70,1444,14316,-6356,-3685,8330,-5209
kopf,4,71,1628,12440,-7836,-4443,9289,-5173
kopf,4,72,684,8352,-8736,-4715,10514,-4730
kopf,4,73,-4892,-972,-10524,-3704,11625,-989
kopf,4,74,-14692,-9272,1988,134,13637,2973
kopf,4,75,-17732,1392,-5748,2881,12816,4082
kopf,4,76,-12024,11484,-7472,3511,12395,3960
kopf,4,77,-15700,17504,-8004,2817,12182,3940
kopf,4,78,-27668,20596,-7944,1498,11040,3806
kopf,4,79,-32768,20352,-3772,221,7328,2652
kopf,4,80,-32768,20944,-1892,-728,1981,716
kopf,4,81,-32768,22840,-3072,-2105,-2923,-914
kopf,4,82,-32224,22680,-5960,-3503,-6252,-1678
kopf,4,83,-24812,19784,-7828,-4421,-8252,-1813
kopf,4,84,-17904,18392,-9476,-4916,-8994,-1125
kopf,4,85,-13980,17564,-9892,-5198,-8775,224
kopf,4,86,-13132,16016,-9096,-5610,-7852,1529
kopf,4,87,-8128,16092,-8600,-5409,-6802,2506
kopf,4,88,-5400,11512,-10380,-5544,-5715,2564
kopf,4,89,-2568,5320,-9176,-5943,-3853,970
kopf,4,90,-560,3368,-416,-5349,-2956,-604
kopf,4,91,3908,-3000,96,-4794,-2689,-2249
kopf,4,92,10016,-8108,6152,-3989,-2648,-3732
kopf,4,93,18336,-15248,8896,-1908,-1649,-3788
kopf,4,94,24804,-19972,12068,1748,89,-2373
kopf,4,95,28908,-17880,8184,5194,3062,-59
kopf,4,96,20856,-16012,9468,7823,5888,1225
kopf,4,97,8940,-9108,7736,9982,7702,1721
kopf,4,98,3412,-2260,2104,10673,9421,1046
kopf,4,99,2340,1788,-4156,11896,10815,-54
kopf,4,100,708,11032,-8156,11681,12369,208
kopf,4,101,-6988,15976,-12444,10724,12715,340
kopf,4,102,-11368,22192,-18876,8546,11824,-755
kopf,4,103,-27952,32767,-18144,6274,10522,-1730
kopf,4,104,-32768,32767,-17324,2277,7092,-2491
kopf,4,105,-32768,32767,-16096,-1710,1806,-3328
kopf,4,106,-32768,32767,-19800,-3942,-2354,-2338
kopf,4,107,-32768,22740,-17296,-4462,-4165,21
kopf,4,108,-32768,14176,-10560,-3714,-5693,174
kopf,4,109,-32768,16716,-9324,-3880,-7691,-467
kopf,4,110,-32768,18704,-5704,-4278,-10054,-487
kopf,4,111,-21936,20892,-7740,-4931,-11521,-47
kopf,4,112,-13336,20284,-12188,-5656,-11088,1050
kopf,4,113,-11352,20560,-11832,-6886,-10706,2169
kopf,4,114,-788,18184,-14144,-8494,-8602,2394
kopf,4,115,8552,8216,-14684,-8539,-6458,2173
kopf,4,116,14168,-1624,-12432,-7649,-3191,890
kopf,4,117,14088,-12280,-2460,-5639,-1018,-774
kopf,4,118,11328,-19628,9284,-2113,30,-1675
kopf,4,119,18340,-17392,11712,978,719,-1895
kopf,4,120,27396,-13972,7704,3106,3025,-537
kopf,4,121,24816,-7580,6480,5031,6442,1309
kopf,4,122,12284,-5900,7596,6535,8313,2188
kopf,4,123,1292,-628,5504,7798,8581,2081
kopf,4,124,-10000,2460,2624,7882,9866,1223
kopf,4,125,-8808,868,-1956,8987,9343,-97
kopf,4,126,-7316,6292,-3768,8684,8944,-1205
kopf,4,127,-10328,12896,-11636,7933,8363,-2213
kopf,4,128,-16180,19172,-16780,6791,8172,-2583
kopf,4,129,-22588,28464,-16312,5080,7028,-2678
kopf,4,130,-30284,32767,-18044,2161,4769,-1664
kopf,4,131,-32768,32767,-17700,-504,1907,164
kopf,4,132,-32768,31760,-19440,-2045,-903,1979
kopf,4,133,-32768,20312,-14848,-2814,-3935,2063
kopf,4,134,-32768,16028,-10684,-3026,-6595,1659
kopf,4,135,-32768,13684,-9304,-3143,-8713,1579
kopf,4,136,-26844,13856,-8560,-3121,-11133,1078
kopf,4,137,-13240,18576,-13992,-4297,-10768,833
kopf,4,138,-5968,22788,-11068,-5784,-8616,1386
kopf,4,139,-4316,16392,-13212,-6549,-6146,1970
kopf,4,140,-4864,7168,-8452,-6741,-4926,2329
kopf,4,141,-2200,1532,-7296,-5769,-3712,1997
kopf,4,142,-1356,696,-2940,-4619,-2505,2091
kopf,4,143,3612,2412,-7776,-3750,-99,2715
kopf,4,144,408,736,-2588,-2739,716,3512
kopf,4,145,-216,2384,-932,-2152,1133,3145
kopf,4,146,-3196,2512,792,-1277,1570,3371
kopf,4,147,-3328,6644,1656,-986,1943,4026
kopf,4,148,-9200,10672,696,-1253,1821,4550
kopf,4,149,-12460,12500,1372,-1852,904,4670
kopf,4,150,-16656,13280,1412,-2468,-448,4051
kopf,4,151,-18804,14060,-756,-3316,-1992,2529
kopf,4,152,-16404,13992,-2944,-4062,-3937,856
kopf,4,153,-11852,14800,-4884,-4846,-5076,-591
kopf,4,154,-8352,15708,-5592,-5332,-5910,-1138
kopf,4,155,-5108,16748,-5532,-5854,-5903,-945
kopf,4,156,-4992,14684,-5208,-6138,-5817,-546
kopf,4,157,-5080,12004,-3844,-6192,-5609,-67
kopf,4,158,-5256,9528,-2096,-5861,-5275,534
kopf,4,159,-4856,8380,-680,-5427,-4924,1162
kopf,4,160,-4416,7520,-144,-4902,-4660,1555
kopf,4,161,-4460,7896,1060,-4496,-4493,1681
kopf,4,162,-4020,7492,1776,-4269,-4379,1654
kopf,4,163,-3284,10104,2568,-4263,-4323,1669
kopf,4,164,-2696,9240,2568,-4418,-4267,1576
kopf,4,165,-1872,9160,3384,-4561,-4149,1407
kopf,4,166,-148,9784,4276,-4554,-4007,1319
kopf,4,167,604,9124,4552,-4739,-3689,1340
kopf,4,168,2056,8400,5520,-4789,-3378,1427
kopf,4,169,3176,7232,5808,-4709,-2908,1587
kopf,4,170,3636,5988,6040,-4504,-2440,1735
kopf,4,171,4796,4976,7048,-4198,-1960,1891
kopf,4,172,5204,4512,7304,-3822,-1513,2044
kopf,4,173,4764,4308,7344,-3433,-1173,2151
kopf,4,174,4412,4460,7528,-3101,-1046,2142
kopf,4,175,4000,4744,7664,-2839,-1135,2044
kopf,4,176,4876,5228,7628,-2740,-1260,1948
kopf,4,177,5488,4880,7524,-2637,-1289,1828
kopf,4,178,6196,4652,7672,-2527,-1182,1742
kopf,4,179,7436,4348,7760,-2413,-962,1667
kopf,4,180,7616,3504,7468,-2293,-523,1649
kopf,4,181,8312,3972,8156,-2073,-71,1718
kopf,4,182,7224,3904,9176,-1945,168,1781
kopf,4,183,4608,2356,8820,-1846,479,1634
kopf,4,184,4460,3028,10340,-1627,220,1574
kopf,4,185,4248,3732,11280,-1696,-121,1236
kopf,4,186,5536,5008,11364,-1873,-420,1147
kopf,4,187,6336,5348,11960,-2273,-525,766
kopf,4,188,6844,5652,12092,-2741,-536,502
kopf,4,189,7080,5804,11856,-3190,-217,158
kopf,4,190,7224,4920,12048,-3621,267,-232
kopf,4,191,7704,4092,12636,-3948,882,-635
kopf,4,192,7212,2004,12588,-4062,1626,-957
kopf,4,193,6900,748,13036,-3943,2340,-1104
kopf,4,194,5576,-1376,12212,-3517,3198,-1282
kopf,4,195,4992,-1172,13308,-3279,3744,-1101
kopf,4,196,4304,-11268,15056,-2331,4494,-1491
kopf,4,197,1768,-5604,13540,-2301,4774,-516
kopf,4,198,812,36,14388,-1964,5536,-1419
kopf,4,199,-1448,264,15160,-2291,5545,-1429
kopf,4,200,-4004,-84,14888,-2426,5425,-1623
kopf,4,201,-6132,-1272,14700,-2342,5321,-2189
kopf,4,202,-4920,160,14740,-2374,5254,-2136
kopf,4,203,-5504,-1340,14608,-2527,5284,-2083
kopf,4,204,-7272,-3340,14176,-2364,5507,-1878
kopf,4,205,-17064,-10056,8476,-2210,5771,-1151
kopf,4,206,-10232,276,8460,-1379,5884,-781
kopf,4,207,-7856,280,12816,-1980,6280,-456
kopf,4,208,-8980,-4468,13292,-1168,6471,-661
kopf,4,209,-11832,-2132,14136,-350,6258,-916
kopf,4,210,-13648,-16,13916,-119,5784,-1252
kopf,4,211,-12960,308,13664,-462,5088,-1351
kopf,4,212,-14656,3364,13512,-854,4731,-1294
kopf,4,213,-13540,764,13088,-1418,4485,-1047
kopf,4,214,-13712,3016,11448,-2055,4292,-884
kopf,4,215,-13552,2860,11212,-2517,4261,-829
kopf,4,216,-14660,-876,9812,-2953,4480,-824
kopf,4,217,-16912,-3452,9152,-2992,4483,-910
kopf,4,218,-19992,-7768,9284,-2644,4505,-846
kopf,4,219,-20568,-7328,11880,-1755,3639,-744
kopf,4,220,-20748,-9364,11692,-982,2566,-601
kopf,4,221,-19388,-6468,11500,-332,1522,-567
kopf,4,222,-18260,-3868,11716,-179,732,-441
kopf,4,223,-16720,-96,11060,-525,285,-154
kopf,4,224,-15652,-2048,11308,-795,52,-80
kopf,4,225,-14184,-376,10564,-1181,-199,-85
kopf,4,226,-13324,152,9584,-1518,-366,-88
kopf,4,227,-12528,104,8864,-1794,-386,-47
kopf,4,228,-12068,-1812,8940,-1964,-243,-120
kopf,4,229,-12324,-2868,8408,-2049,-269,-191
kopf,4,230,-12088,-3644,7572,-2080,-222,-304
kopf,4,231,-10884,-2896,7248,-1793,-249,-392
kopf,4,232,-11580,-3988,7336,-1694,-216,-260
kopf,4,233,-10708,-4820,6340,-1278,-72,-143
kopf,4,234,-9876,-3632,6452,-892,114,10
kopf,4,235,-8932,-2064,5864,-731,439,85
kopf,4,236,-8980,-2844,6640,-632,751,208
kopf,4,237,-6656,-3504,6480,-605,1588,367
kopf,4,238,-6100,-4264,8324,-712,2808,786
kopf,4,239,-5816,-6324,9348,-242,4411,1395
kopf,4,240,-10968,-12332,11724,1007,5607,2008
kopf,4,241,-13472,-12020,12556,2168,5618,2820
kopf,4,242,-21412,-5424,12020,3420,5358,3234
kopf,4,243,-20244,3276,6912,3133,3919,2231
kopf,4,244,-18136,4048,6724,2643,3041,1029
kopf,4,245,-17876,5380,5872,1618,2304,998
kopf,4,246,-20708,4588,5656,770,1450,882
kopf,4,247,-21660,4836,6848,233,509,786
kopf,4,248,-20616,2720,7156,100,-471,254
kopf,4,249,-16424,1292,7748,-158,-1045,-236
kopf,4,250,-13420,512,7372,-334,-1035,-429
kopf,4,251,-11892,704,7328,-850,-717,-418
kopf,4,252,-11240,-88,6628,-975,-433,-515
kopf,4,253,-11580,-308,6200,-811,-164,-520
kopf,4,254,-12520,-788,6472,-708,-64,-444
kopf,4,255,-12928,-828,6344,-456,-115,-429
kopf,4,256,-12620,-1132,6488,-264,-190,-338
kopf,4,257,-12352,-920,6600,-182,-213,-268
kopf,4,258,-11652,-880,6432,-173,-155,-174
kopf,4,259,-11376,-1012,6484,-120,-39,-62
kopf,4,260,-11436,-1224,6372,-92,102,64
kopf,4,261,-12344,-904,6428,-8,188,169
kopf,4,262,-12156,-692,6600,70,259,275
kopf,4,263,-12648,-656,6820,116,259,311
kopf,4,264,-12660,-360,6792,102,264,330
kopf,4,265,-13024,148,6928,28,258,319
kopf,4,266,-13256,-128,6916,-264,218,285
kopf,4,267,-13036,-72,6604,-259,199,273
kopf,4,268,-12992,-428,6812,-61,169,261
kopf,4,269,-12912,-136,6736,7,193,299
kopf,4,270,-12920,-224,6744,32,207,261
kopf,4,271,-12976,-248,6732,17,234,255
kopf,4,272,-13016,-100,6648,21,246,240
kopf,4,273,-13080,-24,6544,19,235,226
kopf,4,274,-13024,-40,6648,-20,218,198
kopf,4,275,-13092,0,6644,-32,176,157
kopf,4,276,-13168,20,6476,-33,164,128
kopf,4,277,-13096,-136,6520,-29,159,114
kopf,4,278,-13180,-44,6572,-8,151,125
kopf,4,279,-13168,0,6608,-21,160,112
kopf,4,280,-13136,100,6524,-29,161,95
kopf,4,281,-13212,56,6416,-57,138,28
kopf,4,282,-13176,48,6280,-76,106,16
kopf,4,283,-13164,24,6428,-71,70,-37
kopf,4,284,-13056,-100,6336,-66,55,-60
kopf,4,285,-12768,84,6412,-70,58,-71
kopf,4,286,-12848,144,6344,-81,77,-85
kopf,4,287,-12864,68,6276,-102,91,-65
kopf,4,288,-13040,40,6372,-109,80,-62
kopf,4,289,-13184,24,6368,-82,49,-72
kopf,4,290,-13140,-60,6500,-82,35,-77
kopf,4,291,-12904,-24,6396,-60,29,-52
kopf,4,292,-12704,64,6436,-57,39,-55
kopf,4,293,-12832,28,6480,-57,43,-37
kopf,4,294,-12744,88,6560,-53,59,-23
kopf,4,295,-12780,-60,6432,-69,80,-11
kopf,4,296,-12804,-112,6428,-61,99,19
kopf,4,297,-12900,36,6288,-47,105,48
kopf,4,298,-12928,84,6420,-43,116,71
kopf,4,299,-12944,220,6404,-41,128,92
kopf,5,0,-12984,396,6144,-131,29,-188
kopf,5,1,-12744,316,6272,-139,40,-166
kopf,5,2,-12656,340,6248,-129,86,-131
kopf,5,3,-12816,444,6172,-137,103,-101
kopf,5,4,-13064,396,6304,-144,88,-81
kopf,5,5,-13016,392,6300,-151,56,-65
kopf,5,6,-12916,508,6268,-156,62,-43
kopf,5,7,-13024,368,6132,-142,71,-42
kopf,5,8,-12928,308,6176,-144,60,-34
kopf,5,9,-13028,340,6120,-111,42,-14
kopf,5,10,-13160,356,6148,-101,41,-22
kopf,5,11,-13116,420,6136,-96,31,-34
kopf,5,12,-13184,284,6156,-82,28,-29
kopf,5,13,-13096,396,6308,-89,31,-38
kopf,5,14,-13140,308,6192,-91,33,-53
kopf,5,15,-13268,472,6352,-99,26,-47
kopf,5,16,-13108,384,6316,-110,24,-54
kopf,5,17,-13108,412,6208,-120,21,-55
kopf,5,18,-13072,420,6352,-125,14,-46
kopf,5,19,-13076,312,6160,-138,12,-48
kopf,5,20,-13052,372,6232,-127,16,-38
kopf,5,21,-13116,344,6048,-116,30,-23
kopf,5,22,-13136,260,6220,-109,39,-31
kopf,5,23,-13228,332,6256,-114,38,-51
kopf,5,24,-13412,400,6392,-118,18,-77
kopf,5,25,-13300,428,6216,-137,-2,-104
kopf,5,26,-13276,440,6196,-145,-21,-125
kopf,5,27,-13108,300,6308,-161,-5,-149
kopf,5,28,-13004,236,6240,-164,-2,-143
kopf,5,29,-12892,416,6100,-176,13,-129
kopf,5,30,-12836,228,6244,-165,26,-115
kopf,5,31,-12748,212,6100,-172,42,-76
kopf,5,32,-12708,348,6160,-157,59,-38
kopf,5,33,-12912,376,6192,-148,63,-21
kopf,5,34,-13016,280,6120,-140,62,-13
kopf,5,35,-13136,320,6136,-128,63,-3
kopf,5,36,-13048,424,6128,-129,58,-3
kopf,5,37,-13108,368,6392,-122,51,-12
kopf,5,38,-13140,428,6248,-120,50,-16
kopf,5,39,-13176,516,6388,-117,39,-27
kopf,5,40,-13112,436,6216,-115,35,-40
kopf,5,41,-13212,336,6232,-113,38,-55
kopf,5,42,-13460,544,6284,-127,29,-82
kopf,5,43,-13772,416,6484,-128,8,-124
kopf,5,44,-13788,-72,6388,-117,13,-170
kopf,5,45,-13916,-704,6124,-34,82,-164
kopf,5,46,-13920,-936,6496,90,154,-58
kopf,5,47,-13988,-192,5956,236,167,57
kopf,5,48,-14568,-1164,6272,373,137,149
kopf,5,49,-16692,-3364,7744,823,-31,320
kopf,5,50,-19048,-5244,9356,1232,-534,627
kopf,5,51,-19972,-5500,10440,1667,-1153,1052
kopf,5,52,-24216,-4808,11812,1826,-2263,1379
kopf,5,53,-22848,-2512,12748,2071,-3567,1494
kopf,5,54,-21668,-1840,14348,2395,-4689,1528
kopf,5,55,-20164,-460,15312,2211,-4927,1510
kopf,5,56,-19972,2356,17336,1982,-4945,1782
kopf,5,57,-20268,-752,19676,2079,-4674,1898
kopf,5,58,-22780,-2828,21508,2424,-5384,1981
kopf,5,59,-24684,-3372,21944,2814,-6490,2136
kopf,5,60,-24064,-5336,22412,3419,-7836,2239
kopf,5,61,-19636,-4516,21100,3941,-8737,2584
kopf,5,62,-15576,-1964,19192,4223,-8792,2802
kopf,5,63,-13392,116,18272,4155,-8539,2979
kopf,5,64,-12920,76,17348,4109,-8241,2883
kopf,5,65,-13476,1156,16748,3942,-8315,2455
kopf,5,66,-11692,-520,15000,3831,-8423,1961
kopf,5,67,-10720,-568,14716,4208,-8276,1716
kopf,5,68,-9448,-1444,12384,4371,-8064,1644
kopf,5,69,-8084,-1184,11188,4679,-7756,1536
kopf,5,70,-7256,-1080,10036,5001,-7389,1510
kopf,5,71,-6052,-724,8804,5299,-6980,1376
kopf,5,72,-4564,-696,7396,5723,-6537,1249
kopf,5,73,-3328,-724,5728,6249,-6003,1167
kopf,5,74,-2204,-1308,4480,6692,-5337,1074
kopf,5,75,-36,1672,3276,7519,-4738,840
kopf,5,76,-608,2856,2980,7545,-4200,709
kopf,5,77,-836,4060,1940,7614,-3772,464
kopf,5,78,-396,4852,928,7410,-3478,282
kopf,5,79,704,5828,-648,7256,-3138,49
kopf,5,80,1208,6688,-1704,7069,-2696,-49
kopf,5,81,1272,8040,-2124,6859,-2347,-88
kopf,5,82,1108,8496,-2988,6664,-2143,-150
kopf,5,83,476,9856,-3296,6447,-2007,-222
kopf,5,84,-36,11492,-3088,5975,-2020,-219
kopf,5,85,-312,12404,-3320,5413,-2140,-346
kopf,5,86,48,13436,-3800,4886,-2310,-422
kopf,5,87,484,14700,-3888,4274,-2384,-503
kopf,5,88,852,15612,-4052,3753,-2375,-568
kopf,5,89,1160,15620,-4484,3208,-2166,-597
kopf,5,90,960,15168,-4796,2824,-1903,-653
kopf,5,91,564,15008,-4704,2555,-1644,-740
kopf,5,92,236,14528,-5296,2314,-1372,-882
kopf,5,93,508,14184,-5968,2135,-1017,-937
kopf,5,94,436,13864,-6524,1990,-611,-929
kopf,5,95,348,13928,-6560,1917,-205,-926
kopf,5,96,356,14196,-6260,1884,161,-923
kopf,5,97,372,15236,-5868,1763,550,-992
kopf,5,98,-16,15816,-5052,1510,883,-1165
kopf,5,99,-244,16272,-4436,1233,1133,-1386
kopf,5,100,-4488,16148,-4244,894,1319,-1187
kopf,5,101,-7144,17560,-2404,855,771,-968
kopf,5,102,-6920,18304,-1944,213,46,-513
kopf,5,103,-4856,17576,-924,-351,-426,-154
kopf,5,104,-3096,17664,-336,-780,-743,120
kopf,5,105,-612,16572,-312,-1229,-767,282
kopf,5,106,-144,14068,208,-1292,-396,222
kopf,5,107,-964,13576,1620,-1017,-336,157
kopf,5,108,-1600,13496,2172,-1018,-529,-155
kopf,5,109,-856,14880,1916,-1224,-723,-397
kopf,5,110,396,16136,2792,-1376,-897,-687
kopf,5,111,-420,15476,3312,-1719,-765,-994
kopf,5,112,-2476,13576,4788,-1918,-861,-1750
kopf,5,113,-3168,10884,5572,-1632,-1167,-2583
kopf,5,114,-1916,10864,5792,-1238,-1365,-3116
kopf,5,115,532,9676,5164,-1052,-1306,-3607
kopf,5,116,2872,8496,3340,-585,-599,-3608
kopf,5,117,3744,7936,2036,187,610,-3369
kopf,5,118,4776,9512,1460,1235,1878,-3011
kopf,5,119,4260,10792,1332,2308,2997,-2446
kopf,5,120,3480,14232,-576,2893,4196,-2029
kopf,5,121,3924,17704,1940,2691,4978,-1754
kopf,5,122,-2112,17488,-484,3276,6000,-1305
kopf,5,123,-5136,20940,1696,3112,6050,-1117
kopf,5,124,-7880,20568,512,2570,5608,-885
kopf,5,125,-8604,20428,2364,2000,4968,-608
kopf,5,126,-8744,18944,2348,1431,4266,-308
kopf,5,127,-7064,17284,2100,1109,3644,-129
kopf,5,128,-5148,16792,1736,860,3288,-35
kopf,5,129,-3980,16796,1556,726,3074,140
kopf,5,130,-3504,16580,1192,596,2937,341
kopf,5,131,-2900,16136,724,400,2873,548
kopf,5,132,-2772,15460,52,252,2818,767
kopf,5,133,-3212,15644,-8,124,2709,883
kopf,5,134,-3272,15016,28,-33,2403,864
kopf,5,135,-3640,12856,-376,10,2125,855
kopf,5,136,-3084,9584,-92,271,1941,522
kopf,5,137,-1028,7316,-872,876,1750,145
kopf,5,138,652,6120,-2188,1684,1953,-203
kopf,5,139,2936,7804,-2580,2546,2064,-395
kopf,5,140,2800,10616,-2692,3115,2548,-600
kopf,5,141,2048,14072,-3688,3301,2988,-729
kopf,5,142,-1528,17988,-2248,3239,3000,-976
kopf,5,143,-6520,20360,-2484,2618,2647,-1190
kopf,5,144,-9756,17876,-1944,1931,1612,-1527
kopf,5,145,-13812,22196,-2744,1180,554,-1450
kopf,5,146,-15240,22304,-1460,235,-979,-1015
kopf,5,147,-14308,21656,-2708,-627,-2132,-847
kopf,5,148,-13196,21508,-2332,-1223,-3033,-684
kopf,5,149,-12596,21932,-2052,-1807,-3926,-559
kopf,5,150,-10716,21936,-1596,-2486,-4699,-506
kopf,5,151,-7484,20648,-1524,-2921,-5176,14
kopf,5,152,-6180,18928,-1820,-3350,-5571,1091
kopf,5,153,-5412,17772,-344,-3625,-5986,2355
kopf,5,154,-2796,16648,-60,-3985,-6511,3546
kopf,5,155,-4536,13240,-592,-4164,-6129,4061
kopf,5,156,-664,8172,-4016,-3951,-4774,2918
kopf,5,157,5980,2780,-1356,-2938,-3931,465
kopf,5,158,9632,3000,-3688,-1309,-2371,-817
kopf,5,159,15892,3328,-1428,-3,-35,-1580
kopf,5,160,13428,4296,-3108,1179,2692,-1978
kopf,5,161,6148,5772,-616,2548,4736,-2566
kopf,5,162,-176,6340,1296,3661,5486,-2554
kopf,5,163,-9144,14176,1160,4580,5349,-2203
kopf,5,164,-10584,19424,2340,3467,4132,-1763
kopf,5,165,-14240,21444,1360,2259,3789,-1011
kopf,5,166,-15452,23696,304,1364,2910,-444
kopf,5,167,-9976,18548,-1400,932,2266,-497
kopf,5,168,-3996,18548,-1464,569,2323,-555
kopf,5,169,-4328,16172,-4476,540,3247,271
kopf,5,170,-9552,17724,748,1185,2161,1487
kopf,5,171,-13228,18564,-376,553,1142,2094
kopf,5,172,-12212,16356,320,-69,199,2037
kopf,5,173,-9932,13068,756,-262,-892,1371
kopf,5,174,-3724,13088,436,-94,-1745,826
kopf,5,175,2520,14400,-1176,164,-1957,599
kopf,5,176,5620,15412,-2580,47,-1132,568
kopf,5,177,4364,16376,-2840,-16,-88,115
kopf,5,178,960,16528,-3124,63,741,-593
kopf,5,179,-1880,18060,-2984,-198,1336,-1207
kopf,5,180,-8988,20060,-2112,-591,1362,-1600
kopf,5,181,-17488,23224,280,-1062,334,-1915
kopf,5,182,-23860,25876,2800,-2038,-1840,-2495
kopf,5,183,-22464,25884,3848,-3244,-4195,-2887
kopf,5,184,-17412,24048,3784,-4797,-5508,-2606
kopf,5,185,-11068,16680,3544,-5387,-6101,-1670
kopf,5,186,-4660,10192,1756,-4976,-6184,-607
kopf,5,187,4224,4176,-464,-3904,-5231,557
kopf,5,188,9772,2480,-1356,-2214,-3659,2454
kopf,5,189,10484,-392,-3456,-736,-1229,3495
kopf,5,190,5080,1464,-2164,1025,475,3133
kopf,5,191,5584,4152,-1572,2216,1164,1830
kopf,5,192,11292,8772,-3188,2810,2428,735
kopf,5,193,11348,11776,-5932,3064,4135,36
kopf,5,194,5508,14388,-5436,3391,5632,-564
kopf,5,195,-1348,16936,-4220,3214,6058,-1262
kopf,5,196,-9276,19576,-3580,2836,5648,-1679
kopf,5,197,-21024,22360,-2044,2361,4125,-1771
kopf,5,198,-28604,29276,-372,864,769,-1740
kopf,5,199,-24332,25672,4,-1370,-2568,-1544
kopf,5,200,-17008,23568,-312,-2926,-4119,-1095
kopf,5,201,-9348,18388,648,-3581,-4843,-495
kopf,5,202,-4192,15076,804,-3584,-4956,28
kopf,5,203,3872,10248,-68,-3102,-4303,878
kopf,5,204,9304,7132,-340,-2172,-2671,2017
kopf,5,205,9808,2612,-1332,-1025,-318,2260
kopf,5,206,7096,3148,1480,450,1248,1076
kopf,5,207,5920,6672,1268,1640,2207,-143
kopf,5,208,2108,10984,1732,2232,3019,-1104
kopf,5,209,-2292,14116,1124,2436,3286,-1641
kopf,5,210,-6976,18000,-236,2315,3484,-1685
kopf,5,211,-12460,20076,-496,1946,3226,-1320
kopf,5,212,-19484,23080,-884,1186,2089,-694
kopf,5,213,-19900,25104,-212,633,331,-480
kopf,5,214,-17640,24956,-148,-451,-922,-140
kopf,5,215,-14548,23576,1104,-1479,-1859,115
kopf,5,216,-11412,20720,1540,-2158,-2686,289
kopf,5,217,-8820,19604,2908,-2667,-3236,428
kopf,5,218,-2292,15152,1688,-3151,-3553,611
kopf,5,219,3468,8500,4,-2844,-2668,564
kopf,5,220,7340,3412,172,-1748,-1180,-84
kopf,5,221,11412,-212,-48,-212,328,-815
kopf,5,222,14180,964,-1692,1416,2200,-1141
kopf,5,223,10752,3612,-2072,2660,3961,-1154
kopf,5,224,3192,7940,-2280,3662,4630,-1096
kopf,5,225,-4280,14936,-3720,3765,4700,-1142
kopf,5,226,-11588,18856,-4684,3307,4446,-1058
kopf,5,227,-16392,22272,-4708,2519,3450,-749
kopf,5,228,-19716,24816,-4128,1536,1995,-349
kopf,5,229,-21116,28736,-4684,-487,541,-109
kopf,5,230,-15860,24084,-3188,-371,-597,-41
kopf,5,231,-14156,21916,-528,-1201,-1415,218
kopf,5,232,-12436,21136,1556,-1984,-2145,359
kopf,5,233,-10004,18708,2644,-2800,-2980,483
kopf,5,234,-2812,10836,1200,-3003,-3089,324
kopf,5,235,3728,5520,1008,-2496,-2268,-164
kopf,5,236,8640,196,172,-964,-1079,-667
kopf,5,237,13400,616,-304,784,215,-986
kopf,5,238,12136,4516,-1108,1940,1681,-1154
kopf,5,239,6116,10360,-1248,2546,2619,-1380
kopf,5,240,-2860,16792,-2628,2000,2868,-1869
kopf,5,241,-10108,19716,-2444,1975,2354,-2526
kopf,5,242,-16332,20352,-3864,1399,1519,-2304
kopf,5,243,-21668,22736,-3600,962,302,-1633
kopf,5,244,-23132,25044,-1640,-113,-1194,-1076
kopf,5,245,-20548,22904,-1100,-1039,-2348,-619
kopf,5,246,-14800,21256,-236,-1773,-2797,-351
kopf,5,247,-10708,20652,756,-2121,-2870,39
kopf,5,248,-9584,20352,3332,-2540,-2911,499
kopf,5,249,-8188,17336,3568,-2907,-3007,696
kopf,5,250,-4516,9480,2656,-2967,-2560,350
kopf,5,251,1436,2488,1580,-2053,-1767,-175
kopf,5,252,7508,1976,1256,-803,-541,-680
kopf,5,253,11524,5132,104,147,1274,-996
kopf,5,254,8580,9704,-1200,622,3119,-1418
kopf,5,255,1092,13876,-1392,690,4054,-1996
kopf,5,256,-9004,17528,-1716,600,3920,-2604
kopf,5,257,-15872,19424,-2488,333,2957,-2732
kopf,5,258,-15856,17332,-2780,-503,2265,-2055
kopf,5,259,-12372,15128,-2608,-827,1663,-241
kopf,5,260,-10584,11392,-3520,-952,2163,1282
kopf,5,261,-10940,10452,-1800,-275,2358,2040
kopf,5,262,-10080,19284,-3168,-1065,2305,3599
kopf,5,263,-6628,16392,-1284,605,1945,4175
kopf,5,264,-8648,15176,-1412,-133,2163,4743
kopf,5,265,-12172,14196,-2420,-664,2219,4625
kopf,5,266,-8584,11012,-4976,-664,1362,3933
kopf,5,267,-3552,11656,-6560,-1297,936,2394
kopf,5,268,-10268,12464,-7580,-196,55,2557
kopf,5,269,-7220,16604,-2672,-1419,-1247,2263
kopf,5,270,-5500,14800,-4832,-1936,-2001,1963
kopf,5,271,-2076,15084,-6336,-2141,-2231,1918
kopf,5,272,-1036,15880,-6352,-2296,-2431,2018
kopf,5,273,144,15696,-6800,-2701,-2241,2038
kopf,5,274,1516,15452,-6560,-2992,-1993,2000
kopf,5,275,2712,15544,-6748,-3326,-1426,1845
kopf,5,276,2932,14720,-5748,-3488,-824,1557
kopf,5,277,3720,13784,-4840,-3283,-170,1064
kopf,5,278,3700,13452,-5528,-3138,575,814
kopf,5,279,3108,14088,-4728,-3226,1304,664
kopf,5,280,2676,13356,-4300,-3298,1947,387
kopf,5,281,1980,13036,-3876,-3315,2404,185
kopf,5,282,1524,13068,-3540,-3332,2775,-62
kopf,5,283,1612,13144,-3276,-3443,3149,-309
kopf,5,284,1500,12416,-3320,-3464,3571,-602
kopf,5,285,556,12464,-3124,-3576,3974,-892
kopf,5,286,-424,12588,-3156,-3925,4286,-1188
kopf,5,287,404,10224,-2200,-3602,4458,-1394
kopf,5,288,-632,10772,-2408,-3717,4716,-1582
kopf,5,289,-868,10236,-1996,-3823,4943,-1832
kopf,5,290,-1808,10056,-1944,-4274,5250,-2090
kopf,5,291,-2432,9200,-884,-4225,5394,-2509
kopf,5,292,-3116,9776,-296,-4402,5496,-2908
kopf,5,293,-3840,9712,344,-4494,5540,-3162
kopf,5,294,-5008,11492,1616,-5003,5558,-3422
kopf,5,295,-5752,10652,2564,-5413,5310,-3662
kopf,5,296,-7256,11332,2940,-6090,5109,-3941
kopf,5,297,-8500,11732,2244,-7195,4820,-3999
kopf,5,298,-9668,9364,3740,-7255,4425,-4053
kopf,5,299,-11684,8744,5184,-7693,3759,-4415
kopf,6,0,-12588,-1764,5904,-100,-77,-90
kopf,6,1,-12244,-1504,6172,6,-85,-69
kopf,6,2,-12172,-1300,6276,77,-29,-5
kopf,6,3,-12224,-1156,6680,120,48,94
kopf,6,4,-12276,-1020,6740,130,63,83
kopf,6,5,-12776,-1132,6744,113,103,121
kopf,6,6,-12656,-1016,6968,70,108,72
kopf,6,7,-12772,-820,6776,34,122,120
kopf,6,8,-12748,-900,6652,-24,139,40
kopf,6,9,-12828,-888,6996,-61,110,7
kopf,6,10,-13072,-924,6828,-105,89,-20
kopf,6,11,-13120,-936,6760,-125,60,-42
kopf,6,12,-13032,-1120,6588,-127,42,-76
kopf,6,13,-12852,-1084,6596,-123,4,-102
kopf,6,14,-12796,-1128,6412,-97,-6,-91
kopf,6,15,-13016,-1188,6692,-86,-16,-94
kopf,6,16,-12952,-1032,6472,-62,-39,-113
kopf,6,17,-13068,-752,6676,-76,-46,-138
kopf,6,18,-13472,-872,6956,-67,-97,-180
kopf,6,19,-13772,-636,7008,-142,-171,-257
kopf,6,20,-13848,-664,7452,-257,-234,-370
kopf,6,21,-14132,-252,7764,-492,-261,-492
kopf,6,22,-14732,-688,8580,-811,-312,-623
kopf,6,23,-15412,-956,9380,-1132,-397,-781
kopf,6,24,-16212,-1104,9248,-1545,-497,-1059
kopf,6,25,-16756,-944,9956,-1918,-715,-1312
kopf,6,26,-19044,-1676,10672,-2195,-1193,-1579
kopf,6,27,-21720,-4168,9280,-2687,-2087,-2634
kopf,6,28,-24448,-8208,11976,-2972,-3292,-4171
kopf,6,29,-24276,-8924,15372,-2718,-5091,-5039
kopf,6,30,-24168,-9580,15064,-2767,-7167,-5283
kopf,6,31,-24016,-11544,14592,-3017,-8229,-5761
kopf,6,32,-19176,-11976,16176,-3033,-9497,-6008
kopf,6,33,-17652,-16824,15488,-2417,-10624,-6463
kopf,6,34,-11068,-10980,16892,-1533,-10971,-6381
kopf,6,35,-9268,-11448,18560,-1008,-11101,-6694
kopf,6,36,-9968,-12660,16272,-1062,-11407,-7227
kopf,6,37,-10156,-13964,17344,-885,-11909,-8471
kopf,6,38,-8996,-13020,16816,-492,-13040,-9573
kopf,6,39,-7792,-16020,15632,-29,-13826,-10566
kopf,6,40,-2004,-13668,14544,507,-13966,-10955
kopf,6,41,4876,-12908,10888,1144,-13079,-10878
kopf,6,42,10428,-13564,13048,2119,-11526,-10359
kopf,6,43,9180,-11240,7356,3242,-9885,-9438
kopf,6,44,8220,-11604,8224,3360,-8012,-8602
kopf,6,45,6932,-13664,9548,3638,-7086,-8471
kopf,6,46,9168,-10064,7632,3957,-6422,-8634
kopf,6,47,10464,-7668,5628,4338,-5705,-8499
kopf,6,48,11564,-7736,4140,3953,-4421,-8281
kopf,6,49,8404,-12016,16232,3650,-3652,-8117
kopf,6,50,9848,-7112,3784,3899,-2265,-7424
kopf,6,51,8972,-4992,4152,4006,-1405,-6949
kopf,6,52,7044,-1520,4612,4247,-850,-6177
kopf,6,53,4424,-44,3980,4008,-525,-5938
kopf,6,54,1852,-1012,4876,3943,-438,-5743
kopf,6,55,700,952,4860,3829,-667,-5622
kopf,6,56,604,2464,4588,3593,-798,-5509
kopf,6,57,1144,4012,4508,3227,-957,-5325
kopf,6,58,1260,4360,4780,2852,-1036,-5136
kopf,6,59,1252,5412,4984,2427,-1113,-4922
kopf,6,60,1900,6660,5444,1921,-1063,-4698
kopf,6,61,1656,6300,5664,1408,-1004,-4529
kopf,6,62,1596,5888,6288,1098,-1025,-4399
kopf,6,63,1916,6032,6632,825,-895,-4171
kopf,6,64,2444,6236,7324,623,-705,-3791
kopf,6,65,1508,5876,7608,702,-486,-3167
kopf,6,66,1088,6544,8460,629,-309,-2671
kopf,6,67,1028,6620,8972,511,-80,-2158
kopf,6,68,1592,6540,11044,335,113,-1690
kopf,6,69,2920,8148,8756,157,753,-1118
kopf,6,70,3540,7432,9776,-265,1164,-797
kopf,6,71,1192,6304,9608,-293,1282,-783
kopf,6,72,696,6600,10296,-445,1171,-904
kopf,6,73,-4048,3208,14984,86,458,-611
kopf,6,74,-3516,4592,11040,482,400,-413
kopf,6,75,-2900,3756,12484,390,-98,-293
kopf,6,76,-3032,2784,10220,877,-717,-398
kopf,6,77,-2896,1980,13792,1385,-1282,-413
kopf,6,78,-2324,2276,11888,1722,-1511,-427
kopf,6,79,6080,4164,9948,1240,-948,-187
kopf,6,80,11152,3976,10732,1002,55,404
kopf,6,81,12252,2208,10304,1137,1230,745
kopf,6,82,13064,1676,10148,1326,2348,978
kopf,6,83,12556,420,10024,1635,3219,1280
kopf,6,84,12520,816,10840,2199,3700,1770
kopf,6,85,9868,2560,12024,2787,3753,2087
kopf,6,86,8712,7028,12416,2812,3436,2247
kopf,6,87,7308,13024,11652,2063,2999,2438
kopf,6,88,2912,18328,9840,875,2398,2604
kopf,6,89,-1768,17948,9204,-804,1626,2354
kopf,6,90,-2772,15452,9156,-2278,230,1485
kopf,6,91,584,13328,8300,-3292,-789,864
kopf,6,92,5880,8996,8252,-3738,-1265,835
kopf,6,93,10232,5868,8864,-3555,-1378,1025
kopf,6,94,11964,3860,10108,-2981,-1215,1382
kopf,6,95,10928,2636,11496,-2324,-1161,1406
kopf,6,96,9788,2468,12392,-2039,-1265,1103
kopf,6,97,8436,2488,13344,-2092,-1593,557
kopf,6,98,7628,2504,13600,-2355,-2014,-65
kopf,6,99,7632,1472,13536,-2457,-2335,-622
kopf,6,100,7548,720,13060,-2261,-2427,-1015
kopf,6,101,6872,-1844,13344,-1748,-2385,-1322
kopf,6,102,6168,-3452,12684,-937,-2349,-1805
kopf,6,103,6132,-4176,13320,57,-2187,-2330
kopf,6,104,7136,-2784,13004,755,-1847,-2432
kopf,6,105,9220,-288,10644,1391,-1112,-1714
kopf,6,106,15196,4236,8808,1378,81,-175
kopf,6,107,13456,7268,7984,899,1341,1170
kopf,6,108,10664,4124,9236,518,2346,1820
kopf,6,109,4828,2736,11728,398,2339,1645
kopf,6,110,2040,2328,13172,373,1489,1172
kopf,6,111,1288,3312,13632,146,413,896
kopf,6,112,2848,3956,13244,-43,-500,993
kopf,6,113,3820,5072,13376,12,-1304,1274
kopf,6,114,4596,4572,12744,60,-1897,1202
kopf,6,115,8440,4840,11620,-19,-2191,887
kopf,6,116,12628,4752,9964,-122,-2055,527
kopf,6,117,17608,5036,8808,-204,-1447,183
kopf,6,118,19236,4164,7572,-243,-473,-187
kopf,6,119,19312,3796,7128,-221,672,-477
kopf,6,120,17100,3696,7032,-307,1825,-772
kopf,6,121,14696,4196,7504,-399,2855,-989
kopf,6,122,4892,1908,11020,-150,2867,-1207
kopf,6,123,-8392,-4076,14992,874,1216,-2303
kopf,6,124,-8604,2708,15072,1542,-936,-2503
kopf,6,125,4076,10852,10924,-146,-941,-520
kopf,6,126,13988,7508,8000,-1854,-209,1171
kopf,6,127,7844,1616,10848,-2053,1008,2099
kopf,6,128,5148,-1320,11992,-762,1281,2012
kopf,6,129,3452,-800,12512,453,823,1338
kopf,6,130,6044,1420,12060,863,228,925
kopf,6,131,8140,4764,10828,622,-165,697
kopf,6,132,8072,5036,9876,212,-535,464
kopf,6,133,8988,3532,8988,-137,-929,-37
kopf,6,134,12172,3560,8480,-406,-924,-638
kopf,6,135,14620,3556,8564,-374,-536,-1079
kopf,6,136,14700,3836,9060,-247,163,-1257
kopf,6,137,13560,3596,9540,-254,958,-1257
kopf,6,138,10712,1824,10868,-107,1560,-1073
kopf,6,139,5340,-484,13356,637,1619,-790
kopf,6,140,2004,-384,14860,1343,1312,-358
kopf,6,141,3324,2592,14560,1468,975,110
kopf,6,142,6280,5356,13060,1043,1111,630
kopf,6,143,7576,6360,11580,798,1606,960
kopf,6,144,7232,6648,10288,589,2110,1012
kopf,6,145,6600,5936,9728,201,2460,878
kopf,6,146,7060,5788,9228,-238,2775,704
kopf,6,147,7944,5516,9204,-638,3353,702
kopf,6,148,6036,4544,10000,-778,3935,676
kopf,6,149,3128,2792,10276,-941,4947,867
kopf,6,150,1908,3724,9588,-427,5382,1196
kopf,6,151,1212,4600,9732,-277,6143,1802
kopf,6,152,528,5736,8104,-28,6900,2641
kopf,6,153,860,8548,9920,-264,7756,3752
kopf,6,154,-1012,7728,7468,-410,8272,4521
kopf,6,155,-1224,9320,7532,-308,8149,5257
kopf,6,156,-2880,9224,6840,-546,8562,5746
kopf,6,157,-2872,7624,6184,-775,9139,6232
kopf,6,158,-2616,6096,5776,-894,9955,6792
kopf,6,159,-1268,5432,4048,-622,10705,7544
kopf,6,160,-1120,5688,4580,-282,11536,8365
kopf,6,161,-1400,5680,4056,170,12254,9036
kopf,6,162,-2316,6752,3508,524,12902,9275
kopf,6,163,-4484,7988,3732,532,13346,9069
kopf,6,164,-8848,7932,-640,-1150,13428,8606
kopf,6,165,-4424,8272,1488,402,13721,8106
kopf,6,166,-6392,8628,1848,-570,14096,7407
kopf,6,167,-8376,6876,2356,-863,14121,6828
kopf,6,168,-8044,7716,468,-1423,14263,6075
kopf,6,169,-10800,6260,800,-1855,14003,5288
kopf,6,170,-14424,4956,2832,-2264,13202,4221
kopf,6,171,-17536,4260,4900,-2709,11790,2853
kopf,6,172,-19816,2904,8136,-3118,9955,1066
kopf,6,173,-21580,2624,9060,-4256,7597,-382
kopf,6,174,-21372,1424,10068,-4971,5461,-2171
kopf,6,175,-19896,-96,10228,-5623,3162,-3737
kopf,6,176,-16704,224,8600,-5910,1255,-4763
kopf,6,177,-13628,1548,7796,-6223,29,-4647
kopf,6,178,-10800,1600,6600,-6416,-612,-3778
kopf,6,179,-6796,-6392,5500,-5681,-892,-2838
kopf,6,180,-2676,-3016,11104,-4464,18,-2435
kopf,6,181,-9500,-4356,3844,-6530,552,-1218
kopf,6,182,-7772,-3880,7872,-6281,1239,-1139
kopf,6,183,-9572,-5656,8392,-5798,1500,-1145
kopf,6,184,-10876,-5920,9420,-5855,1653,-1190
kopf,6,185,-14032,-6596,9976,-6111,1550,-1045
kopf,6,186,-15296,-12320,12212,-5493,1106,-894
kopf,6,187,-17752,-13832,12880,-4214,249,-571
kopf,6,188,-17116,-14852,14636,-3369,-653,-458
kopf,6,189,-15328,-12540,13176,-2285,-1337,-107
kopf,6,190,-13656,-10784,11984,-1276,-1597,368
kopf,6,191,-11104,-8908,11724,-636,-1261,791
kopf,6,192,-11188,-9132,11452,-423,-812,1057
kopf,6,193,-9548,-8696,11840,271,-320,992
kopf,6,194,-10672,-6532,10972,340,187,982
kopf,6,195,-10996,-6040,10688,370,447,797
kopf,6,196,-11912,-4880,10620,528,595,640
kopf,6,197,-12324,-3292,10464,334,809,607
kopf,6,198,-12696,-2772,9252,221,800,550
kopf,6,199,-12304,-1456,8760,-63,927,483
kopf,6,200,-12588,-3356,8128,64,916,297
kopf,6,201,-11632,-2264,7224,401,875,-15
kopf,6,202,-12592,-1312,5956,132,945,-200
kopf,6,203,-11028,-1800,5756,-127,959,-466
kopf,6,204,-10964,-840,4676,-684,1215,-698
kopf,6,205,-9936,-816,3544,-761,1353,-1014
kopf,6,206,-8780,-2804,3528,-659,1415,-1370
kopf,6,207,-9068,-1652,1688,-555,1578,-1648
kopf,6,208,-18836,-23412,10500,-345,595,-1846
kopf,6,209,-28164,-2800,24524,4216,-970,4113
kopf,6,210,-23424,-12844,12916,5117,395,4892
kopf,6,211,-21648,-6464,8848,4793,1405,4664
kopf,6,212,-14500,5472,3908,4000,1089,4513
kopf,6,213,-11556,4852,5872,3473,1015,2919
kopf,6,214,-14112,4920,9988,2288,1157,1815
kopf,6,215,-18732,5692,7472,1088,1062,1217
kopf,6,216,-21840,4864,9652,270,384,131
kopf,6,217,-20884,5464,8960,-634,-329,-581
kopf,6,218,-17932,3152,8088,-1193,-788,-1169
kopf,6,219,-14304,924,7256,-1492,-922,-1553
kopf,6,220,-12220,72,5900,-1554,-832,-1526
kopf,6,221,-11128,-884,4140,-1480,-571,-1521
kopf,6,222,-11584,-1172,4888,-1078,-478,-1363
kopf,6,223,-11732,-2240,4444,-711,-355,-1200
kopf,6,224,-11380,-1852,4744,-269,-298,-973
kopf,6,225,-11760,-1608,5560,104,-241,-718
kopf,6,226,-11332,-636,5332,283,-138,-468
kopf,6,227,-11424,-696,5388,373,-66,-358
kopf,6,228,-12336,1848,3496,-357,-115,-165
kopf,6,229,-10812,-1060,7828,-41,-69,51
kopf,6,230,-12412,-380,6580,405,-18,121
kopf,6,231,-12068,-780,7888,312,60,384
kopf,6,232,-12480,-40,7248,300,207,426
kopf,6,233,-12076,952,6844,273,177,430
kopf,6,234,-13036,1068,7396,178,172,402
kopf,6,235,-13320,680,6952,19,166,277
kopf,6,236,-13644,308,6696,-96,125,143
kopf,6,237,-13376,-100,6452,-135,106,61
kopf,6,238,-13184,-316,6432,-123,81,33
kopf,6,239,-13020,-468,6268,-59,77,43
kopf,6,240,-13064,-388,6404,5,61,68
kopf,6,241,-13244,-92,6360,26,48,90
kopf,6,242,-13268,112,6324,14,28,72
kopf,6,243,-13336,296,6464,-42,5,5
kopf,6,244,-13360,144,6524,-115,-32,-82
kopf,6,245,-13352,136,6728,-156,-61,-128
kopf,6,246,-13084,36,6624,-168,-60,-124
kopf,6,247,-12928,-76,6504,-183,-14,-111
kopf,6,248,-12876,48,6380,-207,11,-106
kopf,6,249,-12788,60,6224,-215,43,-109
kopf,6,250,-12856,-272,6152,-206,16,-127
kopf,6,251,-12940,-320,6428,-155,0,-103
kopf,6,252,-12848,-328,6364,-108,-27,-90
kopf,6,253,-12796,-204,6580,-95,-20,-74
kopf,6,254,-12736,-96,6576,-106,-16,-93
kopf,6,255,-12788,-100,6516,-125,-1,-103
kopf,6,256,-12844,-60,6340,-136,1,-119
kopf,6,257,-12796,-156,6512,-136,-4,-113
kopf,6,258,-12896,-256,6624,-114,-2,-83
kopf,6,259,-12988,-280,6404,-90,7,-63
kopf,6,260,-12772,-160,6384,-95,11,-55
kopf,6,261,-13016,-152,6512,-97,3,-68
kopf,6,262,-12960,-116,6236,-118,-10,-81
kopf,6,263,-13020,-212,6224,-118,-22,-106
kopf,6,264,-13168,-888,6396,-127,26,-169
kopf,6,265,-12916,-240,6372,-101,-9,-103
kopf,6,266,-12992,-228,6580,-73,13,-80
kopf,6,267,-13020,-136,6480,-69,15,-53
kopf,6,268,-13144,128,6536,-84,2,-58
kopf,6,269,-13004,148,6400,-111,-12,-95
kopf,6,270,-13060,-100,6404,-123,-22,-114
kopf,6,271,-12944,-168,6560,-130,-28,-135
kopf,6,272,-12880,-44,6468,-127,-34,-117
kopf,6,273,-12780,-180,6496,-100,-21,-115
kopf,6,274,-12692,-184,6552,-107,-13,-101
kopf,6,275,-12768,-212,6400,-117,-10,-96
kopf,6,276,-12812,-256,6656,-117,-12,-95
kopf,6,277,-12744,-224,6728,-103,2,-75
kopf,6,278,-12696,-196,6544,-94,13,-53
kopf,6,279,-12788,-228,6664,-85,18,-45
kopf,6,280,-12828,-80,6532,-93,16,-64
kopf,6,281,-12800,-84,6540,-88,19,-78
kopf,6,282,-12964,-224,6392,-102,29,-68
kopf,6,283,-13248,-944,6684,-89,-52,-61
kopf,6,284,-12860,-316,6384,-97,22,-64
kopf,6,285,-12908,-36,6420,-84,35,-54
kopf,6,286,-12652,760,6468,-236,76,-35
kopf,6,287,-12992,24,6404,-118,30,-61
kopf,6,288,-12928,-96,6664,-95,16,-40
kopf,6,289,-12868,-16,6476,-122,35,-50
kopf,6,290,-12948,-80,6492,-132,36,-76
kopf,6,291,-12924,4,6620,-124,35,-80
kopf,6,292,-12856,-168,6488,-122,37,-61
kopf,6,293,-12908,-192,6416,-103,47,-50
kopf,6,294,-12916,-164,6416,-95,44,-43
kopf,6,295,-13036,-60,6444,-100,43,-46
kopf,6,296,-12952,-136,6568,-97,44,-56
kopf,6,297,-12896,-76,6556,-110,35,-66
kopf,6,298,-12912,-176,6604,-127,31,-80
kopf,6,299,-12908,-124,6328,-124,31,-84
kopf,7,0,10308,924,6484,-1267,-584,-470
kopf,7,1,10196,-84,4876,-906,-385,-209
kopf,7,2,10848,988,5752,-619,-658,-381
kopf,7,3,12152,1240,4528,-563,-577,-888
kopf,7,4,13684,2172,2976,-473,-512,-1252
kopf,7,5,14116,3272,3132,-565,-371,-1468
kopf,7,6,12264,4620,2836,-839,-341,-1680
kopf,7,7,10504,4560,3104,-1324,-268,-1787
kopf,7,8,9684,4144,3368,-1916,-138,-1775
kopf,7,9,9952,3444,4884,-2392,17,-1620
kopf,7,10,8296,2712,6160,-2623,149,-1350
kopf,7,11,8024,568,7740,-2580,134,-1074
kopf,7,12,10300,-540,9012,-2277,-115,-334
kopf,7,13,9220,0,10720,-2383,18,388
kopf,7,14,10520,-3148,14108,-2643,448,906
kopf,7,15,13936,-4692,3852,-2450,1508,878
kopf,7,16,16896,-1996,10352,-1897,2514,1299
kopf,7,17,13436,2252,10688,-829,1862,1050
kopf,7,18,9904,764,11772,-762,1545,1008
kopf,7,19,9136,192,11260,-428,729,911
kopf,7,20,11524,2580,13192,-370,307,848
kopf,7,21,12128,2332,12488,-56,-10,847
kopf,7,22,14932,3556,11244,96,-24,819
kopf,7,23,15576,5008,11688,463,-91,1096
kopf,7,24,14488,5456,12660,770,-104,1316
kopf,7,25,14040,5624,12656,970,-74,1409
kopf,7,26,13524,5896,12580,1245,-103,1462
kopf,7,27,12128,5748,12464,1458,-244,1322
kopf,7,28,11868,5824,12312,1679,-480,990
kopf,7,29,10876,5976,11252,1687,-687,555
kopf,7,30,10408,5560,11328,1402,-884,13
kopf,7,31,10176,5548,10548,1185,-989,-454
kopf,7,32,8520,5120,10988,872,-1011,-852
kopf,7,33,8516,4900,10228,509,-990,-1109
kopf,7,34,8540,4608,9472,196,-981,-1461
kopf,7,35,10152,4800,7980,-213,-774,-1404
kopf,7,36,11420,3960,7964,-429,-554,-1373
kopf,7,37,11028,2688,8252,-418,-334,-1256
kopf,7,38,11048,2716,7312,-221,-461,-1357
kopf,7,39,11140,3004,7944,-398,-462,-1410
kopf,7,40,11852,2520,5520,-647,-547,-1478
kopf,7,41,11996,2740,6240,-811,-601,-1549
kopf,7,42,13180,2448,5464,-1201,-573,-1968
kopf,7,43,13700,2408,5196,-1328,-642,-2292
kopf,7,44,13628,2176,5776,-1625,-408,-2420
kopf,7,45,12824,1632,6252,-1808,-336,-2564
kopf,7,46,10768,1268,6660,-2032,-299,-2602
kopf,7,47,9420,-396,7144,-2202,-368,-2574
kopf,7,48,10156,-1064,7728,-2288,-338,-2188
kopf,7,49,9640,-4580,7460,-1812,-552,-1230
kopf,7,50,7648,-3228,9800,-1493,1012,288
kopf,7,51,12040,-3780,7968,-527,1934,1400
kopf,7,52,11112,-1244,8796,-283,2461,1446
kopf,7,53,9132,-72,8572,39,2265,1342
kopf,7,54,7836,1144,10608,-346,1865,1068
kopf,7,55,10056,-8,7252,-1084,1817,608
kopf,7,56,11724,2664,9552,-795,1553,593
kopf,7,57,11540,3456,7740,40,703,1170
kopf,7,58,12032,2920,9608,-95,700,1464
kopf,7,59,14844,2140,12876,17,980,1238
kopf,7,60,13088,6864,11584,276,833,1517
kopf,7,61,11376,7276,12648,415,336,1732
kopf,7,62,9264,4028,12952,329,-143,1647
kopf,7,63,14500,6808,14416,332,-742,1172
kopf,7,64,14120,7628,13084,424,-602,981
kopf,7,65,15680,6312,12168,500,-415,693
kopf,7,66,16060,7068,11628,588,-78,588
kopf,7,67,14840,6672,11240,808,231,661
kopf,7,68,12652,5600,10928,946,338,538
kopf,7,69,9628,5332,11652,1111,-111,159
kopf,7,70,8376,5760,12072,1105,-709,-426
kopf,7,71,7592,5248,11780,921,-1287,-1158
kopf,7,72,8712,5448,10716,607,-1616,-1711
kopf,7,73,8884,5228,9524,341,-1685,-2021
kopf,7,74,9232,5312,9484,108,-1456,-2153
kopf,7,75,9516,6136,10888,-142,-1201,-2028
kopf,7,76,9672,4036,7552,-187,-1125,-2067
kopf,7,77,12220,3884,8556,-466,-911,-2035
kopf,7,78,12568,3152,8180,-490,-489,-1900
kopf,7,79,12116,3288,7104,-418,-341,-1872
kopf,7,80,10692,2304,7400,-299,-172,-1890
kopf,7,81,11344,3128,7032,-316,-347,-2003
kopf,7,82,11284,2856,6892,-319,-755,-2145
kopf,7,83,10920,2416,6148,-699,-588,-2095
kopf,7,84,11636,1588,6024,-689,-643,-2139
kopf,7,85,11112,580,6236,-706,-511,-2153
kopf,7,86,11032,968,6292,-685,-391,-2082
kopf,7,87,10900,688,6560,-768,-288,-1975
kopf,7,88,10852,888,6184,-1043,-69,-1716
kopf,7,89,10092,472,7012,-1302,37,-1369
kopf,7,90,9720,-40,7656,-1582,218,-897
kopf,7,91,10720,-1356,6776,-1822,641,-382
kopf,7,92,10128,-2260,8844,-1564,804,98
kopf,7,93,9900,-2556,10748,-1313,1140,486
kopf,7,94,8436,-676,8956,-811,1099,872
kopf,7,95,8716,-1164,10684,-494,843,1051
kopf,7,96,9476,-344,9048,-439,693,1013
kopf,7,97,9432,840,8432,-265,324,1056
kopf,7,98,11352,1960,9660,30,143,1208
kopf,7,99,10960,1120,8764,-12,223,1199
kopf,7,100,12372,4040,9296,278,25,1293
kopf,7,101,11904,4492,10592,429,139,1317
kopf,7,102,11320,5520,10028,495,93,1237
kopf,7,103,12376,8276,11644,805,-224,1200
kopf,7,104,12292,8408,10156,703,-164,1059
kopf,7,105,13836,10660,11264,840,-496,843
kopf,7,106,15528,11948,11300,768,-480,751
kopf,7,107,15996,11620,10872,709,-337,558
kopf,7,108,15856,11084,10760,659,-93,538
kopf,7,109,15048,10440,10552,607,70,511
kopf,7,110,14480,9108,10748,441,171,241
kopf,7,111,13204,8588,11148,293,207,-99
kopf,7,112,12060,7656,10976,65,189,-529
kopf,7,113,10232,6868,11024,-109,21,-1007
kopf,7,114,9336,5872,10016,-508,-101,-1424
kopf,7,115,9072,4476,8720,-695,-234,-1864
kopf,7,116,9456,3448,9264,-780,-204,-2065
kopf,7,117,9080,1800,8884,-716,-134,-2202
kopf,7,118,7228,1352,8732,-638,8,-2066
kopf,7,119,7356,2456,7892,-758,-241,-1946
kopf,7,120,8612,1344,7640,-1025,-165,-1890
kopf,7,121,9496,1176,7224,-931,-191,-1829
kopf,7,122,9672,436,7140,-953,-6,-1789
kopf,7,123,10036,660,6784,-886,36,-1746
kopf,7,124,10468,376,6400,-880,67,-1615
kopf,7,125,10888,540,6572,-930,81,-1520
kopf,7,126,11040,540,6584,-1015,118,-1342
kopf,7,127,11168,276,6600,-1077,148,-1103
kopf,7,128,11324,-300,6600,-1131,115,-854
kopf,7,129,10688,-1320,7588,-1064,93,-525
kopf,7,130,10300,-1808,8668,-747,93,-49
kopf,7,131,9524,-1860,9580,-321,42,442
kopf,7,132,9312,-284,9896,135,-32,938
kopf,7,133,10152,1440,8896,347,-192,1463
kopf,7,134,14636,1040,5868,-128,296,1264
kopf,7,135,12524,3712,7380,293,336,1561
kopf,7,136,11528,2352,7668,264,516,1726
kopf,7,137,10664,2204,7824,172,599,1650
kopf,7,138,10652,3104,8660,206,446,1691
kopf,7,139,11600,5788,9696,352,226,1996
kopf,7,140,11904,3584,9668,264,288,1637
kopf,7,141,11648,4728,8528,141,511,1674
kopf,7,142,12136,5176,8892,175,476,1815
kopf,7,143,11892,4876,9748,44,548,1723
kopf,7,144,11636,5260,9764,2,601,1846
kopf,7,145,11864,4904,9712,-81,668,1885
kopf,7,146,11824,4740,9048,-214,689,1935
kopf,7,147,11088,3804,10332,-225,620,1934
kopf,7,148,10956,3672,10524,-155,393,1771
kopf,7,149,10908,3604,10288,-105,174,1553
kopf,7,150,10944,3448,9348,-67,-11,1422
kopf,7,151,10920,3320,9476,-123,29,1324
kopf,7,152,10976,3796,9032,-144,39,1317
kopf,7,153,10604,3920,9424,-247,24,1258
kopf,7,154,11292,4508,9648,-409,-40,1224
kopf,7,155,10904,3320,9712,-553,-19,1062
kopf,7,156,11488,2932,9752,-691,30,957
kopf,7,157,11080,1612,9088,-761,149,833
kopf,7,158,11144,1292,9620,-704,213,786
kopf,7,159,10732,1212,9540,-647,147,723
kopf,7,160,10572,924,9384,-626,-47,751
kopf,7,161,11304,604,8656,-695,-67,753
kopf,7,162,11164,-288,9048,-576,-9,766
kopf,7,163,11496,428,10120,-376,-34,848
kopf,7,164,11972,64,9576,-366,118,843
kopf,7,165,12056,580,9348,-208,141,894
kopf,7,166,11956,504,9400,-141,113,918
kopf,7,167,12012,1380,9480,8,54,1017
kopf,7,168,12568,204,10000,-99,159,1104
kopf,7,169,12232,-408,9972,-70,268,1101
kopf,7,170,12176,332,10072,74,317,1203
kopf,7,171,12680,-428,9604,106,386,1307
kopf,7,172,11432,-364,9576,69,609,1260
kopf,7,173,11324,964,8556,157,563,1452
kopf,7,174,10232,-264,11332,36,584,1449
kopf,7,175,9436,-588,10756,17,486,1441
kopf,7,176,10596,656,9560,54,345,1503
kopf,7,177,10896,564,7524,-103,403,1442
kopf,7,178,10012,-60,9836,34,345,1403
kopf,7,179,11416,1316,9600,66,235,1431
kopf,7,180,11580,52,9516,-18,303,1408
kopf,7,181,11536,920,11432,39,376,1302
kopf,7,182,10316,1684,11536,318,56,1684
kopf,7,183,12112,-444,10516,7,419,1356
kopf,7,184,10596,1504,10524,-68,522,1376
kopf,7,185,10472,464,10612,-137,673,1361
kopf,7,186,10764,920,8676,-91,524,1487
kopf,7,187,10728,-96,9732,-521,772,1245
kopf,7,188,10004,-908,9820,-362,689,1222
kopf,7,189,9212,-2348,10776,-382,704,754
kopf,7,190,11412,520,10124,-497,715,713
kopf,7,191,10624,-1536,10008,-759,863,696
kopf,7,192,12044,-940,11320,-904,976,719
kopf,7,193,9992,-2416,9904,-902,1253,878
kopf,7,194,10644,-2636,10556,-864,1442,1268
kopf,7,195,10348,-2404,11856,-526,1673,1630
kopf,7,196,10768,-4648,12148,-464,2230,1799
kopf,7,197,9132,-4792,11600,-116,2543,2275
kopf,7,198,8980,-5536,12684,133,3106,2744
kopf,7,199,8096,-7172,13200,454,3339,3081
kopf,7,200,8964,-5568,14692,936,3471,3560
kopf,7,201,6196,-6464,13952,1210,3765,3944
kopf,7,202,5152,-4120,15388,1311,3445,4775
kopf,7,203,5452,-3076,13892,1171,3280,6083
kopf,7,204,5132,-2144,13712,1060,3200,7653
kopf,7,205,4268,-820,13376,1152,3224,9344
kopf,7,206,4160,84,12792,1163,3250,11028
kopf,7,207,3800,956,12344,1124,3252,12674
kopf,7,208,3484,972,11636,688,3361,14083
kopf,7,209,3864,1092,10108,601,3688,15432
kopf,7,210,4092,844,8640,423,4264,16379
kopf,7,211,2860,452,7728,201,5037,16907
kopf,7,212,1180,404,7068,-32,5629,17010
kopf,7,213,1292,1200,6232,-288,6082,16944
kopf,7,214,1512,1952,5588,-581,6669,16830
kopf,7,215,1008,2424,4520,-985,7549,16597
kopf,7,216,-1012,2780,4456,-1254,8095,16119
kopf,7,217,-2688,3348,4960,-1609,8360,15454
kopf,7,218,-3048,4788,4552,-1912,8085,14673
kopf,7,219,-1132,4084,6220,-2384,8266,13754
kopf,7,220,-3144,-148,6368,-3361,8208,13137
kopf,7,221,-2576,-160,6348,-2335,7983,11921
kopf,7,222,-3232,-224,6644,-2546,8080,10937
kopf,7,223,-3924,-1752,7852,-2550,7894,9768
kopf,7,224,-5408,-724,8756,-2506,7354,8510
kopf,7,225,-8508,-2872,9780,-2565,6396,6934
kopf,7,226,-9820,-3712,11292,-2755,5238,5350
kopf,7,227,-10696,-4604,12428,-2761,3877,3749
kopf,7,228,-10624,-4632,12792,-2711,2540,2356
kopf,7,229,-9344,-4816,12568,-2732,1475,1294
kopf,7,230,-8216,-4952,12512,-2735,692,627
kopf,7,231,-6544,-7344,13172,-2613,212,413
kopf,7,232,-6884,-6120,13088,-2086,216,431
kopf,7,233,-7240,-6176,13092,-1966,303,387
kopf,7,234,-6992,-6660,12856,-1640,321,521
kopf,7,235,-6936,-6316,12924,-1134,630,868
kopf,7,236,-7244,-8468,13940,-89,924,1386
kopf,7,237,-9164,-3448,12848,-809,1149,1538
kopf,7,238,-8176,-9168,13584,-296,1056,1446
kopf,7,239,-8880,-6564,12448,211,1051,1499
kopf,7,240,-9040,-5748,12200,320,1154,1361
kopf,7,241,-9696,-4804,11232,423,1089,1012
kopf,7,242,-10500,-3820,11276,244,909,696
kopf,7,243,-10680,-4112,11252,87,739,448
kopf,7,244,-11168,-3980,10800,-77,611,220
kopf,7,245,-10608,-2552,9652,-312,433,209
kopf,7,246,-10004,-4312,9508,-223,399,153
kopf,7,247,-9672,-3240,8356,-270,588,279
kopf,7,248,-9308,-4136,7832,-139,932,358
kopf,7,249,-10240,-5108,8028,-216,1297,479
kopf,7,250,-11376,-4476,7996,-433,1503,528
kopf,7,251,-12516,-6500,8416,-640,1274,270
kopf,7,252,-13936,-7360,8148,-603,1211,-15
kopf,7,253,-14628,-3624,9436,-814,842,67
kopf,7,254,-15064,-5780,9112,-1184,380,-213
kopf,7,255,-14716,-5768,9016,-1496,-107,-378
kopf,7,256,-14476,-6916,9168,-1589,-285,-450
kopf,7,257,-13664,-8192,9020,-1508,-562,-398
kopf,7,258,-12960,-8744,9560,-1255,-628,-344
kopf,7,259,-13500,-9020,8780,-1135,-754,-279
kopf,7,260,-13548,-7816,7852,-1073,-802,-53
kopf,7,261,-13364,-7724,7920,-1014,-650,218
kopf,7,262,-13420,-7168,7596,-860,-570,364
kopf,7,263,-13344,-7148,6764,-891,-549,262
kopf,7,264,-12448,-6988,7304,-682,-598,399
kopf,7,265,-11956,-6684,6560,-384,-705,346
kopf,7,266,-12964,-5036,5360,-334,-660,219
kopf,7,267,-12300,-5172,5544,-192,-667,-23
kopf,7,268,-11728,-3252,4576,-588,-802,-80
kopf,7,269,-10144,-3956,3300,-498,-866,-303
kopf,7,270,-7808,-4420,2436,-712,-447,-316
kopf,7,271,-3276,-12908,4292,-355,1482,1631
kopf,7,272,-7660,-17768,8448,1217,6336,5917
kopf,7,273,-21788,-19564,11948,4310,5633,7907
kopf,7,274,-23044,-10336,7676,5767,3167,6523
kopf,7,275,-20456,-5480,6320,5278,2029,4483
kopf,7,276,-19596,-292,8592,4084,1746,3334
kopf,7,277,-16980,-1492,8596,3103,1472,2211
kopf,7,278,-17212,-48,7008,2431,896,1093
kopf,7,279,-17556,4172,7932,1607,726,302
kopf,7,280,-16204,3988,5800,1210,423,-120
kopf,7,281,-17548,4992,5780,542,139,-166
kopf,7,282,-17824,4452,6992,42,-17,-336
kopf,7,283,-16572,3616,6932,-207,-421,-779
kopf,7,284,-15488,2748,5688,-464,-719,-1144
kopf,7,285,-13908,564,6668,-577,-797,-1379
kopf,7,286,-12312,-1288,6792,-507,-720,-1307
kopf,7,287,-11344,-1420,7092,-324,-568,-1157
kopf,7,288,-10568,-1252,6712,-193,-342,-965
kopf,7,289,-10784,-780,6476,-277,-100,-795
kopf,7,290,-11260,-636,7036,-350,29,-708
kopf,7,291,-11752,-748,7008,-230,50,-645
kopf,7,292,-11936,-736,7068,-13,50,-486
kopf,7,293,-12424,-1228,7332,63,2,-375
kopf,7,294,-11864,-1168,7484,98,23,-251
kopf,7,295,-11660,-1012,7300,118,95,-160
kopf,7,296,-11712,-988,7036,101,189,-132
kopf,7,297,-11968,-1112,7216,108,317,-132
kopf,7,298,-12040,-868,6632,106,411,-145
kopf,7,299,-12640,-1040,6612,119,560,-183
kopf,8,0,-16456,-1828,7896,-1207,-284,-1344
kopf,8,1,-17324,-1716,7896,-1356,-524,-1587
kopf,8,2,-17916,-1508,8132,-1533,-807,-1861
kopf,8,3,-19452,-2672,8024,-1610,-1155,-2144
kopf,8,4,-20196,-3160,9096,-1491,-1808,-2277
kopf,8,5,-20112,-3952,9316,-1770,-1897,-2418
kopf,8,6,-20180,-5588,9612,-1695,-2996,-2809
kopf,8,7,-21280,-7264,11516,-1975,-3825,-3279
kopf,8,8,-23576,-9688,13212,-1980,-5190,-3933
kopf,8,9,-23024,-12804,14956,-1695,-6832,-4097
kopf,8,10,-22228,-14392,16044,-1349,-8208,-4172
kopf,8,11,-17940,-15324,16880,-812,-9211,-3976
kopf,8,12,-17140,-14224,17116,93,-9812,-3647
kopf,8,13,-16220,-14172,16936,349,-10069,-3615
kopf,8,14,-14800,-15320,17612,1136,-10450,-4073
kopf,8,15,-13528,-13652,17452,1653,-10775,-4489
kopf,8,16,-11488,-14304,16244,2318,-10945,-5359
kopf,8,17,-11652,-13844,17496,2484,-11414,-6352
kopf,8,18,-9908,-13636,16780,2994,-11954,-7386
kopf,8,19,-6540,-11368,15296,3105,-12371,-8108
kopf,8,20,-960,-13160,13284,3529,-12190,-8612
kopf,8,21,1696,-9712,11204,3468,-11201,-8917
kopf,8,22,7640,-12668,11012,3886,-10248,-9350
kopf,8,23,6928,-11520,9884,4308,-8846,-9237
kopf,8,24,7036,-10808,8892,4858,-7787,-9094
kopf,8,25,7112,-8268,8208,5076,-6680,-8885
kopf,8,26,8064,-6692,6940,5211,-5673,-8441
kopf,8,27,8832,-3416,6160,5113,-4572,-8128
kopf,8,28,7224,-2080,5944,4710,-3616,-7947
kopf,8,29,7292,-2000,5452,4243,-3074,-7736
kopf,8,30,7452,424,4844,3844,-2198,-7424
kopf,8,31,6716,1144,4368,3363,-1439,-6977
kopf,8,32,5236,1076,4704,3179,-858,-6700
kopf,8,33,4000,1228,5508,3047,-572,-6630
kopf,8,34,3724,1292,5136,2880,-298,-6539
kopf,8,35,3424,1608,5284,2910,-130,-6522
kopf,8,36,2800,3264,5284,3013,45,-6267
kopf,8,37,776,4392,5848,2906,138,-6091
kopf,8,38,260,4844,5204,2755,-3,-6081
kopf,8,39,616,6976,5408,2506,-16,-5828
kopf,8,40,1416,7184,5172,2165,67,-5445
kopf,8,41,928,7992,4892,1861,277,-5078
kopf,8,42,-720,7520,5560,1577,441,-4704
kopf,8,43,-548,7256,6184,1326,447,-4416
kopf,8,44,-1004,7528,5832,1042,487,-4203
kopf,8,45,-1988,6040,7248,814,346,-4304
kopf,8,46,-1592,7200,7908,679,103,-4400
kopf,8,47,-428,7492,8144,408,50,-4303
kopf,8,48,-656,7264,8888,219,6,-4133
kopf,8,49,-480,6704,9600,34,-26,-4047
kopf,8,50,-776,6096,9972,-20,-99,-4077
kopf,8,51,860,6272,10472,-85,-66,-3831
kopf,8,52,1768,5796,10856,-65,241,-3419
kopf,8,53,1144,5280,11524,71,586,-2868
kopf,8,54,-14524,5116,15048,2664,-377,-733
kopf,8,55,-28584,10580,29592,3062,-4609,-7
kopf,8,56,-20448,900,7588,749,-4999,-1087
kopf,8,57,-1860,8168,11924,-748,-4198,-1769
kopf,8,58,10292,5896,12000,-715,-2540,-1313
kopf,8,59,11416,4172,12512,388,-575,-955
kopf,8,60,7704,5676,11376,991,706,-812
kopf,8,61,6676,6076,12684,634,1467,-696
kopf,8,62,7524,5112,13224,370,1880,-584
kopf,8,63,8260,4292,12396,545,1737,-732
kopf,8,64,10772,4084,10412,685,1707,-829
kopf,8,65,13556,5012,8736,811,2183,-657
kopf,8,66,14564,4032,6856,1078,3008,-274
kopf,8,67,14684,3052,5496,1507,4193,66
kopf,8,68,13968,2040,3576,2249,5624,346
kopf,8,69,11060,1316,6092,2987,7067,909
kopf,8,70,5232,1080,6660,4353,7782,1823
kopf,8,71,1636,836,5620,5124,8509,1922
kopf,8,72,1344,3984,5652,5345,8378,1710
kopf,8,73,5764,6912,2620,4989,8765,1743
kopf,8,74,3360,9552,3360,4793,8873,1976
kopf,8,75,-1592,8352,5752,4423,8380,1547
kopf,8,76,-6732,9708,4768,4311,6698,1116
kopf,8,77,-6720,10912,4424,3910,5028,646
kopf,8,78,-5292,11092,484,3441,4056,692
kopf,8,79,-7396,14320,-28,3202,3314,780
kopf,8,80,-10928,15092,-1644,3043,1954,195
kopf,8,81,-13508,19832,-2140,2559,480,-129
kopf,8,82,-17960,23196,-3564,1523,-1126,-67
kopf,8,83,-19884,23964,-4520,428,-2821,448
kopf,8,84,-22400,21040,-4412,-599,-4680,565
kopf,8,85,-17252,16740,-556,-1678,-6475,268
kopf,8,86,-8848,15236,2364,-2093,-6956,1109
kopf,8,87,-2916,20624,2088,-2455,-6542,2589
kopf,8,88,-4288,26292,1884,-3780,-6441,3529
kopf,8,89,-7272,22864,4260,-6270,-7262,3085
kopf,8,90,-6964,11508,9464,-8443,-8378,1665
kopf,8,91,-3620,0,15204,-8644,-9097,-95
kopf,8,92,6580,-2080,11040,-7408,-9372,-1754
kopf,8,93,22796,5744,15060,-5838,-7162,-1000
kopf,8,94,26268,-4596,15720,-4565,-4583,-830
kopf,8,95,29728,-8172,16056,-2075,-2501,-952
kopf,8,96,29432,-9348,16328,384,-407,-504
kopf,8,97,32688,-8464,15172,2457,1742,488
kopf,8,98,30144,-4688,13060,5169,4751,2555
kopf,8,99,16208,-92,12040,6872,6297,2909
kopf,8,100,10804,5240,11144,7490,7577,3310
kopf,8,101,6824,6120,15284,7506,7412,2750
kopf,8,102,12116,7460,6216,6921,7586,1891
kopf,8,103,9068,7524,9356,7380,7681,2094
kopf,8,104,4156,7936,6592,7665,7730,1578
kopf,8,105,1888,11348,1792,7577,7142,1153
kopf,8,106,-364,18808,4536,7086,6617,1624
kopf,8,107,-6136,20888,376,6020,6483,1684
kopf,8,108,-11580,21620,3900,4954,4678,538
kopf,8,109,-12428,25428,-508,3559,3075,-408
kopf,8,110,-15832,27600,-908,2223,1394,-826
kopf,8,111,-20264,26928,-1404,383,-344,-1085
kopf,8,112,-22736,27112,-1628,-1353,-2225,-1501
kopf,8,113,-23340,21860,-1288,-3078,-4768,-2837
kopf,8,114,-12684,17812,852,-4320,-6180,-3265
kopf,8,115,-3716,16564,-720,-4466,-6061,-2451
kopf,8,116,2244,18172,-1156,-4440,-4722,-960
kopf,8,117,2212,21880,-1068,-4582,-3290,769
kopf,8,118,-632,22608,1400,-5606,-2557,1718
kopf,8,119,-3872,17260,4328,-7040,-2726,1716
kopf,8,120,-10980,7064,11024,-8106,-4673,-79
kopf,8,121,-3808,3788,12520,-7947,-6209,-2014
kopf,8,122,16252,1048,11392,-7349,-5226,-1413
kopf,8,123,27304,-7544,9680,-5679,-2903,-754
kopf,8,124,29648,-13188,11208,-2402,-804,-533
kopf,8,125,31320,-11148,11292,1426,1756,289
kopf,8,126,27652,-7812,10616,4422,3867,2181
kopf,8,127,15004,-5676,11104,6354,5216,2139
kopf,8,128,6876,2452,15024,7438,5953,2430
kopf,8,129,5180,5528,10228,7291,6166,1429
kopf,8,130,6340,8356,7824,7307,6473,1173
kopf,8,131,4812,12756,7640,7011,6666,1085
kopf,8,132,-3356,11128,5160,6968,5971,998
kopf,8,133,3476,17420,3340,5888,6052,551
kopf,8,134,-372,16904,2304,5111,6105,997
kopf,8,135,-6836,19080,1372,4598,5560,882
kopf,8,136,-9296,22856,-2072,3894,4486,638
kopf,8,137,-14176,24072,-4060,3174,3156,249
kopf,8,138,-16260,26060,-4260,2119,1610,143
kopf,8,139,-19152,26168,-4356,414,-491,-130
kopf,8,140,-20316,20976,-1920,-1455,-2590,-1208
kopf,8,141,-11060,17008,-1392,-2638,-3378,-1305
kopf,8,142,-4052,17016,1208,-2831,-3133,-402
kopf,8,143,-2572,17524,1696,-3140,-2181,541
kopf,8,144,-8168,17772,7476,-4003,-2041,1104
kopf,8,145,-3916,18196,1244,-4965,-892,1415
kopf,8,146,-2252,16940,-324,-5723,-40,1919
kopf,8,147,-3544,12724,1004,-6384,489,2317
kopf,8,148,-1772,12604,1076,-6756,2194,3033
kopf,8,149,-3316,10940,3152,-7378,2644,2972
kopf,8,150,2932,11672,5624,-8161,4997,4024
kopf,8,151,7020,8644,616,-7405,7325,5204
kopf,8,152,8576,6060,-2292,-7198,10630,6663
kopf,8,153,8,660,-220,-5863,10880,6745
kopf,8,154,-6068,-2388,2784,-4434,10144,6744
kopf,8,155,-12436,788,6956,-3051,8363,6694
kopf,8,156,-14760,4940,9872,-2930,6490,6385
kopf,8,157,-14904,7076,12188,-3392,4511,5674
kopf,8,158,-13104,8732,12008,-4232,2811,4780
kopf,8,159,-10528,9680,10724,-5085,1601,4078
kopf,8,160,-8004,9516,9348,-5783,812,3621
kopf,8,161,-6376,8604,8224,-6285,286,3338
kopf,8,162,-5388,6864,6788,-6596,-145,3105
kopf,8,163,-4612,4876,6448,-6659,-724,2889
kopf,8,164,-2944,3076,5836,-6584,-1272,2763
kopf,8,165,-308,1912,5772,-6391,-1674,2708
kopf,8,166,2536,1484,5736,-6173,-1729,2787
kopf,8,167,5176,1260,5528,-5903,-1427,2926
kopf,8,168,7268,1460,5652,-5609,-788,3064
kopf,8,169,8664,1788,5848,-5352,77,3198
kopf,8,170,8712,1512,6668,-5131,1079,3268
kopf,8,171,7960,600,7416,-4902,1856,3231
kopf,8,172,7808,-172,8332,-4643,2412,3090
kopf,8,173,7636,-628,9388,-4426,2843,2911
kopf,8,174,7220,-656,10052,-4276,3203,2675
kopf,8,175,6632,-364,10968,-4222,3452,2393
kopf,8,176,5228,-592,11620,-4238,3487,2046
kopf,8,177,7284,-984,15144,-4421,3203,1655
kopf,8,178,2776,-816,10512,-4823,2811,1392
kopf,8,179,3516,-1740,13772,-4600,2751,470
kopf,8,180,3224,-1452,12804,-4801,2580,-198
kopf,8,181,4116,-2192,12248,-5193,2631,-386
kopf,8,182,4940,-4000,12176,-5298,2978,-530
kopf,8,183,-4848,-13212,9068,-4357,3932,-612
kopf,8,184,3528,-1132,10176,-3237,4065,-253
kopf,8,185,776,-1232,13052,-6271,4759,76
kopf,8,186,-484,-7576,13968,-7393,4915,-446
kopf,8,187,-352,-12040,13352,-6140,4735,-848
kopf,8,188,-924,-11252,12836,-4844,4465,-1009
kopf,8,189,-1328,-9488,12820,-4125,4358,-1013
kopf,8,190,-712,-11492,12172,-3455,4608,-824
kopf,8,191,-2780,-10360,11712,-3559,5161,-696
kopf,8,192,-3920,-10860,12320,-3611,5892,-393
kopf,8,193,-6216,-10176,12236,-3333,6442,209
kopf,8,194,-8836,-9428,9936,-2910,6825,947
kopf,8,195,-11332,-12976,10812,-1977,7021,1479
kopf,8,196,-13600,-9628,10484,-1391,7045,1933
kopf,8,197,-14540,-9928,11324,-828,6862,2048
kopf,8,198,-16568,-10464,10064,-620,6387,2107
kopf,8,199,-17088,-5924,9996,-550,6101,2020
kopf,8,200,-18312,-4916,9792,-619,5531,1834
kopf,8,201,-19716,-6448,10132,-951,4867,1404
kopf,8,202,-19184,-4328,9668,-1554,4017,967
kopf,8,203,-22792,-8144,5748,-2447,3641,396
kopf,8,204,-32768,-32768,23664,987,3966,3122
kopf,8,205,-24792,-13120,22060,4234,491,7129
kopf,8,206,-27368,-12880,14588,4444,1709,6672
kopf,8,207,-21272,-3356,11516,3825,881,4957
kopf,8,208,-14476,-232,7824,2478,204,3148
kopf,8,209,-11032,652,6756,2016,418,1972
kopf,8,210,-12400,1144,7740,1138,724,1665
kopf,8,211,-15744,-2600,7476,882,896,1485
kopf,8,212,-17464,-3440,8424,739,422,1530
kopf,8,213,-15376,-3548,7668,326,73,981
kopf,8,214,-14936,-3748,6596,235,-229,766
kopf,8,215,-12944,-3272,6372,40,-379,828
kopf,8,216,-12284,-3696,5732,-12,-400,719
kopf,8,217,-10860,-3688,5012,-5,-355,648
kopf,8,218,-10196,-4820,5312,232,-203,768
kopf,8,219,-10012,-5088,5756,608,28,896
kopf,8,220,-9776,-4680,6100,925,286,1039
kopf,8,221,-10292,-3596,6368,1155,535,1077
kopf,8,222,-11188,-2724,6452,1205,811,991
kopf,8,223,-12076,-1968,7136,1251,899,863
kopf,8,224,-12724,-2040,7356,1330,921,742
kopf,8,225,-12832,-1100,7660,1251,923,613
kopf,8,226,-13532,-668,7876,1156,833,558
kopf,8,227,-13788,8,8256,1046,669,444
kopf,8,228,-13924,148,8488,881,492,262
kopf,8,229,-14852,300,8604,565,177,53
kopf,8,230,-13272,428,8084,235,101,-143
kopf,8,231,-13132,348,7644,60,22,-213
kopf,8,232,-12548,260,7844,-128,-36,-240
kopf,8,233,-12316,-692,7820,-35,-38,-285
kopf,8,234,-12260,-1004,7740,58,24,-305
kopf,8,235,-11640,-844,7524,129,77,-208
kopf,8,236,-12248,-560,7712,165,154,-149
kopf,8,237,-12188,-640,7428,209,191,-89
kopf,8,238,-11864,-340,7340,201,197,-101
kopf,8,239,-12328,-332,7396,180,178,-136
kopf,8,240,-12464,-588,7448,182,132,-166
kopf,8,241,-12428,-736,7500,199,121,-123
kopf,8,242,-12344,-652,7372,227,82,-100
kopf,8,243,-12860,-452,7604,178,72,-54
kopf,8,244,-12564,-472,7528,118,15,-92
kopf,8,245,-12548,-680,7416,76,2,-126
kopf,8,246,-11156,-924,7372,65,-44,-182
kopf,8,247,-12368,-544,7248,54,9,-119
kopf,8,248,-12520,-868,7232,31,-4,-190
kopf,8,249,-12404,-824,7372,32,-31,-229
kopf,8,250,-12208,-804,7288,-7,-4,-250
kopf,8,251,-12340,-648,7416,-11,-1,-269
kopf,8,252,-12328,-808,7360,-19,16,-291
kopf,8,253,-12516,-980,7460,7,25,-278
kopf,8,254,-11916,-916,7224,23,35,-261
kopf,8,255,-12360,-876,7532,40,64,-247
kopf,8,256,-12452,-536,7336,43,19,-240
kopf,8,257,-12304,-652,7408,25,13,-260
kopf,8,258,-12124,-780,7488,-3,18,-277
kopf,8,259,-12064,-748,7324,-37,58,-260
kopf,8,260,-12264,-740,7476,-48,49,-252
kopf,8,261,-12328,-656,7448,-48,40,-155
kopf,8,262,-12612,-644,7496,-76,15,-147
kopf,8,263,-12420,-584,7504,-101,-12,-173
kopf,8,264,-12324,-596,7236,-126,-1,-164
kopf,8,265,-12160,-872,7400,-145,4,-166
kopf,8,266,-11932,-896,7284,-142,18,-166
kopf,8,267,-12176,-964,7416,-117,1,-149
kopf,8,268,-12052,-1028,7372,-111,21,-118
kopf,8,269,-11960,-988,7308,-105,32,-88
kopf,8,270,-12192,-908,7296,-108,46,-69
kopf,8,271,-12172,-860,7316,-114,46,-54
kopf,8,272,-12244,-900,7448,-120,36,-44
kopf,8,273,-12192,-848,7308,-116,41,-46
kopf,8,274,-12236,-816,7436,-124,40,-45
kopf,8,275,-12336,-860,7304,-130,49,-51
kopf,8,276,-12288,-736,7276,-144,44,-71
kopf,8,277,-12252,-808,7136,-139,36,-72
kopf,8,278,-12344,-848,7304,-128,38,-66
kopf,8,279,-12304,-1000,7396,-115,36,-58
kopf,8,280,-12180,-904,7268,-101,36,-44
kopf,8,281,-12244,-952,7364,-89,42,-38
kopf,8,282,-12312,-864,7372,-72,48,-46
kopf,8,283,-12092,-984,7368,-61,59,-38
kopf,8,284,-12308,-724,7364,-57,68,-35
kopf,8,285,-12520,-756,7424,-70,38,-52
kopf,8,286,-12400,-632,7400,-75,17,-70
kopf,8,287,-12192,-692,7432,-86,26,-63
kopf,8,288,-12156,-792,7416,-94,41,-54
kopf,8,289,-12336,-748,7452,-99,43,-41
kopf,8,290,-12316,-788,7300,-105,42,-36
kopf,8,291,-12200,-884,7396,-103,38,-47
kopf,8,292,-12148,-912,7216,-111,43,-51
kopf,8,293,-12164,-872,7276,-100,47,-47
kopf,8,294,-12164,-852,7356,-93,46,-34
kopf,8,295,-12164,-808,7280,-89,57,-39
kopf,8,296,-12316,-808,7208,-89,60,-29
kopf,8,297,-12372,-800,7292,-97,58,-32
kopf,8,298,-12324,-768,7360,-97,68,-42
kopf,8,299,-12356,-704,7360,-116,66,-52
kopf,9,0,-12612,-556,7096,-125,-20,-72
kopf,9,1,-12408,-460,7104,-141,-10,-80
kopf,9,2,-12588,-636,7240,-152,-6,-82
kopf,9,3,-12448,-496,7080,-166,-7,-91
kopf,9,4,-12456,-736,6956,-157,-17,-92
kopf,9,5,-12260,-772,6976,-130,-26,-92
kopf,9,6,-12156,-804,6732,-88,-16,-42
kopf,9,7,-12384,-828,7048,-58,-9,-52
kopf,9,8,-12364,-576,7120,-36,-6,-37
kopf,9,9,-12672,-376,7104,-41,-4,-41
kopf,9,10,-12668,-492,7184,-53,-27,-71
kopf,9,11,-12512,-580,7216,-72,-31,-106
kopf,9,12,-12384,-420,7184,-87,-34,-109
kopf,9,13,-12336,-564,7288,-105,-21,-125
kopf,9,14,-12300,-612,7176,-108,-6,-124
kopf,9,15,-12272,-596,7236,-117,2,-115
kopf,9,16,-12236,-612,7148,-108,3,-88
kopf,9,17,-12180,-528,7056,-87,15,-71
kopf,9,18,-12352,-556,7072,-92,33,-43
kopf,9,19,-12344,-432,7060,-87,32,-30
kopf,9,20,-12492,-364,7004,-96,38,-33
kopf,9,21,-12468,-544,7268,-113,42,-47
kopf,9,22,-12588,-416,7244,-127,37,-70
kopf,9,23,-12564,-416,7128,-145,41,-85
kopf,9,24,-12740,-396,7144,-164,26,-129
kopf,9,25,-12920,-292,7100,-192,28,-173
kopf,9,26,-12960,-160,7472,-230,22,-266
kopf,9,27,-13716,-20,7456,-364,90,-405
kopf,9,28,-14228,48,7860,-519,140,-561
kopf,9,29,-14836,-272,8204,-782,265,-763
kopf,9,30,-17308,-156,9072,-1079,172,-1231
kopf,9,31,-19272,-188,10376,-1410,62,-1761
kopf,9,32,-22672,-544,10788,-1756,-281,-2198
kopf,9,33,-26488,-484,11560,-2110,-691,-2809
kopf,9,34,-28924,-872,12292,-2288,-2091,-3464
kopf,9,35,-32768,-3416,14180,-2296,-3836,-4241
kopf,9,36,-32032,-7144,15556,-2530,-6597,-5489
kopf,9,37,-29976,-7248,14788,-2520,-9051,-5671
kopf,9,38,-27356,-10404,15928,-2493,-10758,-5962
kopf,9,39,-21280,-11104,13428,-2397,-11850,-6509
kopf,9,40,-16024,-13212,14408,-1998,-12455,-7150
kopf,9,41,-14492,-13404,15816,-1454,-12789,-7158
kopf,9,42,-13132,-14340,15976,-770,-13182,-7351
kopf,9,43,-11012,-13616,15872,-270,-13787,-8354
kopf,9,44,-7408,-13876,14660,270,-14238,-9324
kopf,9,45,-4356,-12332,13912,650,-14153,-9936
kopf,9,46,-1524,-12372,12472,1199,-13823,-10414
kopf,9,47,796,-14180,11020,1720,-13092,-10459
kopf,9,48,4516,-14608,9628,2698,-12101,-10160
kopf,9,49,6956,-13408,7784,3662,-10935,-9723
kopf,9,50,7312,-9500,7480,4223,-9690,-9401
kopf,9,51,10012,-10796,6016,5443,-8632,-9062
kopf,9,52,8220,-7676,5844,5843,-7695,-8803
kopf,9,53,6848,-5764,5588,5950,-7032,-8880
kopf,9,54,7028,-2516,4360,5862,-6641,-8865
kopf,9,55,7152,-600,3792,5399,-6083,-9015
kopf,9,56,8464,1304,3172,4951,-5556,-8925
kopf,9,57,9388,4076,2232,4233,-4774,-8561
kopf,9,58,9764,3212,1772,3928,-3944,-8029
kopf,9,59,10036,4384,1400,3414,-2947,-7597
kopf,9,60,11000,4652,736,3331,-2001,-7002
kopf,9,61,10560,6116,580,3072,-929,-6371
kopf,9,62,9500,5908,1040,2912,-136,-5763
kopf,9,63,8356,6456,1288,2793,575,-5373
kopf,9,64,5768,6836,1788,2505,998,-5290
kopf,9,65,4428,7332,2896,2193,1074,-5616
kopf,9,66,3572,8744,3928,1845,982,-5879
kopf,9,67,2632,8856,3916,1476,736,-6146
kopf,9,68,3436,9512,4120,987,681,-6003
kopf,9,69,3792,8980,4412,632,737,-5692
kopf,9,70,3704,7000,4488,461,991,-5328
kopf,9,71,3832,5824,5180,627,1127,-5153
kopf,9,72,3336,6144,5452,787,1294,-4992
kopf,9,73,2840,7020,5900,876,1381,-4840
kopf,9,74,2276,8384,6620,734,1464,-4688
kopf,9,75,1560,8496,6560,483,1549,-4594
kopf,9,76,528,8152,6856,275,1626,-4635
kopf,9,77,76,8792,7360,165,1523,-4628
kopf,9,78,-212,9868,7436,-14,1466,-4469
kopf,9,79,-484,10324,7316,-320,1411,-4111
kopf,9,80,-576,10656,7712,-590,1382,-3606
kopf,9,81,-484,10968,8044,-846,1347,-2978
kopf,9,82,-468,11896,8084,-1156,1285,-2164
kopf,9,83,-1388,12288,8088,-1536,1157,-1398
kopf,9,84,-2128,12260,8520,-1947,980,-790
kopf,9,85,-7492,8276,8508,-2032,686,-750
kopf,9,86,-14844,1216,15484,-1579,-359,-1460
kopf,9,87,-14216,-1988,16528,-810,-2603,-1978
kopf,9,88,-14560,-6092,19440,530,-4220,-2682
kopf,9,89,-4796,2340,16840,1593,-5323,-2908
kopf,9,90,3400,9612,12652,1557,-5049,-2798
kopf,9,91,9620,14160,8964,1106,-3926,-1441
kopf,9,92,10832,13816,7916,860,-2282,583
kopf,9,93,9204,12964,8696,842,-1130,2152
kopf,9,94,8340,13988,7540,561,-249,3276
kopf,9,95,5380,13888,6540,216,247,3610
kopf,9,96,3076,12872,6296,-400,519,3228
kopf,9,97,-264,8500,9296,-803,-169,1936
kopf,9,98,1840,10788,7340,-1185,-1267,368
kopf,9,99,1912,8060,10896,-2127,-1819,-562
kopf,9,100,6752,7832,6732,-2436,-2252,-723
kopf,9,101,11732,7024,6492,-2126,-2425,-301
kopf,9,102,18988,21632,7712,-2430,-3524,585
kopf,9,103,2932,26660,8712,-4702,-757,679
kopf,9,104,3624,-2856,15816,-3974,-284,3112
kopf,9,105,9008,-2756,9704,-855,384,5801
kopf,9,106,8404,2556,6500,367,1110,5801
kopf,9,107,8200,4376,11056,550,1873,6488
kopf,9,108,6412,4460,12048,463,2353,7020
kopf,9,109,4500,2200,11860,51,2527,6665
kopf,9,110,5296,72,11948,224,2670,6463
kopf,9,111,5920,-328,12400,626,2914,6782
kopf,9,112,5868,-968,12360,1061,3300,7184
kopf,9,113,6184,-924,11772,1336,3756,7562
kopf,9,114,6520,-680,11636,1492,4190,7820
kopf,9,115,5572,-756,11576,1704,4550,7734
kopf,9,116,6212,-1372,10504,1967,4974,7590
kopf,9,117,8860,-628,8904,2439,5791,7929
kopf,9,118,10932,1116,7388,2962,7119,8740
kopf,9,119,11460,2908,6068,3491,8645,9678
kopf,9,120,6880,5756,5648,3719,9780,10076
kopf,9,121,456,7424,7508,3482,9755,9411
kopf,9,122,-2764,7760,8636,3005,8892,8179
kopf,9,123,-2300,8024,8328,2462,7768,6818
kopf,9,124,384,9484,7036,1689,7089,5832
kopf,9,125,3076,9992,5808,973,6960,5334
kopf,9,126,4604,10520,4580,390,7165,5259
kopf,9,127,4076,10472,4488,-114,7420,5285
kopf,9,128,2820,10436,4280,-604,7535,5183
kopf,9,129,2128,10036,4384,-1116,7404,4870
kopf,9,130,1080,10344,4352,-1748,7114,4381
kopf,9,131,-432,10092,5416,-2519,6566,3702
kopf,9,132,-1396,9440,6072,-3376,5867,2835
kopf,9,133,-2048,8408,6616,-4253,5160,1964
kopf,9,134,-2428,7024,6848,-5061,4436,1079
kopf,9,135,-2180,5940,7128,-5681,3752,303
kopf,9,136,-1372,4836,7272,-6158,3211,-276
kopf,9,137,-192,4196,6948,-6479,2874,-681
kopf,9,138,904,3028,7124,-6622,2738,-803
kopf,9,139,1752,2556,6792,-6719,2942,-758
kopf,9,140,1660,1596,7064,-6791,3317,-627
kopf,9,141,-1944,-4520,6676,-7018,3841,-603
kopf,9,142,-1452,-2660,7096,-6816,3954,-95
kopf,9,143,-1028,-4060,8844,-6068,4255,-463
kopf,9,144,-3252,-4620,9204,-5622,4191,-441
kopf,9,145,-4380,-4616,9372,-5758,4014,-283
kopf,9,146,-4568,-5916,9956,-5568,3718,-239
kopf,9,147,-4880,-6352,10236,-5395,3634,-88
kopf,9,148,-4564,-7076,10160,-5243,3780,179
kopf,9,149,-7368,-3060,10776,-4888,4191,681
kopf,9,150,-5548,-9072,10460,-3589,4168,658
kopf,9,151,-6812,-8996,11796,-4199,4531,1003
kopf,9,152,-6780,-11096,11640,-3928,4711,897
kopf,9,153,-7208,-10068,11200,-3182,4620,1131
kopf,9,154,-8820,-8860,10764,-2774,4605,1440
kopf,9,155,-10224,-9884,11988,-2560,4398,1501
kopf,9,156,-11532,-9504,11680,-2578,4131,1285
kopf,9,157,-12996,-8704,11608,-2545,3928,1016
kopf,9,158,-12576,-6608,9524,-2277,3455,1694
kopf,9,159,-10524,-11836,12684,-395,3348,1373
kopf,9,160,-13168,-9244,11264,-202,3327,1510
kopf,9,161,-15020,-9616,10244,-545,3344,1686
kopf,9,162,-14632,-7772,11004,-1073,3259,1591
kopf,9,163,-15880,-9536,11192,-1827,3039,1681
kopf,9,164,-13736,-10664,10784,-938,2461,1433
kopf,9,165,-14960,-8572,10412,-832,2400,1310
kopf,9,166,-13940,-8896,9524,-1421,2244,1320
kopf,9,167,-11996,-8352,9572,-899,2214,1295
kopf,9,168,-12864,-6612,8720,-846,2360,1233
kopf,9,169,-13096,-8620,8060,-1212,2403,1051
kopf,9,170,-15984,-5432,7356,-2612,2568,1089
kopf,9,171,-13052,-9428,8884,-2488,2296,985
kopf,9,172,-12588,-9336,7276,-679,1909,567
kopf,9,173,-13364,-7424,6576,-726,1898,481
kopf,9,174,-15204,2444,-408,-2144,1992,899
kopf,9,175,-13488,-31540,21564,2697,1837,2578
kopf,9,176,-17524,-9004,15600,4670,997,4853
kopf,9,177,-22068,-13508,8036,4239,1437,4965
kopf,9,178,-13632,-5700,6464,4675,976,4493
kopf,9,179,-10016,-680,3532,4198,1232,3855
kopf,9,180,-10748,-784,3440,3805,1143,3132
kopf,9,181,-12776,-656,4456,3560,1119,2755
kopf,9,182,-19676,-3568,8920,3633,345,2545
kopf,9,183,-19432,-2500,9056,3650,-171,2440
kopf,9,184,-17516,-2024,9036,3450,-186,2180
kopf,9,185,-15404,-88,7920,2721,-145,1903
kopf,9,186,-12456,972,8412,2500,39,1596
kopf,9,187,-12236,1236,8652,2054,267,1468
kopf,9,188,-12832,1968,9044,1580,500,1395
kopf,9,189,-14552,2036,9664,985,534,1191
kopf,9,190,-15364,1360,9444,494,460,877
kopf,9,191,-16408,836,9060,105,193,512
kopf,9,192,-15032,868,8104,-191,-27,179
kopf,9,193,-14332,544,6976,-383,-194,-39
kopf,9,194,-13816,344,7012,-413,-396,-145
kopf,9,195,-13152,-760,5948,-452,-364,-215
kopf,9,196,-12644,-284,6324,-309,-433,-155
kopf,9,197,-12404,-448,6172,-183,-367,-56
kopf,9,198,-12680,-2712,7188,-21,-385,-73
kopf,9,199,-12692,-668,5632,-88,-365,-225
kopf,9,200,-11368,-520,6308,53,-159,-162
kopf,9,201,-11768,-296,6128,166,-45,-54
kopf,9,202,-12324,36,6244,157,27,20
kopf,9,203,-12388,-720,6664,193,-58,1
kopf,9,204,-13064,-240,6636,49,-35,-37
kopf,9,205,-12224,8,6956,176,-93,124
kopf,9,206,-12500,-32,7184,136,-51,210
kopf,9,207,-12776,532,6904,63,-24,294
kopf,9,208,-12384,972,6960,41,-5,251
kopf,9,209,-12764,312,6916,13,38,205
kopf,9,210,-12948,376,7068,-27,60,213
kopf,9,211,-12768,120,7340,25,59,155
kopf,9,212,-12988,172,7016,-56,124,151
kopf,9,213,-12952,160,6540,-83,147,122
kopf,9,214,-13036,412,6672,-57,147,53
kopf,9,215,-12980,304,6560,-70,128,24
kopf,9,216,-12896,304,6660,-74,90,-1
kopf,9,217,-12876,124,6732,-42,77,3
kopf,9,218,-12728,328,6828,-25,57,-4
kopf,9,219,-12768,268,6856,-21,52,-4
kopf,9,220,-12772,416,6888,-44,53,-24
kopf,9,221,-12780,292,6728,-87,84,-44
kopf,9,222,-12548,696,6936,-85,51,-20
kopf,9,223,-12724,244,6596,-84,103,-10
kopf,9,224,-12712,252,6712,-85,72,-8
kopf,9,225,-12628,208,6636,-79,97,7
kopf,9,226,-12656,288,6836,-79,110,8
kopf,9,227,-12900,332,6736,-101,94,-6
kopf,9,228,-12964,452,6828,-128,60,-57
kopf,9,229,-13008,360,6816,-141,18,-82
kopf,9,230,-12744,188,6672,-153,3,-107
kopf,9,231,-12772,204,6676,-133,14,-96
kopf,9,232,-12616,104,6824,-121,26,-70
kopf,9,233,-12840,344,6836,-109,22,-56
kopf,9,234,-11856,-804,4096,-302,179,-250
kopf,9,235,-12604,592,6560,-103,27,-61
kopf,9,236,-12868,312,6340,-87,77,-87
kopf,9,237,-12656,48,6648,-70,31,-140
kopf,9,238,-12600,160,6644,-46,68,-80
kopf,9,239,-12852,316,6720,-41,57,-76
kopf,9,240,-13048,428,6644,-46,43,-63
kopf,9,241,-12856,388,6828,-54,18,-76
kopf,9,242,-12752,432,6788,-55,25,-71
kopf,9,243,-12784,372,6696,-73,20,-78
kopf,9,244,-12820,356,6668,-68,25,-97
kopf,9,245,-12744,404,6724,-85,31,-89
kopf,9,246,-12656,332,6604,-83,24,-109
kopf,9,247,-12800,452,6572,-88,23,-117
kopf,9,248,-12892,420,6596,-87,-7,-120
kopf,9,249,-12656,268,6564,-100,19,-111
kopf,9,250,-12772,272,6660,-87,15,-108
kopf,9,251,-12688,252,6644,-79,27,-99
kopf,9,252,-12820,304,6760,-78,21,-104
kopf,9,253,-12736,228,6900,-77,32,-110
kopf,9,254,-12704,300,6620,-82,34,-101
kopf,9,255,-12580,384,6664,-98,38,-103
kopf,9,256,-12808,268,6804,-99,34,-105
kopf,9,257,-12492,280,6708,-82,34,-96
kopf,9,258,-12860,328,6632,-86,60,-78
kopf,9,259,-12948,320,6768,-88,46,-77
kopf,9,260,-12764,480,6732,-96,27,-86
kopf,9,261,-12804,460,6764,-92,34,-79
kopf,9,262,-12780,352,6732,-110,43,-76
kopf,9,263,-12796,328,6644,-124,28,-83
kopf,9,264,-12864,396,6848,-130,19,-85
kopf,9,265,-12796,368,6680,-132,19,-82
kopf,9,266,-12740,300,6664,-141,19,-67
kopf,9,267,-12648,288,6708,-121,37,-60
kopf,9,268,-12724,292,6768,-131,35,-58
kopf,9,269,-12864,296,6724,-132,27,-62
kopf,9,270,-12748,336,6624,-128,18,-69
kopf,9,271,-12804,264,6652,-120,19,-81
kopf,9,272,-12628,212,6572,-121,21,-75
kopf,9,273,-12732,288,6716,-114,27,-73
kopf,9,274,-12612,264,6608,-119,41,-64
kopf,9,275,-12692,304,6572,-123,42,-54
kopf,9,276,-12712,324,6744,-130,54,-60
kopf,9,277,-12884,296,6724,-125,39,-60
kopf,9,278,-12676,308,6796,-131,46,-53
kopf,9,279,-12732,144,6632,-112,50,-39
kopf,9,280,-12852,372,6588,-120,51,-51
kopf,9,281,-12888,324,6780,-120,34,-59
kopf,9,282,-12644,340,6684,-120,34,-63
kopf,9,283,-12740,324,6580,-121,43,-49
kopf,9,284,-12788,352,6652,-116,52,-41
kopf,9,285,-12720,324,6792,-118,56,-45
kopf,9,286,-12756,276,6632,-123,54,-36
kopf,9,287,-12892,368,6676,-120,51,-39
kopf,9,288,-12848,308,6704,-115,47,-42
kopf,9,289,-12784,208,6588,-125,49,-49
kopf,9,290,-12748,276,6512,-119,52,-43
kopf,9,291,-12744,264,6552,-120,44,-47
kopf,9,292,-12852,332,6496,-120,43,-47
kopf,9,293,-12552,104,6412,-95,65,-22
kopf,9,294,-12812,372,6516,-89,66,-25
kopf,9,295,-12880,340,6852,-93,39,-27
kopf,9,296,-12808,344,6536,-105,40,-32
kopf,9,297,-12720,448,6672,-98,47,-34
kopf,9,298,-12932,308,6756,-117,43,-41
kopf,9,299,-12744,368,6664,-118,40,-39
kopf,10,0,-15952,-456,8296,-1314,-493,-1428
kopf,10,1,-16484,-452,8148,-1426,-611,-1694
kopf,10,2,-18896,284,10100,-1438,-889,-1756
kopf,10,3,-17072,-3096,10076,-1522,-1209,-2071
kopf,10,4,-18092,-4592,10316,-1183,-1781,-2483
kopf,10,5,-19148,-5624,12040,-1068,-2382,-2849
kopf,10,6,-17388,-5332,10900,-853,-2981,-3021
kopf,10,7,-16468,-4324,12152,-636,-3691,-2968
kopf,10,8,-15288,-4168,12212,-835,-3854,-2441
kopf,10,9,-15128,-5932,14388,-985,-4197,-2183
kopf,10,10,-14572,-8648,15320,-579,-4457,-1969
kopf,10,11,-16920,-8504,16332,-48,-4870,-1799
kopf,10,12,-17548,-10740,18160,247,-5726,-2408
kopf,10,13,-16780,-10688,19920,302,-6543,-3439
kopf,10,14,-15848,-10644,20752,94,-7360,-4463
kopf,10,15,-16496,-14836,20036,243,-8102,-5686
kopf,10,16,-11768,-13428,19732,555,-8849,-6425
kopf,10,17,-5652,-13500,18352,864,-9032,-7267
kopf,10,18,-3752,-13312,17772,1328,-8845,-7878
kopf,10,19,-1368,-12632,16268,1843,-8185,-8206
kopf,10,20,524,-12716,15540,2398,-7531,-8620
kopf,10,21,2080,-12036,14260,3014,-6951,-9067
kopf,10,22,4576,-11112,12560,3562,-6072,-9290
kopf,10,23,6588,-10532,11008,4081,-4823,-9199
kopf,10,24,6576,-9432,10064,4623,-3512,-9162
kopf,10,25,5344,-7920,9160,5095,-2378,-9309
kopf,10,26,3692,-6308,8804,5253,-1328,-9579
kopf,10,27,2780,-5660,7332,5298,-599,-9901
kopf,10,28,3060,-3416,6300,5277,71,-9949
kopf,10,29,1272,-1644,5272,5220,819,-9529
kopf,10,30,-1324,0,5004,4942,1582,-8834
kopf,10,31,-4684,1132,4724,4613,1643,-8608
kopf,10,32,-5704,2272,4472,4114,1435,-8604
kopf,10,33,-6604,2316,4564,3558,1391,-8540
kopf,10,34,-7300,2072,4448,3230,982,-8594
kopf,10,35,-7252,2340,4580,2963,547,-8510
kopf,10,36,-7556,3200,4832,2661,309,-8093
kopf,10,37,-8492,2704,5652,2284,47,-7566
kopf,10,38,-8080,2632,5952,2019,-278,-7186
kopf,10,39,-7628,2596,6268,1709,-449,-6960
kopf,10,40,-5664,3288,6428,1426,-649,-6743
kopf,10,41,-5068,3212,6424,979,-393,-6442
kopf,10,42,-4540,3336,6712,557,91,-6201
kopf,10,43,-4620,2752,6892,89,647,-5943
kopf,10,44,-5776,2204,7892,-273,1140,-5714
kopf,10,45,-7872,172,9640,-576,1257,-5676
kopf,10,46,-7188,280,9552,-641,1175,-5530
kopf,10,47,-9348,-2832,11880,-607,973,-5419
kopf,10,48,-10012,-2440,10480,-206,593,-5254
kopf,10,49,-10068,-4464,12196,16,138,-5290
kopf,10,50,-8976,-2912,12776,333,-581,-5384
kopf,10,51,-7652,-1500,13320,342,-1035,-5316
kopf,10,52,-5028,-1024,13608,225,-827,-5035
kopf,10,53,-3800,480,13216,13,-708,-4664
kopf,10,54,-3424,-540,12760,-381,-445,-4339
kopf,10,55,-3640,-828,12472,-790,-182,-4163
kopf,10,56,-3332,-1516,14000,-1071,-66,-4218
kopf,10,57,-2928,-1212,14804,-1291,-138,-4253
kopf,10,58,-2824,-2312,14176,-1492,-86,-4148
kopf,10,59,-3212,-1608,13724,-1642,-254,-4073
kopf,10,60,-3276,-2216,14912,-1778,-412,-4100
kopf,10,61,-2780,-2368,14308,-1983,-511,-4208
kopf,10,62,-1920,-3256,13860,-2092,-505,-4312
kopf,10,63,-964,-4512,13888,-1947,-556,-4315
kopf,10,64,-124,-4356,13600,-1874,-353,-4328
kopf,10,65,-884,-4536,14516,-1783,-296,-4248
kopf,10,66,-1608,-4072,14928,-1609,-316,-4188
kopf,10,67,-2300,-5416,14180,-1582,-525,-4395
kopf,10,68,-2336,-6032,14052,-1487,-855,-4864
kopf,10,69,-3176,-6220,14492,-1142,-1471,-5320
kopf,10,70,-2716,-5992,14544,-764,-2055,-5633
kopf,10,71,-2900,-6972,14100,-411,-2739,-5927
kopf,10,72,-1500,-15848,13096,-1164,-3432,-6036
kopf,10,73,480,-2308,11476,429,-3296,-6423
kopf,10,74,6496,-3580,10884,218,-3353,-6454
kopf,10,75,7748,-2624,9748,-26,-2545,-6170
kopf,10,76,8608,-2008,9148,-138,-1526,-5578
kopf,10,77,7296,-664,10860,-264,-1134,-4967
kopf,10,78,6108,-1728,9840,-635,-403,-4654
kopf,10,79,1992,-3368,8892,-938,-139,-4455
kopf,10,80,-416,-3240,8392,-1480,370,-4317
kopf,10,81,-532,-4540,6700,-2003,804,-4354
kopf,10,82,-4,-4936,7076,-2559,1325,-4229
kopf,10,83,-600,-7148,6408,-2697,1825,-3480
kopf,10,84,-7032,-15972,6720,-2309,2200,-1937
kopf,10,85,-7036,-13268,9644,-1186,1790,-1328
kopf,10,86,-5556,-13792,10764,-300,1088,-1075
kopf,10,87,-3252,-12672,9600,547,456,-1152
kopf,10,88,-628,-12212,8936,831,232,-1279
kopf,10,89,-684,-9996,8232,1363,-223,-1408
kopf,10,90,-248,-9284,8912,1624,-415,-1462
kopf,10,91,-232,-7492,9364,2067,-928,-1258
kopf,10,92,-68,-8484,10288,2362,-1039,-1193
kopf,10,93,300,-7540,10756,2791,-1103,-893
kopf,10,94,-768,-8360,11752,3022,-1152,-1006
kopf,10,95,-1452,-5680,10676,3764,-1683,-833
kopf,10,96,-216,-5124,11340,3903,-2004,-1055
kopf,10,97,-988,-3212,17296,4095,-2599,-1252
kopf,10,98,-484,856,6848,4235,-2801,-953
kopf,10,99,3548,5936,14920,4816,-4550,-1106
kopf,10,100,4840,7312,14548,3319,-4437,-1754
kopf,10,101,9816,12216,15764,2806,-5085,-1687
kopf,10,102,14548,14948,17124,1893,-4757,-1183
kopf,10,103,16544,14916,17964,1000,-4029,-62
kopf,10,104,16200,11812,18036,469,-2999,935
kopf,10,105,13904,8868,20080,469,-2418,1245
kopf,10,106,10652,6396,21172,375,-2437,951
kopf,10,107,9664,4204,21512,50,-2634,232
kopf,10,108,9428,3552,21152,-391,-2641,-585
kopf,10,109,8636,624,20624,-726,-2030,-1250
kopf,10,110,7816,-148,19240,-661,-1752,-1671
kopf,10,111,5872,-3068,20480,-328,-1631,-2157
kopf,10,112,4316,-3164,19224,181,-2102,-2877
kopf,10,113,6444,-3244,16348,586,-2217,-3164
kopf,10,114,6956,-2448,13708,1131,-2154,-3092
kopf,10,115,5764,-1716,15396,1416,-1762,-2884
kopf,10,116,9980,-1892,14540,2182,-1626,-2263
kopf,10,117,4436,936,9104,1831,-800,-2135
kopf,10,118,3448,3384,8756,1601,-523,-1842
kopf,10,119,-4,2944,6244,681,-83,-1969
kopf,10,120,-1736,3824,5204,38,-177,-2248
kopf,10,121,-1104,2748,5884,-682,-355,-2650
kopf,10,122,-756,1888,6288,-1129,-702,-3169
kopf,10,123,-1508,-1580,9384,-1181,-1361,-3855
kopf,10,124,3620,3636,6028,-1514,-1993,-4236
kopf,10,125,7364,276,7388,-975,-2531,-4281
kopf,10,126,11068,3484,7524,-1161,-2158,-3849
kopf,10,127,11264,5020,5660,-1120,-2004,-3450
kopf,10,128,11532,5688,6548,-1321,-1777,-3145
kopf,10,129,12160,6524,5964,-1587,-1355,-2822
kopf,10,130,10232,4544,6548,-1950,-1046,-2147
kopf,10,131,11728,1268,6796,-2218,-622,-1356
kopf,10,132,11408,-2272,7736,-2230,356,-405
kopf,10,133,12576,-5232,9992,-1869,1654,956
kopf,10,134,10032,-4436,9664,-1156,3045,2092
kopf,10,135,8216,-4808,9948,-897,3839,2755
kopf,10,136,8832,784,10628,-1088,4393,3116
kopf,10,137,8148,8,11500,-1136,4580,3435
kopf,10,138,8084,-1256,13392,-1007,4566,3778
kopf,10,139,5256,-3660,16352,-664,4558,3712
kopf,10,140,964,-6384,19784,-222,3535,2936
kopf,10,141,2304,-4844,21640,117,2298,2038
kopf,10,142,4640,-1504,17648,302,1698,1504
kopf,10,143,8208,2080,17172,431,1615,1210
kopf,10,144,8904,5424,16252,620,1279,971
kopf,10,145,9640,6572,15124,871,1043,845
kopf,10,146,8852,8016,14828,847,861,830
kopf,10,147,8016,7744,14040,928,482,688
kopf,10,148,5320,5816,14928,980,-192,225
kopf,10,149,524,5048,15940,999,-1560,-788
kopf,10,150,-120,5384,15256,337,-3067,-1932
kopf,10,151,2176,4552,14000,-218,-4416,-3011
kopf,10,152,6852,6148,12344,-841,-5188,-4020
kopf,10,153,9884,7108,13436,-1611,-5099,-4638
kopf,10,154,8656,-464,11476,-1462,-3812,-4314
kopf,10,155,7956,2004,10796,-1239,-3295,-3677
kopf,10,156,5764,-1012,8988,-1642,-2296,-3071
kopf,10,157,2020,-2084,8244,-1744,-1292,-2302
kopf,10,158,2476,-2316,8076,-2475,-138,-1829
kopf,10,159,3536,-1336,7220,-3374,573,-1343
kopf,10,160,5148,-2984,7588,-3889,1573,-742
kopf,10,161,5568,-6676,8212,-3924,2266,236
kopf,10,162,6892,-13120,9776,-3133,2823,1050
kopf,10,163,11156,-12032,11856,-1831,3458,2518
kopf,10,164,11660,-8208,10356,-225,4243,3492
kopf,10,165,10004,-3356,8964,729,4610,3878
kopf,10,166,7116,-4632,7676,1584,4829,3635
kopf,10,167,3568,-2560,10296,1688,4732,3289
kopf,10,168,3116,-3648,12188,1737,4259,3360
kopf,10,169,6356,-24,10532,1219,3923,4041
kopf,10,170,5276,-1500,7980,1056,4342,4854
kopf,10,171,1916,-3376,10468,1077,4473,4875
kopf,10,172,420,-3472,12376,1702,3498,4075
kopf,10,173,2120,-1472,12900,1662,2504,3316
kopf,10,174,3968,-988,13300,1272,1956,3112
kopf,10,175,4392,-672,14048,983,1614,3122
kopf,10,176,4968,-292,14428,903,1508,3284
kopf,10,177,4536,-556,13852,763,1536,3478
kopf,10,178,5884,-1212,12540,533,1869,3830
kopf,10,179,6464,988,12984,495,1828,4084
kopf,10,180,2848,456,12328,117,2011,4122
kopf,10,181,2028,-152,13556,-318,1632,4122
kopf,10,182,1420,-488,12212,-628,1564,4109
kopf,10,183,-208,-176,12640,-740,1269,4402
kopf,10,184,-2028,-276,10936,-719,208,4351
kopf,10,185,-3224,-2904,13704,-712,-1123,4513
kopf,10,186,1000,-6072,13616,-417,-1695,4658
kopf,10,187,1932,-5772,13980,268,-1576,5091
kopf,10,188,1496,-3936,13980,791,-1570,5633
kopf,10,189,1676,-2564,14340,856,-1549,6122
kopf,10,190,580,-916,14196,931,-1939,6914
kopf,10,191,188,1276,14532,422,-2336,7961
kopf,10,192,1132,1752,12388,-624,-2018,8979
kopf,10,193,4148,-2672,9076,-1061,-860,9265
kopf,10,194,5524,-1420,8952,-1148,316,9785
kopf,10,195,4840,-3988,6120,-1301,1812,10113
kopf,10,196,3124,-4280,8700,-986,2921,10020
kopf,10,197,1976,588,8860,-1246,3473,10191
kopf,10,198,1236,2460,10084,-1703,3708,10686
kopf,10,199,-1716,4088,9316,-2595,3744,11499
kopf,10,200,-5328,5740,9544,-3662,3315,12232
kopf,10,201,-8796,5304,9644,-4741,2622,12726
kopf,10,202,-7300,3872,8752,-5808,1788,12991
kopf,10,203,-5084,2844,5400,-6622,1490,13359
kopf,10,204,-6184,-2472,6116,-7196,1714,13733
kopf,10,205,-4388,-1936,5840,-6649,1965,13955
kopf,10,206,-4004,-3056,5000,-6461,2744,14144
kopf,10,207,-3284,-3676,4812,-6090,3549,14102
kopf,10,208,-3088,-3432,5740,-5778,4216,14178
kopf,10,209,-4296,-5020,6040,-5461,4867,13990
kopf,10,210,-3392,-5436,8396,-5191,5348,13811
kopf,10,211,-4260,-3324,6060,-4867,5651,13607
kopf,10,212,-5204,-8556,7924,-4105,5765,13041
kopf,10,213,-4804,-5936,6564,-3294,6025,12553
kopf,10,214,-6380,-5060,7428,-2519,6295,11653
kopf,10,215,-6284,-6244,8504,-2513,6512,11027
kopf,10,216,-7940,-4716,8320,-2270,6711,9973
kopf,10,217,-9844,-2776,10260,-3207,6775,9237
kopf,10,218,-13860,-5636,10524,-3235,6221,8018
kopf,10,219,-16100,-5528,13920,-3211,5378,6505
kopf,10,220,-20172,-32768,23960,497,4750,5283
kopf,10,221,-32352,21784,-1276,-6704,2021,4949
kopf,10,222,-15464,-14536,19564,-2740,44,2659
kopf,10,223,-15692,-9376,14816,-2437,-986,2389
kopf,10,224,-13716,-5252,12852,-2471,-1569,2035
kopf,10,225,-10460,-3268,12816,-2654,-1422,2472
kopf,10,226,-11204,-3676,13920,-2890,-828,2818
kopf,10,227,-12624,-5192,12768,-2729,-485,3085
kopf,10,228,-13216,-7156,13112,-2983,-165,3502
kopf,10,229,-11336,-8996,14496,-2687,151,3130
kopf,10,230,-10700,-9328,13676,-1840,497,3134
kopf,10,231,-10768,-6152,13380,-1468,959,3150
kopf,10,232,-11176,-5404,13300,-1804,1139,3040
kopf,10,233,-13320,-7008,12244,-1393,1477,3206
kopf,10,234,-13876,-4080,11956,-1578,1410,3246
kopf,10,235,-15576,-4932,12248,-1545,969,2856
kopf,10,236,-16308,-4884,11504,-1311,366,2198
kopf,10,237,-15776,-4548,10792,-1063,-426,1440
kopf,10,238,-13188,-1908,9332,-1392,-987,808
kopf,10,239,-13048,-3164,8608,-1486,-1119,513
kopf,10,240,-10648,-2032,7652,-1839,-1100,365
kopf,10,241,-8520,-1980,6668,-2273,-855,115
kopf,10,242,-8408,-4396,5976,-2031,-226,-133
kopf,10,243,-6080,-2372,5612,-2314,316,-594
kopf,10,244,-6284,-3688,4748,-2462,1064,-939
kopf,10,245,-5812,-2884,3924,-2722,1685,-1228
kopf,10,246,-7048,-4520,3544,-2937,2292,-1463
kopf,10,247,-7648,-4812,2884,-2867,2753,-1510
kopf,10,248,-8844,-18348,5468,-1735,2476,-1435
kopf,10,249,-32768,-32064,11096,2581,1736,2280
kopf,10,250,-27848,-15572,16260,3298,481,2218
kopf,10,251,-20640,-9640,4640,4662,435,2848
kopf,10,252,-6512,2116,6940,3444,1205,3275
kopf,10,253,-13152,380,5184,3186,269,2543
kopf,10,254,-15420,2460,7164,2527,-65,1987
kopf,10,255,-16932,580,6952,1735,-216,1309
kopf,10,256,-16184,1340,10120,1438,-384,858
kopf,10,257,-14572,416,8384,1090,-137,687
kopf,10,258,-13412,-616,8592,1083,-38,480
kopf,10,259,-13852,460,7420,1051,189,406
kopf,10,260,-13312,1644,7048,613,192,169
kopf,10,261,-13724,1672,6788,246,96,-20
kopf,10,262,-13508,312,6896,-161,28,-131
kopf,10,263,-14072,-1112,6712,-253,-80,-231
kopf,10,264,-13412,-1100,6136,-202,-164,-255
kopf,10,265,-12704,-1060,6284,-64,-246,-312
kopf,10,266,-12448,-1468,6476,80,-243,-335
kopf,10,267,-12136,-1132,5968,113,-211,-346
kopf,10,268,-12344,-868,6228,236,-221,-370
kopf,10,269,-12612,-488,6756,176,-271,-278
kopf,10,270,-12828,-544,6948,189,-238,-184
kopf,10,271,-12796,-936,7060,217,-225,-172
kopf,10,272,-13156,-3604,8100,416,-117,-234
kopf,10,273,-9788,-472,6984,549,107,-33
kopf,10,274,-11508,-932,6596,602,276,52
kopf,10,275,-12620,-992,6248,680,231,-41
kopf,10,276,-12472,416,7336,573,150,58
kopf,10,277,-13580,-596,7512,562,128,-8
kopf,10,278,-12456,248,6876,500,69,-16
kopf,10,279,-13156,-136,6504,418,81,1
kopf,10,280,-12868,872,7320,327,37,117
kopf,10,281,-13356,884,7360,190,33,74
kopf,10,282,-13100,516,7352,51,63,0
kopf,10,283,-12580,220,7356,-45,87,-108
kopf,10,284,-12640,52,7216,-125,143,-159
kopf,10,285,-12684,-244,7336,-202,187,-159
kopf,10,286,-12932,-208,7164,-243,236,-134
kopf,10,287,-12636,-128,7124,-305,297,-125
kopf,10,288,-12480,-212,6908,-380,364,-99
kopf,10,289,-12276,-436,6944,-385,469,-97
kopf,10,290,-12552,-464,6700,-346,547,-95
kopf,10,291,-12936,-488,6792,-309,575,-103
kopf,10,292,-13492,-332,6572,-292,494,-127
kopf,10,293,-13672,-452,6208,-302,393,-160
kopf,10,294,-13188,-476,5448,-357,281,-253
kopf,10,295,-13180,-444,6028,-280,91,-356
kopf,10,296,-12784,-436,5788,-228,16,-331
kopf,10,297,-12688,-680,6236,-124,-79,-287
kopf,10,298,-12788,-1248,5968,-59,-107,-268
kopf,10,299,-12772,-656,6604,60,-186,-206
kopf,11,0,-11128,-4608,8140,-73,-13,-109
kopf,11,1,-11056,-4604,8104,-75,-11,-122
kopf,11,2,-10924,-4564,8120,-90,-2,-133
kopf,11,3,-11020,-4536,8040,-97,3,-147
kopf,11,4,-10964,-4624,8092,-99,3,-156
kopf,11,5,-11256,-4832,8040,-85,-8,-148
kopf,11,6,-10908,-4748,8204,-85,2,-147
kopf,11,7,-10720,-4692,8080,-77,0,-140
kopf,11,8,-10744,-4596,7976,-79,15,-125
kopf,11,9,-10768,-4636,8068,-90,30,-111
kopf,11,10,-10724,-4668,8116,-107,41,-106
kopf,11,11,-10780,-4700,7992,-115,53,-90
kopf,11,12,-10912,-4452,8040,-112,51,-81
kopf,11,13,-10940,-4548,7976,-126,44,-63
kopf,11,14,-11084,-4516,8240,-124,31,-61
kopf,11,15,-11072,-4476,8104,-131,26,-59
kopf,11,16,-11052,-4572,7856,-148,20,-69
kopf,11,17,-10976,-4488,7844,-149,5,-71
kopf,11,18,-11088,-4544,7992,-144,-5,-80
kopf,11,19,-11036,-4592,7900,-139,-8,-80
kopf,11,20,-10956,-4596,8044,-130,-2,-75
kopf,11,21,-10884,-4628,8096,-117,0,-73
kopf,11,22,-10856,-4552,8112,-123,35,-50
kopf,11,23,-10788,-4708,8124,-125,66,-23
kopf,11,24,-10836,-4648,8008,-132,57,-2
kopf,11,25,-10812,-4720,8144,-148,37,13
kopf,11,26,-10584,-4664,8044,-176,-10,2
kopf,11,27,-10624,-4712,7992,-188,-24,13
kopf,11,28,-10536,-4632,7808,-202,-7,39
kopf,11,29,-10728,-4700,7984,-188,11,56
kopf,11,30,-10844,-4696,7756,-183,27,63
kopf,11,31,-11132,-4664,7756,-160,27,52
kopf,11,32,-11236,-4660,7808,-131,22,32
kopf,11,33,-11200,-4548,7776,-114,39,17
kopf,11,34,-11476,-4704,8028,-107,79,9
kopf,11,35,-11708,-5180,8456,-116,116,0
kopf,11,36,-12480,-5744,9108,-131,148,-26
kopf,11,37,-14416,-6984,9864,-80,154,-78
kopf,11,38,-17864,-7500,10964,43,-55,-204
kopf,11,39,-20224,-8216,11788,284,-1026,-447
kopf,11,40,-21248,-8616,11180,322,-2134,-552
kopf,11,41,-23532,-11296,13396,636,-3150,-655
kopf,11,42,-19468,-14024,14440,1282,-4786,-483
kopf,11,43,-16076,-16396,14808,3103,-6080,-341
kopf,11,44,-13460,-14720,16884,3880,-6291,544
kopf,11,45,-14856,-14312,19368,4531,-5942,1724
kopf,11,46,-16660,-16672,21724,5370,-6017,2262
kopf,11,47,-17104,-14616,22980,5713,-6822,2179
kopf,11,48,-15296,-11592,23484,5915,-7711,1569
kopf,11,49,-16156,-12848,21788,5504,-8575,904
kopf,11,50,-15240,-11532,20716,5516,-9598,136
kopf,11,51,-12252,-10588,18388,5504,-10379,-315
kopf,11,52,-9504,-10808,16740,5716,-10850,-594
kopf,11,53,-5868,-9440,15104,5995,-10903,-756
kopf,11,54,-8468,6424,14928,4191,-9896,-408
kopf,11,55,-4312,-8612,10360,6130,-9723,-1190
kopf,11,56,996,-9428,11936,7617,-9124,-1457
kopf,11,57,3176,-8040,11576,8588,-8175,-1600
kopf,11,58,4012,-4476,10584,8825,-7124,-1491
kopf,11,59,4536,-4200,11096,8927,-5785,-1681
kopf,11,60,3448,-3136,10056,8936,-4664,-1905
kopf,11,61,1992,-3848,9296,9145,-3934,-2264
kopf,11,62,1796,-4068,8116,9501,-3684,-2705
kopf,11,63,3160,-3808,6420,9938,-3352,-2980
kopf,11,64,5184,-2664,3480,10253,-2519,-3026
kopf,11,65,5972,-2292,1244,10813,-1554,-3169
kopf,11,66,6944,-468,-1384,11476,-556,-3436
kopf,11,67,6904,2068,-3144,11977,498,-3602
kopf,11,68,6352,4172,-4440,12278,1403,-3761
kopf,11,69,5352,7236,-5320,12171,2200,-3872
kopf,11,70,4280,9024,-4916,11731,2610,-3916
kopf,11,71,1728,9384,-5268,11239,2560,-4008
kopf,11,72,56,9060,-4936,10877,2431,-4194
kopf,11,73,-828,10900,-6584,10553,2211,-4418
kopf,11,74,-2032,11376,-7080,10178,1891,-4724
kopf,11,75,-3000,12544,-7660,9759,1621,-5108
kopf,11,76,-4984,11936,-8012,9133,1223,-5580
kopf,11,77,-4036,14768,-8956,8616,940,-5758
kopf,11,78,-6924,13252,-8996,7984,593,-5832
kopf,11,79,-6228,12856,-9548,7422,474,-5637
kopf,11,80,-7528,11560,-9864,7159,607,-5364
kopf,11,81,-8524,12424,-10712,7082,848,-5058
kopf,11,82,-9936,12568,-12480,7001,1105,-4667
kopf,11,83,-11748,13188,-14060,6232,1158,-4271
kopf,11,84,-9800,17340,-16352,6879,1451,-3996
kopf,11,85,-13040,14752,-13196,6537,942,-3751
kopf,11,86,-13112,16112,-12276,5504,826,-3528
kopf,11,87,-11176,18444,-13684,4798,648,-3588
kopf,11,88,-11248,16932,-13340,3962,463,-3877
kopf,11,89,-12820,14092,-7772,3225,198,-4178
kopf,11,90,-9876,18184,-12500,1986,244,-3780
kopf,11,91,-9572,16472,-9708,1052,71,-3693
kopf,11,92,-9996,14564,-9752,-295,-10,-3805
kopf,11,93,-7708,9452,-7772,-429,-102,-4151
kopf,11,94,-9132,8668,-9572,-333,-32,-4282
kopf,11,95,-9736,6940,-9020,-284,-180,-4462
kopf,11,96,-7916,7672,-10024,-632,-209,-4962
kopf,11,97,-6980,7748,-10188,-1129,-17,-5665
kopf,11,98,-4972,7984,-11392,-1529,297,-5940
kopf,11,99,-2944,7384,-14588,-1651,863,-5957
kopf,11,100,-3384,6824,-13100,-2127,828,-5459
kopf,11,101,-1600,1604,-16128,-1829,1467,-4527
kopf,11,102,-2628,-2876,-11104,-42,1047,-1037
kopf,11,103,-21800,-4572,-2868,1341,916,1914
kopf,11,104,-23216,-904,-3512,2216,-33,1567
kopf,11,105,-17608,9896,-2268,1982,-1658,761
kopf,11,106,-9020,16112,-2832,954,-1802,775
kopf,11,107,-7224,17832,-4364,-91,-1389,1690
kopf,11,108,-10352,15756,-2036,-952,-1042,2391
kopf,11,109,-14232,8880,456,-1116,-276,2096
kopf,11,110,-12064,11044,456,-734,-148,1934
kopf,11,111,-9180,15836,-144,-435,470,2357
kopf,11,112,-9076,16692,-948,-128,1120,2612
kopf,11,113,-11920,22532,2604,-93,1319,3626
kopf,11,114,-16156,13152,-3856,-894,2465,2621
kopf,11,115,-15652,19700,-1424,-551,1238,1701
kopf,11,116,-12728,21092,-360,-734,681,426
kopf,11,117,-10820,23152,704,-1023,273,83
kopf,11,118,-13068,21424,-252,-1435,-239,-338
kopf,11,119,-11740,19552,644,-1667,-780,-706
kopf,11,120,-9716,18540,-64,-1689,-1100,-732
kopf,11,121,-7800,18008,-2704,-1679,-960,-695
kopf,11,122,-7748,17544,-2532,-1736,-715,-848
kopf,11,123,-7892,16112,-4900,-1629,-445,-1186
kopf,11,124,-9376,15632,-3404,-1501,-414,-1568
kopf,11,125,-11960,14660,-4616,-1540,-510,-1983
kopf,11,126,-12000,14476,-5376,-1515,-741,-2183
kopf,11,127,-12124,12772,-6216,-1442,-756,-2248
kopf,11,128,-10300,14976,-7004,-1663,-795,-2239
kopf,11,129,-9928,14364,-2432,-1463,-510,-2321
kopf,11,130,-5172,11340,-11204,-1972,68,-2593
kopf,11,131,-3208,8720,-7016,-1588,1207,-2184
kopf,11,132,-10604,-3624,-3220,-1071,2971,-1413
kopf,11,133,-10552,3712,-6328,-111,3315,-1186
kopf,11,134,-12428,5024,-2684,702,2640,-1921
kopf,11,135,-12164,3776,-7032,554,2546,-2653
kopf,11,136,-11096,7388,-8464,480,2391,-2966
kopf,11,137,-11144,7768,-8600,276,2278,-3157
kopf,11,138,-11488,7572,-9224,-32,2102,-3269
kopf,11,139,-11268,5644,-9644,-284,1894,-3188
kopf,11,140,-13116,3784,-8756,-245,1178,-2701
kopf,11,141,-13588,2600,-8432,50,678,-1993
kopf,11,142,-13040,2104,-8188,357,411,-1518
kopf,11,143,-10628,3832,-8428,835,212,-998
kopf,11,144,-8816,5244,-7968,1227,271,-466
kopf,11,145,-7672,6872,-6592,1515,266,237
kopf,11,146,-7672,7396,-7216,1600,536,941
kopf,11,147,-10112,9108,-6728,1519,298,1538
kopf,11,148,-11716,9568,-4400,1014,112,1523
kopf,11,149,-9672,10264,-2528,777,-273,1484
kopf,11,150,-9096,12524,-3908,198,-220,2578
kopf,11,151,-10184,8836,-5092,28,622,3026
kopf,11,152,-8480,10532,-3416,331,906,2473
kopf,11,153,-9996,5168,-7392,206,1365,1697
kopf,11,154,-9848,12972,-5084,783,1068,2008
kopf,11,155,-12140,13048,-7060,-47,1983,2687
kopf,11,156,-12784,10784,-8720,-2,1632,2098
kopf,11,157,-13728,13324,-4192,-292,1329,1739
kopf,11,158,-11752,13280,-6908,-822,1500,1893
kopf,11,159,-9416,16284,-6628,-940,1857,2456
kopf,11,160,-12096,9856,-8964,-1334,2472,2281
kopf,11,161,-13060,9700,-9428,-1002,2581,2226
kopf,11,162,-13016,11544,-8808,-864,2440,1984
kopf,11,163,-10540,15260,-10860,-1354,2623,1879
kopf,11,164,-12300,15528,-10424,-1876,2843,1839
kopf,11,165,-11480,15936,-11128,-2663,2521,2000
kopf,11,166,-11508,15408,-11808,-3346,2396,2008
kopf,11,167,-13092,14148,-11168,-3880,2186,2160
kopf,11,168,-14028,13292,-9524,-4169,1746,2329
kopf,11,169,-13112,12976,-10652,-4693,1647,2245
kopf,11,170,-11332,14292,-10412,-5141,1726,1714
kopf,11,171,-11068,14560,-11724,-5679,2140,1189
kopf,11,172,-9260,14208,-13104,-6314,2150,535
kopf,11,173,-7988,12484,-12216,-6614,2388,212
kopf,11,174,-8784,11392,-11320,-6843,2702,281
kopf,11,175,-9256,9568,-10744,-6902,3021,530
kopf,11,176,-10040,8880,-9624,-6646,3154,766
kopf,11,177,-10848,9140,-8824,-6548,2990,879
kopf,11,178,-10972,11312,-7516,-6464,2688,831
kopf,11,179,-10112,12256,-7028,-6688,2355,607
kopf,11,180,-10004,13460,-6704,-6993,1966,424
kopf,11,181,-9556,14568,-6148,-7445,1586,215
kopf,11,182,-8648,14440,-5844,-7984,1258,-69
kopf,11,183,-7864,14152,-5524,-8485,980,-395
kopf,11,184,-6752,13388,-4896,-8973,812,-586
kopf,11,185,-6552,11600,-4392,-9338,821,-757
kopf,11,186,-5924,10608,-3748,-9421,778,-888
kopf,11,187,-6468,9764,-2388,-9374,759,-945
kopf,11,188,-6036,8616,-1664,-9265,643,-985
kopf,11,189,-6008,8616,-244,-9054,384,-1077
kopf,11,190,-6268,8780,576,-8913,-119,-1063
kopf,11,191,-6288,9780,2456,-8960,-793,-995
kopf,11,192,-5932,10164,3364,-9019,-1501,-1020
kopf,11,193,-5276,9664,4604,-9322,-2242,-1114
kopf,11,194,-4328,8168,5200,-9661,-2762,-1322
kopf,11,195,-2256,5916,5796,-9777,-3186,-1396
kopf,11,196,140,4728,7116,-9618,-3272,-1457
kopf,11,197,1636,3708,7376,-9339,-3150,-1548
kopf,11,198,3984,4680,8316,-9025,-2807,-1416
kopf,11,199,5004,3308,9052,-8901,-2145,-1232
kopf,11,200,6204,1540,9260,-8651,-1091,-1015
kopf,11,201,5952,-912,10272,-8219,77,-861
kopf,11,202,4228,-4680,11136,-7371,1314,-940
kopf,11,203,2088,-6780,11976,-6190,2112,-1392
kopf,11,204,2188,-8000,10300,-4461,2019,-2219
kopf,11,205,240,-5852,14120,-4004,2361,-2714
kopf,11,206,-1060,-4292,14336,-3257,2307,-3105
kopf,11,207,-2448,-3008,13804,-2769,2371,-3388
kopf,11,208,-2792,-416,13232,-2525,2593,-3240
kopf,11,209,-6496,8784,11256,-3270,2923,-2696
kopf,11,210,-7832,-608,11536,-2987,3116,-2073
kopf,11,211,-7340,1588,13064,-2207,3215,-2811
kopf,11,212,-9944,-356,12556,-2455,3036,-2864
kopf,11,213,-10592,1488,11720,-2576,2616,-2672
kopf,11,214,-11600,160,11568,-2814,2258,-2501
kopf,11,215,-12348,-852,11396,-2740,2053,-2483
kopf,11,216,-12820,-1480,11252,-2768,1638,-2626
kopf,11,217,-12660,-2188,10160,-2732,1372,-2705
kopf,11,218,-12328,-3828,10088,-2391,1120,-2745
kopf,11,219,-11396,-2092,9356,-2257,1232,-2538
kopf,11,220,-11036,-816,9000,-2290,1472,-2170
kopf,11,221,-11152,-1016,8688,-2004,1796,-1908
kopf,11,222,-11800,936,8356,-1889,2073,-1590
kopf,11,223,-12264,-2536,8824,-1796,2163,-1528
kopf,11,224,-13892,1192,9556,-2175,2129,-1497
kopf,11,225,-15052,-2404,9452,-2582,2080,-1619
kopf,11,226,-16128,1524,8736,-3507,1824,-1675
kopf,11,227,-15668,-3532,7888,-2590,1841,-2127
kopf,11,228,-17224,-6392,9692,-2812,1763,-1862
kopf,11,229,-14648,-11780,8604,-2043,1765,-1623
kopf,11,230,-16740,-10876,8172,-1309,1646,-1147
kopf,11,231,-17132,-9140,8372,-799,1579,-866
kopf,11,232,-16176,-7812,8848,-669,1410,-649
kopf,11,233,-16400,-8220,8452,-776,1399,-655
kopf,11,234,-15624,-5016,8032,-1008,1307,-704
kopf,11,235,-15424,-1128,6052,-1213,1190,-606
kopf,11,236,-15168,-2736,5672,-1159,1168,-563
kopf,11,237,-14580,-6488,6500,-1112,1194,-549
kopf,11,238,-18152,-10476,5848,-1401,1593,-522
kopf,11,239,-32444,-7760,8404,884,-533,1842
kopf,11,240,-22800,-704,13148,-458,-938,2627
kopf,11,241,-26552,-9692,7332,749,-1730,2152
kopf,11,242,-19108,-1524,9268,-78,-1997,2125
kopf,11,243,-15840,-4096,6588,213,-2198,1261
kopf,11,244,-12556,-1564,5724,-213,-2025,881
kopf,11,245,-11764,-4608,5680,-77,-1835,582
kopf,11,246,-10348,-3640,5960,-203,-1679,571
kopf,11,247,-10248,-6220,6264,-91,-1290,575
kopf,11,248,-9984,-6264,7308,260,-987,823
kopf,11,249,-9120,-7124,7324,438,-572,1154
kopf,11,250,-8640,-5864,6912,505,-61,1262
kopf,11,251,-8356,-4452,6392,793,421,1236
kopf,11,252,-9432,-3488,6620,673,864,1454
kopf,11,253,-11192,-3132,7252,629,1104,1535
kopf,11,254,-12484,-2808,8300,503,1028,1368
kopf,11,255,-13676,-2176,7744,424,832,1041
kopf,11,256,-14164,-1516,7876,295,584,749
kopf,11,257,-14124,-992,7176,184,379,541
kopf,11,258,-14340,-824,7000,157,198,384
kopf,11,259,-13844,-1304,6324,149,57,126
kopf,11,260,-13048,-1412,6844,260,-69,-9
kopf,11,261,-12432,-1352,7168,337,-75,8
kopf,11,262,-11900,-1516,7396,359,6,53
kopf,11,263,-11748,-944,7636,324,122,77
kopf,11,264,-11720,-1072,8012,44,232,162
kopf,11,265,-11668,-1056,8116,-130,286,233
kopf,11,266,-11680,-1296,7600,-39,349,254
kopf,11,267,-11744,-620,7484,48,427,216
kopf,11,268,-11820,-1164,7644,263,439,267
kopf,11,269,-12048,-676,7340,332,510,312
kopf,11,270,-12456,-900,7512,427,555,380
kopf,11,271,-12740,-604,7528,471,555,351
kopf,11,272,-12692,-336,7656,395,442,351
kopf,11,273,-13108,-244,7528,324,403,306
kopf,11,274,-13052,-420,7568,264,290,245
kopf,11,275,-12852,-620,7644,183,211,198
kopf,11,276,-12636,-736,7512,139,164,187
kopf,11,277,-12436,-832,7472,112,143,182
kopf,11,278,-12428,-940,7220,84,161,189
kopf,11,279,-12252,-948,7320,77,172,198
kopf,11,280,-12308,-988,7076,69,194,200
kopf,11,281,-12436,-928,7080,64,193,202
kopf,11,282,-12472,-764,7196,63,198,188
kopf,11,283,-12464,-740,7088,69,190,171
kopf,11,284,-12456,-612,7024,67,177,149
kopf,11,285,-12476,-608,7312,54,165,124
kopf,11,286,-12552,-620,7096,35,160,109
kopf,11,287,-12604,-428,7232,25,148,103
kopf,11,288,-12672,-532,7268,1,135,94
kopf,11,289,-12652,-468,7224,-11,127,82
kopf,11,290,-12636,-408,7256,-38,104,87
kopf,11,291,-12620,-592,7144,-57,81,67
kopf,11,292,-12536,-436,7260,-89,60,56
kopf,11,293,-12424,-484,7128,-106,59,45
kopf,11,294,-12464,-596,7156,-110,71,40
kopf,11,295,-12332,-632,7104,-109,88,53
kopf,11,296,-12456,-576,7064,-109,111,66
kopf,11,297,-12468,-544,6828,-112,115,75
kopf,11,298,-12516,-680,6812,-105,113,70
kopf,11,299,-12480,-468,6908,-106,116,64
kopf,12,0,-12576,-20,6816,-122,19,-91
kopf,12,1,-12560,-108,6660,-118,18,-90
kopf,12,2,-12640,-64,6720,-107,28,-87
kopf,12,3,-12604,-132,6800,-111,10,-82
kopf,12,4,-12584,0,6844,-122,18,-93
kopf,12,5,-12724,-208,6808,-118,15,-77
kopf,12,6,-12624,-116,6564,-120,23,-74
kopf,12,7,-12644,-72,6756,-120,24,-77
kopf,12,8,-12708,-124,6788,-131,15,-76
kopf,12,9,-12772,-16,6852,-138,14,-75
kopf,12,10,-12736,-76,6624,-139,15,-86
kopf,12,11,-12716,-144,6708,-134,12,-82
kopf,12,12,-12700,-96,6836,-135,11,-73
kopf,12,13,-12808,-84,6736,-136,12,-78
kopf,12,14,-12792,-36,6884,-140,7,-83
kopf,12,15,-12772,-112,6828,-151,10,-94
kopf,12,16,-12696,-100,6772,-156,7,-99
kopf,12,17,-12656,-52,6740,-148,6,-96
kopf,12,18,-12640,-112,6816,-149,14,-80
kopf,12,19,-12616,-88,6824,-134,26,-78
kopf,12,20,-12612,-40,6748,-143,36,-70
kopf,12,21,-12688,-20,6936,-151,26,-77
kopf,12,22,-12596,28,6808,-156,27,-74
kopf,12,23,-12588,36,6824,-150,20,-68
kopf,12,24,-12660,-92,6860,-149,29,-78
kopf,12,25,-12660,24,6876,-160,33,-67
kopf,12,26,-12756,32,6800,-154,32,-72
kopf,12,27,-12820,-48,6740,-166,33,-80
kopf,12,28,-12700,-160,6824,-156,29,-74
kopf,12,29,-12640,-212,6604,-143,26,-62
kopf,12,30,-12604,-124,6536,-132,38,-52
kopf,12,31,-12644,-88,6768,-104,40,-28
kopf,12,32,-12708,-224,6704,-96,39,-15
kopf,12,33,-12788,-36,6728,-97,43,-12
kopf,12,34,-12664,-120,6680,-99,43,-15
kopf,12,35,-12620,-112,6680,-93,31,-14
kopf,12,36,-12696,-12,6752,-102,32,-13
kopf,12,37,-12748,32,6720,-95,28,-26
kopf,12,38,-12708,16,6904,-107,34,-17
kopf,12,39,-12740,-44,6920,-110,26,-28
kopf,12,40,-12904,24,6856,-131,6,-35
kopf,12,41,-13116,264,7016,-151,-30,-53
kopf,12,42,-13592,444,7196,-224,-128,-114
kopf,12,43,-14280,724,7792,-348,-267,-215
kopf,12,44,-14800,1236,7736,-534,-458,-382
kopf,12,45,-15476,1096,8372,-807,-641,-712
kopf,12,46,-16572,436,8548,-1021,-913,-1062
kopf,12,47,-18028,-68,8880,-1213,-1240,-1502
kopf,12,48,-18424,144,9068,-1425,-1554,-1901
kopf,12,49,-20076,-584,9496,-1514,-1857,-2361
kopf,12,50,-22736,-2128,9712,-1584,-2071,-2826
kopf,12,51,-20844,-464,9612,-1526,-2966,-3179
kopf,12,52,-22580,-2380,8868,-1549,-3365,-3596
kopf,12,53,-22940,-5796,12764,-1133,-4656,-4176
kopf,12,54,-18352,-7336,12572,-493,-6212,-3833
kopf,12,55,-17256,-6928,14552,-333,-6898,-2985
kopf,12,56,-15096,-10608,15960,83,-7086,-1945
kopf,12,57,-14152,-10560,18232,666,-7340,-837
kopf,12,58,-17104,-10116,20668,762,-7349,-183
kopf,12,59,-17808,-9404,21080,898,-7973,-404
kopf,12,60,-18072,-7340,22228,791,-9139,-1401
kopf,12,61,-16340,-7720,21588,455,-10339,-2485
kopf,12,62,-14620,-10256,20552,24,-11222,-3190
kopf,12,63,-13044,-7904,19128,-213,-11804,-3666
kopf,12,64,-9968,-10460,17924,322,-12185,-4022
kopf,12,65,-7076,-14780,16912,1418,-12349,-4403
kopf,12,66,-3492,-13844,15204,2380,-12179,-4663
kopf,12,67,-1052,-11640,14584,2731,-11620,-4778
kopf,12,68,2136,-11792,14624,3892,-11077,-5108
kopf,12,69,4372,-11288,14100,4475,-10193,-5299
kopf,12,70,5484,-11732,12996,5019,-9073,-5514
kopf,12,71,6588,-11580,11836,5877,-8085,-5769
kopf,12,72,8276,-9692,11864,6191,-7010,-5987
kopf,12,73,9948,-8812,9848,6688,-5869,-5958
kopf,12,74,10584,-7832,8800,7065,-4676,-5934
kopf,12,75,10080,-4956,7468,7463,-3566,-6022
kopf,12,76,9620,-2628,6700,7416,-2413,-6273
kopf,12,77,8404,-124,4784,7327,-1528,-6547
kopf,12,78,6588,2208,3612,7135,-641,-6530
kopf,12,79,5820,2460,2172,6995,78,-6279
kopf,12,80,4356,4292,1604,6768,753,-5798
kopf,12,81,1404,5292,1644,6342,1003,-5391
kopf,12,82,-232,6152,1364,5954,830,-5141
kopf,12,83,-1460,7876,1508,5520,529,-5114
kopf,12,84,-1304,8400,1668,5023,205,-5045
kopf,12,85,-940,8976,1224,4592,-19,-4718
kopf,12,86,-2008,9176,1048,4414,-234,-4384
kopf,12,87,-2084,9296,1460,4020,-308,-4286
kopf,12,88,-2528,8840,1828,3634,-493,-4353
kopf,12,89,-2412,8948,3088,3374,-608,-4589
kopf,12,90,-1836,9444,3568,3124,-582,-4564
kopf,12,91,-868,9856,3856,2902,-323,-4396
kopf,12,92,-1308,10200,4764,2762,-177,-4329
kopf,12,93,-872,10240,5396,2508,-31,-4315
kopf,12,94,-432,10328,6096,2181,318,-4244
kopf,12,95,-144,9632,7020,1864,731,-4172
kopf,12,96,-224,9316,6488,1781,980,-4106
kopf,12,97,-380,8108,8344,1529,1128,-4215
kopf,12,98,-12616,1972,8496,2983,1132,-3161
kopf,12,99,-16464,14392,19104,3005,-1125,-1817
kopf,12,100,-4796,6324,9360,1831,-1858,-1431
kopf,12,101,6764,9572,3076,1631,-339,-1977
kopf,12,102,11484,8948,4036,1709,1919,-1902
kopf,12,103,16544,5940,1108,2202,4556,-1659
kopf,12,104,17808,4352,-4524,2890,7958,-1486
kopf,12,105,15896,3600,-6628,3969,11502,-658
kopf,12,106,12944,2448,-11088,5540,14166,113
kopf,12,107,8164,4020,-12112,6956,16317,582
kopf,12,108,4260,8400,-13164,7863,17541,647
kopf,12,109,-2520,14108,-14072,7780,17582,378
kopf,12,110,-11072,19756,-12576,6802,16572,-610
kopf,12,111,-19204,22480,-9820,5186,14507,-1691
kopf,12,112,-22688,23040,-11092,3321,12217,-2680
kopf,12,113,-26600,21308,-14748,1515,9455,-2846
kopf,12,114,-32768,21928,-5624,623,6459,-1662
kopf,12,115,-32768,23468,-6764,-621,2116,-1429
kopf,12,116,-32768,23628,-6424,-2634,-1881,-2282
kopf,12,117,-32768,28612,-8320,-5383,-6013,-2043
kopf,12,118,-24360,19512,-9620,-5505,-7281,-1586
kopf,12,119,-15596,23628,-8656,-5189,-7574,-492
kopf,12,120,-13896,29796,-12160,-6707,-6922,1010
kopf,12,121,-15136,21260,-8888,-6659,-7094,2038
kopf,12,122,-9860,18620,-10516,-7893,-7114,1878
kopf,12,123,-8400,14600,-1472,-9039,-6883,1140
kopf,12,124,-688,7292,-48,-9518,-6297,199
kopf,12,125,5788,-572,4056,-9842,-6794,-1784
kopf,12,126,24164,-12736,3488,-8834,-5308,-4830
kopf,12,127,32767,-18408,7320,-5683,-2656,-6592
kopf,12,128,32767,-18572,15368,-785,-622,-4919
kopf,12,129,32767,-15500,14476,3893,1716,-1805
kopf,12,130,21848,-7080,14556,5524,4444,345
kopf,12,131,11136,504,12672,6412,7379,1815
kopf,12,132,5780,8456,10364,6716,9167,2989
kopf,12,133,2232,9600,6668,5955,10129,1252
kopf,12,134,2024,11060,3852,5500,11221,296
kopf,12,135,-3920,13288,2400,5134,11339,208
kopf,12,136,-8916,15228,328,5041,11036,79
kopf,12,137,-13988,14072,-6768,5069,10359,87
kopf,12,138,-17228,15164,-8920,5288,9104,-797
kopf,12,139,-20052,18704,-10636,4458,7685,-1809
kopf,12,140,-21748,23012,-11084,3243,7054,-2313
kopf,12,141,-25272,27368,-10104,2649,5298,-2472
kopf,12,142,-32768,30376,-13592,991,2884,-2431
kopf,12,143,-32768,31656,-10064,-966,-1061,-2676
kopf,12,144,-32768,25316,-8628,-3144,-5674,-3172
kopf,12,145,-32768,18440,-6060,-4126,-8730,-2832
kopf,12,146,-26872,16896,-6744,-3960,-10503,-2353
kopf,12,147,-15764,18584,-6948,-4605,-11308,-1818
kopf,12,148,-6372,20328,-7372,-5523,-10638,-1008
kopf,12,149,3884,18620,-6784,-6950,-9244,-17
kopf,12,150,15124,8752,-4636,-7641,-6586,352
kopf,12,151,24988,-4400,-2372,-7284,-3139,-140
kopf,12,152,30396,-17024,4280,-4896,271,-844
kopf,12,153,28460,-25788,8332,-337,3278,-533
kopf,12,154,20160,-19012,14844,4487,5618,2191
kopf,12,155,7208,-6416,10284,6361,7440,3431
kopf,12,156,-4412,5836,7900,6496,7338,3534
kopf,12,157,-13596,11400,4256,5902,7050,2376
kopf,12,158,-18840,16156,1808,5118,5634,714
kopf,12,159,-27140,21764,-2360,3792,3407,-689
kopf,12,160,-32768,27020,-6364,1839,777,-704
kopf,12,161,-32768,26124,-8008,506,-2271,-414
kopf,12,162,-32768,21912,-8988,-436,-5346,223
kopf,12,163,-32768,15372,-7124,-735,-7794,735
kopf,12,164,-28524,12564,-8072,-471,-10082,1215
kopf,12,165,-22776,15876,-10280,-648,-11354,1377
kopf,12,166,-18224,22124,-10236,-1532,-12355,955
kopf,12,167,-10480,24460,-8512,-2933,-12641,332
kopf,12,168,-6656,23048,-8728,-5272,-11512,60
kopf,12,169,-4724,17512,-5472,-6929,-10434,-250
kopf,12,170,-5148,8228,-3076,-7606,-9630,-1839
kopf,12,171,-9644,2752,5116,-6258,-11909,-3920
kopf,12,172,-7248,8288,10772,-4944,-13299,-3866
kopf,12,173,2604,13420,2108,-5561,-11873,-3560
kopf,12,174,7488,11804,2332,-5545,-10450,-3331
kopf,12,175,6960,11396,3152,-5425,-9272,-3512
kopf,12,176,4636,14344,4120,-5498,-8521,-3940
kopf,12,177,2548,9776,8936,-5229,-7669,-3608
kopf,12,178,3220,12668,8100,-5522,-7187,-3961
kopf,12,179,2836,12416,8756,-6208,-6366,-4050
kopf,12,180,3156,9628,10848,-6506,-5985,-4257
kopf,12,181,1464,6452,10116,-6437,-5570,-4556
kopf,12,182,2164,4856,10604,-6701,-5584,-5267
kopf,12,183,92,2456,10192,-6528,-5835,-6004
kopf,12,184,5240,740,7628,-6249,-5360,-6525
kopf,12,185,8112,-1880,9784,-5582,-5372,-6539
kopf,12,186,10904,-860,12796,-4390,-5243,-6049
kopf,12,187,12468,368,7792,-3751,-4291,-5163
kopf,12,188,13380,-1024,9100,-2969,-3437,-4241
kopf,12,189,11516,-1748,9312,-2385,-3347,-3608
kopf,12,190,10504,-1900,11192,-1876,-3083,-3164
kopf,12,191,9784,-2004,9540,-1590,-2849,-2577
kopf,12,192,6508,-5424,13004,-1133,-3021,-2488
kopf,12,193,6824,-4632,13056,-819,-3305,-1979
kopf,12,194,7028,-3820,14112,-454,-3071,-1327
kopf,12,195,8736,-5892,11540,-160,-2421,-425
kopf,12,196,9864,-4232,11776,337,-1594,723
kopf,12,197,10012,-2872,12204,679,-813,1631
kopf,12,198,9304,-3080,12272,1042,-114,2287
kopf,12,199,8612,-4228,12680,1456,606,2988
kopf,12,200,7968,-5360,13740,2171,1019,3505
kopf,12,201,9288,-4904,14020,3098,1474,4249
kopf,12,202,11280,-5172,13296,3874,2295,5048
kopf,12,203,11812,-4100,13316,4614,3323,5580
kopf,12,204,10152,-2140,11592,5282,3755,6122
kopf,12,205,9832,760,12344,5572,4750,6506
kopf,12,206,7044,1468,12780,5528,5549,6168
kopf,12,207,3672,5108,15820,5378,5365,5457
kopf,12,208,148,6288,15704,4937,4726,4880
kopf,12,209,640,7864,11940,4417,4482,4036
kopf,12,210,-4460,3164,17744,3164,4433,2817
kopf,12,211,-1600,5360,15752,3133,3455,2054
kopf,12,212,-4548,5824,15316,2865,3012,1248
kopf,12,213,-4892,3036,14668,2595,2550,788
kopf,12,214,-3520,4724,12420,3450,1956,956
kopf,12,215,88,7944,9616,3760,1539,1365
kopf,12,216,24,9080,6456,3620,1780,1897
kopf,12,217,644,10672,6404,3702,2206,3041
kopf,12,218,0,13672,6648,3775,2562,4245
kopf,12,219,-1700,15596,6680,3412,2770,5278
kopf,12,220,-3568,16068,7160,2915,2829,5943
kopf,12,221,-4104,16716,6712,2280,2681,6161
kopf,12,222,-3988,16652,6512,1477,2472,6098
kopf,12,223,-3688,15904,5508,690,2618,5987
kopf,12,224,-3824,15384,5736,100,2703,5843
kopf,12,225,-3852,15044,6432,-331,2595,5876
kopf,12,226,-3280,14276,6236,-699,2468,6010
kopf,12,227,-2060,13576,5868,-995,2517,6194
kopf,12,228,-1048,12292,5528,-1207,2813,6342
kopf,12,229,-260,11588,5424,-1315,3164,6429
kopf,12,230,1108,11164,4916,-1328,3634,6538
kopf,12,231,2224,10868,4576,-1272,4235,6705
kopf,12,232,1932,11368,4744,-1258,4810,6826
kopf,12,233,-120,12120,5412,-1397,5032,6659
kopf,12,234,-2600,12184,6184,-1767,4733,6019
kopf,12,235,-4108,11920,6588,-2267,4046,5024
kopf,12,236,-4568,11552,6088,-2813,3125,3853
kopf,12,237,-3908,10980,5352,-3335,2209,2734
kopf,12,238,-2716,10644,4600,-3700,1383,1865
kopf,12,239,-1124,10744,4036,-3954,784,1382
kopf,12,240,604,10848,3536,-4183,451,1251
kopf,12,241,2140,10892,3356,-4405,382,1444
kopf,12,242,2844,10384,3408,-4654,531,1782
kopf,12,243,3288,9680,3400,-4871,796,2178
kopf,12,244,3232,8216,3444,-5026,1099,2526
kopf,12,245,2832,6972,3680,-5032,1357,2798
kopf,12,246,1804,5752,4012,-5005,1482,2867
kopf,12,247,400,4680,4592,-4957,1301,2665
kopf,12,248,-508,4132,5304,-4948,826,2228
kopf,12,249,36,3980,5932,-5079,263,1725
kopf,12,250,952,3824,5920,-5302,-187,1254
kopf,12,251,1972,3548,6436,-5512,-487,905
kopf,12,252,3100,2748,6484,-5703,-594,741
kopf,12,253,4640,2060,6592,-5806,-419,865
kopf,12,254,5364,1224,7148,-5873,24,1170
kopf,12,255,4564,-148,7864,-5890,476,1447
kopf,12,256,3704,-1552,8424,-5845,798,1602
kopf,12,257,2868,-2596,9368,-5807,997,1673
kopf,12,258,2188,-3640,10568,-5790,1009,1668
kopf,12,259,836,-5744,11252,-5749,893,1379
kopf,12,260,1728,-6568,11724,-5662,740,1098
kopf,12,261,3512,-8012,11760,-5581,819,887
kopf,12,262,4896,-9244,12120,-5312,1271,847
kopf,12,263,5816,-9752,12476,-4899,2026,1047
kopf,12,264,4980,-10596,13244,-4423,2905,1224
kopf,12,265,2632,-14152,14880,-4094,3538,1169
kopf,12,266,2896,-12632,15624,-3363,3828,1406
kopf,12,267,-2244,-10904,16660,-3433,4428,1141
kopf,12,268,-18064,-12868,5608,-3557,5063,838
kopf,12,269,-11352,-4480,10732,-1602,4283,1209
kopf,12,270,-5924,-12536,20144,-4333,3786,1371
kopf,12,271,-5932,-9724,17272,-3302,3555,287
kopf,12,272,-5820,-12748,17628,-3437,3296,726
kopf,12,273,-7004,-9644,17260,-2131,3114,692
kopf,12,274,-6920,-16888,15620,-1432,3259,677
kopf,12,275,-7688,-13360,17340,-1442,3288,876
kopf,12,276,-9168,-10988,16560,-1250,3186,882
kopf,12,277,-10868,-12616,16540,-1210,2848,829
kopf,12,278,-10064,-9148,16480,-1197,2358,958
kopf,12,279,-11136,-9624,15336,-1383,1864,786
kopf,12,280,-11132,-9604,15328,-1434,1247,603
kopf,12,281,-10292,-9220,14732,-1600,547,506
kopf,12,282,-8696,-10056,14208,-1740,89,389
kopf,12,283,-7216,-11120,13460,-1766,-114,228
kopf,12,284,-5204,-11268,12540,-1658,-52,149
kopf,12,285,-4012,-11500,11656,-1648,221,181
kopf,12,286,-3588,-9480,10796,-1637,677,304
kopf,12,287,-3788,-9316,10008,-1811,1157,457
kopf,12,288,-3552,-9296,10724,-2058,1560,639
kopf,12,289,-1356,-16656,12804,-2555,2961,1606
kopf,12,290,-7104,-32768,18388,-765,5069,3736
kopf,12,291,-9124,-17320,15972,2343,4306,5364
kopf,12,292,-11524,-7840,10812,3509,3008,3281
kopf,12,293,-7048,-3240,8748,3023,2966,2176
kopf,12,294,-5224,-6800,7756,2254,3404,2233
kopf,12,295,-6452,-7872,6824,1961,3649,2239
kopf,12,296,-7340,-5924,6388,1873,3747,2284
kopf,12,297,-8832,-7212,6236,2052,3844,2384
kopf,12,298,-10080,-8092,6736,2238,3950,2571
kopf,12,299,-10884,-7740,7128,2412,3910,2863
kopf,13,0,-11760,-2208,7952,-102,27,-62
kopf,13,1,-11604,-1900,7884,-96,17,-77
kopf,13,2,-11792,-2000,7900,-100,32,-61
kopf,13,3,-11900,-1896,8096,-101,43,-24
kopf,13,4,-11796,-1624,7716,-108,34,-80
kopf,13,5,-11976,-1884,7920,-137,29,-62
kopf,13,6,-11760,-1784,7812,-137,10,-101
kopf,13,7,-11840,-1996,7884,-130,9,-72
kopf,13,8,-11632,-1768,7780,-129,21,-60
kopf,13,9,-11848,-1908,7784,-132,32,-68
kopf,13,10,-11816,-1900,7852,-138,48,-47
kopf,13,11,-11792,-1928,7556,-153,43,-53
kopf,13,12,-11840,-2096,7552,-131,63,-21
kopf,13,13,-11792,-2036,7692,-106,60,-4
kopf,13,14,-11772,-1932,7688,-113,66,15
kopf,13,15,-12000,-1884,7620,-123,56,-21
kopf,13,16,-11996,-1788,7748,-144,24,-57
kopf,13,17,-11280,-1288,7368,-167,24,-137
kopf,13,18,-11528,-3300,7784,-37,29,-49
kopf,13,19,-11792,-2576,7720,-52,-25,-64
kopf,13,20,-11848,-1784,8000,-139,103,13
kopf,13,21,-11888,-1676,7712,-146,20,-94
kopf,13,22,-11848,-1728,7764,-183,26,-75
kopf,13,23,-11648,-2264,7696,-124,-11,-61
kopf,13,24,-11504,-2044,7860,-106,6,-70
kopf,13,25,-11632,-2140,7728,-79,53,-12
kopf,13,26,-11852,-1656,7864,-73,22,-33
kopf,13,27,-11920,-1688,7912,-99,24,-55
kopf,13,28,-12136,-1884,8092,-138,8,-58
kopf,13,29,-11916,-1768,7808,-142,2,-88
kopf,13,30,-11768,-2012,7844,-158,14,-53
kopf,13,31,-11784,-1972,7728,-136,5,-55
kopf,13,32,-11728,-2012,7720,-112,18,-33
kopf,13,33,-11876,-1916,7696,-114,9,-28
kopf,13,34,-11804,-1908,7744,-102,8,-39
kopf,13,35,-11804,-1940,7656,-115,8,-37
kopf,13,36,-11892,-1908,7752,-119,24,-38
kopf,13,37,-11736,-1960,7516,-121,38,-20
kopf,13,38,-11712,-1832,7616,-138,49,-11
kopf,13,39,-11968,-2588,7652,-83,25,-67
kopf,13,40,-12144,-2060,8152,-81,88,66
kopf,13,41,-12048,-1528,7648,-86,46,-3
kopf,13,42,-12048,-1800,7924,-120,106,45
kopf,13,43,-11872,-1704,7424,-141,61,-63
kopf,13,44,-11984,-1860,7700,-162,28,-66
kopf,13,45,-11720,-2244,7788,-106,-6,-68
kopf,13,46,-11516,-1888,7800,-80,-21,-59
kopf,13,47,-11700,-2292,8196,-44,23,2
kopf,13,48,-11520,-1704,7876,-66,39,-14
kopf,13,49,-11860,-1560,7944,-70,51,-11
kopf,13,50,-12136,-1632,7880,-103,31,-22
kopf,13,51,-12044,-1696,7720,-118,-7,-93
kopf,13,52,-11884,-1972,7900,-108,-21,-65
kopf,13,53,-11908,-1884,7760,-100,-39,-121
kopf,13,54,-11828,-1788,8092,-96,-26,-119
kopf,13,55,-11916,-1712,7892,-123,-46,-134
kopf,13,56,-12144,-1608,7844,-139,-46,-160
kopf,13,57,-12260,-1560,7796,-197,-70,-171
kopf,13,58,-11972,-1776,7628,-195,-113,-215
kopf,13,59,-11568,-2424,7896,-155,-41,-84
kopf,13,60,-11312,-2192,7604,-151,-26,-87
kopf,13,61,-11408,-2016,7644,-179,58,-35
kopf,13,62,-11408,-1744,7104,-164,39,-45
kopf,13,63,-11468,-1956,7496,-134,17,-35
kopf,13,64,-11468,-2408,7676,-46,35,37
kopf,13,65,-11480,-1916,7628,-15,28,53
kopf,13,66,-11836,-1828,7876,-29,83,69
kopf,13,67,-12008,-1556,7792,-58,67,5
kopf,13,68,-12204,-1724,7712,-92,49,-39
kopf,13,69,-12032,-2040,8000,-93,12,-52
kopf,13,70,-11684,-1992,8060,-75,-11,-56
kopf,13,71,-11696,-1972,7968,-67,10,-41
kopf,13,72,-11696,-1784,8048,-88,-5,-53
kopf,13,73,-11708,-1712,7944,-112,10,-76
kopf,13,74,-11988,-1680,8020,-141,-15,-102
kopf,13,75,-11896,-1628,7868,-144,5,-97
kopf,13,76,-12204,-1508,8148,-167,1,-96
kopf,13,77,-12512,-1484,8080,-223,7,-164
kopf,13,78,-12572,-1284,8324,-297,-4,-242
kopf,13,79,-13280,-1260,8704,-465,-58,-388
kopf,13,80,-13936,-1476,9328,-730,-182,-552
kopf,13,81,-15772,-2528,9912,-913,-463,-768
kopf,13,82,-14944,-2204,9804,-1074,-750,-892
kopf,13,83,-16272,-3000,10316,-1197,-817,-1118
kopf,13,84,-17688,-3060,10820,-1301,-988,-1270
kopf,13,85,-21232,-6132,12488,-1229,-1246,-1952
kopf,13,86,-23484,-10188,12252,-1327,-1962,-3145
kopf,13,87,-19536,-11872,16784,-1249,-3654,-4681
kopf,13,88,-14708,-16820,18292,51,-4796,-5995
kopf,13,89,-9308,-15336,18548,640,-5578,-6794
kopf,13,90,-6004,-15640,19884,715,-6145,-6982
kopf,13,91,-932,-15488,21176,385,-5781,-6864
kopf,13,92,-1368,-22828,20928,629,-5008,-6557
kopf,13,93,-2852,-22868,22948,2037,-5005,-6323
kopf,13,94,-6316,-20772,23144,2943,-5229,-6090
kopf,13,95,-7032,-18400,22520,3280,-5765,-6312
kopf,13,96,-6740,-16064,20824,3508,-6403,-6956
kopf,13,97,-6388,-12800,19428,3766,-6867,-7554
kopf,13,98,-6880,-10792,17908,3730,-7210,-8257
kopf,13,99,-7096,-8500,16160,3654,-7762,-9012
kopf,13,100,-7404,-7440,14300,3339,-8192,-9854
kopf,13,101,-6428,-7156,12592,3249,-8477,-10767
kopf,13,102,-4680,-6604,11176,3309,-8543,-11540
kopf,13,103,-1964,-5048,10212,3174,-8316,-11901
kopf,13,104,-476,-3848,8924,3495,-7852,-12175
kopf,13,105,1364,-3556,8052,2862,-6876,-12079
kopf,13,106,-748,-604,8008,2773,-6105,-12181
kopf,13,107,-2192,-196,8224,2281,-5554,-12404
kopf,13,108,-4200,636,8788,1905,-5537,-12956
kopf,13,109,-4280,1896,8928,1427,-5958,-13345
kopf,13,110,-3304,3276,7800,641,-6119,-13548
kopf,13,111,-3624,3256,8312,18,-6497,-13759
kopf,13,112,-2416,3264,8024,-543,-6863,-13991
kopf,13,113,-1200,3280,7148,-943,-7228,-14378
kopf,13,114,2528,2828,7564,-1621,-7085,-14552
kopf,13,115,5964,1308,6216,-1814,-6382,-14132
kopf,13,116,8988,940,5812,-1649,-5452,-13137
kopf,13,117,9460,1108,6352,-1582,-4299,-11871
kopf,13,118,8236,-588,6372,-1672,-3265,-10868
kopf,13,119,10100,672,7552,-1832,-2399,-9941
kopf,13,120,8260,-636,7172,-1789,-1821,-9303
kopf,13,121,7316,76,9460,-1836,-1251,-8652
kopf,13,122,7384,1112,9608,-1934,-891,-8010
kopf,13,123,4908,-64,9496,-1862,-949,-7668
kopf,13,124,5576,652,9732,-2006,-953,-7140
kopf,13,125,4236,-1212,10064,-1771,-1303,-6812
kopf,13,126,3536,-3372,11660,-1425,-1221,-6640
kopf,13,127,7496,-1820,9788,-817,-1342,-6158
kopf,13,128,7128,488,13632,-270,-1102,-5446
kopf,13,129,5584,1220,11080,-154,-500,-4633
kopf,13,130,2312,-4356,11084,-424,-196,-4634
kopf,13,131,-2908,-6976,15616,839,-1282,-4673
kopf,13,132,-16772,-8924,16364,2434,-2909,-5229
kopf,13,133,-15424,1500,10204,2168,-3960,-5345
kopf,13,134,1400,1464,8164,446,-3453,-3881
kopf,13,135,9952,5464,6992,-139,-2365,-2258
kopf,13,136,14028,5848,5348,-521,-947,-1384
kopf,13,137,13900,4728,4432,-1473,-7,-1007
kopf,13,138,13992,7032,4360,-2846,797,-559
kopf,13,139,10908,4664,3104,-4020,1061,-20
kopf,13,140,10672,3584,1800,-4441,803,-150
kopf,13,141,10528,3600,3892,-5087,125,-307
kopf,13,142,4064,-4924,8352,-5021,-701,-763
kopf,13,143,6460,-5508,8768,-3631,-1288,-1236
kopf,13,144,5876,-3636,10336,-3223,-1540,-1318
kopf,13,145,6364,-4592,9924,-2646,-1335,-486
kopf,13,146,6060,-5448,11280,-2380,-194,655
kopf,13,147,9220,-2468,11972,-2242,1441,1761
kopf,13,148,9400,-2496,10196,-1980,2639,2406
kopf,13,149,9036,484,6912,-1796,2784,2685
kopf,13,150,6528,-980,9844,-2046,3050,2780
kopf,13,151,6696,-2704,10568,-2009,2928,2714
kopf,13,152,7028,-2644,9380,-1473,2433,2476
kopf,13,153,7324,112,9452,-1085,1678,2375
kopf,13,154,8728,-1660,12856,-133,1048,2154
kopf,13,155,10328,4904,13452,650,430,2039
kopf,13,156,10320,5148,13068,559,384,1891
kopf,13,157,10868,7468,14608,899,-254,1700
kopf,13,158,11604,8488,15152,1015,-448,1580
kopf,13,159,12224,8868,16660,1373,-590,1286
kopf,13,160,13592,10112,16728,1717,-958,1050
kopf,13,161,14148,9824,15924,1779,-869,705
kopf,13,162,13424,10400,15768,1712,-1010,375
kopf,13,163,11204,9476,15112,1345,-1183,-68
kopf,13,164,9344,8636,14948,880,-1547,-767
kopf,13,165,7332,7624,14428,212,-1689,-1421
kopf,13,166,7124,6552,13264,-375,-1752,-1945
kopf,13,167,6128,4860,12420,-726,-1784,-2249
kopf,13,168,6384,3328,11736,-1018,-1278,-2165
kopf,13,169,9596,3272,7676,-1201,-609,-1785
kopf,13,170,7124,2044,9356,-1281,-32,-1494
kopf,13,171,6888,2908,8456,-1424,179,-1182
kopf,13,172,6800,1968,7160,-1840,447,-1005
kopf,13,173,6864,1752,7092,-2034,469,-1076
kopf,13,174,6540,964,6948,-2428,531,-1157
kopf,13,175,5648,-344,7292,-2584,503,-1197
kopf,13,176,6588,-208,6640,-2876,466,-1256
kopf,13,177,6120,-1916,6812,-2939,488,-1260
kopf,13,178,7424,-600,6176,-2927,508,-965
kopf,13,179,7996,-3948,3592,-2954,592,-690
kopf,13,180,8636,-5388,7336,-2338,558,290
kopf,13,181,10244,-4564,6524,-1897,1418,1593
kopf,13,182,9824,-3636,8164,-1111,2261,3020
kopf,13,183,10540,-1776,5884,-719,3167,4151
kopf,13,184,11156,108,3872,-707,3998,5075
kopf,13,185,10676,1176,3528,-1046,4731,5798
kopf,13,186,9292,912,6332,-1479,5260,6308
kopf,13,187,8412,924,5352,-1894,5918,6700
kopf,13,188,5592,-176,10680,-2177,6032,6929
kopf,13,189,5040,-1828,10408,-2464,5409,6873
kopf,13,190,3592,-5796,11812,-2748,5067,6295
kopf,13,191,-264,-11832,17040,-1863,4415,6102
kopf,13,192,-1452,-16704,22332,266,3092,5661
kopf,13,193,1964,-15056,23192,1802,1242,4907
kopf,13,194,3760,-9772,23332,2873,553,4267
kopf,13,195,5256,-4792,19396,3091,195,3912
kopf,13,196,5752,-1412,15560,2588,-202,3479
kopf,13,197,8260,620,13180,1611,189,3290
kopf,13,198,8396,-812,11572,1092,1148,3359
kopf,13,199,9396,-1124,10484,1022,2324,3714
kopf,13,200,7472,-28,12140,1004,3167,4060
kopf,13,201,5128,-1312,10164,939,4038,4107
kopf,13,202,1716,-2188,11436,823,4567,3971
kopf,13,203,52,-1608,12916,625,4644,3291
kopf,13,204,-2768,-1872,13376,627,3793,2620
kopf,13,205,-2940,-1092,14840,494,3189,1988
kopf,13,206,-4292,-1392,14412,392,1909,1777
kopf,13,207,-196,-2152,13796,50,1588,1318
kopf,13,208,-264,-4388,15084,243,1082,827
kopf,13,209,404,-5116,14992,543,1272,427
kopf,13,210,880,-1344,13744,1196,1230,486
kopf,13,211,-956,-248,14992,1196,1123,601
kopf,13,212,-1768,1392,12624,910,906,709
kopf,13,213,-3432,1168,15540,255,357,672
kopf,13,214,-2460,-120,15688,-434,-36,556
kopf,13,215,-1608,-1344,14184,-508,-162,451
kopf,13,216,-1232,-648,14868,-379,-275,299
kopf,13,217,-128,1560,12884,-562,-263,178
kopf,13,218,464,2416,10968,-857,-406,215
kopf,13,219,-472,672,12280,-1121,-163,440
kopf,13,220,-1440,840,12492,-911,32,1130
kopf,13,221,-3536,-1268,13996,-444,-186,1966
kopf,13,222,-4608,16,15948,81,-939,2610
kopf,13,223,-4776,3440,16184,-34,-1614,3475
kopf,13,224,-5064,3620,16188,-312,-2279,4879
kopf,13,225,-3684,7600,13692,-769,-2766,6763
kopf,13,226,-1268,9644,9184,-1803,-1887,8567
kopf,13,227,-448,5240,6128,-2814,-424,10107
kopf,13,228,-1016,2580,8536,-2694,522,11281
kopf,13,229,-5460,-4532,12816,-3236,879,11142
kopf,13,230,-3564,-3084,8384,-2467,2324,10756
kopf,13,231,-4560,-3140,9884,-1927,2354,9313
kopf,13,232,-4460,-268,12828,-1347,2104,8046
kopf,13,233,-4992,3808,9224,-2007,1857,7796
kopf,13,234,-2704,1832,10768,-2400,1838,7572
kopf,13,235,-1880,1772,9872,-2250,2001,7783
kopf,13,236,-1916,3484,9776,-2234,2253,8761
kopf,13,237,-1400,5704,8428,-2687,2825,9843
kopf,13,238,-1752,3604,7640,-3217,3628,10894
kopf,13,239,-1136,2880,5340,-3786,4927,11909
kopf,13,240,-1052,756,3680,-3981,6586,12493
kopf,13,241,-364,-1576,1324,-4160,8858,12814
kopf,13,242,-844,-6176,616,-3769,11393,12614
kopf,13,243,-4004,-7608,904,-2834,13279,12016
kopf,13,244,-12140,-5616,3232,-2294,14067,10920
kopf,13,245,-19060,-1132,5124,-2971,13371,9662
kopf,13,246,-23236,888,8092,-3971,11425,8526
kopf,13,247,-23508,-3388,9488,-4253,8829,7164
kopf,13,248,-22740,-1324,9636,-4491,6383,6068
kopf,13,249,-21416,-3080,8220,-5004,4429,4946
kopf,13,250,-18712,-4456,7876,-5671,3069,3808
kopf,13,251,-17448,-7976,6832,-5771,2336,2708
kopf,13,252,-22876,-32768,20388,-3951,2203,3306
kopf,13,253,-15428,5560,4356,-2347,1420,1157
kopf,13,254,-19436,-19108,12340,-5855,882,1270
kopf,13,255,-16008,-11556,10052,-3609,61,1227
kopf,13,256,-15396,-8704,8408,-3033,-720,1074
kopf,13,257,-16560,-13392,12060,-3072,-1203,1681
kopf,13,258,-14032,-11096,12472,-2984,-1459,1994
kopf,13,259,-14048,-15040,13656,-2123,-1307,1926
kopf,13,260,-11864,-12152,11996,-2331,-1148,1838
kopf,13,261,-9640,-10788,11044,-1962,-742,1528
kopf,13,262,-9752,-11760,12028,-1476,-246,1174
kopf,13,263,-10192,-8152,10852,-1387,124,905
kopf,13,264,-11212,-7172,10472,-1428,380,725
kopf,13,265,-11600,-5768,9968,-1615,405,724
kopf,13,266,-9664,2720,13108,-2261,-88,1099
kopf,13,267,-11240,-7864,9712,-1708,152,466
kopf,13,268,-11416,-3424,8064,-1657,234,490
kopf,13,269,-10856,-4240,7732,-1822,368,330
kopf,13,270,-10560,-3520,7776,-2010,334,28
kopf,13,271,-10124,-3284,7868,-2505,364,-388
kopf,13,272,-13640,-8504,8152,-3739,1087,-1264
kopf,13,273,-20856,-9304,12292,-1905,-955,-941
kopf,13,274,-13660,-30704,24156,-1036,-1575,1307
kopf,13,275,-17200,-12320,14956,-1469,-55,1792
kopf,13,276,-10916,-6932,11916,-1041,-354,1775
kopf,13,277,-9156,-6596,8896,-1525,152,1153
kopf,13,278,-8512,-7296,8860,-1562,725,882
kopf,13,279,-9520,-6836,7416,-1281,1233,847
kopf,13,280,-11164,-5028,6664,-1004,1586,914
kopf,13,281,-12224,-5212,5972,-318,1579,898
kopf,13,282,-14196,-3092,4316,343,1664,882
kopf,13,283,-13148,-2080,4884,49,1749,605
kopf,13,284,-15120,-2392,2580,221,1802,554
kopf,13,285,-14640,-616,2860,-126,2001,613
kopf,13,286,-16392,-1984,432,-184,2152,848
kopf,13,287,-16504,-732,1592,-708,1979,827
kopf,13,288,-16972,-2644,1096,-826,1809,632
kopf,13,289,-16844,-2392,1356,-956,1588,451
kopf,13,290,-17868,-2304,1784,-1178,1376,379
kopf,13,291,-18508,-2328,1480,-1372,1090,282
kopf,13,292,-16124,-1184,1168,-1788,1002,358
kopf,13,293,-16944,308,-56,-1675,814,297
kopf,13,294,-16256,-1024,-448,-1919,883,447
kopf,13,295,-16072,648,-1228,-2376,1168,568
kopf,13,296,-15936,-1848,236,-2411,1420,605
kopf,13,297,-16728,256,444,-2501,1642,782
kopf,13,298,-17032,-156,760,-2744,1675,998
kopf,13,299,-18740,-756,580,-3257,1793,1099
kopf,14,0,-11988,-1800,7748,-35,-26,-146
kopf,14,1,-11936,-1840,7940,-58,-9,-128
kopf,14,2,-11912,-1804,7908,-62,11,-143
kopf,14,3,-11816,-1952,7940,-86,12,-154
kopf,14,4,-11964,-1768,7808,-111,20,-162
kopf,14,5,-11932,-1872,7840,-113,2,-150
kopf,14,6,-11816,-1808,7868,-130,10,-156
kopf,14,7,-11712,-1920,7660,-132,2,-152
kopf,14,8,-11752,-2024,7808,-134,21,-147
kopf,14,9,-11660,-1948,7904,-123,50,-135
kopf,14,10,-11840,-1916,7800,-139,75,-109
kopf,14,11,-11808,-1932,7784,-143,95,-106
kopf,14,12,-11972,-1848,7620,-167,100,-112
kopf,14,13,-11888,-1968,7624,-180,95,-115
kopf,14,14,-11924,-1896,7528,-180,73,-119
kopf,14,15,-11560,-1916,7064,-188,44,-123
kopf,14,16,-12252,-3068,7656,-90,12,-63
kopf,14,17,-11984,-2144,7832,-156,43,-61
kopf,14,18,-11892,-1832,7532,-164,42,-29
kopf,14,19,-11996,-1952,7484,-209,13,-83
kopf,14,20,-11844,-1800,7368,-224,-6,-122
kopf,14,21,-11804,-2516,7476,-164,-19,-83
kopf,14,22,-11688,-2024,7584,-158,9,-93
kopf,14,23,-11820,-2248,7636,-129,15,-63
kopf,14,24,-11988,-2400,7868,-97,2,-57
kopf,14,25,-11984,-1824,7712,-130,-2,-51
kopf,14,26,-11900,-1504,7860,-152,-20,-85
kopf,14,27,-11584,-2028,7984,-92,-22,-85
kopf,14,28,-11724,-1988,7612,-135,-64,-109
kopf,14,29,-11660,-2144,7812,-134,-27,-88
kopf,14,30,-11880,-2188,7612,-110,-51,-110
kopf,14,31,-11576,-1988,7516,-131,-25,-91
kopf,14,32,-11744,-2236,7752,-91,-22,-59
kopf,14,33,-11768,-1844,7668,-129,-18,-107
kopf,14,34,-11868,-2144,7708,-129,-15,-67
kopf,14,35,-11808,-2112,7732,-108,-4,-86
kopf,14,36,-11796,-2100,7768,-87,5,-56
kopf,14,37,-12016,-1948,7680,-97,27,-16
kopf,14,38,-11972,-1912,7804,-95,22,-48
kopf,14,39,-11940,-1736,7704,-135,15,-48
kopf,14,40,-11808,-1688,7732,-163,18,-109
kopf,14,41,-11980,-2552,7752,-97,33,-64
kopf,14,42,-11776,-1908,7768,-142,19,-93
kopf,14,43,-11836,-2100,7708,-144,81,-67
kopf,14,44,-11848,-2056,7756,-145,38,-104
kopf,14,45,-11708,-1988,7624,-161,46,-99
kopf,14,46,-11692,-2504,7896,-102,31,-71
kopf,14,47,-11724,-1812,7752,-111,31,-76
kopf,14,48,-11864,-2076,7748,-110,26,-69
kopf,14,49,-11920,-2040,7904,-100,-4,-99
kopf,14,50,-11840,-2024,7736,-109,-12,-91
kopf,14,51,-11852,-2112,7872,-110,-5,-73
kopf,14,52,-11752,-2016,7716,-115,6,-85
kopf,14,53,-11752,-2008,7660,-146,24,-60
kopf,14,54,-11880,-2044,7544,-140,19,-71
kopf,14,55,-11716,-2256,7548,-128,21,-44
kopf,14,56,-11688,-2048,7488,-120,18,-13
kopf,14,57,-11692,-2176,7656,-97,29,-3
kopf,14,58,-11988,-2100,7612,-98,38,12
kopf,14,59,-11912,-2024,7664,-109,45,12
kopf,14,60,-12092,-2072,7604,-116,43,16
kopf,14,61,-12080,-1948,7856,-120,34,8
kopf,14,62,-12052,-1992,7748,-122,16,-4
kopf,14,63,-12152,-1912,7588,-112,0,-26
kopf,14,64,-11920,-1864,7704,-119,-16,-43
kopf,14,65,-11744,-2532,6712,-202,47,-135
kopf,14,66,-11776,-1952,7624,-120,-18,-111
kopf,14,67,-11552,-1248,7556,-118,-11,-112
kopf,14,68,-11516,-2832,8084,7,-8,-59
kopf,14,69,-11728,-2308,8064,-33,-2,-99
kopf,14,70,-11556,-1864,8084,-82,60,-6
kopf,14,71,-11760,-1616,7856,-125,26,-67
kopf,14,72,-11692,-1644,7824,-185,44,-94
kopf,14,73,-11576,-2096,7696,-150,33,-87
kopf,14,74,-11488,-1860,7604,-131,34,-92
kopf,14,75,-11576,-2356,7712,-78,52,-30
kopf,14,76,-11800,-2128,7752,-63,47,-28
kopf,14,77,-12048,-1976,7596,-84,58,-31
kopf,14,78,-12096,-2012,7708,-91,62,-34
kopf,14,79,-12084,-1840,7632,-99,36,-70
kopf,14,80,-11972,-2184,7432,-100,34,-45
kopf,14,81,-11864,-2060,7744,-78,25,-67
kopf,14,82,-11980,-2220,7756,-71,15,-39
kopf,14,83,-12116,-1832,7776,-90,-1,-56
kopf,14,84,-11912,-1852,7744,-104,-3,-80
kopf,14,85,-11908,-1868,7872,-133,-6,-79
kopf,14,86,-11824,-2080,7732,-133,5,-76
kopf,14,87,-11860,-2144,7872,-118,24,-44
kopf,14,88,-11760,-1888,7712,-136,40,-26
kopf,14,89,-11916,-1992,7628,-122,15,-65
kopf,14,90,-11912,-1900,8008,-108,55,11
kopf,14,91,-11724,-1840,7748,-115,-9,-43
kopf,14,92,-11800,-1932,7924,-141,55,-23
kopf,14,93,-11884,-1820,7516,-141,-5,-74
kopf,14,94,-11736,-1840,7596,-171,15,-94
kopf,14,95,-11760,-2732,8068,-50,36,-6
kopf,14,96,-11716,-1680,7724,-92,15,-21
kopf,14,97,-11716,-1764,7844,-120,83,-7
kopf,14,98,-11868,-1832,7572,-125,-2,-109
kopf,14,99,-11852,-1908,7452,-153,7,-86
kopf,14,100,-11852,-2368,7616,-75,-8,-66
kopf,14,101,-11384,-1680,7636,-81,11,-118
kopf,14,102,-12148,-3160,7992,-11,38,-20
kopf,14,103,-11848,-1720,8004,-84,25,-68
kopf,14,104,-11896,-1800,7764,-133,98,-58
kopf,14,105,-12084,-1792,7548,-182,32,-109
kopf,14,106,-11832,-1656,7436,-188,36,-138
kopf,14,107,-11864,-2400,7516,-130,-3,-76
kopf,14,108,-11704,-1912,7652,-104,17,-79
kopf,14,109,-11800,-2176,7904,-103,43,-34
kopf,14,110,-12124,-1532,7824,-132,54,-79
kopf,14,111,-11896,-1712,7700,-170,51,-110
kopf,14,112,-11976,-1992,7780,-191,54,-113
kopf,14,113,-11872,-1916,7504,-161,14,-98
kopf,14,114,-11788,-2384,7592,-167,44,-49
kopf,14,115,-11736,-2076,7912,-133,22,-92
kopf,14,116,-11724,-2108,7712,-151,46,-66
kopf,14,117,-11912,-1896,7652,-178,37,-87
kopf,14,118,-11896,-1908,7608,-178,27,-95
kopf,14,119,-11896,-2088,7504,-173,16,-84
kopf,14,120,-11780,-2120,7652,-147,20,-66
kopf,14,121,-11724,-2088,7660,-131,39,-36
kopf,14,122,-11892,-1972,7600,-127,37,-42
kopf,14,123,-11948,-2032,7504,-134,27,-51
kopf,14,124,-11980,-2000,7640,-141,15,-60
kopf,14,125,-11856,-1564,7348,-201,8,-72
kopf,14,126,-12436,-2872,7648,-119,1,-37
kopf,14,127,-11804,-1212,7808,-147,40,-14
kopf,14,128,-11784,-1940,7692,-86,70,-52
kopf,14,129,-12148,-2220,7724,-137,39,-65
kopf,14,130,-11748,-1660,7396,-177,40,-88
kopf,14,131,-12132,-2668,7752,-121,7,-57
kopf,14,132,-11812,-1788,7840,-85,16,-30
kopf,14,133,-11944,-1928,7816,-75,2,-38
kopf,14,134,-12012,-1844,8068,-106,21,-43
kopf,14,135,-11764,-1676,7616,-161,-9,-123
kopf,14,136,-11980,-2156,7764,-171,-7,-98
kopf,14,137,-11476,-1772,7600,-127,-13,-115
kopf,14,138,-11536,-2724,7704,-45,11,-26
kopf,14,139,-11808,-2172,7912,-44,16,-8
kopf,14,140,-11740,-1952,7768,-72,42,-11
kopf,14,141,-11936,-1792,7688,-105,10,-54
kopf,14,142,-11752,-1912,7616,-134,2,-81
kopf,14,143,-11748,-2244,7788,-89,-1,-72
kopf,14,144,-11748,-2140,7612,-71,7,-54
kopf,14,145,-11816,-1960,7648,-66,25,-29
kopf,14,146,-11956,-1948,7760,-59,34,-38
kopf,14,147,-11848,-1900,7600,-99,32,-48
kopf,14,148,-11988,-1940,7480,-86,51,-34
kopf,14,149,-11984,-2024,7468,-90,20,-58
kopf,14,150,-11984,-2024,7632,-86,21,-32
kopf,14,151,-11800,-1988,7700,-69,18,-40
kopf,14,152,-11848,-1932,7740,-96,23,-37
kopf,14,153,-11928,-1968,7664,-117,19,-51
kopf,14,154,-11892,-1928,7876,-119,0,-73
kopf,14,155,-11768,-2036,7752,-116,-4,-68
kopf,14,156,-11820,-2084,7628,-87,1,-46
kopf,14,157,-11704,-2152,7652,-76,50,-59
kopf,14,158,-11712,-1876,7768,-66,33,-49
kopf,14,159,-11916,-1788,7876,-67,8,-31
kopf,14,160,-11960,-1876,7612,-78,-20,-46
kopf,14,161,-11784,-2096,7656,-70,-7,-48
kopf,14,162,-11780,-1984,7720,-74,-9,-36
kopf,14,163,-11884,-1872,7604,-69,-4,-38
kopf,14,164,-11952,-1996,7540,-79,11,-34
kopf,14,165,-11892,-1900,7664,-89,-5,-36
kopf,14,166,-11924,-2020,7556,-80,0,-50
kopf,14,167,-11896,-1856,7672,-63,-8,-37
kopf,14,168,-11840,-1840,7548,-70,10,-29
kopf,14,169,-11892,-1960,7616,-70,17,-60
kopf,14,170,-11920,-1840,7632,-73,17,-69
kopf,14,171,-11916,-1788,7600,-77,7,-51
kopf,14,172,-11892,-2140,7644,-89,-1,-65
kopf,14,173,-11804,-1840,7812,-68,6,-33
kopf,14,174,-11856,-1820,7864,-75,11,-20
kopf,14,175,-11844,-1804,7940,-93,19,-20
kopf,14,176,-11764,-1844,7736,-91,31,-24
kopf,14,177,-11776,-1880,7856,-104,29,-20
kopf,14,178,-11812,-1812,7760,-116,32,-22
kopf,14,179,-11856,-1836,7908,-100,33,-21
kopf,14,180,-11764,-1820,7800,-106,31,-21
kopf,14,181,-11880,-1836,7700,-107,38,-23
kopf,14,182,-11816,-1788,7736,-109,40,-25
kopf,14,183,-11896,-1740,7848,-123,37,-23
kopf,14,184,-11908,-1840,7732,-125,41,-27
kopf,14,185,-11936,-1788,7600,-136,28,-35
kopf,14,186,-11864,-1816,7820,-121,31,-40
kopf,14,187,-11944,-1888,7772,-129,23,-38
kopf,14,188,-11904,-1840,7688,-138,25,-42
kopf,14,189,-11840,-1860,7672,-143,27,-42
kopf,14,190,-11916,-1888,7772,-140,37,-47
kopf,14,191,-11908,-1932,7664,-128,37,-46
kopf,14,192,-11808,-1876,7520,-125,33,-39
kopf,14,193,-11924,-1752,7732,-126,30,-37
kopf,14,194,-11980,-1780,7912,-134,19,-49
kopf,14,195,-11812,-1964,7608,-133,19,-56
kopf,14,196,-11904,-1784,7676,-135,24,-55
kopf,14,197,-11912,-1836,7852,-141,22,-60
kopf,14,198,-11880,-1844,7640,-131,25,-57
kopf,14,199,-11844,-1844,7800,-130,26,-57
kopf,14,200,-11812,-1884,7596,-123,23,-42
kopf,14,201,-11848,-1884,7876,-127,21,-47
kopf,14,202,-11968,-1796,7640,-121,24,-46
kopf,14,203,-11836,-1760,7760,-125,28,-50
kopf,14,204,-11912,-1560,7696,-135,16,-58
kopf,14,205,-11840,-1784,7760,-140,11,-67
kopf,14,206,-12020,-1764,7696,-144,8,-72
kopf,14,207,-11908,-1812,7744,-143,11,-83
kopf,14,208,-11864,-1856,7648,-145,25,-86
kopf,14,209,-11972,-1796,7856,-151,24,-100
kopf,14,210,-12092,-1840,7684,-168,27,-114
kopf,14,211,-11944,-1764,7760,-187,22,-148
kopf,14,212,-11992,-1928,7840,-209,31,-155
kopf,14,213,-11888,-1828,7756,-219,23,-176
kopf,14,214,-11884,-1828,7788,-225,18,-175
kopf,14,215,-11808,-1920,7592,-224,10,-174
kopf,14,216,-11628,-1960,7632,-202,4,-154
kopf,14,217,-11692,-1912,7536,-191,16,-121
kopf,14,218,-11728,-2056,7484,-166,31,-99
kopf,14,219,-11776,-2004,7636,-145,20,-77
kopf,14,220,-11824,-1860,7528,-131,11,-72
kopf,14,221,-11824,-2008,7648,-129,8,-66
kopf,14,222,-11764,-1996,7804,-122,18,-51
kopf,14,223,-11860,-1796,7920,-123,25,-52
kopf,14,224,-11896,-1928,7808,-134,36,-63
kopf,14,225,-11944,-1836,7748,-143,39,-70
kopf,14,226,-11840,-1936,7864,-141,47,-69
kopf,14,227,-11924,-1872,7804,-154,50,-77
kopf,14,228,-11924,-1928,7756,-159,44,-86
kopf,14,229,-11976,-1952,7680,-164,34,-90
kopf,14,230,-11848,-1944,7644,-155,31,-92
kopf,14,231,-11860,-2040,7512,-159,24,-88
kopf,14,232,-11848,-2008,7696,-140,27,-82
kopf,14,233,-11748,-1840,7704,-130,26,-65
kopf,14,234,-11844,-1992,7716,-121,24,-65
kopf,14,235,-11844,-1924,7520,-124,25,-50
kopf,14,236,-11760,-1936,7704,-120,27,-47
kopf,14,237,-11800,-1964,7668,-109,26,-38
kopf,14,238,-11868,-1984,7720,-120,27,-39
kopf,14,239,-11876,-1888,7816,-114,29,-45
kopf,14,240,-11864,-1844,7808,-116,27,-46
kopf,14,241,-11932,-1952,7564,-119,20,-47
kopf,14,242,-11912,-1968,7840,-118,15,-45
kopf,14,243,-11904,-1944,7836,-119,17,-47
kopf,14,244,-11760,-1944,7568,-115,17,-48
kopf,14,245,-11864,-1912,7612,-124,22,-42
kopf,14,246,-11748,-2032,7652,-120,23,-33
kopf,14,247,-12000,-1796,7688,-117,24,-40
kopf,14,248,-11972,-1948,7712,-113,26,-41
kopf,14,249,-11932,-2036,7652,-112,21,-38
kopf,14,250,-11944,-1944,7648,-102,15,-36
kopf,14,251,-11868,-1848,7704,-102,12,-49
kopf,14,252,-11820,-1936,7708,-96,5,-47
kopf,14,253,-11856,-1832,7680,-98,8,-46
kopf,14,254,-11856,-1964,7660,-103,4,-43
kopf,14,255,-11888,-1792,7736,-100,12,-45
kopf,14,256,-11892,-1856,7668,-99,16,-52
kopf,14,257,-11928,-1888,7736,-106,8,-43
kopf,14,258,-11816,-1828,7932,-110,7,-51
kopf,14,259,-11888,-1856,7780,-115,13,-56
kopf,14,260,-11792,-1796,7800,-124,13,-57
kopf,14,261,-11920,-1892,7792,-128,9,-71
kopf,14,262,-11816,-1972,7704,-134,21,-67
kopf,14,263,-11692,-1864,7904,-127,15,-65
kopf,14,264,-11892,-1868,7748,-130,17,-64
kopf,14,265,-11876,-1888,7676,-133,20,-57
kopf,14,266,-11800,-1884,7692,-140,20,-67
kopf,14,267,-11832,-1792,7656,-148,26,-77
kopf,14,268,-11760,-1960,7736,-132,22,-80
kopf,14,269,-11904,-1964,7704,-126,29,-65
kopf,14,270,-11896,-1956,7660,-118,30,-60
kopf,14,271,-11888,-1808,7564,-117,20,-65
kopf,14,272,-11936,-1868,7596,-127,21,-62
kopf,14,273,-11924,-1868,7680,-133,20,-69
kopf,14,274,-11860,-1944,7788,-132,20,-70
kopf,14,275,-11744,-1956,7716,-134,25,-65
kopf,14,276,-11860,-1764,7636,-126,19,-61
kopf,14,277,-11936,-1976,7780,-132,19,-61
kopf,14,278,-11872,-1824,7768,-128,21,-64
kopf,14,279,-11920,-1952,7808,-122,27,-65
kopf,14,280,-11852,-1936,7716,-130,24,-63
kopf,14,281,-11816,-1960,7728,-124,22,-60
kopf,14,282,-11844,-1900,7832,-115,24,-55
kopf,14,283,-11960,-1808,7536,-117,21,-53
kopf,14,284,-11872,-1988,7696,-131,21,-63
kopf,14,285,-11944,-1812,7724,-132,19,-73
kopf,14,286,-12012,-1888,7732,-141,15,-93
kopf,14,287,-12044,-1968,7804,-153,7,-103
kopf,14,288,-12060,-1832,7728,-159,0,-131
kopf,14,289,-12204,-1836,7904,-180,-3,-162
kopf,14,290,-12092,-1848,7752,-198,-6,-195
kopf,14,291,-12204,-1748,7936,-215,-23,-239
kopf,14,292,-11952,-1716,7812,-232,-53,-258
kopf,14,293,-11676,-1760,8052,-276,-18,-286
kopf,14,294,-12120,-1872,8228,-355,41,-314
kopf,14,295,-12296,-1652,8388,-446,83,-367
kopf,14,296,-12860,-1936,8572,-582,180,-474
kopf,14,297,-14148,-2360,9044,-706,286,-642
kopf,14,298,-15676,-2996,9352,-737,481,-829
kopf,14,299,-17744,-2968,9796,-749,535,-905
kopf,15,0,-11392,-1572,8216,-88,79,-40
kopf,15,1,-11432,-1488,8192,-82,76,-30
kopf,15,2,-11508,-1532,8224,-79,76,-37
kopf,15,3,-11596,-1552,8352,-91,59,-33
kopf,15,4,-11468,-1492,8180,-102,55,-36
kopf,15,5,-11644,-1420,8208,-112,39,-49
kopf,15,6,-11556,-1444,8252,-107,31,-58
kopf,15,7,-11468,-1480,8196,-113,27,-54
kopf,15,8,-11476,-1436,8108,-113,34,-69
kopf,15,9,-11452,-1444,8168,-115,32,-63
kopf,15,10,-11464,-1624,8156,-98,41,-59
kopf,15,11,-11476,-1544,8184,-97,42,-61
kopf,15,12,-11548,-1628,8256,-100,44,-61
kopf,15,13,-11444,-1476,8372,-100,52,-61
kopf,15,14,-11476,-1440,8044,-107,50,-52
kopf,15,15,-11644,-1464,8420,-105,40,-67
kopf,15,16,-11560,-1532,8244,-112,33,-64
kopf,15,17,-11480,-1424,8212,-113,34,-69
kopf,15,18,-11412,-1556,8040,-111,42,-64
kopf,15,19,-11436,-1492,8180,-107,46,-65
kopf,15,20,-11540,-1424,8236,-108,47,-64
kopf,15,21,-11452,-1412,8356,-108,37,-57
kopf,15,22,-11536,-1480,8180,-108,40,-49
kopf,15,23,-11520,-1556,7952,-124,35,-53
kopf,15,24,-11560,-1432,8232,-129,28,-56
kopf,15,25,-11536,-1500,8228,-132,20,-63
kopf,15,26,-11456,-1524,8312,-128,21,-59
kopf,15,27,-11368,-1512,8156,-123,26,-62
kopf,15,28,-11568,-1532,8116,-125,25,-61
kopf,15,29,-11564,-1556,8184,-116,28,-66
kopf,15,30,-11432,-1532,8056,-118,32,-61
kopf,15,31,-11428,-1456,8316,-121,33,-61
kopf,15,32,-11612,-1428,8288,-117,34,-68
kopf,15,33,-11588,-1312,8212,-124,28,-67
kopf,15,34,-11516,-1492,8184,-126,23,-64
kopf,15,35,-11492,-1472,8228,-126,22,-61
kopf,15,36,-11512,-1508,8212,-130,13,-62
kopf,15,37,-11504,-1396,8380,-124,23,-60
kopf,15,38,-11524,-1408,8208,-129,14,-58
kopf,15,39,-11552,-1364,8152,-134,15,-69
kopf,15,40,-11516,-1420,8252,-135,7,-57
kopf,15,41,-11336,-1536,8192,-143,8,-58
kopf,15,42,-11484,-1512,8208,-139,12,-58
kopf,15,43,-11564,-1404,8156,-141,18,-56
kopf,15,44,-11548,-1540,8192,-141,7,-61
kopf,15,45,-11540,-1412,8228,-136,30,-71
kopf,15,46,-11692,-1316,8236,-150,32,-89
kopf,15,47,-11908,-1264,8404,-160,15,-132
kopf,15,48,-11744,-1396,8400,-187,-7,-173
kopf,15,49,-11756,-1428,8264,-211,15,-210
kopf,15,50,-11728,-1528,8320,-230,14,-238
kopf,15,51,-11548,-1608,8236,-235,27,-256
kopf,15,52,-11656,-1384,8268,-263,66,-249
kopf,15,53,-11600,-1356,8384,-290,37,-301
kopf,15,54,-11388,-1536,8652,-317,20,-329
kopf,15,55,-12320,-1008,8956,-391,2,-407
kopf,15,56,-13332,-1116,9372,-533,-125,-530
kopf,15,57,-13040,-1380,9348,-699,-265,-619
kopf,15,58,-12620,-1332,9576,-845,-375,-667
kopf,15,59,-12148,-1340,9244,-1022,-429,-739
kopf,15,60,-12156,-1468,8920,-1129,-497,-795
kopf,15,61,-11688,-1536,8608,-1210,-555,-835
kopf,15,62,-11388,-1944,8364,-1233,-597,-859
kopf,15,63,-10984,-2324,8068,-1240,-578,-873
kopf,15,64,-10520,-2600,7788,-1175,-511,-841
kopf,15,65,-10260,-2900,7680,-1089,-416,-818
kopf,15,66,-9784,-3236,7284,-967,-283,-781
kopf,15,67,-9792,-3292,7144,-819,-154,-709
kopf,15,68,-9840,-3520,7224,-646,-42,-638
kopf,15,69,-9920,-3512,7240,-479,49,-575
kopf,15,70,-10060,-3560,7324,-312,128,-487
kopf,15,71,-10388,-3488,7444,-167,139,-413
kopf,15,72,-10572,-3400,7716,-44,113,-357
kopf,15,73,-10604,-3320,8024,47,110,-302
kopf,15,74,-10904,-3152,8288,100,68,-255
kopf,15,75,-11048,-3124,8480,123,20,-242
kopf,15,76,-11004,-2980,8576,100,2,-195
kopf,15,77,-10952,-2744,8760,79,-7,-124
kopf,15,78,-11100,-2428,9112,5,-28,-100
kopf,15,79,-11640,-2436,9408,-138,-54,-94
kopf,15,80,-12304,-2608,9700,-312,-150,-170
kopf,15,81,-12588,-2648,9628,-475,-292,-237
kopf,15,82,-12400,-2692,9264,-610,-410,-343
kopf,15,83,-12320,-2780,8992,-724,-481,-452
kopf,15,84,-12020,-2948,8928,-779,-519,-575
kopf,15,85,-11956,-3156,8520,-826,-557,-700
kopf,15,86,-11820,-3268,8500,-823,-612,-808
kopf,15,87,-11364,-3416,8332,-825,-660,-879
kopf,15,88,-10528,-3552,8056,-790,-604,-893
kopf,15,89,-10192,-3660,7888,-744,-476,-866
kopf,15,90,-9748,-3932,7736,-680,-338,-823
kopf,15,91,-9624,-4084,7764,-600,-161,-788
kopf,15,92,-9332,-4316,7656,-496,-54,-694
kopf,15,93,-9148,-4192,7660,-396,99,-599
kopf,15,94,-9440,-4204,7740,-284,191,-519
kopf,15,95,-9676,-4332,7836,-180,221,-464
kopf,15,96,-9916,-4240,8068,-102,217,-403
kopf,15,97,-9984,-4208,8272,-35,189,-334
kopf,15,98,-9832,-4092,8340,20,188,-252
kopf,15,99,-10020,-4204,8584,69,160,-183
kopf,15,100,-9960,-4060,8760,86,153,-129
kopf,15,101,-10244,-3920,8748,100,134,-71
kopf,15,102,-10200,-3692,8940,56,140,-7
kopf,15,103,-10888,-4120,9528,-5,152,33
kopf,15,104,-10964,-3696,9496,-110,111,73
kopf,15,105,-11348,-3900,9680,-217,72,13
kopf,15,106,-11680,-3796,9268,-340,4,-40
kopf,15,107,-11712,-3784,9160,-420,-63,-128
kopf,15,108,-11848,-4112,9132,-477,-85,-227
kopf,15,109,-12136,-4272,8924,-495,-130,-292
kopf,15,110,-12472,-3752,8940,-536,-265,-429
kopf,15,111,-12096,-4084,8696,-555,-448,-559
kopf,15,112,-11716,-4204,8872,-540,-566,-642
kopf,15,113,-10836,-4136,8392,-536,-618,-720
kopf,15,114,-10496,-4280,7956,-513,-539,-686
kopf,15,115,-9632,-4172,7676,-505,-449,-658
kopf,15,116,-9448,-4560,7688,-449,-350,-657
kopf,15,117,-9132,-4624,7908,-401,-230,-599
kopf,15,118,-9140,-4500,8220,-368,-157,-552
kopf,15,119,-9736,-4656,8652,-392,-115,-536
kopf,15,120,-10364,-5244,9172,-389,-138,-499
kopf,15,121,-10948,-5908,9728,-377,-85,-470
kopf,15,122,-11596,-5868,9968,-409,-117,-430
kopf,15,123,-12400,-6044,10180,-392,-220,-400
kopf,15,124,-13312,-6200,10048,-367,-159,-359
kopf,15,125,-13340,-6900,10064,-350,-349,-235
kopf,15,126,-12728,-6864,10144,-315,-609,-279
kopf,15,127,-13164,-7304,10640,-206,-891,-331
kopf,15,128,-12864,-10464,10908,436,-1070,-305
kopf,15,129,-12632,-10676,11008,1302,-1354,72
kopf,15,130,-12736,-10792,12596,1940,-1632,578
kopf,15,131,-13692,-11080,14088,2452,-1847,1319
kopf,15,132,-14384,-11040,15832,2896,-1916,1639
kopf,15,133,-15616,-8480,16264,3041,-2230,1632
kopf,15,134,-15892,-9464,18460,3168,-2793,1424
kopf,15,135,-17724,-8144,18812,3048,-3479,1161
kopf,15,136,-18388,-8132,19040,3109,-4340,974
kopf,15,137,-17676,-10424,19404,3441,-5247,874
kopf,15,138,-15564,-9168,18360,3816,-6024,997
kopf,15,139,-14280,-8452,17976,4069,-6361,1297
kopf,15,140,-12968,-7024,17992,4236,-6522,1522
kopf,15,141,-12804,-5452,18280,4372,-6843,1568
kopf,15,142,-9928,-2380,18712,4131,-7287,1246
kopf,15,143,-10760,-3296,19296,3399,-7761,761
kopf,15,144,-10168,-4724,19284,3088,-8363,-128
kopf,15,145,-10188,-4180,17928,2713,-9092,-883
kopf,15,146,-8396,-5596,17052,2559,-9638,-1511
kopf,15,147,-4596,-6032,16344,2695,-9824,-1921
kopf,15,148,-2372,-7344,15624,2694,-9783,-2232
kopf,15,149,748,-8084,14512,3026,-9511,-2643
kopf,15,150,3860,-7952,13476,3554,-8823,-2939
kopf,15,151,6088,-7552,12800,4153,-7751,-3178
kopf,15,152,7104,-7544,11816,4867,-6489,-3313
kopf,15,153,7400,-7120,11124,5488,-5239,-3319
kopf,15,154,5968,-5960,10356,6197,-4347,-3319
kopf,15,155,3416,-3236,9972,6531,-3707,-3427
kopf,15,156,2136,-1696,9500,6578,-3567,-3702
kopf,15,157,3100,-8,7936,6582,-3500,-4089
kopf,15,158,4520,1908,6712,6488,-3182,-4268
kopf,15,159,4824,3932,5020,6218,-2614,-4413
kopf,15,160,5504,5340,4264,5926,-2068,-4598
kopf,15,161,4808,6332,3468,5682,-1441,-4736
kopf,15,162,4328,5708,1116,5458,-868,-4722
kopf,15,163,2556,7396,1888,5334,-360,-4605
kopf,15,164,296,6916,2264,5132,-227,-4539
kopf,15,165,-936,7552,2668,4792,-231,-4507
kopf,15,166,-1644,7708,2172,4529,-280,-4452
kopf,15,167,-1388,8256,2068,4283,-371,-4315
kopf,15,168,-1464,9124,2308,4179,-350,-4226
kopf,15,169,-1284,10692,2388,3941,-312,-4267
kopf,15,170,-1256,11612,2500,3588,-254,-4289
kopf,15,171,-1532,11996,2608,3096,-103,-4212
kopf,15,172,-1848,11612,3028,2607,15,-4152
kopf,15,173,-1896,10952,3416,2221,159,-4095
kopf,15,174,-1544,10204,3848,1968,331,-3957
kopf,15,175,-972,9596,3716,1947,532,-3701
kopf,15,176,-412,9028,3660,1895,906,-3432
kopf,15,177,-636,8712,4044,1913,1302,-3058
kopf,15,178,-1692,7224,4008,2006,1474,-2912
kopf,15,179,-3000,5648,4932,2254,1610,-2975
kopf,15,180,-4520,4652,5708,2873,1446,-2558
kopf,15,181,-11184,5096,6484,3794,991,-1613
kopf,15,182,-10176,6040,6900,4269,515,-673
kopf,15,183,-1708,5168,2304,4228,1419,-285
kopf,15,184,2424,7176,-628,4665,3219,-418
kopf,15,185,3904,7300,-904,5399,4793,-225
kopf,15,186,2556,9736,-3660,5812,5937,-215
kopf,15,187,-2376,12332,-4732,5753,6561,-228
kopf,15,188,-6028,14348,-3128,5490,6269,-284
kopf,15,189,-9340,16408,-3444,4861,5251,-537
kopf,15,190,-11996,19168,-3944,3689,3954,-859
kopf,15,191,-14596,22220,-3012,2135,2313,-1209
kopf,15,192,-14592,23700,-4200,412,448,-1384
kopf,15,193,-14200,23232,-5380,-1194,-1047,-1027
kopf,15,194,-12460,21044,-6468,-2220,-2181,-179
kopf,15,195,-10684,17200,-6296,-2685,-2925,747
kopf,15,196,-8288,14748,-3644,-2483,-3150,1599
kopf,15,197,-7372,15004,-1888,-2116,-2974,2289
kopf,15,198,-9016,17948,-524,-2103,-3018,2587
kopf,15,199,-11052,20276,1300,-2738,-3567,2364
kopf,15,200,2076,10944,336,-2441,-4132,1602
kopf,15,201,-5132,32767,8900,-4467,-4500,1391
kopf,15,202,-9776,16412,3344,-4618,-5375,884
kopf,15,203,-9468,15696,5080,-5608,-5803,168
kopf,15,204,-4108,15500,5584,-5404,-5931,-817
kopf,15,205,-1180,17892,5352,-5889,-5920,-869
kopf,15,206,2152,17160,3132,-6526,-5453,-682
kopf,15,207,968,17152,5284,-6863,-4770,-885
kopf,15,208,768,16708,5692,-7233,-4566,-1578
kopf,15,209,460,14120,4412,-7471,-4816,-2693
kopf,15,210,3136,6408,8356,-7069,-5261,-3179
kopf,15,211,2612,5404,9496,-5791,-4989,-3266
kopf,15,212,2944,10740,9120,-5070,-4936,-3031
kopf,15,213,36,8772,10736,-4460,-5652,-3915
kopf,15,214,5516,13336,10484,-4745,-5738,-4124
kopf,15,215,7368,10872,8336,-4849,-5293,-4399
kopf,15,216,4756,10972,9584,-4667,-5413,-4931
kopf,15,217,1352,7948,10896,-4893,-6196,-6503
kopf,15,218,7232,8064,11032,-4844,-6088,-7276
kopf,15,219,8408,10332,10672,-4398,-5334,-6456
kopf,15,220,6336,9180,11248,-4492,-5071,-5893
kopf,15,221,8776,8968,8448,-4664,-4614,-6278
kopf,15,222,8644,9044,9256,-4456,-3956,-5622
kopf,15,223,6188,6496,10356,-4027,-3272,-4883
kopf,15,224,2964,4704,10492,-3817,-3443,-5201
kopf,15,225,2688,7352,10836,-4021,-3903,-5448
kopf,15,226,5952,5240,9008,-4380,-3567,-5054
kopf,15,227,8364,3752,8564,-4002,-2922,-4660
kopf,15,228,7800,2352,8120,-3430,-2497,-3934
kopf,15,229,7008,1204,9244,-2943,-2244,-3295
kopf,15,230,6884,604,12408,-2353,-1941,-2756
kopf,15,231,6708,192,10112,-2031,-1588,-2360
kopf,15,232,5900,-1176,11056,-1710,-1642,-2085
kopf,15,233,7300,-2212,11924,-1231,-1453,-1810
kopf,15,234,8848,-2024,13032,-515,-1102,-1024
kopf,15,235,10344,-708,13460,173,-736,480
kopf,15,236,7336,-416,12284,633,-285,1363
kopf,15,237,4840,352,11536,950,-97,1730
kopf,15,238,4608,804,12080,1070,-137,1976
kopf,15,239,6724,528,10876,1057,301,2267
kopf,15,240,6680,-252,11284,1388,725,2761
kopf,15,241,4772,-420,12300,1921,667,2790
kopf,15,242,7024,812,11776,2228,940,2890
kopf,15,243,8616,2008,11848,2322,1329,3226
kopf,15,244,8676,1708,12588,2355,1840,3522
kopf,15,245,10448,3336,11932,2446,2393,3896
kopf,15,246,9776,3780,11436,2703,3142,4337
kopf,15,247,8412,4004,12036,2889,3487,4544
kopf,15,248,6636,4308,11104,2955,4057,4621
kopf,15,249,4528,5216,12096,2991,4400,4531
kopf,15,250,4128,5604,10928,2881,4791,4468
kopf,15,251,2824,7172,12852,2892,4776,4408
kopf,15,252,136,7828,11476,2537,4737,4095
kopf,15,253,-2220,8796,12028,2449,4052,3784
kopf,15,254,-1752,11604,11020,1881,3598,3532
kopf,15,255,-716,10212,7308,787,3459,3211
kopf,15,256,-1772,10408,9472,840,2999,3275
kopf,15,257,-4940,9584,9428,783,3093,3277
kopf,15,258,-6008,7812,9408,1058,2786,3162
kopf,15,259,-3648,8452,7572,1280,2326,3347
kopf,15,260,-3416,10676,7644,1636,1848,3614
kopf,15,261,-2216,10324,3708,1529,1565,3699
kopf,15,262,-2404,11220,6724,1663,1116,3891
kopf,15,263,-1364,11964,7316,1393,798,4253
kopf,15,264,732,11492,6452,881,1054,4799
kopf,15,265,1404,10984,5876,685,1783,5221
kopf,15,266,1476,11596,6068,625,2449,5655
kopf,15,267,732,11320,6648,659,2987,5999
kopf,15,268,1244,11176,5756,740,3460,6362
kopf,15,269,1088,11432,4872,863,3979,6684
kopf,15,270,604,11640,4760,982,4351,6922
kopf,15,271,-760,12636,4336,1000,4597,7003
kopf,15,272,-2928,14188,4760,753,4348,6746
kopf,15,273,-4392,15060,5272,44,3683,6113
kopf,15,274,-4360,14924,5664,-914,2742,5173
kopf,15,275,-1912,14800,5008,-1983,2066,4382
kopf,15,276,1080,14620,4544,-3049,1979,3983
kopf,15,277,2748,13500,4004,-3848,2292,3872
kopf,15,278,3612,12584,3728,-4382,2774,3788
kopf,15,279,4044,11356,3520,-4816,3378,3713
kopf,15,280,3180,9568,3272,-5118,4043,3592
kopf,15,281,1300,7328,3236,-5176,4532,3345
kopf,15,282,-1416,5520,3888,-5035,4600,2976
kopf,15,283,-2556,4704,4120,-4877,4321,2607
kopf,15,284,-3268,4088,5328,-4829,3799,2246
kopf,15,285,-2224,4308,5864,-4921,3332,2087
kopf,15,286,-732,4372,6264,-5067,3133,2263
kopf,15,287,148,4240,6376,-5200,3145,2735
kopf,15,288,504,3996,6844,-5270,3324,3290
kopf,15,289,1148,3580,7524,-5394,3589,3764
kopf,15,290,1704,2784,7792,-5566,4054,4013
kopf,15,291,520,1812,8516,-5718,4651,3929
kopf,15,292,-1784,-176,9952,-5832,4954,3317
kopf,15,293,-3236,-2852,10356,-5834,5009,2354
kopf,15,294,-3640,-5304,10884,-5619,4996,1384
kopf,15,295,-4068,-6840,11096,-5136,4863,714
kopf,15,296,-3852,-7172,11668,-4668,4720,491
kopf,15,297,-4408,-6660,12508,-4217,4684,717
kopf,15,298,-5304,-6568,12964,-3949,4456,1048
kopf,15,299,-5268,-6304,13288,-3803,4200,1303
kopf,16,0,-12496,-1920,8052,-439,-223,-611
kopf,16,1,-12628,-1768,8720,-522,-261,-670
kopf,16,2,-13028,-1816,9076,-695,-328,-761
kopf,16,3,-13464,-2164,9436,-847,-388,-829
kopf,16,4,-14132,-2948,9488,-1000,-410,-927
kopf,16,5,-14536,-2592,9548,-1140,-446,-989
kopf,16,6,-15868,-4156,10244,-1208,-512,-1202
kopf,16,7,-16400,-4992,9944,-1279,-625,-1408
kopf,16,8,-17752,-8428,9592,-1337,-1035,-2444
kopf,16,9,-15124,-8772,13456,-1100,-2223,-3439
kopf,16,10,-14468,-9320,14276,-1228,-2917,-4281
kopf,16,11,-13540,-12124,14820,-884,-3705,-5046
kopf,16,12,-13300,-12552,15256,-482,-4261,-5903
kopf,16,13,-11444,-13696,16480,-427,-5134,-6583
kopf,16,14,-11612,-13296,28160,43,-5814,-7069
kopf,16,15,-6948,-18028,17216,-263,-6275,-7608
kopf,16,16,-4232,-17096,16784,198,-6753,-8047
kopf,16,17,-1520,-14564,15028,344,-6814,-8225
kopf,16,18,548,-13904,14304,568,-6488,-8351
kopf,16,19,1600,-7876,11708,486,-6110,-8421
kopf,16,20,-1060,-10184,13904,170,-6025,-9033
kopf,16,21,-1264,-9020,12980,-64,-6284,-9736
kopf,16,22,-1164,-8812,11864,-315,-6536,-10306
kopf,16,23,508,-8252,11028,-437,-6488,-10818
kopf,16,24,2404,-8412,10532,-448,-6123,-10998
kopf,16,25,4472,-7432,8568,-553,-5345,-10878
kopf,16,26,4892,-7528,7712,-663,-4233,-10704
kopf,16,27,4844,-7864,7172,-352,-3190,-10397
kopf,16,28,3888,-6432,6500,-79,-2245,-9871
kopf,16,29,2752,-5056,6268,-135,-1355,-9257
kopf,16,30,1180,-4556,6684,-66,-812,-8849
kopf,16,31,-128,-4980,6968,-652,-567,-8456
kopf,16,32,-1476,-3748,7240,-1101,-629,-8351
kopf,16,33,-756,-3480,7892,-1628,-818,-8424
kopf,16,34,676,-4084,7980,-2003,-850,-8219
kopf,16,35,1608,-4432,7868,-2153,-716,-7684
kopf,16,36,1552,-6756,9056,-1613,-501,-7190
kopf,16,37,860,-5108,8568,-2276,48,-6246
kopf,16,38,1088,-5748,8376,-2403,584,-5032
kopf,16,39,-820,-7140,9132,-2197,1163,-4177
kopf,16,40,-1124,-8120,9880,-1749,1334,-3858
kopf,16,41,-3016,-6188,11080,-1640,1142,-4024
kopf,16,42,-2528,-5372,11060,-1813,692,-4258
kopf,16,43,-2044,-5176,11176,-2335,297,-4396
kopf,16,44,-564,-5556,10764,-2810,104,-4355
kopf,16,45,1544,-6164,10568,-3136,240,-3980
kopf,16,46,2540,-7116,10168,-3160,500,-3484
kopf,16,47,3800,-7968,10444,-3050,839,-3119
kopf,16,48,3272,-7896,10260,-2896,998,-2834
kopf,16,49,5192,-8548,10008,-2874,1202,-2472
kopf,16,50,2340,-10328,10612,-2982,1742,-1991
kopf,16,51,-2000,-11960,11100,-2452,1751,-1349
kopf,16,52,-4752,-13176,13756,-1862,1326,-1048
kopf,16,53,-4744,-12612,14336,-1589,404,-1752
kopf,16,54,-2780,-11488,11988,-1712,7,-2012
kopf,16,55,-12,-10168,11864,-1593,-592,-2476
kopf,16,56,-404,-9692,11936,-1460,-693,-2514
kopf,16,57,2880,-9280,11436,-1359,-958,-2556
kopf,16,58,5240,-9280,11120,-1448,-881,-2295
kopf,16,59,7772,-8396,10216,-1311,-991,-2028
kopf,16,60,8708,-8764,10540,-1286,-965,-1986
kopf,16,61,7696,-10904,8008,-1114,-988,-2020
kopf,16,62,9552,-6928,8984,-1178,-1220,-1995
kopf,16,63,8196,-6028,9108,-1287,-1323,-1860
kopf,16,64,6892,-7120,8380,-1192,-1266,-1973
kopf,16,65,5128,-5760,9044,-848,-1696,-1991
kopf,16,66,5004,-8372,9636,-750,-1876,-2078
kopf,16,67,4356,-9152,10388,-260,-1893,-1910
kopf,16,68,3172,-9076,10796,324,-2396,-2026
kopf,16,69,2300,-11284,11636,695,-2474,-2134
kopf,16,70,3644,-12012,10508,1141,-2671,-2129
kopf,16,71,6044,-12832,9128,1628,-2740,-2076
kopf,16,72,7488,-11236,7880,1928,-2738,-2226
kopf,16,73,10420,-12728,6876,1863,-3080,-2621
kopf,16,74,14368,-10892,3480,1711,-2942,-2629
kopf,16,75,16452,-10076,2460,1480,-2084,-2405
kopf,16,76,16256,-8336,1076,1458,-1373,-2151
kopf,16,77,12992,-8604,3108,1363,-666,-1991
kopf,16,78,10204,-9008,2412,1305,-610,-1531
kopf,16,79,9076,-9568,1664,1094,-411,-847
kopf,16,80,10964,-10608,3124,1081,-296,-116
kopf,16,81,11844,-9124,5092,1326,-664,545
kopf,16,82,12020,-9588,5084,1546,-686,731
kopf,16,83,11540,-9032,3936,1541,-951,751
kopf,16,84,11796,-8604,4732,1358,-1425,724
kopf,16,85,12636,-6568,4632,959,-2062,1014
kopf,16,86,14648,-10656,3048,602,-1494,1192
kopf,16,87,14740,-9440,5044,906,-1374,1100
kopf,16,88,13948,-8396,5288,1064,-1099,1130
kopf,16,89,12512,-6992,6076,1061,-881,1469
kopf,16,90,9852,-6724,7564,979,-787,1823
kopf,16,91,8624,-6752,8732,771,-991,1838
kopf,16,92,8024,-5812,9476,763,-1328,1842
kopf,16,93,7616,-6012,9060,755,-1448,1932
kopf,16,94,7228,-6132,9796,776,-1699,1920
kopf,16,95,7660,-7100,10804,1034,-1948,2185
kopf,16,96,8536,-7372,8676,1539,-2069,2365
kopf,16,97,2244,-6872,6268,2249,-2517,2973
kopf,16,98,2980,-5088,4712,3665,-2972,3348
kopf,16,99,6756,-6828,8288,3795,-2604,2192
kopf,16,100,8008,-3928,9172,4165,-2633,1817
kopf,16,101,8292,-4756,8044,4233,-2638,2313
kopf,16,102,12284,-3820,7308,3449,-1866,1945
kopf,16,103,14520,1188,8984,3684,-2037,1132
kopf,16,104,13908,4088,8500,2014,-1909,1081
kopf,16,105,15528,-1496,5292,590,-1224,721
kopf,16,106,17304,-2120,8508,-119,-794,-316
kopf,16,107,21748,-1988,6472,-118,-825,-534
kopf,16,108,20340,-2864,4216,-1257,541,-1235
kopf,16,109,32312,3668,-1992,-884,211,-1434
kopf,16,110,30008,-496,2728,-2482,1983,-3755
kopf,16,111,31428,-3776,-1256,-3156,1502,-6736
kopf,16,112,32224,-240,540,-4377,787,-9830
kopf,16,113,32767,-692,-712,-6288,117,-12331
kopf,16,114,32767,-3252,-3756,-7566,-244,-13702
kopf,16,115,31600,-7296,-616,-7830,819,-13877
kopf,16,116,13884,-23300,16848,-6125,488,-11684
kopf,16,117,-20644,-30612,22600,-1519,-1421,-7664
kopf,16,118,-32768,-29436,15980,3274,157,-4780
kopf,16,119,-14448,-6116,12764,109,149,-3137
kopf,16,120,928,-6208,4368,-3077,1241,-2854
kopf,16,121,9164,-9696,4784,-2353,1837,-3103
kopf,16,122,15848,-8960,180,-611,2606,-2878
kopf,16,123,24404,-10544,-288,1366,3812,-1580
kopf,16,124,29924,-4696,128,2280,5744,112
kopf,16,125,31448,-68,5924,2018,6909,911
kopf,16,126,20804,-4524,10304,1422,6145,576
kopf,16,127,4940,-9232,17392,1483,7449,1085
kopf,16,128,2216,-7036,16216,1421,5750,1602
kopf,16,129,6832,-1456,14792,875,5051,2069
kopf,16,130,9388,5292,10716,817,4676,2529
kopf,16,131,12696,7900,9008,-72,4725,3078
kopf,16,132,12584,8504,11476,-633,4909,3676
kopf,16,133,9328,7056,10212,-917,4606,3744
kopf,16,134,6012,6328,9556,-981,3576,3674
kopf,16,135,7780,1932,9508,-1614,3134,3252
kopf,16,136,9364,-1368,10356,-580,2468,2571
kopf,16,137,7024,-456,11636,914,1165,1782
kopf,16,138,8464,1144,10696,1260,-509,917
kopf,16,139,10860,2224,8584,873,-2461,150
kopf,16,140,16756,8528,12012,889,-4827,-966
kopf,16,141,9972,6888,7864,-1325,-5309,-1961
kopf,16,142,11288,8432,11424,-1719,-6730,-2752
kopf,16,143,10556,5840,8128,-3170,-6513,-2917
kopf,16,144,9204,1436,9068,-4425,-4578,-2868
kopf,16,145,600,-7436,11012,-3750,-3752,-2896
kopf,16,146,868,-10756,9788,-969,-3303,-2528
kopf,16,147,5548,-5520,11284,-761,-3137,-2747
kopf,16,148,9424,-5668,8928,-1434,-3071,-3214
kopf,16,149,14568,-7300,8072,-1956,-2540,-3301
kopf,16,150,19544,-10308,8172,-2166,-1578,-3421
kopf,16,151,22648,-11168,8468,-2027,-289,-3465
kopf,16,152,19376,-14740,8912,-1295,1323,-3072
kopf,16,153,18164,-15540,10516,-305,2800,-1958
kopf,16,154,17612,-13432,11732,888,3442,-805
kopf,16,155,18888,-7644,8008,1791,2642,-348
kopf,16,156,7744,-7176,5940,1649,4978,415
kopf,16,157,8168,-6936,9896,2140,4064,1206
kopf,16,158,2696,-4632,8720,2267,3430,1112
kopf,16,159,1164,-456,8768,2352,2156,807
kopf,16,160,3908,2452,4460,1775,1698,456
kopf,16,161,6980,5788,2216,1400,1387,470
kopf,16,162,6080,5272,7516,1069,1629,519
kopf,16,163,6440,13204,664,2260,56,654
kopf,16,164,11360,12016,3592,737,291,1490
kopf,16,165,12040,6432,9244,918,-193,2478
kopf,16,166,11072,3164,14584,1764,-1322,3022
kopf,16,167,15444,3808,14632,1536,-2277,3112
kopf,16,168,21984,2696,11036,1485,-2013,3391
kopf,16,169,25824,5264,9608,942,-1857,3025
kopf,16,170,24192,8296,9508,-370,-1825,1626
kopf,16,171,19396,11004,12464,-2347,-3590,-594
kopf,16,172,12220,10524,13356,-5646,-4367,-2288
kopf,16,173,14684,1080,23712,-6074,-3300,-1398
kopf,16,174,14604,-28316,10788,-1942,798,-713
kopf,16,175,17688,-3108,14792,571,447,-1366
kopf,16,176,11140,-4180,5072,-824,2211,-2283
kopf,16,177,8292,-12476,8612,-1334,3340,-2094
kopf,16,178,2792,-16912,11232,-1410,3994,-2263
kopf,16,179,1980,-12976,11340,-790,3935,-2555
kopf,16,180,6728,-13920,11264,-29,3283,-2657
kopf,16,181,2800,-13648,6192,882,2943,-2454
kopf,16,182,3576,-12636,9388,2240,2229,-1589
kopf,16,183,6512,-6476,5628,2173,1656,-726
kopf,16,184,6828,-5504,5628,2365,1691,54
kopf,16,185,5928,-1604,5420,3068,1320,561
kopf,16,186,8284,1176,2092,3084,1192,1104
kopf,16,187,12796,3260,388,2494,1724,1827
kopf,16,188,8792,1732,4892,2462,1913,2581
kopf,16,189,7588,128,9460,2488,2243,2675
kopf,16,190,12640,668,8460,2780,1535,2761
kopf,16,191,17660,3700,6944,1854,1971,2911
kopf,16,192,13424,3028,11604,1419,2484,3232
kopf,16,193,10232,4348,15252,1116,1575,3621
kopf,16,194,8844,3160,14384,-134,845,4471
kopf,16,195,14764,-1796,18788,438,1261,4889
kopf,16,196,12092,-5776,11024,-1078,2600,5328
kopf,16,197,11680,-8360,15528,997,3887,5227
kopf,16,198,5412,-5836,14872,1618,4791,4904
kopf,16,199,8024,-160,14516,1315,2931,4716
kopf,16,200,6560,2812,15964,189,3476,4773
kopf,16,201,7668,-2580,15772,-309,3552,5473
kopf,16,202,8556,-6856,15860,209,2606,5188
kopf,16,203,2680,-6224,19752,1327,2296,5451
kopf,16,204,3144,-7584,17028,1682,2935,6702
kopf,16,205,9596,-8012,12892,2080,1836,6495
kopf,16,206,1984,-4760,15228,2326,1766,7191
kopf,16,207,-108,-4160,15600,2221,1102,7417
kopf,16,208,-392,-8020,15816,2026,301,6610
kopf,16,209,336,-8024,15732,2442,-797,5836
kopf,16,210,2844,-7220,15696,2746,-1664,5424
kopf,16,211,5580,-6052,14736,2691,-2046,5479
kopf,16,212,8212,-5308,13844,2585,-1953,5986
kopf,16,213,10256,-5356,13304,2646,-1488,6764
kopf,16,214,11976,-4920,13536,2779,-982,7538
kopf,16,215,13536,-5908,11696,2909,-58,8172
kopf,16,216,15152,-5536,10992,3078,1167,8496
kopf,16,217,14280,-4476,11740,3302,2018,8750
kopf,16,218,11404,-4520,11072,3357,2698,8457
kopf,16,219,8144,-4332,13432,3544,2441,7796
kopf,16,220,5604,-2520,14256,3444,1446,7158
kopf,16,221,5584,-60,13556,2895,309,6688
kopf,16,222,5720,-1548,13524,2399,-687,6418
kopf,16,223,8064,476,12304,1851,-1228,6884
kopf,16,224,10008,2492,10888,1758,-1487,7579
kopf,16,225,9868,1500,9836,1239,-1251,8283
kopf,16,226,10340,504,7008,1416,-562,8816
kopf,16,227,9984,-1008,8264,1168,583,9345
kopf,16,228,8772,6340,6556,363,2432,9108
kopf,16,229,10844,-8632,9928,2338,1734,9152
kopf,16,230,9032,2812,6584,2234,2845,8804
kopf,16,231,9072,4556,6620,1726,3419,8236
kopf,16,232,7016,4300,7052,1416,3633,7631
kopf,16,233,6676,5904,7092,1226,3648,7245
kopf,16,234,5056,5676,7228,571,3369,6617
kopf,16,235,4780,4728,8180,222,2705,5821
kopf,16,236,4656,4272,8156,-407,2239,5110
kopf,16,237,5120,5072,8028,-840,1808,4485
kopf,16,238,5192,5512,7168,-1490,1533,3983
kopf,16,239,5188,4360,7984,-1853,1139,3535
kopf,16,240,4692,-1128,9644,-2396,895,3189
kopf,16,241,5480,4912,7736,-2501,524,2932
kopf,16,242,5948,2052,9024,-3234,160,2645
kopf,16,243,6228,924,9064,-3738,-109,2358
kopf,16,244,6632,128,9512,-3984,-243,1920
kopf,16,245,8040,-1520,9984,-4209,-337,1553
kopf,16,246,9468,-3348,10384,-4285,-65,1191
kopf,16,247,9720,-3904,11440,-4179,265,1022
kopf,16,248,10840,-4856,10968,-4072,891,935
kopf,16,249,10376,-6592,10872,-3795,1583,797
kopf,16,250,9500,-7192,11544,-3388,2195,847
kopf,16,251,8068,-7116,12564,-3180,2766,849
kopf,16,252,6692,-8000,12632,-2766,3214,880
kopf,16,253,5952,-7436,12576,-2421,3572,922
kopf,16,254,5064,-7440,12724,-1849,3928,919
kopf,16,255,4336,-7320,12200,-1996,4363,1003
kopf,16,256,2852,-7180,12500,-1748,4643,1108
kopf,16,257,1888,-8276,12380,-1445,4909,1182
kopf,16,258,88,-8168,12204,-1183,4959,1203
kopf,16,259,-1524,-7000,12168,-1263,4988,1184
kopf,16,260,-3184,-6780,11976,-1440,4851,1125
kopf,16,261,-3528,-6388,11508,-1545,4738,944
kopf,16,262,-5204,-6612,10768,-1468,4551,845
kopf,16,263,-6664,-7852,10564,-1451,4469,737
kopf,16,264,-7396,-7024,10404,-1573,4149,832
kopf,16,265,-7608,-8396,9912,-1045,3882,605
kopf,16,266,-8552,-4484,8688,-984,3630,520
kopf,16,267,-9448,-8684,9040,-875,3281,663
kopf,16,268,-10868,-5964,10176,-1092,3113,818
kopf,16,269,-10768,-8296,10316,-895,2547,677
kopf,16,270,-10812,-10528,9376,-996,1792,517
kopf,16,271,-10808,-10948,9536,-1021,1362,235
kopf,16,272,-8640,-8312,8900,-968,957,100
kopf,16,273,-7108,-8620,8840,-1073,962,95
kopf,16,274,-5964,-8968,8304,-1142,1214,162
kopf,16,275,-6036,-9652,7932,-1159,1567,421
kopf,16,276,-6656,-10920,8408,-1013,1948,608
kopf,16,277,-7856,-11644,8888,-877,2205,865
kopf,16,278,-7908,-11612,8372,-682,2351,989
kopf,16,279,-8776,-11708,7856,-520,2559,1239
kopf,16,280,-8880,-12148,7724,-147,2614,1486
kopf,16,281,-8328,-11568,7160,252,2818,1849
kopf,16,282,-8112,-11088,6516,639,2976,2264
kopf,16,283,-7884,-12632,6380,1404,3158,2581
kopf,16,284,-8108,-11636,4272,1918,3571,2666
kopf,16,285,-7868,-15120,9080,2416,3770,3498
kopf,16,286,-9860,-15704,7280,3414,4989,4501
kopf,16,287,-12632,-11072,8116,4543,5005,4962
kopf,16,288,-15260,-10960,7916,4861,4548,4703
kopf,16,289,-17476,-9352,8916,5404,3854,3994
kopf,16,290,-17564,-3800,10548,4726,2973,3767
kopf,16,291,-16396,-4520,10352,4153,2426,3151
kopf,16,292,-15468,-2980,10612,3411,2154,2871
kopf,16,293,-15196,-1596,9272,2502,1907,2186
kopf,16,294,-15764,-132,9740,1805,1566,1439
kopf,16,295,-16676,416,9796,1013,1162,857
kopf,16,296,-16520,268,9540,491,722,333
kopf,16,297,-16928,1128,9660,135,208,-152
kopf,16,298,-16172,-580,8692,-274,-132,-593
kopf,16,299,-14796,-428,7972,-436,-326,-877
kopf,17,0,3000,924,11584,-2965,-1417,-1827
kopf,17,1,3012,140,11988,-3352,-1623,-1854
kopf,17,2,3648,696,11704,-3575,-1875,-1765
kopf,17,3,1576,-2404,15920,-3830,-1798,-1661
kopf,17,4,3660,-3212,12168,-3783,-1515,-1707
kopf,17,5,4236,-4152,11564,-3501,-1329,-1625
kopf,17,6,3908,-4316,11584,-3221,-1197,-1509
kopf,17,7,3552,-5384,11660,-2992,-911,-1631
kopf,17,8,3448,-4708,11152,-2804,-703,-1598
kopf,17,9,3892,-4344,12180,-2523,-456,-1619
kopf,17,10,3244,-4620,12140,-2638,63,-1341
kopf,17,11,3664,-4516,12576,-2309,216,-901
kopf,17,12,4324,-4512,11032,-2021,645,-1003
kopf,17,13,1984,-5208,10940,-1994,454,-1010
kopf,17,14,-708,-7640,11732,-2223,326,-1112
kopf,17,15,-656,-6384,11072,-1989,-394,-1019
kopf,17,16,2388,-4524,12472,-1804,-1219,-1618
kopf,17,17,4476,-5136,13112,-2213,-1288,-2022
kopf,17,18,4352,-6272,12356,-2508,-1062,-2208
kopf,17,19,6636,-5944,12728,-2536,-1244,-1878
kopf,17,20,6972,-8224,12004,-2723,-1163,-2333
kopf,17,21,7732,-7092,12508,-2628,-1252,-2302
kopf,17,22,9496,-6048,12776,-2368,-1335,-2391
kopf,17,23,5192,-7964,11980,-2245,-1378,-2972
kopf,17,24,6008,-7876,13228,-2389,-1305,-3143
kopf,17,25,864,-11000,15420,-2455,-1818,-3660
kopf,17,26,2404,-8244,12924,-1842,-2133,-3511
kopf,17,27,2384,-11916,13472,-2204,-2224,-3483
kopf,17,28,4980,-8340,10864,-1646,-2062,-3433
kopf,17,29,7148,-8264,12156,-1523,-1905,-3310
kopf,17,30,8468,-6768,9532,-1537,-1604,-2970
kopf,17,31,8812,-8888,12420,-1516,-1682,-2846
kopf,17,32,9456,-8568,8960,-1539,-1192,-2769
kopf,17,33,8972,-10936,9832,-1386,-1072,-2607
kopf,17,34,8984,-12136,10596,-1135,-921,-2534
kopf,17,35,11812,-11828,9540,-1062,-668,-2560
kopf,17,36,13900,-11472,7656,-955,-191,-2537
kopf,17,37,12372,-13004,7640,-746,205,-2420
kopf,17,38,13852,-10792,7008,-771,969,-1925
kopf,17,39,11952,-11916,7448,-708,1816,-1261
kopf,17,40,8208,-14068,7236,-69,2193,-785
kopf,17,41,8580,-12432,6208,205,2874,-162
kopf,17,42,8260,-10892,6764,293,3330,387
kopf,17,43,7480,-11660,8240,435,3410,649
kopf,17,44,5820,-11360,6092,551,3247,817
kopf,17,45,6728,-10128,6428,647,3219,1144
kopf,17,46,6796,-10492,6084,870,3200,1649
kopf,17,47,5884,-9312,6936,1026,3250,2172
kopf,17,48,2532,-9340,8772,1113,2898,2235
kopf,17,49,3300,-10068,2392,899,2714,1902
kopf,17,50,-1012,-10252,11636,868,1980,1330
kopf,17,51,1708,-9008,11620,911,1431,939
kopf,17,52,868,-8700,8176,651,1423,797
kopf,17,53,4748,-7080,11568,455,1349,1093
kopf,17,54,5304,-8108,10472,796,1712,822
kopf,17,55,5676,-6368,9656,1233,1269,1133
kopf,17,56,6356,-1808,10000,1502,952,1267
kopf,17,57,10132,1372,8708,8,1220,1070
kopf,17,58,9860,4584,11168,-504,696,1663
kopf,17,59,9272,5956,10432,-1234,457,1894
kopf,17,60,6100,4472,12708,-1720,-694,2034
kopf,17,61,7124,912,12924,-2085,-1389,1822
kopf,17,62,7468,1032,13408,-1925,-1860,1912
kopf,17,63,8248,-4,14928,-1811,-2116,1801
kopf,17,64,7840,-5724,16208,-949,-1994,1352
kopf,17,65,8192,-5088,16612,327,-2387,647
kopf,17,66,8160,-2452,15264,-54,-2626,-116
kopf,17,67,5804,-2344,16076,-312,-3609,-672
kopf,17,68,4688,-7052,15096,-203,-3941,-1635
kopf,17,69,5204,-8120,16348,-79,-4200,-2169
kopf,17,70,4772,-8356,17004,655,-4659,-2618
kopf,17,71,5700,-7876,9692,615,-4149,-3013
kopf,17,72,6120,-11528,8648,631,-3634,-2880
kopf,17,73,7784,-11608,10044,642,-2956,-2537
kopf,17,74,8592,-11688,8032,-77,-2232,-2293
kopf,17,75,6444,-15612,7292,-677,-744,-1715
kopf,17,76,11740,-13700,8052,-1071,399,-1321
kopf,17,77,10544,-14876,7828,-1247,1328,-579
kopf,17,78,9792,-13848,6960,-1327,2171,153
kopf,17,79,10196,-15836,7116,-1456,2959,695
kopf,17,80,11252,-16620,8756,-1285,3605,1117
kopf,17,81,12044,-16720,9384,-1146,3954,1494
kopf,17,82,12224,-15708,10260,-834,4112,2026
kopf,17,83,11840,-17300,10248,-411,4530,2522
kopf,17,84,12208,-15720,9304,277,4691,2896
kopf,17,85,12060,-11720,8204,1196,4658,3271
kopf,17,86,7020,-10668,10836,1487,4553,3604
kopf,17,87,4388,-11576,8920,1300,4324,3264
kopf,17,88,1768,-8800,9904,1160,3651,3149
kopf,17,89,2716,-10628,7268,672,3262,2349
kopf,17,90,1780,-10884,6664,651,3220,905
kopf,17,91,1980,-9008,5776,167,2971,222
kopf,17,92,3636,-8816,10340,189,2732,-92
kopf,17,93,5932,-11508,10872,243,2848,-676
kopf,17,94,6668,-10724,12088,1424,1282,-1717
kopf,17,95,8532,-7876,16060,949,750,-2034
kopf,17,96,9144,-1760,10576,1201,1889,-802
kopf,17,97,8628,-8572,12092,1221,2716,-410
kopf,17,98,7296,-1768,18432,1561,1801,-172
kopf,17,99,1696,-1632,14012,1238,612,802
kopf,17,100,928,-4972,16500,3045,2285,1709
kopf,17,101,-912,-3372,18092,2819,1840,1190
kopf,17,102,332,-9020,11260,2318,2860,800
kopf,17,103,1020,-3188,21548,3444,1248,217
kopf,17,104,1948,-2808,12152,3017,1618,90
kopf,17,105,2004,-2504,12820,2954,1726,197
kopf,17,106,2716,-3420,16484,3050,1969,92
kopf,17,107,912,-3652,14144,3600,1863,-122
kopf,17,108,-540,-1772,11560,3563,1909,20
kopf,17,109,316,-4392,14624,3544,2208,-334
kopf,17,110,852,-12228,18232,4520,2492,-41
kopf,17,111,1320,-5812,20040,5513,126,-849
kopf,17,112,-476,-10344,8724,4729,-1655,-3359
kopf,17,113,5772,16764,27096,5054,-1664,-2670
kopf,17,114,11132,2228,15084,5718,-1569,-3350
kopf,17,115,4468,13224,-4964,4836,484,-1617
kopf,17,116,700,5464,-2912,4064,2238,-1534
kopf,17,117,-3924,10656,4336,3353,2295,28
kopf,17,118,-4340,8820,-1240,2584,2351,431
kopf,17,119,-1876,12280,-1776,1035,2900,1225
kopf,17,120,-8360,9164,-5144,-97,4482,3196
kopf,17,121,-16352,620,1412,-431,4226,3656
kopf,17,122,-19704,-2528,4876,-178,2200,3401
kopf,17,123,-17860,-2004,7488,-114,-60,2881
kopf,17,124,-13180,-360,7736,-423,-1651,2848
kopf,17,125,-9304,0,7092,-522,-2767,2871
kopf,17,126,-6224,3132,8520,-806,-3603,3094
kopf,17,127,-512,6372,7208,-1563,-3991,3384
kopf,17,128,1348,7752,9348,-2765,-4248,3811
kopf,17,129,-2084,244,20412,-3846,-5360,4140
kopf,17,130,3172,-7148,5136,-4384,-4996,3348
kopf,17,131,2984,-10232,18576,-3888,-5948,1905
kopf,17,132,15860,-9180,16308,-3201,-4530,-230
kopf,17,133,14032,-9308,32767,-1790,-3530,29
kopf,17,134,13176,-18268,26436,76,-2818,-597
kopf,17,135,21288,-7200,32767,448,-958,-717
kopf,17,136,17420,-4188,23716,738,1856,-404
kopf,17,137,8824,-6136,22960,477,4227,-771
kopf,17,138,1384,-8380,25308,783,5109,-1481
kopf,17,139,-940,-7052,25440,1224,4260,-2397
kopf,17,140,108,-4788,22684,1569,3157,-3158
kopf,17,141,808,644,19548,1279,2239,-3321
kopf,17,142,3236,-3680,16112,2396,2398,-3447
kopf,17,143,4976,-5672,14920,3431,1922,-4129
kopf,17,144,2932,704,12044,3991,1198,-4125
kopf,17,145,3900,5336,7364,3785,1056,-3675
kopf,17,146,1852,6968,760,3095,1850,-2703
kopf,17,147,-2432,6744,-28,2548,2585,-2009
kopf,17,148,-8660,10604,-5456,1814,2452,-766
kopf,17,149,-13496,10404,-6680,768,1894,289
kopf,17,150,-17404,7272,-4084,-454,126,1290
kopf,17,151,-16452,3596,-2684,-1279,-1627,1858
kopf,17,152,-14336,4748,3388,-1798,-3634,2495
kopf,17,153,-11072,6592,1796,-2625,-5304,3762
kopf,17,154,-10484,4676,6728,-3637,-6463,5340
kopf,17,155,-8348,220,9280,-5210,-7307,6585
kopf,17,156,868,-9512,-8344,-6953,-5480,4437
kopf,17,157,8048,-14140,7744,-6593,-2234,1411
kopf,17,158,16504,-10080,8468,-3697,-3149,2217
kopf,17,159,15232,-5588,18976,-3515,-1162,1747
kopf,17,160,21112,-9936,17416,-3485,394,875
kopf,17,161,16104,-11464,22352,-2219,-795,-366
kopf,17,162,18224,-8876,32767,-1098,-1737,-1725
kopf,17,163,23104,-11896,32767,110,-490,-1577
kopf,17,164,20452,-6704,26472,2137,1429,-1350
kopf,17,165,9064,-3600,26160,2768,3007,-1644
kopf,17,166,1708,-1896,26320,2450,2741,-2330
kopf,17,167,2704,-8276,21932,2716,2111,-3109
kopf,17,168,2424,-1688,17956,2167,1654,-2952
kopf,17,169,6848,-1472,14912,1898,2016,-3552
kopf,17,170,5720,-124,11732,2576,2922,-3255
kopf,17,171,2120,-876,12192,2983,2942,-3252
kopf,17,172,2800,1828,13456,3041,1365,-4103
kopf,17,173,1308,3824,8880,2849,629,-5002
kopf,17,174,808,4952,1304,1717,612,-4732
kopf,17,175,180,5848,1512,1434,2091,-3180
kopf,17,176,-8548,480,-2656,2140,2825,-1728
kopf,17,177,-15192,-1304,1748,2106,1995,-1244
kopf,17,178,-15684,-224,1092,1268,758,-1019
kopf,17,179,-11852,-296,1868,-141,202,-603
kopf,17,180,-6924,872,3976,-1126,142,342
kopf,17,181,-856,2716,5208,-1586,821,1831
kopf,17,182,1996,1680,5892,-2098,2621,3894
kopf,17,183,-2296,-7488,9392,-2269,4319,4936
kopf,17,184,-3416,-7920,18700,-1672,4776,4630
kopf,17,185,4080,1440,5304,-2088,5856,4058
kopf,17,186,-6672,-6584,24208,-2730,5565,3423
kopf,17,187,-5364,-7144,24364,-2670,4757,2425
kopf,17,188,-3404,-4936,21680,-2628,2600,1716
kopf,17,189,236,-4152,26968,-2396,2006,2284
kopf,17,190,8024,-1252,8212,-2247,3041,2461
kopf,17,191,-2484,-3408,17732,-1105,1723,3078
kopf,17,192,-5684,928,19412,-732,858,3685
kopf,17,193,-7872,3364,20272,-1201,-630,4562
kopf,17,194,-7912,3676,17724,-1975,-1892,5978
kopf,17,195,-6108,1744,14696,-2801,-2256,7418
kopf,17,196,-6608,-3052,11012,-3087,-1631,8077
kopf,17,197,6400,4588,-7632,-2623,-1275,8082
kopf,17,198,-6860,-6792,11272,-1309,-959,7599
kopf,17,199,-8596,-6496,11976,-567,-488,7069
kopf,17,200,-7492,-3804,10248,174,-120,6625
kopf,17,201,-7732,-1468,10828,674,-72,6535
kopf,17,202,-9844,5012,7232,-82,-230,6758
kopf,17,203,-8752,2364,9052,300,-675,7055
kopf,17,204,-4548,1564,10588,767,-738,6586
kopf,17,205,-3956,3960,9016,604,-653,6817
kopf,17,206,-2636,5436,8876,-244,-508,7567
kopf,17,207,-1296,6236,7620,-916,-143,8080
kopf,17,208,-744,6232,6344,-1787,572,8486
kopf,17,209,320,5076,5784,-2237,1358,8467
kopf,17,210,952,4664,4920,-2483,2190,8161
kopf,17,211,328,4820,5072,-2778,2910,7727
kopf,17,212,-300,4508,5476,-3077,3407,7434
kopf,17,213,-1604,4472,6344,-3434,3717,7331
kopf,17,214,-3240,3564,7264,-3865,3767,7172
kopf,17,215,-4196,1708,7544,-4302,3620,6845
kopf,17,216,-4772,-732,8044,-4491,3508,6291
kopf,17,217,-4896,-2272,8544,-4465,3230,5530
kopf,17,218,-4960,-2200,8908,-4445,2813,4689
kopf,17,219,-4232,-5668,10088,-4516,2270,3919
kopf,17,220,-4604,-4960,10368,-4138,2047,3038
kopf,17,221,-4428,-5140,11172,-4057,1741,2503
kopf,17,222,-4028,-5656,11856,-4048,1438,2114
kopf,17,223,-3984,-5620,11876,-4168,1102,1857
kopf,17,224,-1636,-15032,12012,-4000,531,1640
kopf,17,225,1884,-8508,14984,-2724,545,1064
kopf,17,226,-4620,-5684,12180,-6225,453,1639
kopf,17,227,-1208,-14628,11412,-4911,48,1015
kopf,17,228,-2132,-12028,10712,-4578,362,642
kopf,17,229,-932,-9696,10512,-4563,689,326
kopf,17,230,-2500,-13564,10028,-4593,1196,47
kopf,17,231,-2028,-14836,9808,-3241,1651,-41
kopf,17,232,-3080,-16452,11308,-2081,1983,24
kopf,17,233,-4920,-14704,11136,-1073,2095,355
kopf,17,234,-5964,-12476,10880,-733,1970,609
kopf,17,235,-6108,-12840,11392,-315,1812,783
kopf,17,236,-5740,-12604,11420,222,1545,931
kopf,17,237,-6300,-9376,12112,164,1400,1015
kopf,17,238,-7452,-8680,11644,-417,1326,919
kopf,17,239,-7048,-9740,11232,-616,1155,714
kopf,17,240,-6820,-8120,10156,-671,994,529
kopf,17,241,-7240,-10648,10696,-1208,1186,451
kopf,17,242,-6676,-8356,9580,-495,1271,260
kopf,17,243,-8372,-9796,9224,-1739,1572,429
kopf,17,244,-6668,-8068,8600,-786,1603,407
kopf,17,245,-9520,-6960,7404,-1035,1810,666
kopf,17,246,-10912,-6672,7016,-2201,1832,992
kopf,17,247,-10252,-10332,8956,-594,1539,981
kopf,17,248,-11912,-5088,6780,-909,1339,995
kopf,17,249,-10600,-7736,7012,-830,1002,919
kopf,17,250,-10488,-6928,6536,-23,691,724
kopf,17,251,-9900,-4748,5740,-49,559,647
kopf,17,252,-9536,-5460,5636,-320,414,569
kopf,17,253,-8992,-4516,4936,-349,333,344
kopf,17,254,-8336,-4172,3784,-893,275,207
kopf,17,255,-8640,-13460,5120,-1455,676,860
kopf,17,256,-4184,-32768,20172,4244,5233,5664
kopf,17,257,-11904,-24524,21108,7058,5845,8278
kopf,17,258,-11864,-11076,8980,7264,3388,6482
kopf,17,259,1936,-5612,2552,5755,4815,5973
kopf,17,260,-6172,3260,6608,5232,5652,5545
kopf,17,261,-14164,1700,11216,4849,5470,3627
kopf,17,262,-31924,3676,10400,3375,1578,2276
kopf,17,263,-30912,5100,10240,1828,966,-11
kopf,17,264,-24048,7904,7984,808,-268,-1010
kopf,17,265,-18660,5980,8076,-239,-358,-917
kopf,17,266,-15972,5576,7016,-679,-803,-854
kopf,17,267,-15312,3200,7104,-1029,-973,-1061
kopf,17,268,-13656,-1312,8416,-1091,-1088,-1554
kopf,17,269,-10356,-2496,8296,-1022,-997,-1691
kopf,17,270,-9356,-3256,7648,-851,-676,-1445
kopf,17,271,-9480,-3704,7376,-602,-376,-1328
kopf,17,272,-10072,-3676,8968,-356,-289,-1191
kopf,17,273,-9996,-3216,7424,-167,-187,-994
kopf,17,274,-10072,-3220,7044,-38,-105,-868
kopf,17,275,-10216,-2772,7004,41,-121,-744
kopf,17,276,-10528,-2748,7716,37,-111,-564
kopf,17,277,-10436,-2816,8440,-222,-51,-315
kopf,17,278,-10108,-3804,9008,-285,-32,-129
kopf,17,279,-9736,-3268,9184,45,30,27
kopf,17,280,-10500,-1656,8752,40,168,132
kopf,17,281,-10976,-1440,9032,-167,171,101
kopf,17,282,-11552,-2076,8856,-323,215,51
kopf,17,283,-11960,-2152,8708,-408,151,-13
kopf,17,284,-11840,-2540,8428,-442,116,-47
kopf,17,285,-11740,-2972,7892,-482,128,-136
kopf,17,286,-11680,-3120,7928,-412,45,-211
kopf,17,287,-11168,-3440,7808,-333,38,-184
kopf,17,288,-11084,-3332,7684,-239,63,-107
kopf,17,289,-11224,-2956,7868,-152,90,-68
kopf,17,290,-11560,-2688,8052,-139,52,-62
kopf,17,291,-11808,-2572,8096,-165,24,-114
kopf,17,292,-11672,-2696,8144,-168,-16,-181
kopf,17,293,-11624,-2760,8260,-165,-38,-208
kopf,17,294,-11596,-2744,8216,-164,-33,-203
kopf,17,295,-11364,-2664,8128,-189,-22,-191
kopf,17,296,-11416,-2828,8124,-222,-3,-191
kopf,17,297,-11024,-2956,8100,-224,11,-180
kopf,17,298,-10804,-3240,8016,-198,21,-123
kopf,17,299,-10816,-3388,8064,-133,53,-58
kopf,18,0,-11612,-2728,7784,-13,25,-64
kopf,18,1,-11664,-2160,7996,-158,111,-15
kopf,18,2,-11772,-1660,7440,-168,79,-80
kopf,18,3,-11752,-2300,7612,-189,48,-133
kopf,18,4,-11384,-2304,7952,-131,44,-68
kopf,18,5,-11720,-2516,8008,-59,17,-79
kopf,18,6,-11648,-2272,8200,-77,42,-20
kopf,18,7,-11596,-1988,7844,-104,57,-61
kopf,18,8,-11744,-2028,8064,-127,54,-95
kopf,18,9,-11848,-1980,7784,-179,65,-97
kopf,18,10,-11848,-2208,7728,-150,15,-115
kopf,18,11,-11644,-2352,7868,-125,4,-76
kopf,18,12,-11720,-2240,7756,-95,-29,-67
kopf,18,13,-11572,-2152,8000,-82,-25,-52
kopf,18,14,-11624,-2064,7768,-110,-20,-54
kopf,18,15,-11596,-1920,7804,-131,-14,-73
kopf,18,16,-11620,-2196,7916,-140,-11,-66
kopf,18,17,-11596,-2260,8048,-140,2,-53
kopf,18,18,-11712,-2424,7908,-105,-19,-13
kopf,18,19,-11620,-2060,7584,-127,-10,-10
kopf,18,20,-11660,-2328,7708,-99,-53,-38
kopf,18,21,-11548,-2268,7940,-71,-40,29
kopf,18,22,-11664,-2420,7880,-44,-67,-30
kopf,18,23,-11644,-2176,7980,-64,-16,26
kopf,18,24,-11848,-2140,7904,-50,-41,-2
kopf,18,25,-11792,-1924,8080,-83,-25,-41
kopf,18,26,-11940,-2100,7972,-127,-45,-88
kopf,18,27,-11568,-1924,8180,-135,-41,-137
kopf,18,28,-11780,-2072,8108,-123,-57,-120
kopf,18,29,-11772,-2176,8188,-114,-31,-139
kopf,18,30,-11872,-2032,8420,-134,6,-178
kopf,18,31,-11964,-1616,8060,-183,-9,-200
kopf,18,32,-12288,-1460,8076,-234,-70,-306
kopf,18,33,-12488,-1560,8368,-329,-115,-382
kopf,18,34,-12740,-1768,8288,-421,-174,-534
kopf,18,35,-12844,-1840,8756,-510,-234,-648
kopf,18,36,-13372,-1924,8536,-599,-322,-794
kopf,18,37,-14128,-2440,8764,-707,-496,-927
kopf,18,38,-14060,-2368,8924,-808,-626,-1004
kopf,18,39,-15164,-3388,9412,-891,-942,-1127
kopf,18,40,-16676,-4692,9712,-696,-1439,-1376
kopf,18,41,-17828,-4868,9628,-556,-1868,-1517
kopf,18,42,-17800,-6224,9628,-137,-2598,-1620
kopf,18,43,-17896,-6228,10168,211,-3060,-1455
kopf,18,44,-17420,-6264,9972,495,-3758,-1203
kopf,18,45,-18508,-6656,10928,-599,-4058,-854
kopf,18,46,-20244,-9464,12244,139,-4961,-738
kopf,18,47,-17784,-10640,13140,834,-5819,-872
kopf,18,48,-15900,-11528,13816,1162,-6301,-802
kopf,18,49,-14056,-12424,15284,1485,-6372,-463
kopf,18,50,-13792,-11920,16532,1420,-6202,61
kopf,18,51,-14492,-14788,18496,1982,-6094,322
kopf,18,52,-15932,-16252,19764,3169,-6748,364
kopf,18,53,-15568,-14596,20480,4291,-7697,187
kopf,18,54,-13704,-16564,21020,4931,-8531,-20
kopf,18,55,-13704,-13188,20472,5039,-9113,-51
kopf,18,56,-12960,-11252,19872,5497,-9776,-112
kopf,18,57,-9376,-14784,19156,6469,-10468,-219
kopf,18,58,-5424,-10868,17356,7127,-10655,-107
kopf,18,59,4344,-13160,16768,8381,-10264,-367
kopf,18,60,4048,-10392,15136,8886,-9156,-115
kopf,18,61,6744,-8428,13932,9852,-7856,-199
kopf,18,62,7856,-6692,11508,10800,-6450,-439
kopf,18,63,8060,-3956,11528,11539,-5102,-790
kopf,18,64,5424,-2208,9832,11484,-3953,-1292
kopf,18,65,4140,-1260,9472,11283,-3305,-1760
kopf,18,66,4308,164,8164,11231,-2732,-2031
kopf,18,67,2844,780,7588,11092,-2145,-2113
kopf,18,68,1080,168,3600,11074,-1848,-2095
kopf,18,69,1808,2256,5056,10949,-1528,-2002
kopf,18,70,2448,3164,5532,10821,-1207,-1840
kopf,18,71,2728,4156,3052,10695,-1036,-1818
kopf,18,72,700,5268,2624,10488,-990,-1962
kopf,18,73,116,6208,1660,10089,-1292,-2242
kopf,18,74,328,7356,40,9626,-1524,-2508
kopf,18,75,1724,7596,-1804,9181,-1525,-2765
kopf,18,76,2676,7692,-3036,8857,-1419,-2880
kopf,18,77,2536,8932,-4700,8479,-1173,-3091
kopf,18,78,3160,8920,-5512,8043,-920,-3333
kopf,18,79,3656,9364,-6636,7759,-522,-3605
kopf,18,80,3800,9640,-7272,7631,-114,-3977
kopf,18,81,3464,10036,-8812,7427,270,-4446
kopf,18,82,3280,10404,-9780,7279,833,-4922
kopf,18,83,3164,11776,-10904,7121,1488,-5185
kopf,18,84,2668,11864,-11232,6866,2237,-5520
kopf,18,85,740,12124,-12200,6730,3106,-5884
kopf,18,86,-1908,12208,-12788,6675,3642,-6160
kopf,18,87,-3388,13680,-13628,6525,4073,-6361
kopf,18,88,-3632,15480,-14880,6145,4486,-6406
kopf,18,89,-7104,18984,-14612,4891,4981,-6176
kopf,18,90,-6748,14496,-13932,4628,4793,-5803
kopf,18,91,-9076,18812,-14000,3981,4828,-5596
kopf,18,92,-10408,18208,-13368,3032,4375,-5134
kopf,18,93,-14136,24272,-2636,3042,3377,-4394
kopf,18,94,-10628,20512,-11652,1604,3256,-4713
kopf,18,95,-9228,21252,-10808,460,2760,-4994
kopf,18,96,-8284,21904,-10456,-1051,2462,-5752
kopf,18,97,-7176,22028,-10420,-2576,2247,-6809
kopf,18,98,-7572,18064,-5628,-3894,2088,-8266
kopf,18,99,-2040,16040,-7956,-5551,2303,-8944
kopf,18,100,-2016,204,-4968,-4846,2898,-8022
kopf,18,101,-6676,-7824,-1888,-2094,3587,-5159
kopf,18,102,-11104,-848,2396,-121,4207,-5003
kopf,18,103,-11280,6996,-1900,147,3298,-5976
kopf,18,104,-10656,9768,-2320,-162,2914,-6432
kopf,18,105,-9768,10164,-6688,-360,3483,-6104
kopf,18,106,-12068,13680,-6744,-820,3433,-5709
kopf,18,107,-13308,16316,-5880,-1474,2955,-5489
kopf,18,108,-14332,9420,-9824,-1876,2185,-5875
kopf,18,109,-14356,15968,-5208,-2651,1541,-5843
kopf,18,110,-12564,10744,-8276,-2872,1199,-6036
kopf,18,111,-11380,10584,-5244,-2505,1526,-5781
kopf,18,112,-11864,8048,-6204,-2493,1256,-5874
kopf,18,113,-11280,7520,-9968,-2651,1198,-5759
kopf,18,114,-12332,9372,-5968,-2598,1329,-5508
kopf,18,115,-12876,9564,-8552,-2619,1095,-5451
kopf,18,116,-14248,7208,-6452,-2928,1199,-5586
kopf,18,117,-14696,9648,-6940,-3204,1012,-5372
kopf,18,118,-16908,10704,-2072,-3648,648,-5486
kopf,18,119,-16896,9532,-1592,-4248,0,-5530
kopf,18,120,-14372,7908,-4892,-5193,295,-5636
kopf,18,121,-16408,1316,-6760,-5223,309,-5306
kopf,18,122,-15172,4076,-5340,-5256,54,-4962
kopf,18,123,-11456,6688,-7968,-5080,-103,-4363
kopf,18,124,-11684,4880,-4208,-4667,-178,-3872
kopf,18,125,-11460,2180,-11228,-4705,809,-3617
kopf,18,126,-12900,784,-9128,-4359,835,-3302
kopf,18,127,-12868,2108,-8084,-4446,1416,-3390
kopf,18,128,-14248,3104,-5668,-4323,1035,-2822
kopf,18,129,-12900,2948,-9716,-4016,1128,-2733
kopf,18,130,-14636,-1412,-7844,-3625,1545,-2932
kopf,18,131,-13952,-1584,-7268,-2961,1821,-2906
kopf,18,132,-16368,-3080,-5652,-2196,1795,-2785
kopf,18,133,-16460,-876,-6880,-1773,1458,-2426
kopf,18,134,-15168,-1952,-7968,-1495,1262,-2022
kopf,18,135,-14096,-2044,-7344,-980,1208,-1491
kopf,18,136,-14232,-3040,-7828,-193,1022,-907
kopf,18,137,-15424,-2936,-7580,286,724,-569
kopf,18,138,-15768,-2096,-7336,760,300,-193
kopf,18,139,-13892,-3776,-7472,1393,-5,225
kopf,18,140,-13252,-7668,-10012,2536,296,435
kopf,18,141,-13436,-5176,-8348,3745,249,770
kopf,18,142,-12912,-2128,-9776,4261,149,1302
kopf,18,143,-14656,-6660,-9036,5160,362,1690
kopf,18,144,-14984,-2324,-9028,5695,54,2362
kopf,18,145,-13492,96,-12948,6097,561,2805
kopf,18,146,-15312,5888,-9720,6177,423,3055
kopf,18,147,-16444,4568,-8492,5185,512,3086
kopf,18,148,-17912,3036,-8972,4124,531,3036
kopf,18,149,-19144,5728,-8700,3603,349,3018
kopf,18,150,-13648,5076,-11068,2461,783,3341
kopf,18,151,-15176,9112,-8472,3157,1453,2798
kopf,18,152,-17348,740,-7392,2491,1322,3309
kopf,18,153,-17112,5384,-7724,2690,894,3514
kopf,18,154,-15556,9220,-3764,2884,427,3850
kopf,18,155,-12976,10612,-7628,2222,250,3679
kopf,18,156,-11928,13372,-3700,2354,-1164,3795
kopf,18,157,-11240,13176,-3760,1803,-1756,3784
kopf,18,158,-11040,10568,-2592,1292,-2428,3278
kopf,18,159,-9256,12728,-2832,687,-2530,2649
kopf,18,160,-9468,12276,-1868,77,-2144,1927
kopf,18,161,-13008,12184,80,-266,-1981,1371
kopf,18,162,-16088,14864,-1000,-639,-2075,827
kopf,18,163,-16812,17512,-1788,-1687,-2602,82
kopf,18,164,-15888,18456,-2240,-3158,-2889,-474
kopf,18,165,-15840,13204,-3056,-4335,-1899,-970
kopf,18,166,-16460,10056,-6032,-4917,-574,-1099
kopf,18,167,-18732,6256,-3888,-5282,603,-1709
kopf,18,168,-17156,8444,-5256,-5558,1269,-2565
kopf,18,169,-18216,6644,-3700,-6314,2206,-3381
kopf,18,170,-18960,6948,-5740,-7123,2319,-3875
kopf,18,171,-15456,7548,-6608,-8028,2351,-4135
kopf,18,172,-13300,8376,-5124,-7914,1900,-4360
kopf,18,173,-11336,4744,-8212,-6887,1178,-3643
kopf,18,174,-11412,1204,-4932,-5831,1935,-4090
kopf,18,175,-11412,1856,-8560,-4772,1449,-3179
kopf,18,176,-16348,2376,-9008,-4097,1649,-3169
kopf,18,177,-13696,5720,-7260,-4292,902,-2788
kopf,18,178,-14048,4992,-5824,-4184,547,-2285
kopf,18,179,-12408,-656,-7304,-3573,630,-1973
kopf,18,180,-10204,-1620,-9272,-3125,1264,-2038
kopf,18,181,-10968,-6656,-9232,-2647,2020,-2379
kopf,18,182,-15888,-4816,-9332,-1955,2091,-2645
kopf,18,183,-14960,-4428,-7808,-1396,2255,-2705
kopf,18,184,-16000,-4276,-8576,-974,2067,-2767
kopf,18,185,-15076,-4256,-8576,-379,1663,-2540
kopf,18,186,-14484,-4636,-8152,173,1355,-2162
kopf,18,187,-13500,-4876,-8148,908,987,-1679
kopf,18,188,-13968,-7348,-8412,2195,911,-972
kopf,18,189,-14508,-7548,-10368,3478,987,-335
kopf,18,190,-15324,-7432,-10220,4418,1210,197
kopf,18,191,-14864,-4408,-10512,5165,1169,845
kopf,18,192,-16928,808,-6068,5707,1083,1378
kopf,18,193,-16520,1544,-9564,5569,965,1904
kopf,18,194,-15388,540,-8576,5615,862,2047
kopf,18,195,-13992,-424,-6972,5742,735,2233
kopf,18,196,-13336,4268,-7456,5518,1056,2277
kopf,18,197,-12156,1132,-14232,4954,1954,2486
kopf,18,198,-15656,-2960,-4340,4278,3414,893
kopf,18,199,-16544,-1152,-14472,3842,2912,1607
kopf,18,200,-18272,1368,-7864,3643,1957,1554
kopf,18,201,-13312,6228,-11980,3244,1146,1743
kopf,18,202,-15208,740,-11148,3698,141,1645
kopf,18,203,-13056,3552,-11648,4182,-1027,1786
kopf,18,204,-12108,4208,-11608,4983,-2168,2328
kopf,18,205,-10936,4156,-13832,5444,-2403,3019
kopf,18,206,-12988,5144,-8968,4516,-2579,3008
kopf,18,207,-12692,4284,-10420,3779,-2687,3155
kopf,18,208,-13588,2188,-10256,2824,-2656,3246
kopf,18,209,-15524,4888,-8804,2920,-3046,2992
kopf,18,210,-18060,4288,-6096,2391,-3192,2529
kopf,18,211,-16324,6872,-9836,1697,-3476,2192
kopf,18,212,-17064,7820,-7244,1148,-3969,2096
kopf,18,213,-15872,5128,-7288,630,-3664,1360
kopf,18,214,-16012,2240,-6712,481,-3382,1014
kopf,18,215,-16700,1728,-6712,440,-3211,741
kopf,18,216,-18132,3028,-5680,564,-3209,463
kopf,18,217,-17944,1928,-6064,701,-3234,216
kopf,18,218,-18376,2908,-4036,898,-3204,-4
kopf,18,219,-17952,3600,-5232,835,-3253,-159
kopf,18,220,-18236,3252,-4660,587,-3269,-350
kopf,18,221,-17784,2100,-900,321,-3744,-585
kopf,18,222,-16520,1680,-2128,204,-3734,-916
kopf,18,223,-15420,1820,-1756,46,-3790,-1172
kopf,18,224,-14644,1904,-2088,121,-3449,-1324
kopf,18,225,-13760,1592,-2024,23,-3134,-1334
kopf,18,226,-13760,2520,-3348,152,-2728,-1091
kopf,18,227,-14696,2988,-3344,249,-2496,-911
kopf,18,228,-15236,3048,-2036,112,-2513,-837
kopf,18,229,-15268,3152,-1944,-158,-2521,-822
kopf,18,230,-16312,2916,-1704,-536,-2700,-902
kopf,18,231,-16892,1940,-1504,-852,-3002,-1015
kopf,18,232,-16444,1656,-2216,-1188,-3150,-977
kopf,18,233,-16900,1092,-2056,-1523,-3148,-867
kopf,18,234,-15788,132,-2804,-1623,-3111,-475
kopf,18,235,-16148,700,-2464,-1521,-2876,119
kopf,18,236,-16348,2408,-1916,-1599,-2747,804
kopf,18,237,-15684,2576,-2084,-1741,-2634,1594
kopf,18,238,-15060,3424,-2860,-1876,-2425,2442
kopf,18,239,-15348,4888,-3456,-2110,-2196,2968
kopf,18,240,-15852,4568,-2968,-2347,-2426,2930
kopf,18,241,-15812,3920,-3400,-2603,-2638,2767
kopf,18,242,-16288,3448,-2960,-2694,-2852,2879
kopf,18,243,-16536,3692,-928,-2810,-3069,2968
kopf,18,244,-14984,4804,-980,-3016,-3159,3099
kopf,18,245,-14672,5572,-692,-3339,-3294,3307
kopf,18,246,-14320,6180,-576,-3718,-3332,3549
kopf,18,247,-14108,6984,172,-4163,-3552,3918
kopf,18,248,-13912,7648,312,-4739,-3798,4468
kopf,18,249,-13500,7564,136,-5560,-3907,5075
kopf,18,250,-14032,6320,-932,-6116,-3919,5343
kopf,18,251,-14152,5304,-108,-6325,-4341,5504
kopf,18,252,-14244,4684,-584,-6263,-4555,5571
kopf,18,253,-15084,6668,-328,-6451,-5038,5382
kopf,18,254,-13724,7292,-1728,-6623,-5825,5288
kopf,18,255,-13020,8432,-2620,-7036,-6461,5091
kopf,18,256,-10900,9124,-1884,-6647,-7055,4788
kopf,18,257,-9320,6804,-1568,-6884,-7046,4668
kopf,18,258,-7592,6336,-1660,-7420,-6740,4529
kopf,18,259,-6040,2368,56,-7000,-6021,4405
kopf,18,260,-4268,3972,-376,-6414,-5138,4275
kopf,18,261,-4376,4444,428,-6430,-4012,4135
kopf,18,262,-4908,3428,1696,-6542,-3192,4026
kopf,18,263,-6036,3508,2860,-6502,-2602,3789
kopf,18,264,-6868,3364,4292,-6059,-2498,3458
kopf,18,265,-7872,3348,5520,-5743,-2795,3017
kopf,18,266,-7776,2844,5812,-5605,-3517,2559
kopf,18,267,-6196,3676,7272,-5305,-4235,2185
kopf,18,268,-3996,3608,6904,-5359,-4721,2149
kopf,18,269,-2348,3512,7156,-5477,-4846,2294
kopf,18,270,-1192,3416,7800,-5684,-4696,2374
kopf,18,271,-448,2996,7784,-5881,-4448,2386
kopf,18,272,-104,2560,8268,-6124,-4287,2611
kopf,18,273,-308,1352,9248,-6523,-4050,2516
kopf,18,274,720,-424,10460,-6813,-3856,2354
kopf,18,275,2936,-3968,10000,-7050,-3484,2431
kopf,18,276,4932,-6028,10340,-6773,-2781,2313
kopf,18,277,5056,-7852,11984,-6320,-1989,2313
kopf,18,278,4624,-9560,11740,-5747,-1149,2201
kopf,18,279,6516,-14884,12532,-4790,-557,1804
kopf,18,280,4300,-3364,11700,-4987,243,1826
kopf,18,281,3088,-11856,14644,-3765,319,2244
kopf,18,282,852,-8668,14604,-3431,1031,959
kopf,18,283,192,-6704,15712,-3602,867,1035
kopf,18,284,-1708,-7860,15728,-3825,669,620
kopf,18,285,-3460,-7200,16112,-4080,231,121
kopf,18,286,-3460,-7612,15644,-4443,-379,-463
kopf,18,287,-2336,-8552,15536,-4861,-618,-1080
kopf,18,288,-1544,-9416,14676,-4974,-773,-1431
kopf,18,289,152,-10260,13640,-5062,-472,-1468
kopf,18,290,7316,-13332,15540,-2719,-8,-1637
kopf,18,291,-624,-8604,13336,-5512,993,-392
kopf,18,292,0,-14708,14216,-4634,1464,-275
kopf,18,293,-1784,-11808,11344,-3244,1838,372
kopf,18,294,-3816,-12724,13484,-2803,2283,1057
kopf,18,295,-5628,-11988,12196,-2329,2615,1566
kopf,18,296,-6804,-14244,12924,-2055,2760,1719
kopf,18,297,-7896,-13328,13764,-1905,2845,1675
kopf,18,298,-10172,-6988,10572,-2121,2675,1530
kopf,18,299,-9992,-11192,13268,-1922,2315,1084
kopf,19,0,-10388,-4104,8468,-48,25,-38
kopf,19,1,-10700,-3820,8764,-51,55,-48
kopf,19,2,-10928,-3480,8792,-91,63,-55
kopf,19,3,-11080,-3568,8504,-115,35,-55
kopf,19,4,-10860,-3624,8516,-120,18,-69
kopf,19,5,-10832,-3736,8600,-116,26,-48
kopf,19,6,-10712,-3712,8496,-108,15,-71
kopf,19,7,-10804,-3716,8492,-117,28,-50
kopf,19,8,-10688,-3672,8444,-129,14,-74
kopf,19,9,-10728,-3676,8556,-144,8,-82
kopf,19,10,-10788,-3788,8524,-147,2,-86
kopf,19,11,-10756,-3828,8356,-155,6,-91
kopf,19,12,-10736,-3932,8548,-149,20,-86
kopf,19,13,-10764,-3724,8476,-148,21,-73
kopf,19,14,-10744,-3768,8612,-158,18,-76
kopf,19,15,-10844,-3732,8384,-155,9,-78
kopf,19,16,-10760,-3640,8428,-168,-3,-89
kopf,19,17,-10708,-3776,8508,-180,-7,-90
kopf,19,18,-10620,-3516,8312,-209,-11,-90
kopf,19,19,-10560,-4276,8604,-146,-15,-124
kopf,19,20,-10912,-3536,8464,-196,34,-19
kopf,19,21,-10336,-4144,8632,-109,10,-60
kopf,19,22,-10552,-3984,8740,-119,81,58
kopf,19,23,-10852,-3892,8496,-108,54,4
kopf,19,24,-10880,-3576,8424,-135,64,44
kopf,19,25,-10940,-3656,8568,-142,29,-5
kopf,19,26,-10848,-3712,8164,-143,-13,-37
kopf,19,27,-10720,-3872,8492,-106,16,-2
kopf,19,28,-10632,-3788,8464,-88,14,-29
kopf,19,29,-10740,-3824,8512,-68,40,7
kopf,19,30,-10860,-3532,8448,-105,35,-3
kopf,19,31,-10920,-3448,8400,-132,19,-38
kopf,19,32,-10796,-3540,8312,-155,2,-57
kopf,19,33,-10652,-3920,8392,-115,17,-28
kopf,19,34,-10672,-3464,8424,-113,26,-59
kopf,19,35,-10272,-4100,8724,-59,106,46
kopf,19,36,-10912,-3548,8416,-106,36,-76
kopf,19,37,-11064,-3612,8452,-184,61,-21
kopf,19,38,-10716,-3528,8344,-185,-16,-114
kopf,19,39,-10868,-3840,8456,-166,2,-79
kopf,19,40,-10412,-4036,8424,-97,20,-46
kopf,19,41,-10660,-3796,8648,-100,60,-35
kopf,19,42,-10748,-3744,8664,-117,55,-49
kopf,19,43,-10880,-3460,8532,-142,58,-57
kopf,19,44,-10936,-3608,8224,-158,13,-99
kopf,19,45,-10920,-3732,8560,-170,6,-75
kopf,19,46,-10656,-3808,8496,-136,-11,-99
kopf,19,47,-10672,-3884,8668,-134,20,-57
kopf,19,48,-10784,-3840,8548,-125,40,-66
kopf,19,49,-10852,-3892,8392,-121,43,-30
kopf,19,50,-10816,-3616,8252,-131,32,-39
kopf,19,51,-10948,-3788,8232,-123,32,-30
kopf,19,52,-10820,-3844,8488,-128,25,-36
kopf,19,53,-10928,-3724,8452,-129,18,-40
kopf,19,54,-10716,-3528,8416,-172,5,-53
kopf,19,55,-10576,-4056,8276,-125,10,-71
kopf,19,56,-11060,-3672,8584,-124,33,-30
kopf,19,57,-10572,-3924,8636,-57,41,-9
kopf,19,58,-10952,-3464,8528,-101,57,-2
kopf,19,59,-11080,-3616,8540,-118,28,-47
kopf,19,60,-11048,-3552,8324,-142,5,-68
kopf,19,61,-10784,-3656,8332,-121,-12,-87
kopf,19,62,-10564,-3932,8288,-90,-10,-82
kopf,19,63,-10508,-3996,8472,-61,28,-43
kopf,19,64,-10660,-3712,8592,-60,35,-49
kopf,19,65,-10744,-3624,8496,-80,50,-46
kopf,19,66,-10920,-3416,8476,-102,26,-77
kopf,19,67,-11044,-3684,8452,-125,5,-77
kopf,19,68,-10856,-3876,8408,-105,3,-82
kopf,19,69,-10564,-3776,8576,-90,11,-54
kopf,19,70,-10728,-3712,8712,-81,41,-58
kopf,19,71,-10752,-3624,8564,-102,32,-66
kopf,19,72,-10776,-3592,8396,-114,20,-76
kopf,19,73,-10892,-3556,8160,-116,8,-97
kopf,19,74,-10760,-3816,8240,-99,8,-91
kopf,19,75,-10720,-3760,8348,-69,20,-68
kopf,19,76,-10640,-3780,8420,-57,42,-56
kopf,19,77,-10780,-3696,8536,-57,45,-37
kopf,19,78,-10876,-3612,8440,-68,42,-38
kopf,19,79,-10948,-3568,8444,-85,12,-57
kopf,19,80,-10844,-3620,8468,-99,-14,-69
kopf,19,81,-11016,-3512,8536,-111,-26,-99
kopf,19,82,-11068,-3504,8636,-131,-40,-125
kopf,19,83,-11328,-3612,8656,-169,-69,-180
kopf,19,84,-11216,-3516,8832,-214,-94,-245
kopf,19,85,-11736,-3480,9136,-330,-93,-357
kopf,19,86,-12432,-3884,9684,-467,-176,-480
kopf,19,87,-13224,-4464,9724,-590,-271,-641
kopf,19,88,-14612,-4724,10360,-671,-308,-786
kopf,19,89,-15052,-4980,10632,-830,-456,-1009
kopf,19,90,-20608,-9204,13176,-664,-423,-1980
kopf,19,91,-20152,-8844,14284,-918,-1216,-3000
kopf,19,92,-18588,-11916,15324,-846,-2483,-5024
kopf,19,93,-15928,-13700,16880,-1061,-3589,-6520
kopf,19,94,-11524,-16276,17876,-165,-4458,-7816
kopf,19,95,-10672,-16000,18184,1008,-5381,-9011
kopf,19,96,-7192,-18156,19172,782,-6607,-10137
kopf,19,97,-1524,-16940,19520,267,-7591,-10973
kopf,19,98,1216,-19800,19184,218,-7818,-11434
kopf,19,99,2200,-23944,19956,995,-7699,-11896
kopf,19,100,2652,-18136,19808,1338,-7835,-12375
kopf,19,101,3700,-17244,18732,1628,-7963,-12961
kopf,19,102,5000,-15968,17108,1905,-7754,-13587
kopf,19,103,5956,-14432,15932,2239,-7634,-14205
kopf,19,104,8332,-13228,14716,2460,-7211,-14378
kopf,19,105,10636,-12716,12516,2659,-6597,-14239
kopf,19,106,11764,-12140,10636,2828,-5593,-13842
kopf,19,107,12472,-11112,8372,3062,-4741,-13401
kopf,19,108,12152,-8648,8064,3245,-3219,-12947
kopf,19,109,10256,-7344,6976,3047,-1774,-12172
kopf,19,110,8064,-5844,6404,2560,-714,-11553
kopf,19,111,5532,-3620,4368,1975,366,-11066
kopf,19,112,2368,-4820,5660,1365,728,-11002
kopf,19,113,1084,-4504,5624,712,860,-10760
kopf,19,114,364,-3848,5580,342,660,-10484
kopf,19,115,212,-3304,5456,-3,657,-10157
kopf,19,116,-184,-3220,5736,-255,661,-9739
kopf,19,117,-84,-2248,6436,-435,630,-9048
kopf,19,118,-732,-2452,7040,-583,756,-8362
kopf,19,119,-1424,-1936,7640,-803,762,-7558
kopf,19,120,-2140,-1696,8920,-940,683,-6796
kopf,19,121,-4068,-1800,9572,-1193,561,-6247
kopf,19,122,-3896,-1868,10768,-1384,239,-5811
kopf,19,123,-3172,-2824,11132,-1483,-33,-5420
kopf,19,124,-2760,-4736,12328,-1313,-399,-5252
kopf,19,125,-1760,-5404,12852,-1335,-215,-4804
kopf,19,126,-332,-7340,13116,-859,-241,-4427
kopf,19,127,-464,-6040,13660,-155,-172,-3890
kopf,19,128,-1240,-4168,15468,306,104,-3375
kopf,19,129,1180,-2492,13116,107,296,-3294
kopf,19,130,1744,-1888,14040,-37,428,-3372
kopf,19,131,2300,-3872,14340,-58,748,-2545
kopf,19,132,1464,-5040,10676,513,1914,-1533
kopf,19,133,-848,-5008,13392,629,1761,-1485
kopf,19,134,-2396,-3788,14632,568,1274,-1664
kopf,19,135,-3420,-4004,14236,309,514,-2516
kopf,19,136,-1912,-4372,13668,72,-151,-3029
kopf,19,137,700,-4212,13296,345,-740,-3262
kopf,19,138,1000,-3348,11760,370,-1169,-3591
kopf,19,139,1956,-2532,11876,128,-1443,-3800
kopf,19,140,3680,-2752,10836,54,-1553,-3916
kopf,19,141,5984,-1320,9052,73,-1629,-3797
kopf,19,142,6800,-1652,6800,-209,-1380,-3836
kopf,19,143,6244,152,7112,-412,-1229,-3670
kopf,19,144,7312,-236,6308,-642,-919,-3630
kopf,19,145,8440,-1612,7180,-840,-688,-3708
kopf,19,146,6836,44,6380,-1258,-235,-3617
kopf,19,147,6756,-1616,7140,-1517,-49,-3471
kopf,19,148,6332,-1312,8192,-1704,270,-3208
kopf,19,149,5108,-424,7640,-1911,659,-2802
kopf,19,150,3776,-1488,8220,-1885,739,-2321
kopf,19,151,5064,-4232,8396,-1803,742,-1911
kopf,19,152,5508,-4556,8952,-1255,828,-1477
kopf,19,153,6160,-5556,8472,-826,1203,-927
kopf,19,154,6432,-4476,8700,-543,1722,-468
kopf,19,155,7492,-4476,10064,-399,2428,-339
kopf,19,156,5516,-6180,9900,-1295,3488,207
kopf,19,157,6808,-2284,12952,-446,4330,250
kopf,19,158,7432,-3332,11120,-396,4859,582
kopf,19,159,3984,-5432,13648,47,5317,1292
kopf,19,160,4628,-4988,13656,304,5329,2043
kopf,19,161,1948,-2020,16252,-79,5927,2352
kopf,19,162,1744,-92,14712,189,5490,2068
kopf,19,163,1972,852,15676,-162,4373,2060
kopf,19,164,2728,808,16728,-74,3799,1727
kopf,19,165,1892,2444,17036,15,2821,1476
kopf,19,166,1408,3924,18092,-27,1486,940
kopf,19,167,3204,5732,18888,-85,41,492
kopf,19,168,4612,7268,18732,-419,-905,367
kopf,19,169,5908,8440,18556,-460,-1583,531
kopf,19,170,6832,7928,18284,-400,-1612,852
kopf,19,171,6164,7716,17156,-52,-1806,1191
kopf,19,172,5800,6428,16472,171,-2105,1254
kopf,19,173,4688,6504,15500,141,-2440,857
kopf,19,174,2724,4716,16032,177,-2756,308
kopf,19,175,2432,4420,13864,150,-3206,-394
kopf,19,176,3596,1712,12748,99,-3229,-1290
kopf,19,177,3256,368,14840,300,-3124,-1838
kopf,19,178,2696,-1044,13400,370,-2829,-2071
kopf,19,179,2584,-1368,12988,458,-2574,-2154
kopf,19,180,1924,-5200,12620,1415,-2764,-2311
kopf,19,181,2444,-268,14760,1241,-2643,-2492
kopf,19,182,6964,-2220,11456,815,-2242,-2782
kopf,19,183,6992,-2016,9036,672,-1426,-2662
kopf,19,184,7732,304,8592,340,-808,-2584
kopf,19,185,6248,-1192,7656,-173,-548,-2541
kopf,19,186,5908,-876,9916,-584,-282,-2599
kopf,19,187,5640,-1764,9344,-1153,144,-2462
kopf,19,188,5372,-1680,8940,-1549,433,-2105
kopf,19,189,4452,-3272,9128,-1636,724,-1563
kopf,19,190,3140,-5668,10320,-1437,990,-782
kopf,19,191,3256,-6484,11352,-1050,1150,-126
kopf,19,192,3276,-6504,12376,-816,1148,252
kopf,19,193,2872,-6624,13456,-694,1009,294
kopf,19,194,4612,-5448,12632,-494,1103,340
kopf,19,195,4820,-4492,13504,-267,1104,377
kopf,19,196,5356,-2972,13336,-99,1001,648
kopf,19,197,6768,-824,11804,-451,900,719
kopf,19,198,7704,-432,11548,-479,970,1271
kopf,19,199,8120,640,10668,-677,1108,1697
kopf,19,200,6544,244,12508,-704,1133,2289
kopf,19,201,3768,452,16048,-808,1350,2489
kopf,19,202,6968,852,10472,-1401,2255,2242
kopf,19,203,3564,880,18160,-1121,2112,2079
kopf,19,204,5524,-2012,12464,-1575,2424,1955
kopf,19,205,4360,916,14580,-1393,1729,1959
kopf,19,206,6916,-1284,12092,-1484,2215,1754
kopf,19,207,4832,264,13192,-1347,1943,1521
kopf,19,208,3420,-976,12116,-1439,1772,1471
kopf,19,209,2604,-1124,15896,-1224,1478,1303
kopf,19,210,1884,-2352,12472,-1054,1073,1138
kopf,19,211,3236,-3796,13420,-942,831,963
kopf,19,212,3812,-764,15084,-395,1173,1037
kopf,19,213,1740,-1436,13504,-468,1303,1326
kopf,19,214,1372,-2012,15848,-236,867,1513
kopf,19,215,2800,-1892,11872,-410,757,1499
kopf,19,216,1724,-1476,11940,-453,737,1479
kopf,19,217,1200,-4204,14108,-42,888,1218
kopf,19,218,884,-1892,14084,176,803,1016
kopf,19,219,176,-3768,14952,510,722,405
kopf,19,220,-8,-3712,13372,931,134,-315
kopf,19,221,3904,1200,12916,785,-170,-275
kopf,19,222,3404,-2268,11356,227,886,-200
kopf,19,223,1048,-4624,12284,411,427,-122
kopf,19,224,3368,612,17036,1027,-167,6
kopf,19,225,2836,-1260,11748,280,-530,12
kopf,19,226,5200,-236,14840,-141,87,679
kopf,19,227,2412,-2256,11612,-78,557,1296
kopf,19,228,2044,-2588,16528,-176,755,1910
kopf,19,229,592,-2976,11260,40,742,2332
kopf,19,230,284,-4060,15124,10,773,2578
kopf,19,231,-424,-4164,14552,271,625,3136
kopf,19,232,-1912,-3880,15800,378,586,3827
kopf,19,233,-1680,-2280,15664,596,446,4401
kopf,19,234,-2688,-1524,15436,716,-132,5151
kopf,19,235,-2764,264,13804,520,-516,6038
kopf,19,236,-1488,1564,13104,38,-688,7004
kopf,19,237,-1788,3120,12900,-362,-868,8277
kopf,19,238,-3308,3120,13616,-933,-1155,9607
kopf,19,239,-2932,2664,9996,-1300,-917,10385
kopf,19,240,-3268,1048,8992,-1778,-504,10779
kopf,19,241,-3332,824,9232,-1984,-270,11146
kopf,19,242,-2964,1260,9436,-2018,-61,11567
kopf,19,243,-2112,936,9076,-2165,367,12283
kopf,19,244,-1100,2484,8620,-2048,967,13155
kopf,19,245,132,3576,7288,-2137,1830,14137
kopf,19,246,624,4464,7976,-2380,2705,15182
kopf,19,247,432,4136,7696,-2628,3651,16092
kopf,19,248,-1104,3576,6884,-2796,4399,16619
kopf,19,249,-3092,3452,7588,-3058,4831,16603
kopf,19,250,-6584,1944,8092,-3511,4680,16001
kopf,19,251,-8592,1388,8948,-3809,3941,14878
kopf,19,252,-10576,-96,7420,-4341,2755,13690
kopf,19,253,-9664,1552,7584,-5239,1891,12744
kopf,19,254,-5184,-4832,10036,-3990,938,11202
kopf,19,255,-4004,-3080,9532,-3363,770,9821
kopf,19,256,-3232,-3028,9044,-3389,821,8808
kopf,19,257,-2244,-2700,9204,-3514,973,7950
kopf,19,258,-1704,-2584,9628,-3645,1222,7484
kopf,19,259,-1712,-3896,9888,-3974,1670,7059
kopf,19,260,-1428,-5124,9748,-4131,2077,6685
kopf,19,261,-1084,-5780,10164,-3990,2466,6179
kopf,19,262,-2740,-7072,10612,-3594,2799,5571
kopf,19,263,-3632,-6644,11124,-3348,3004,4888
kopf,19,264,-5828,-7060,11572,-3021,2896,4188
kopf,19,265,-6228,-6184,11732,-2730,2720,3458
kopf,19,266,-6600,-4996,11360,-2688,2391,2866
kopf,19,267,-10772,-12332,17316,-2374,2223,2497
kopf,19,268,-11204,-1652,9064,-2374,1533,1910
kopf,19,269,-8808,-5104,12004,-4270,1497,1090
kopf,19,270,-7980,-9172,12240,-3834,822,499
kopf,19,271,-8440,-5088,9092,-3776,341,1049
kopf,19,272,-6304,-11028,11564,-1220,147,723
kopf,19,273,-5800,-9720,11768,-1251,336,564
kopf,19,274,-6816,-9404,10376,-1441,505,611
kopf,19,275,-6392,-8784,10984,-1856,767,388
kopf,19,276,-6788,-10360,11224,-1412,813,499
kopf,19,277,-6564,-5928,10160,-1527,1026,341
kopf,19,278,-7676,-7804,9504,-1975,1169,461
kopf,19,279,-6776,-7608,9044,-1995,1319,521
kopf,19,280,-6460,-9512,8904,-2246,1684,753
kopf,19,281,-8472,-10888,10608,-1802,1980,1023
kopf,19,282,-8380,-12100,9916,-1106,1993,975
kopf,19,283,-9580,-10780,9472,-870,2126,974
kopf,19,284,-10020,-10276,9092,-402,1987,852
kopf,19,285,-11104,-9836,9564,-447,1880,763
kopf,19,286,-11824,-8960,9376,-439,1509,625
kopf,19,287,-12380,-8768,9396,-584,1088,327
kopf,19,288,-11936,-8180,8096,-837,683,64
kopf,19,289,-10196,-7512,7664,-827,364,-214
kopf,19,290,-9216,-7872,7116,-815,253,-393
kopf,19,291,-8260,-7300,5840,-779,331,-567
kopf,19,292,-7104,-6668,5020,-847,577,-762
kopf,19,293,-5912,-7976,3688,-874,769,-852
kopf,19,294,-1904,-28512,7932,-1262,3098,2025
kopf,19,295,-18744,-32768,11164,4757,6033,5752
kopf,19,296,-23620,-18052,20616,6367,3644,8221
kopf,19,297,-17612,-9704,9556,6768,3071,6702
kopf,19,298,-11752,-4056,5168,6617,3351,5767
kopf,19,299,-15264,-92,9568,5765,3088,4679
kopf,20,0,-12168,-1320,7288,-108,46,-65
kopf,20,1,-12188,-1456,7408,-113,50,-59
kopf,20,2,-12344,-1392,7268,-122,51,-65
kopf,20,3,-12356,-1388,7416,-136,48,-73
kopf,20,4,-12336,-1396,7484,-142,38,-87
kopf,20,5,-12184,-1480,7360,-144,33,-99
kopf,20,6,-12312,-1488,7188,-151,35,-103
kopf,20,7,-12164,-1560,7328,-139,30,-96
kopf,20,8,-12140,-1568,7392,-129,38,-82
kopf,20,9,-12280,-1520,7460,-126,34,-66
kopf,20,10,-12228,-1536,7344,-126,34,-66
kopf,20,11,-12344,-1432,7440,-129,22,-61
kopf,20,12,-12196,-1468,7360,-140,18,-61
kopf,20,13,-12208,-1480,7264,-128,21,-59
kopf,20,14,-12244,-1552,7372,-130,19,-72
kopf,20,15,-12216,-1500,7216,-126,9,-73
kopf,20,16,-12204,-1492,7360,-127,9,-73
kopf,20,17,-12236,-1412,7348,-132,12,-77
kopf,20,18,-12272,-1460,7328,-130,6,-85
kopf,20,19,-12280,-1472,7320,-125,6,-87
kopf,20,20,-12284,-1556,7344,-128,-1,-83
kopf,20,21,-12320,-1472,7516,-129,-13,-87
kopf,20,22,-12208,-1356,7440,-129,-9,-94
kopf,20,23,-12232,-1444,7160,-142,3,-99
kopf,20,24,-12216,-1356,7288,-144,3,-112
kopf,20,25,-12328,-1200,7608,-162,-27,-133
kopf,20,26,-12628,-1424,7644,-189,-27,-169
kopf,20,27,-12988,-1156,7796,-227,-55,-237
kopf,20,28,-13100,-884,7984,-315,-92,-368
kopf,20,29,-13792,-740,8140,-478,-131,-576
kopf,20,30,-14628,-216,8368,-613,-386,-737
kopf,20,31,-15140,-912,8476,-989,-442,-1193
kopf,20,32,-16176,-320,8792,-1286,-662,-1670
kopf,20,33,-17332,32,8920,-1681,-800,-2256
kopf,20,34,-18256,-244,8708,-2204,-894,-3131
kopf,20,35,-19744,-884,10112,-2670,-1236,-4046
kopf,20,36,-21776,-2756,10400,-3069,-1971,-5108
kopf,20,37,-20896,-5396,12852,-3309,-2794,-6035
kopf,20,38,-21676,-5304,12028,-2818,-4364,-6376
kopf,20,39,-22028,-8204,12608,-2508,-5629,-7030
kopf,20,40,-23044,-9920,14144,-2024,-7261,-7800
kopf,20,41,-19424,-10020,11516,-1990,-8634,-8082
kopf,20,42,-18228,-12844,14456,-1865,-9623,-8462
kopf,20,43,-12488,-12488,12672,-1767,-9900,-8313
kopf,20,44,-10572,-16760,15024,-1682,-10631,-7876
kopf,20,45,-7840,-20256,14424,-1012,-11107,-7558
kopf,20,46,-3792,-17808,14520,-150,-10633,-7402
kopf,20,47,-4524,-21220,15916,728,-11036,-7919
kopf,20,48,-916,-17672,16180,992,-10882,-8016
kopf,20,49,2604,-13980,15028,1611,-10654,-8063
kopf,20,50,6620,-16092,12716,1721,-9818,-8027
kopf,20,51,7716,-15692,13212,2262,-9101,-8012
kopf,20,52,8288,-13388,12668,2396,-8262,-7890
kopf,20,53,8624,-15276,10600,2577,-7650,-8195
kopf,20,54,10232,-10648,10504,2511,-6794,-8322
kopf,20,55,12076,-5520,6740,1754,-5186,-8181
kopf,20,56,14728,-11572,5936,2883,-4415,-8228
kopf,20,57,12636,-10316,6956,3258,-3297,-7960
kopf,20,58,10440,-10996,5944,3750,-2549,-7675
kopf,20,59,9232,-7956,5864,3890,-1771,-7226
kopf,20,60,9736,-4984,5344,3917,-1137,-6858
kopf,20,61,8872,-4128,4836,3660,-534,-6601
kopf,20,62,8904,-2580,4640,3363,-17,-6339
kopf,20,63,7788,-408,4980,2944,399,-6127
kopf,20,64,5544,316,4964,2519,515,-6157
kopf,20,65,4508,692,5236,2293,504,-6274
kopf,20,66,4860,2244,5164,2050,557,-6222
kopf,20,67,5756,2420,4772,1838,811,-5934
kopf,20,68,5152,2964,5432,1689,1017,-5462
kopf,20,69,3472,2780,5728,1599,1105,-5092
kopf,20,70,2296,3036,5960,1545,1016,-4809
kopf,20,71,1684,4144,6328,1413,921,-4604
kopf,20,72,1536,5032,7164,1159,788,-4432
kopf,20,73,1240,5864,6884,717,679,-4256
kopf,20,74,1168,5580,8072,401,510,-4105
kopf,20,75,1484,4472,8052,42,531,-4162
kopf,20,76,1808,3588,8340,-328,647,-4326
kopf,20,77,2332,2876,9048,-454,778,-4450
kopf,20,78,2180,2988,9540,-395,915,-4226
kopf,20,79,1632,2668,9844,-234,880,-3933
kopf,20,80,988,2032,10788,-238,927,-3813
kopf,20,81,836,2140,11344,-197,833,-3816
kopf,20,82,1196,2680,11768,-258,751,-3701
kopf,20,83,1348,1692,11516,-255,714,-3671
kopf,20,84,1048,892,12216,-307,534,-3525
kopf,20,85,2856,6432,9896,284,-1057,-2969
kopf,20,86,-32464,-8268,22736,4075,-2732,-1936
kopf,20,87,-32768,-1756,15096,5646,-5962,-3704
kopf,20,88,784,10924,5724,1172,-7910,-5498
kopf,20,89,21576,4120,5036,-2107,-4090,-3085
kopf,20,90,21256,1280,11876,-628,-1198,-557
kopf,20,91,11220,-2344,7564,1909,170,-482
kopf,20,92,8900,1212,8528,2842,851,-222
kopf,20,93,12648,3592,9072,1922,1438,-123
kopf,20,94,14116,1968,8560,1607,1790,50
kopf,20,95,13852,1420,7012,2349,2087,347
kopf,20,96,11464,1420,7880,2959,2129,720
kopf,20,97,10924,3236,4580,3137,2312,1120
kopf,20,98,8680,3960,7756,3642,2768,1826
kopf,20,99,7304,5544,6524,4029,3437,2474
kopf,20,100,4108,5896,7296,3999,3591,2521
kopf,20,101,3384,7148,9064,3703,3364,2328
kopf,20,102,5016,6624,8484,3198,3264,2108
kopf,20,103,7172,5992,9340,3131,3450,2230
kopf,20,104,9872,5452,8304,3188,3800,2264
kopf,20,105,10248,4936,8720,3345,4176,2263
kopf,20,106,10708,4808,8708,3596,4773,2444
kopf,20,107,10232,5112,8788,3928,5050,2353
kopf,20,108,9664,5352,8516,3808,5403,2060
kopf,20,109,8056,5664,6976,4046,5530,1904
kopf,20,110,4136,7788,9140,4033,4904,1564
kopf,20,111,8304,7556,8636,3811,5279,920
kopf,20,112,8440,8104,7484,3933,5540,1154
kopf,20,113,8764,7768,7268,4245,5821,1389
kopf,20,114,7480,7152,8428,4483,6097,1377
kopf,20,115,7888,6960,6972,4796,6513,1249
kopf,20,116,8728,7876,6580,5299,7030,1268
kopf,20,117,9132,11988,5656,5710,7327,1553
kopf,20,118,616,11336,6300,5980,8060,1961
kopf,20,119,-6000,12628,6188,6133,7641,2403
kopf,20,120,-9540,14536,6812,6038,6553,2246
kopf,20,121,-9376,16620,5692,5253,5634,1536
kopf,20,122,-8128,18252,6520,4494,4653,1010
kopf,20,123,-7740,19416,5968,3618,3740,299
kopf,20,124,-6964,19304,5000,2846,2914,-98
kopf,20,125,-6648,19468,2600,2254,2305,-520
kopf,20,126,-4476,18456,1792,1625,1791,-551
kopf,20,127,-4620,17800,340,1351,1631,-417
kopf,20,128,-3916,16708,-88,1134,1366,77
kopf,20,129,-4012,15140,700,1132,1253,428
kopf,20,130,-3096,13856,284,1372,1000,684
kopf,20,131,-3052,14188,504,1484,738,557
kopf,20,132,-4108,14100,1804,1584,229,395
kopf,20,133,-6144,14868,3348,1479,-612,-93
kopf,20,134,-7496,14504,5332,1223,-1675,-772
kopf,20,135,-8236,15104,6784,765,-2705,-1440
kopf,20,136,-7360,15252,7260,340,-3696,-2118
kopf,20,137,-5960,16536,8268,-132,-4370,-2627
kopf,20,138,-4240,16876,7376,-778,-4794,-3059
kopf,20,139,-2672,16548,7936,-1433,-4712,-3245
kopf,20,140,-1432,15948,8784,-1818,-4246,-3223
kopf,20,141,-2200,16460,7580,-2064,-3839,-3152
kopf,20,142,-1916,16792,6376,-2268,-3212,-2942
kopf,20,143,-2944,16820,6800,-2715,-3118,-2925
kopf,20,144,-3728,15568,5556,-3092,-3058,-2837
kopf,20,145,-4796,14988,4380,-3325,-2998,-2683
kopf,20,146,-4248,14788,3012,-3380,-3126,-2459
kopf,20,147,-3524,14000,1548,-3496,-3175,-2444
kopf,20,148,-4644,13432,4924,-3512,-3487,-2455
kopf,20,149,-4024,14300,7544,-3553,-4059,-2472
kopf,20,150,-2396,13500,2724,-3814,-4164,-2793
kopf,20,151,-2864,14644,7372,-3899,-4606,-2735
kopf,20,152,-2004,11992,4728,-4080,-4852,-3238
kopf,20,153,-2512,14296,7808,-4317,-5579,-3400
kopf,20,154,-2124,13532,8712,-4981,-5977,-3763
kopf,20,155,1436,11128,7816,-5104,-6172,-4053
kopf,20,156,4000,10400,5772,-5039,-5713,-3838
kopf,20,157,3660,8556,8876,-4756,-5494,-3568
kopf,20,158,4616,7716,11460,-4151,-5157,-3408
kopf,20,159,3416,6576,8612,-4048,-4805,-3545
kopf,20,160,5084,5872,9712,-3694,-4507,-3109
kopf,20,161,4760,4632,9208,-3402,-4190,-2958
kopf,20,162,6476,5600,10512,-3039,-3553,-2316
kopf,20,163,5552,6332,10924,-2804,-3116,-1700
kopf,20,164,4232,6008,9984,-2627,-2665,-1230
kopf,20,165,3968,6388,10392,-2639,-2034,-585
kopf,20,166,3116,6604,10124,-2883,-1478,-107
kopf,20,167,3288,5556,10448,-3055,-970,419
kopf,20,168,1336,5972,10324,-3142,-644,700
kopf,20,169,1932,4688,10592,-3360,-63,1190
kopf,20,170,2844,5156,10676,-3402,805,1950
kopf,20,171,3216,2412,10520,-3144,1879,2762
kopf,20,172,2380,3916,9024,-2556,3055,3597
kopf,20,173,304,3912,11456,-2155,3906,4394
kopf,20,174,-580,4756,9252,-1983,4526,4958
kopf,20,175,-3220,3016,9516,-2019,4782,5149
kopf,20,176,-4460,1824,11200,-1766,4270,4871
kopf,20,177,-4700,524,11120,-1824,3450,4339
kopf,20,178,-4228,1260,12612,-1612,1851,4077
kopf,20,179,-5004,820,13760,-1441,127,4305
kopf,20,180,-4484,592,13980,-1332,-848,4649
kopf,20,181,-5120,-2076,14264,-1182,-1536,4766
kopf,20,182,-1016,724,14736,-1026,-1794,5378
kopf,20,183,-1296,-1332,13684,-843,-2314,5412
kopf,20,184,-48,-1020,13476,-792,-2465,5525
kopf,20,185,1160,-1264,13076,-742,-2437,5604
kopf,20,186,1820,-1648,12772,-672,-2272,5609
kopf,20,187,1992,-2108,12276,-497,-2059,5395
kopf,20,188,3272,-1120,12776,-471,-1753,5442
kopf,20,189,3096,-1136,12584,-383,-1566,5220
kopf,20,190,3260,-640,12820,-380,-1347,5050
kopf,20,191,3216,-356,13120,-362,-1207,4869
kopf,20,192,3656,-260,13120,-298,-1159,4813
kopf,20,193,4764,-88,13096,-202,-970,4975
kopf,20,194,5384,-252,12904,-49,-647,5330
kopf,20,195,6248,-464,12668,181,-286,5846
kopf,20,196,7200,-792,12268,489,229,6557
kopf,20,197,5940,20,12320,728,638,7084
kopf,20,198,4308,500,12760,798,718,7111
kopf,20,199,2940,32,12628,869,595,6668
kopf,20,200,3216,1020,13048,458,209,6405
kopf,20,201,4156,964,12260,324,-89,5821
kopf,20,202,5116,1384,11560,182,-270,5431
kopf,20,203,6288,1636,10796,145,-343,5178
kopf,20,204,7512,2068,9896,118,-242,5101
kopf,20,205,7992,2728,9016,103,-59,5147
kopf,20,206,8308,3356,8296,19,121,5235
kopf,20,207,8424,3948,7840,-152,316,5301
kopf,20,208,8460,4496,7548,-415,510,5315
kopf,20,209,8652,4688,7068,-760,703,5301
kopf,20,210,8556,4720,7100,-1165,937,5188
kopf,20,211,8512,4320,6716,-1540,1167,4938
kopf,20,212,8212,3996,6688,-1850,1311,4569
kopf,20,213,9492,944,7440,-2030,1380,4105
kopf,20,214,4804,5688,5620,-2855,1171,3806
kopf,20,215,7424,2352,8276,-2583,839,2772
kopf,20,216,7400,2956,8148,-2673,623,2080
kopf,20,217,7560,3436,7728,-3348,447,1811
kopf,20,218,4888,4648,5564,-3849,584,1720
kopf,20,219,9280,-36,7816,-3004,615,1170
kopf,20,220,8396,120,8652,-3703,856,1327
kopf,20,221,8124,-424,8076,-4050,934,1397
kopf,20,222,8996,-2344,8916,-4056,1095,1488
kopf,20,223,9344,-2492,9300,-4071,1248,1598
kopf,20,224,9356,-3372,9172,-4015,1461,1581
kopf,20,225,9760,-3996,9420,-3883,1722,1516
kopf,20,226,9804,-4424,8964,-3673,2062,1428
kopf,20,227,9964,-5212,9164,-3339,2486,1171
kopf,20,228,8836,-4564,10144,-3615,2956,1071
kopf,20,229,8564,-4592,10588,-3965,3441,1052
kopf,20,230,7704,-6348,11280,-4244,3984,1185
kopf,20,231,6392,-6948,10244,-4027,4634,1472
kopf,20,232,3572,-7812,10856,-3646,5089,1700
kopf,20,233,1108,-6484,11836,-3594,5240,1494
kopf,20,234,-724,-9276,12752,-3620,4776,1152
kopf,20,235,-2876,-8152,12236,-3957,4284,904
kopf,20,236,-2888,-9252,13360,-4092,3866,550
kopf,20,237,-3420,-8788,12988,-4209,3301,382
kopf,20,238,-2524,-10404,13484,-4272,3002,412
kopf,20,239,-2080,-10608,13092,-4221,3022,755
kopf,20,240,-1848,-11956,11448,-4037,3199,1189
kopf,20,241,-2344,-12576,11408,-3562,3390,1425
kopf,20,242,-2600,-16088,12632,-3037,3554,1543
kopf,20,243,-3708,-15548,11836,-2485,3585,1558
kopf,20,244,-4664,-17088,13452,-2191,3774,1723
kopf,20,245,-3724,-15168,11500,-1879,3895,1811
kopf,20,246,-4508,-13752,10280,-1844,4166,2162
kopf,20,247,-4640,-14796,10696,-1796,4451,2500
kopf,20,248,-5252,-15192,9456,-1455,4827,2815
kopf,20,249,-5480,-14168,9276,-1125,5184,3004
kopf,20,250,-11064,-22508,9576,-1150,5596,3065
kopf,20,251,-8464,-32768,19052,1127,7389,6111
kopf,20,252,-15244,-15100,12452,2146,7581,7544
kopf,20,253,-14980,-20644,14364,5149,5376,6814
kopf,20,254,-14076,-7260,10616,5428,5318,5577
kopf,20,255,-10828,-7280,8784,4736,4905,5110
kopf,20,256,-9844,-5484,7748,3953,4989,4781
kopf,20,257,-12796,-5416,7548,3714,4938,4358
kopf,20,258,-16064,-6828,8052,3883,4064,3886
kopf,20,259,-17852,-5244,7956,3441,3113,3511
kopf,20,260,-18228,-4508,7924,2873,2063,3035
kopf,20,261,-17388,-2560,8036,2100,1275,2610
kopf,20,262,-15628,-4304,8728,1809,575,2256
kopf,20,263,-12684,-4760,8980,1638,374,1893
kopf,20,264,-11220,-4416,9004,1372,492,1675
kopf,20,265,-11360,-4068,9088,1192,687,1427
kopf,20,266,-12012,-3460,9308,995,795,1119
kopf,20,267,-13268,-2736,9212,786,748,775
kopf,20,268,-13912,-2348,9348,547,618,435
kopf,20,269,-14164,-2192,9104,334,411,129
kopf,20,270,-13844,-2200,8792,137,144,-158
kopf,20,271,-13296,-2700,8796,19,-65,-335
kopf,20,272,-12296,-3220,8820,-42,-218,-421
kopf,20,273,-11336,-3720,8416,-125,-276,-441
kopf,20,274,-10500,-3604,8404,-107,-231,-413
kopf,20,275,-9928,-3716,8140,-85,-136,-347
kopf,20,276,-9644,-3648,8148,3,-73,-245
kopf,20,277,-9900,-3584,7652,-88,120,-147
kopf,20,278,-9792,-3540,7948,113,96,-75
kopf,20,279,-10172,-4944,8308,262,118,112
kopf,20,280,-9708,-4244,8176,346,249,162
kopf,20,281,-10608,-5308,8608,406,296,356
kopf,20,282,-10280,-3536,8148,454,446,371
kopf,20,283,-11092,-4244,8568,485,441,515
kopf,20,284,-10640,-3084,8244,519,508,473
kopf,20,285,-11956,-3828,7828,394,493,528
kopf,20,286,-11200,-2820,8316,467,489,421
kopf,20,287,-11404,-3976,8588,503,460,450
kopf,20,288,-11312,-2864,8596,496,494,403
kopf,20,289,-12092,-4184,8864,486,437,409
kopf,20,290,-11588,-2576,8364,400,486,335
kopf,20,291,-12244,-2368,8432,338,496,302
kopf,20,292,-11484,-1680,8508,328,350,233
kopf,20,293,-11932,-2616,8308,263,363,210
kopf,20,294,-11820,-2368,8424,211,299,153
kopf,20,295,-11924,-2600,8352,180,279,90
kopf,20,296,-11408,-2188,7988,131,227,69
kopf,20,297,-11628,-2292,8172,104,260,71
kopf,20,298,-11508,-2572,8000,105,226,60
kopf,20,299,-11412,-2688,7860,113,254,65
tisch,1,0,-12040,-1816,7672,-127,28,-57
tisch,1,1,-11880,-1848,7568,-118,30,-60
tisch,1,2,-11936,-1776,7600,-122,24,-61
tisch,1,3,-11916,-1772,7624,-132,24,-66
tisch,1,4,-11988,-1912,7596,-123,28,-61
tisch,1,5,-11936,-1688,7652,-124,24,-78
tisch,1,6,-11884,-1788,7624,-127,23,-73
tisch,1,7,-11960,-1800,7688,-129,23,-72
tisch,1,8,-11932,-1720,7688,-132,23,-76
tisch,1,9,-11992,-1808,7480,-126,23,-67
tisch,1,10,-11880,-1812,7692,-131,23,-69
tisch,1,11,-11812,-1848,7644,-125,27,-64
tisch,1,12,-11904,-1676,7692,-129,23,-63
tisch,1,13,-11956,-1744,7792,-132,24,-64
tisch,1,14,-12004,-1792,7600,-122,27,-66
tisch,1,15,-11908,-1832,7624,-124,30,-65
tisch,1,16,-11992,-1820,7664,-117,25,-69
tisch,1,17,-11924,-1864,7624,-121,25,-66
tisch,1,18,-11964,-1720,7656,-122,25,-67
tisch,1,19,-11860,-1796,7520,-125,30,-63
tisch,1,20,-11856,-1720,7520,-126,27,-71
tisch,1,21,-11900,-1740,7528,-134,22,-73
tisch,1,22,-11968,-1748,7680,-124,30,-64
tisch,1,23,-11992,-1792,7672,-120,23,-74
tisch,1,24,-12036,-1888,7580,-131,27,-66
tisch,1,25,-12048,-1768,7632,-139,21,-69
tisch,1,26,-11984,-1824,7676,-133,27,-67
tisch,1,27,-11912,-1824,7648,-129,23,-72
tisch,1,28,-11928,-1816,7736,-124,23,-64
tisch,1,29,-11848,-1956,7668,-126,23,-75
tisch,1,30,-11940,-1792,7720,-119,24,-72
tisch,1,31,-11920,-1876,7540,-126,21,-72
tisch,1,32,-12000,-1884,7628,-130,20,-68
tisch,1,33,-12056,-1744,7580,-134,23,-73
tisch,1,34,-12000,-1752,7648,-140,15,-74
tisch,1,35,-11996,-1680,7532,-135,18,-71
tisch,1,36,-11936,-1784,7628,-137,23,-70
tisch,1,37,-11928,-1888,7540,-134,22,-71
tisch,1,38,-11988,-1804,7628,-127,19,-60
tisch,1,39,-11948,-1912,7556,-119,21,-60
tisch,1,40,-11940,-1760,7624,-122,24,-58
tisch,1,41,-12000,-1840,7468,-119,23,-61
tisch,1,42,-11944,-1844,7676,-121,22,-62
tisch,1,43,-11968,-1744,7576,-128,17,-66
tisch,1,44,-11988,-1708,7672,-130,20,-68
tisch,1,45,-11904,-1816,7604,-138,23,-70
tisch,1,46,-12024,-1828,7640,-136,15,-70
tisch,1,47,-12040,-1720,7676,-147,12,-84
tisch,1,48,-12112,-1744,7844,-157,1,-92
tisch,1,49,-12444,-1584,7948,-198,-31,-137
tisch,1,50,-12392,-1604,7996,-257,-66,-186
tisch,1,51,-12716,-680,9272,-230,-171,-142
tisch,1,52,-12780,-1520,8304,-404,-106,-280
tisch,1,53,-12720,-1188,8576,-554,-153,-390
tisch,1,54,-13144,-912,8584,-711,-199,-485
tisch,1,55,-13100,-1012,8504,-898,-266,-621
tisch,1,56,-12636,-1120,8676,-1021,-368,-751
tisch,1,57,-13588,-1712,9048,-1236,-322,-949
tisch,1,58,-14128,-1236,9504,-1493,-439,-1230
tisch,1,59,-14656,-1520,9816,-1812,-370,-1516
tisch,1,60,-13680,-4032,9916,-1652,-488,-1976
tisch,1,61,-14776,-564,9160,-1729,-193,-2344
tisch,1,62,-14280,-2648,9164,-1652,-171,-2576
tisch,1,63,-14036,-2232,8772,-1704,188,-2761
tisch,1,64,-14828,-3060,8452,-1618,468,-2885
tisch,1,65,-15520,-4020,7980,-1448,582,-3199
tisch,1,66,-16852,-3816,7904,-1497,334,-3619
tisch,1,67,-17952,-4584,8608,-1418,-237,-4097
tisch,1,68,-20292,-8508,9628,-929,-1407,-4765
tisch,1,69,-17964,-7624,9096,-817,-3005,-5606
tisch,1,70,-15740,-6012,8504,-415,-4166,-5352
tisch,1,71,-13156,-5092,9100,-290,-4900,-4264
tisch,1,72,-11368,-6568,8516,174,-5228,-2839
tisch,1,73,-8684,-5832,7676,610,-5243,-1594
tisch,1,74,-6868,-4424,7812,721,-4773,-129
tisch,1,75,-6776,-4712,8472,855,-3992,1522
tisch,1,76,-8300,-3904,8868,1056,-3393,2157
tisch,1,77,-7944,-2844,9776,804,-3160,2474
tisch,1,78,-7348,-1436,8952,256,-2945,2217
tisch,1,79,-6056,288,9440,-571,-2868,1822
tisch,1,80,-3980,228,8544,-1341,-2494,1538
tisch,1,81,-1564,1260,8236,-1976,-2152,1504
tisch,1,82,776,1268,7304,-2569,-1407,1486
tisch,1,83,2192,-248,5680,-3395,-453,862
tisch,1,84,1816,-928,4640,-4297,160,3
tisch,1,85,1048,-1424,4692,-4922,1040,-418
tisch,1,86,256,-3004,4660,-5144,2179,-483
tisch,1,87,-748,-5032,4656,-5176,2922,-890
tisch,1,88,-2252,-6932,4776,-4975,3175,-1544
tisch,1,89,-3488,-8640,4892,-4811,3209,-1813
tisch,1,90,-3132,-10848,5308,-4298,2849,-1710
tisch,1,91,-2640,-14008,5728,-3583,2804,-1556
tisch,1,92,-1944,-18008,5580,-2355,2610,-1370
tisch,1,93,-752,-19868,6316,-759,2640,-1054
tisch,1,94,80,-20680,5820,723,3006,-466
tisch,1,95,-404,-20724,5284,2247,3637,311
tisch,1,96,-1904,-19232,6028,3492,4217,1205
tisch,1,97,-2988,-15744,4488,4096,5278,1910
tisch,1,98,-3600,-11052,4232,4142,6203,2579
tisch,1,99,-3772,-8144,3468,3848,7336,2995
tisch,1,100,-5336,-4552,2644,3366,8408,3335
tisch,1,101,-10656,-3148,3616,3273,8875,3756
tisch,1,102,-15136,-176,3616,2878,8648,3841
tisch,1,103,-21924,2032,4244,1835,7666,3151
tisch,1,104,-26828,3876,4116,349,6062,2281
tisch,1,105,-28588,5676,5840,-662,3889,1802
tisch,1,106,-32768,2252,5560,-1452,1949,1262
tisch,1,107,-30908,2148,4632,-1800,-253,401
tisch,1,108,-29236,2976,4848,-2165,-2210,84
tisch,1,109,-25468,2288,4152,-3028,-3309,-50
tisch,1,110,-22416,-1616,3052,-3840,-4246,-530
tisch,1,111,-20296,-6580,4672,-3830,-4848,-1125
tisch,1,112,-14988,-7832,3572,-4123,-5275,-1842
tisch,1,113,-11340,-12376,3528,-4257,-4541,-2385
tisch,1,114,-7484,-16796,3576,-3630,-3001,-2748
tisch,1,115,-5060,-16116,4100,-2497,-1695,-2936
tisch,1,116,-4376,-14608,2504,-1658,-317,-2370
tisch,1,117,-5228,-13468,2520,-967,867,-1847
tisch,1,118,-5900,-14128,1784,-35,986,-1445
tisch,1,119,-6388,-17280,3292,1500,873,-1133
tisch,1,120,-6040,-15352,2660,2776,994,-504
tisch,1,121,-6960,-8612,1036,2982,1863,789
tisch,1,122,-8596,-1076,1772,2286,2821,2401
tisch,1,123,-11536,744,1220,771,3551,3407
tisch,1,124,-12884,300,1104,-549,3362,3445
tisch,1,125,-15236,-2248,1112,-1527,2621,2004
tisch,1,126,-16212,-4476,1532,-1994,1463,-283
tisch,1,127,-17168,-4008,2352,-2376,323,-2465
tisch,1,128,-28356,-10940,7412,-1634,-2505,-3320
tisch,1,129,-17580,-6912,4984,-2375,-3901,-3841
tisch,1,130,-18168,-9284,4068,-3026,-4118,-4757
tisch,1,131,-12484,-9456,3180,-2687,-3977,-4043
tisch,1,132,-6580,-12780,1732,-2452,-1931,-1322
tisch,1,133,412,-14380,-552,-785,16,1597
tisch,1,134,-3008,-11384,-64,796,1977,4550
tisch,1,135,-10976,-8584,1076,1920,3376,6935
tisch,1,136,-13512,-8600,3284,2478,2974,7807
tisch,1,137,-16220,-8164,3572,2635,2494,7169
tisch,1,138,-16368,-7084,3036,2320,1916,5720
tisch,1,139,-16136,-4744,4088,1502,1178,3049
tisch,1,140,-15656,-2948,3848,58,68,-340
tisch,1,141,-14360,-2628,3268,-1087,-881,-3083
tisch,1,142,-10896,-2272,2480,-1745,-1313,-4806
tisch,1,143,-9376,-4272,3216,-2260,-1342,-5566
tisch,1,144,-8776,-5560,2616,-2950,-907,-5791
tisch,1,145,-8848,-8572,2404,-2936,-265,-5824
tisch,1,146,-9472,-11120,3688,-1743,65,-4585
tisch,1,147,-24972,-12196,7492,929,-1164,-799
tisch,1,148,-12972,-8748,6560,502,235,1749
tisch,1,149,-9632,-10496,4832,1655,258,4299
tisch,1,150,-13144,-7580,4600,2850,684,6380
tisch,1,151,-13696,-6844,4856,3111,500,6314
tisch,1,152,-13756,-5088,4416,2471,276,4833
tisch,1,153,-14088,-3008,4636,1104,157,2217
tisch,1,154,-15092,-2500,4752,-651,-358,-1016
tisch,1,155,-13200,-2980,4936,-1829,-1137,-3878
tisch,1,156,-11520,-2040,4380,-2870,-1519,-6008
tisch,1,157,-8904,-3792,4868,-3603,-1576,-7023
tisch,1,158,-9076,-5188,3724,-4443,-1253,-7405
tisch,1,159,-11392,-13956,8952,-3991,-1009,-7099
tisch,1,160,-13936,-10692,5624,-1409,-2239,-4032
tisch,1,161,-13288,-10308,6480,-1509,-956,-2229
tisch,1,162,-9844,-12188,7624,-506,224,806
tisch,1,163,-6832,-8232,4292,211,1236,3024
tisch,1,164,-11020,-7872,4528,1421,1294,4324
tisch,1,165,-12392,-5804,4344,1472,1146,4664
tisch,1,166,-13600,-8068,4120,1157,1032,3812
tisch,1,167,-13952,-6052,4428,505,827,2243
tisch,1,168,-14112,-5748,4680,-484,207,-18
tisch,1,169,-12864,-6416,4720,-1178,-729,-2238
tisch,1,170,-11152,-5828,3760,-1707,-1186,-3831
tisch,1,171,-9184,-6228,3508,-2297,-1102,-4581
tisch,1,172,-8496,-7804,3000,-2810,-433,-4805
tisch,1,173,-9324,-10988,3940,-2265,-106,-4095
tisch,1,174,-10932,-10776,4580,-1277,37,-2342
tisch,1,175,-11784,-10188,5524,-201,195,-17
tisch,1,176,-13672,-9252,5932,456,326,2279
tisch,1,177,-12432,-10452,5640,1417,76,3900
tisch,1,178,-12672,-9432,4952,1835,-26,4690
tisch,1,179,-12584,-10192,4016,1866,-33,4424
tisch,1,180,-11664,-8872,3948,1369,53,2984
tisch,1,181,-10720,-7864,3532,345,-46,555
tisch,1,182,-9284,-8624,4252,-589,-462,-1972
tisch,1,183,-8068,-6844,3536,-1423,-667,-4018
tisch,1,184,-7688,-7328,3308,-2055,-736,-5106
tisch,1,185,-6756,-7568,2624,-2587,-170,-5362
tisch,1,186,-7216,-9108,2024,-2918,515,-5404
tisch,1,187,-10772,-9324,2816,-3069,740,-5034
tisch,1,188,-12444,-8456,3728,-2827,552,-4203
tisch,1,189,-13008,-9772,4208,-2629,456,-2123
tisch,1,190,-12596,-10456,5760,-1693,438,543
tisch,1,191,-15304,-10004,6064,-739,310,3248
tisch,1,192,-16668,-10396,6016,-98,-230,5212
tisch,1,193,-16608,-10140,4956,577,-933,6320
tisch,1,194,-15344,-11312,4204,790,-1527,6372
tisch,1,195,-14056,-10140,2544,529,-1707,5512
tisch,1,196,-9580,-8044,1236,-84,-1553,4042
tisch,1,197,-7624,-8368,972,-779,-1145,2499
tisch,1,198,-5744,-7988,576,-1279,-239,1178
tisch,1,199,-8020,-7252,1308,-1789,450,166
tisch,1,200,-9868,-7136,1460,-2179,814,-619
tisch,1,201,-12304,-6412,1804,-2728,906,-1080
tisch,1,202,-12912,-7600,2636,-2867,542,-1423
tisch,1,203,-13008,-8020,2552,-2961,203,-1666
tisch,1,204,-12832,-8188,1912,-2951,-54,-1543
tisch,1,205,-10408,-10400,920,-2393,-133,-907
tisch,1,206,-9040,-11088,1860,-1949,210,34
tisch,1,207,-9728,-10380,2096,-1460,526,846
tisch,1,208,-10952,-9212,1788,-842,544,1316
tisch,1,209,-12480,-9616,1376,-433,481,1525
tisch,1,210,-12884,-9672,1904,-175,258,1505
tisch,1,211,-11064,-8940,1836,-254,337,1261
tisch,1,212,-12832,-12300,3448,-19,271,470
tisch,1,213,-13968,-14576,5328,354,-472,-473
tisch,1,214,-13296,-14148,4344,629,-1127,-1583
tisch,1,215,-13028,-13684,4176,655,-1242,-2464
tisch,1,216,-11556,-12824,3840,773,-1119,-2994
tisch,1,217,-11444,-12320,2232,867,-946,-3197
tisch,1,218,-10364,-9892,1556,669,-655,-2730
tisch,1,219,-13508,-8180,2164,613,-582,-1692
tisch,1,220,-13076,-5980,4540,131,-92,-250
tisch,1,221,-12000,-8172,3244,-88,36,1078
tisch,1,222,-9960,-8388,2896,-125,139,2213
tisch,1,223,-9088,-8620,1948,108,347,3454
tisch,1,224,-10048,-9568,3052,546,704,4162
tisch,1,225,-10804,-9004,2280,828,700,4242
tisch,1,226,-11248,-7776,2108,721,714,3714
tisch,1,227,-11708,-6732,2360,353,607,2644
tisch,1,228,-13324,-6272,3100,-303,262,1436
tisch,1,229,-13560,-7420,3584,-776,-239,-79
tisch,1,230,-13564,-7060,3940,-1262,-540,-1496
tisch,1,231,-13252,-7900,1460,-1789,-633,-2280
tisch,1,232,-13272,-9872,1660,-1777,-640,-2716
tisch,1,233,-12316,-9132,2072,-1411,-734,-2461
tisch,1,234,-12996,-9016,4308,-861,-814,-1491
tisch,1,235,-13584,-9552,5836,-359,-722,-150
tisch,1,236,-13120,-7240,4700,-12,-848,1034
tisch,1,237,-12648,-7220,4124,10,-812,1788
tisch,1,238,-12572,-6792,2672,-152,-540,2206
tisch,1,239,-11160,-7360,1000,-254,-448,2228
tisch,1,240,-11896,-5632,2712,-648,-140,1936
tisch,1,241,-11964,-8260,1508,-1166,-267,1059
tisch,1,242,-14004,-7328,268,-1800,-470,186
tisch,1,243,-14188,-7164,36,-2323,-856,-594
tisch,1,244,-12840,-8000,580,-2559,-1152,-1180
tisch,1,245,-11256,-9180,3520,-2827,-1216,-1309
tisch,1,246,-11880,-7868,3196,-2875,-1021,-1070
tisch,1,247,-10612,-12256,2228,-2379,-779,-386
tisch,1,248,-13424,-10904,5896,-1962,-484,334
tisch,1,249,-13164,-15840,6144,-1302,-687,609
tisch,1,250,-15436,-10820,6104,-1251,-1228,597
tisch,1,251,-12416,-11312,2888,-930,-1731,824
tisch,1,252,-12096,-9460,2384,-874,-1742,1420
tisch,1,253,-10484,-5688,1924,-933,-1422,2086
tisch,1,254,-8536,-8288,2696,-718,-986,2622
tisch,1,255,-9236,-10528,2620,-805,-320,2552
tisch,1,256,-11648,-11244,2972,-830,-287,2040
tisch,1,257,-13244,-11088,3324,-1002,-519,1215
tisch,1,258,-14596,-10684,3016,-1372,-985,207
tisch,1,259,-12268,-7728,4480,-1577,-1368,-699
tisch,1,260,-11328,-11744,2908,-1539,-1537,-1399
tisch,1,261,-9308,-10648,3368,-1355,-1528,-1756
tisch,1,262,-10152,-9536,2548,-1338,-1357,-1892
tisch,1,263,-9452,-9864,3164,-1267,-1288,-1748
tisch,1,264,-9616,-8420,2588,-1407,-979,-1253
tisch,1,265,-8616,-9020,3096,-1252,-547,-635
tisch,1,266,-7804,-10164,4548,-873,-183,67
tisch,1,267,-9828,-13236,5256,-374,-29,548
tisch,1,268,-11772,-13100,5708,64,-183,756
tisch,1,269,-10968,-13344,6952,467,-543,429
tisch,1,270,-11100,-13528,6588,747,-892,-154
tisch,1,271,-10316,-13700,6988,1206,-1378,-696
tisch,1,272,-9736,-12112,6192,1577,-1450,-1036
tisch,1,273,-9060,-12112,6204,1766,-1614,-1375
tisch,1,274,-9112,-11116,5972,2021,-1764,-1714
tisch,1,275,-9620,-10896,5896,1917,-1874,-1917
tisch,1,276,-8228,-10176,6164,1731,-1832,-1905
tisch,1,277,-6336,-6252,5776,1341,-1520,-1620
tisch,1,278,-6112,-6040,4804,1089,-959,-1173
tisch,1,279,-5424,-5492,4900,755,-193,-840
tisch,1,280,-5960,-7664,3988,473,584,-621
tisch,1,281,-4852,-8728,4736,215,1263,-715
tisch,1,282,-7624,-8368,4440,-23,1681,-794
tisch,1,283,-7396,-12000,6004,96,1849,-1269
tisch,1,284,-10920,-11476,4820,225,1795,-1664
tisch,1,285,-10724,-8080,4984,387,1620,-2137
tisch,1,286,-11216,-9176,6572,682,1060,-2564
tisch,1,287,-11468,-7048,7240,839,521,-2412
tisch,1,288,-11444,-5528,5660,1209,70,-1859
tisch,1,289,-10216,-5868,5056,1523,-72,-954
tisch,1,290,-9520,-11152,5876,1876,73,125
tisch,1,291,-7800,-6108,5300,2092,354,1249
tisch,1,292,-8696,-10684,5296,2133,635,1767
tisch,1,293,-8156,-11544,5400,2191,858,2002
tisch,1,294,-7760,-7192,4588,1811,1254,1776
tisch,1,295,-9708,-8840,3972,1201,1509,914
tisch,1,296,-8160,-8352,4724,491,1568,-288
tisch,1,297,-10200,-14152,5840,15,1558,-1524
tisch,1,298,-9544,-13592,5080,-498,1548,-2470
tisch,1,299,-8116,-13788,7008,-1062,1705,-3067
tisch,2,0,-13152,-1608,6048,-146,50,-77
tisch,2,1,-13184,-1476,6240,-131,44,-85
tisch,2,2,-13156,-1704,6044,-139,45,-84
tisch,2,3,-13120,-1612,6064,-142,46,-87
tisch,2,4,-13056,-1704,6100,-141,52,-93
tisch,2,5,-13120,-1544,6220,-136,49,-88
tisch,2,6,-13144,-1648,6160,-138,53,-95
tisch,2,7,-13060,-1652,6148,-146,53,-95
tisch,2,8,-13112,-1672,6088,-138,54,-95
tisch,2,9,-13184,-1516,6168,-147,57,-103
tisch,2,10,-13068,-1640,6112,-142,52,-103
tisch,2,11,-13076,-1640,6096,-145,55,-105
tisch,2,12,-13124,-1588,5964,-152,56,-113
tisch,2,13,-13276,-1804,6076,-152,33,-114
tisch,2,14,-13180,-1896,6032,-126,0,-85
tisch,2,15,-12980,-1704,6056,-110,-3,-78
tisch,2,16,-12980,-1716,6044,-107,15,-67
tisch,2,17,-13228,-1648,6168,-119,39,-58
tisch,2,18,-13120,-1668,6040,-118,35,-66
tisch,2,19,-13160,-1668,5948,-123,33,-69
tisch,2,20,-13144,-1728,6024,-127,21,-71
tisch,2,21,-13348,-1704,5988,-125,-3,-64
tisch,2,22,-13020,-1664,6012,-110,-17,-52
tisch,2,23,-13024,-1696,6008,-104,-8,-39
tisch,2,24,-13140,-1528,6276,-108,13,-37
tisch,2,25,-13268,-1548,6104,-110,13,-39
tisch,2,26,-13180,-1716,6004,-124,11,-50
tisch,2,27,-13068,-1468,6148,-129,1,-69
tisch,2,28,-13256,-1576,6100,-143,-2,-71
tisch,2,29,-13192,-1640,5964,-147,-29,-93
tisch,2,30,-13344,-1684,6072,-143,-48,-100
tisch,2,31,-13044,-1736,5980,-140,-69,-96
tisch,2,32,-12988,-1632,6124,-136,-53,-94
tisch,2,33,-12968,-1768,6084,-137,-46,-79
tisch,2,34,-13048,-1712,6084,-121,-53,-75
tisch,2,35,-13140,-1728,6048,-118,-58,-69
tisch,2,36,-13252,-1588,6188,-126,-58,-79
tisch,2,37,-12968,-1656,6160,-128,-62,-76
tisch,2,38,-12988,-1624,6188,-125,-66,-78
tisch,2,39,-12996,-1580,6184,-123,-43,-75
tisch,2,40,-12916,-1628,6144,-132,-23,-70
tisch,2,41,-13076,-1548,6208,-132,-9,-79
tisch,2,42,-13200,-1644,6096,-141,-12,-104
tisch,2,43,-13504,-1604,6256,-166,-29,-139
tisch,2,44,-13444,-1460,6352,-193,-77,-180
tisch,2,45,-13772,-1380,6388,-223,-102,-232
tisch,2,46,-13912,-1332,6468,-314,-116,-307
tisch,2,47,-14160,-1268,6336,-449,-121,-334
tisch,2,48,-14096,-1568,6516,-554,-107,-403
tisch,2,49,-13652,-1804,6628,-588,-120,-463
tisch,2,50,-13328,-2364,6048,-604,-42,-484
tisch,2,51,-14068,-2780,6240,-571,18,-481
tisch,2,52,-13864,-1948,6296,-613,63,-476
tisch,2,53,-13744,-2016,6692,-663,74,-367
tisch,2,54,-11288,-1672,7288,-564,1072,-10
tisch,2,55,-13292,-2824,5456,-805,833,55
tisch,2,56,-12384,-684,3964,-935,1272,190
tisch,2,57,-14452,-2456,4144,-973,1542,332
tisch,2,58,-15920,-3104,4496,-723,1337,413
tisch,2,59,-17044,-2724,4396,-833,1078,255
tisch,2,60,-17700,-1640,4176,-1050,878,189
tisch,2,61,-17856,-1228,4072,-1146,642,248
tisch,2,62,-17424,-1996,2936,-1094,583,265
tisch,2,63,-18072,-1004,3956,-1091,511,397
tisch,2,64,-18624,-2504,4372,-998,134,414
tisch,2,65,-18608,-2108,5040,-769,-189,462
tisch,2,66,-18752,280,4908,-791,-404,713
tisch,2,67,-18916,-600,4736,-771,-720,1050
tisch,2,68,-18468,-1196,5212,-824,-910,1309
tisch,2,69,-18712,-256,4180,-906,-1101,1495
tisch,2,70,-18404,988,4236,-1063,-1192,1523
tisch,2,71,-18016,-1984,5152,-1076,-1363,1388
tisch,2,72,-18476,-3908,4264,-1057,-1704,1293
tisch,2,73,-18156,-608,3592,-1213,-1945,1156
tisch,2,74,-17360,-1096,3708,-1211,-2208,1029
tisch,2,75,-16416,-556,4088,-1290,-2377,913
tisch,2,76,-14912,-1528,4840,-1075,-2514,712
tisch,2,77,-14108,-4192,4684,-1014,-2630,494
tisch,2,78,-14656,-5768,3752,-1063,-2742,380
tisch,2,79,-14420,-5152,3724,-1112,-2758,308
tisch,2,80,-13724,-5016,5120,-1084,-2733,219
tisch,2,81,-14756,-116,4580,-1539,-2877,109
tisch,2,82,-17100,-968,3208,-1570,-3398,-419
tisch,2,83,-16860,-2872,6696,-1967,-3960,-1178
tisch,2,84,-17916,-280,4120,-2350,-4806,-2027
tisch,2,85,-15856,-4704,5624,-2460,-5557,-2950
tisch,2,86,-15516,-2108,4176,-2662,-6216,-3583
tisch,2,87,-13996,-4796,5392,-2673,-6671,-4109
tisch,2,88,-13964,-4320,6996,-2627,-7204,-4768
tisch,2,89,-14148,-3820,5260,-2581,-7849,-5485
tisch,2,90,-14680,-2372,6692,-2862,-8419,-6319
tisch,2,91,-12092,-3168,5984,-3072,-9026,-6955
tisch,2,92,-10972,-3252,6404,-3256,-9385,-7310
tisch,2,93,-9972,-5352,5628,-3506,-9604,-7511
tisch,2,94,-7224,-6160,5644,-3220,-9593,-7416
tisch,2,95,-4776,-6624,5848,-2937,-9411,-6860
tisch,2,96,-2316,-8608,5004,-2436,-8848,-6072
tisch,2,97,-420,-9396,4988,-1736,-8162,-4983
tisch,2,98,788,-10124,6244,-998,-7371,-3609
tisch,2,99,1524,-10200,6564,-265,-6542,-2133
tisch,2,100,1484,-10308,7524,450,-5775,-732
tisch,2,101,380,-9052,7140,907,-5271,525
tisch,2,102,788,-9052,7976,1363,-5074,1466
tisch,2,103,8,-6696,8616,1420,-4922,2084
tisch,2,104,-776,-6972,8512,1140,-4917,2376
tisch,2,105,-964,-7116,8880,980,-5088,2377
tisch,2,106,-620,-6676,9040,746,-5350,2198
tisch,2,107,140,-7124,9196,571,-5676,2003
tisch,2,108,980,-8056,8956,435,-5911,1835
tisch,2,109,2048,-8320,8812,440,-6064,1759
tisch,2,110,3800,-8888,8656,593,-6115,1808
tisch,2,111,4904,-9364,8408,740,-6042,1903
tisch,2,112,5928,-8060,8312,831,-5932,2088
tisch,2,113,6716,-8948,7836,976,-5731,2172
tisch,2,114,7220,-6840,7608,938,-5397,2396
tisch,2,115,7736,-7864,7512,974,-5140,2604
tisch,2,116,8104,-7460,7432,913,-4874,2701
tisch,2,117,8312,-7144,7252,830,-4660,2739
tisch,2,118,8580,-6676,7260,730,-4466,2738
tisch,2,119,8004,-7304,5188,627,-4308,2618
tisch,2,120,6488,-6672,7124,417,-4495,2227
tisch,2,121,7888,-5296,7300,267,-4532,2039
tisch,2,122,7624,-7260,6904,157,-4487,1933
tisch,2,123,9076,-6484,7304,-20,-4407,1833
tisch,2,124,8972,-7184,7196,6,-4380,1733
tisch,2,125,8736,-7792,7212,32,-4399,1607
tisch,2,126,8812,-7668,7240,83,-4512,1443
tisch,2,127,9036,-7368,7120,115,-4646,1297
tisch,2,128,9588,-7728,7152,305,-4731,1250
tisch,2,129,9236,-7676,7196,47,-4643,1424
tisch,2,130,10004,-9056,7276,-348,-4459,1265
tisch,2,131,10748,-7164,6632,-12,-4368,1425
tisch,2,132,10388,-5488,7004,-97,-4162,1543
tisch,2,133,9804,-6184,7196,-251,-4101,1568
tisch,2,134,8480,-6596,7156,-189,-4274,1521
tisch,2,135,7164,-6764,7228,-298,-4673,1282
tisch,2,136,6720,-7188,6832,-409,-5232,912
tisch,2,137,7300,-7448,6412,-472,-5789,547
tisch,2,138,7992,-7696,5584,-506,-6290,205
tisch,2,139,8504,-7968,4972,-504,-6730,-120
tisch,2,140,9472,-8080,3912,-501,-7076,-416
tisch,2,141,10228,-8308,2836,-409,-7390,-639
tisch,2,142,11240,-8340,1912,-333,-7608,-864
tisch,2,143,12132,-8456,752,-215,-7807,-1040
tisch,2,144,13376,-8276,-72,-92,-7886,-1204
tisch,2,145,14820,-7948,-1440,19,-7876,-1289
tisch,2,146,16444,-7684,-2224,150,-7734,-1268
tisch,2,147,17904,-7800,-3176,297,-7422,-1164
tisch,2,148,19240,-7744,-3956,368,-6982,-1012
tisch,2,149,20756,-7904,-4928,492,-6458,-826
tisch,2,150,22296,-7968,-5772,628,-5839,-629
tisch,2,151,23228,-7912,-5800,746,-5131,-445
tisch,2,152,24088,-7816,-6204,840,-4319,-317
tisch,2,153,24780,-7464,-6428,903,-3506,-211
tisch,2,154,24888,-7100,-6364,1021,-2682,-130
tisch,2,155,24624,-6700,-6412,907,-1836,-47
tisch,2,156,23956,-5968,-6332,899,-1114,-14
tisch,2,157,23104,-5540,-6420,855,-522,17
tisch,2,158,22040,-5304,-6304,761,-91,-9
tisch,2,159,21792,-4940,-6324,679,293,22
tisch,2,160,21552,-4452,-6484,578,628,125
tisch,2,161,21724,-4560,-6320,476,965,294
tisch,2,162,22220,-4720,-6184,405,1342,563
tisch,2,163,22680,-5240,-6220,374,1805,902
tisch,2,164,23208,-6288,-5936,400,2317,1254
tisch,2,165,23844,-7128,-5476,495,2886,1581
tisch,2,166,24080,-7708,-4656,624,3496,1831
tisch,2,167,23468,-8340,-3860,692,4050,1916
tisch,2,168,22420,-8844,-3020,778,4425,1764
tisch,2,169,21232,-9400,-2528,836,4574,1386
tisch,2,170,20784,-9448,-1904,843,4627,904
tisch,2,171,20204,-9160,-1564,770,4598,366
tisch,2,172,19940,-8876,-1224,614,4523,-186
tisch,2,173,19796,-8404,-1428,435,4511,-643
tisch,2,174,20020,-7592,-1028,199,4559,-980
tisch,2,175,19816,-7528,-700,-87,4713,-1255
tisch,2,176,19380,-7408,-628,-318,4881,-1498
tisch,2,177,18772,-7144,272,-552,5000,-1752
tisch,2,178,17980,-6944,872,-803,5155,-2052
tisch,2,179,17104,-6940,1408,-1004,5291,-2335
tisch,2,180,16120,-6864,1988,-1191,5384,-2608
tisch,2,181,15184,-6572,2420,-1373,5422,-2846
tisch,2,182,14024,-6056,2884,-1603,5439,-3073
tisch,2,183,12532,-6048,3228,-1832,5333,-3324
tisch,2,184,11560,-5748,3316,-2090,5071,-3594
tisch,2,185,10936,-5120,3792,-2384,4779,-3837
tisch,2,186,10576,-4792,3904,-2703,4489,-4045
tisch,2,187,10448,-4992,4032,-3000,4208,-4176
tisch,2,188,10516,-4784,3748,-3275,4015,-4182
tisch,2,189,10360,-4804,3864,-3577,3835,-4135
tisch,2,190,10316,-5224,4100,-3877,3676,-4056
tisch,2,191,10560,-5680,4068,-4113,3596,-3945
tisch,2,192,10776,-6320,4152,-4297,3575,-3822
tisch,2,193,10832,-7112,4324,-4412,3601,-3681
tisch,2,194,10724,-7696,4504,-4441,3611,-3566
tisch,2,195,10636,-8084,4748,-4414,3617,-3480
tisch,2,196,10512,-8852,4696,-4320,3666,-3374
tisch,2,197,10764,-9148,5040,-4152,3740,-3221
tisch,2,198,10540,-10380,5000,-3858,3871,-3055
tisch,2,199,16040,2668,4024,-4022,3715,-3089
tisch,2,200,11472,-11996,6856,-4177,3888,-2044
tisch,2,201,10848,-11336,5800,-3127,4056,-2513
tisch,2,202,9568,-10736,6336,-3028,4046,-2225
tisch,2,203,9276,-10916,6384,-2838,3995,-1944
tisch,2,204,9356,-10476,7172,-2532,3990,-1908
tisch,2,205,8900,-13380,7440,-2335,3990,-1977
tisch,2,206,9028,-11076,6580,-2210,3970,-1887
tisch,2,207,9416,-11088,7264,-2057,4008,-1935
tisch,2,208,10024,-10536,7392,-1848,4049,-2015
tisch,2,209,9040,-10548,6652,-2027,4115,-1925
tisch,2,210,9332,-9232,6900,-1849,4194,-1876
tisch,2,211,8688,-8504,7136,-1675,4320,-1852
tisch,2,212,7768,-9760,6320,-1553,4448,-1829
tisch,2,213,8228,-8528,6712,-1427,4603,-1741
tisch,2,214,7268,-9992,6408,-1340,4735,-1604
tisch,2,215,6736,-8008,6116,-1371,4897,-1362
tisch,2,216,6712,-8184,6800,-1322,5071,-1141
tisch,2,217,6212,-7420,6696,-1302,5210,-846
tisch,2,218,5352,-8276,6672,-1299,5293,-596
tisch,2,219,4960,-7636,6580,-1257,5492,-383
tisch,2,220,4596,-7356,6600,-1262,5638,-203
tisch,2,221,4916,-9132,7092,-1044,5756,-49
tisch,2,222,4364,-7152,6928,-971,5925,32
tisch,2,223,2596,-8456,6696,-945,6026,84
tisch,2,224,2960,-9468,7184,-1045,6000,-86
tisch,2,225,1028,-9424,7552,-1207,5857,-307
tisch,2,226,180,-8904,7632,-1414,5593,-524
tisch,2,227,-96,-9000,9144,-1458,5241,-800
tisch,2,228,-1168,-10668,9156,-1433,4839,-1056
tisch,2,229,-2244,-10940,9040,-1273,4432,-1271
tisch,2,230,-1972,-10720,8836,-1108,4008,-1402
tisch,2,231,-1992,-11052,9180,-903,3678,-1329
tisch,2,232,-1668,-11440,9144,-792,3473,-1070
tisch,2,233,-852,-11076,9664,-639,3412,-803
tisch,2,234,-768,-10660,8620,-448,3457,-474
tisch,2,235,-1488,-11352,8488,-474,3680,-125
tisch,2,236,204,-12360,8960,88,3831,314
tisch,2,237,-1184,-9228,7440,85,4253,638
tisch,2,238,-1412,-9668,7940,197,4475,1142
tisch,2,239,-1568,-9224,8436,642,4645,1499
tisch,2,240,-3036,-9080,9100,808,4708,1768
tisch,2,241,-4184,-9220,8316,743,4639,1864
tisch,2,242,-3828,-8936,8840,571,4671,1854
tisch,2,243,-4048,-8664,8180,510,4780,1955
tisch,2,244,-3716,-9204,8016,321,5013,2160
tisch,2,245,-5004,-5448,7892,-57,5340,2477
tisch,2,246,-5332,-7752,7564,-109,5559,2699
tisch,2,247,-5760,-6632,6984,-165,5841,2946
tisch,2,248,-7388,-7180,7016,-28,5951,3235
tisch,2,249,-9456,-7056,7040,-199,5991,3290
tisch,2,250,-11396,-7632,7684,-342,5610,3193
tisch,2,251,-11604,-8272,7552,-451,5271,2906
tisch,2,252,-11940,-8548,7448,-405,4836,2659
tisch,2,253,-11524,-8608,6876,-389,4562,2459
tisch,2,254,-11860,-8472,6192,-430,4453,2389
tisch,2,255,-11304,-8972,5500,-264,4439,2390
tisch,2,256,-11372,-8440,4696,-109,4518,2569
tisch,2,257,-12856,-8256,4488,-163,4684,2560
tisch,2,258,-13664,-8536,4456,-181,4559,2433
tisch,2,259,-14980,-7792,3508,-374,4500,2221
tisch,2,260,-15228,-8232,3896,-562,4201,1857
tisch,2,261,-17076,-7312,3676,-738,3787,1276
tisch,2,262,-17488,-8120,4152,-1042,3260,692
tisch,2,263,-17820,-6520,2940,-1233,2708,154
tisch,2,264,-17660,-8500,2688,-1392,2241,-222
tisch,2,265,-16816,-9108,2360,-1482,1851,-351
tisch,2,266,-16012,-11136,2904,-1423,1681,-392
tisch,2,267,-15668,-11172,2032,-1333,1647,-206
tisch,2,268,-15900,-11452,2044,-932,1721,18
tisch,2,269,-16584,-11132,1688,-622,1730,356
tisch,2,270,-17704,-12440,2256,-225,1540,743
tisch,2,271,-18360,-12356,2528,101,1280,1090
tisch,2,272,-18412,-12116,2404,519,813,1360
tisch,2,273,-18208,-11200,2200,682,416,1590
tisch,2,274,-17108,-11000,2368,826,90,1752
tisch,2,275,-16352,-9900,2004,842,-20,1959
tisch,2,276,-15000,-9552,1992,919,-16,2180
tisch,2,277,-14968,-8968,1888,983,161,2434
tisch,2,278,-14824,-9272,2400,1154,346,2587
tisch,2,279,-15644,-8752,2680,1200,462,2748
tisch,2,280,-16228,-7532,3180,1185,383,2749
tisch,2,281,-16616,-6336,3324,1021,205,2684
tisch,2,282,-16600,-7252,3860,883,-4,2491
tisch,2,283,-16924,-6664,4456,779,-187,2187
tisch,2,284,-17136,-7168,4596,556,-427,1776
tisch,2,285,-16912,-6552,5252,258,-681,1338
tisch,2,286,-17000,-6900,5432,77,-909,913
tisch,2,287,-15416,-6648,5652,3,-1150,534
tisch,2,288,-15408,-5700,5732,-77,-1231,296
tisch,2,289,-14224,-5624,4468,-169,-1304,236
tisch,2,290,-14552,-5736,5784,-326,-1204,333
tisch,2,291,-14168,-5072,5736,-462,-1113,563
tisch,2,292,-13480,-4772,6368,-504,-1121,751
tisch,2,293,-12984,-4712,6408,-363,-1129,898
tisch,2,294,-13632,-5532,6764,-198,-1212,1059
tisch,2,295,-14204,-4648,6888,-159,-1340,1243
tisch,2,296,-14320,-4328,6608,-4,-1621,1370
tisch,2,297,-14548,-5008,7200,4,-1831,1574
tisch,2,298,-13772,-5260,7212,135,-2053,1607
tisch,2,299,-14420,-3724,6084,196,-2186,1685
tisch,3,0,-13596,-44,12848,1202,1031,1868
tisch,3,1,-13604,636,11100,625,1093,1302
tisch,3,2,-14580,-228,10840,122,979,949
tisch,3,3,-15188,-2292,10320,-12,579,523
tisch,3,4,-15288,-1900,9652,-212,249,143
tisch,3,5,-14336,-2040,8660,-546,1,-147
tisch,3,6,-12964,-2340,7476,-809,-29,-247
tisch,3,7,-11812,-2832,6328,-961,19,-407
tisch,3,8,-11712,-3584,6096,-940,204,-500
tisch,3,9,-11680,-4112,6116,-830,358,-599
tisch,3,10,-11648,-4080,5884,-745,476,-654
tisch,3,11,-12000,-4272,5816,-606,527,-697
tisch,3,12,-12284,-4088,5944,-499,482,-729
tisch,3,13,-12544,-3988,5996,-410,335,-789
tisch,3,14,-12352,-3928,6296,-331,134,-868
tisch,3,15,-12048,-3596,6488,-277,-48,-933
tisch,3,16,-11424,-3508,6900,-268,-182,-927
tisch,3,17,-11256,-3636,6956,-244,-260,-893
tisch,3,18,-11048,-3944,7716,-196,-311,-798
tisch,3,19,-10836,-3512,8064,-226,-322,-700
tisch,3,20,-10680,-3620,8536,-270,-328,-591
tisch,3,21,-10576,-3844,9080,-285,-383,-513
tisch,3,22,-10140,-3376,8932,-236,-482,-510
tisch,3,23,-9996,-3644,9416,-309,-513,-490
tisch,3,24,-9976,-4676,9984,-351,-482,-437
tisch,3,25,-9272,-3988,9204,-326,-436,-374
tisch,3,26,-9104,-4388,9252,-252,-290,-302
tisch,3,27,-8960,-4376,9056,-132,-120,-181
tisch,3,28,-8928,-3592,8080,-113,89,-42
tisch,3,29,-9716,-4992,8836,-16,303,61
tisch,3,30,-10356,-4284,8172,-39,375,129
tisch,3,31,-10688,-4344,8248,0,401,137
tisch,3,32,-11300,-3752,8608,-19,355,148
tisch,3,33,-11456,-4392,8108,46,299,97
tisch,3,34,-11948,-4248,7788,5,196,79
tisch,3,35,-11588,-4044,7588,27,84,8
tisch,3,36,-11944,-4008,7432,-23,-7,-44
tisch,3,37,-11732,-4120,7568,-46,-57,-80
tisch,3,38,-11592,-4092,7632,-76,-92,-107
tisch,3,39,-11416,-4216,7832,-87,-105,-129
tisch,3,40,-11292,-4308,8060,-72,-100,-164
tisch,3,41,-11192,-4428,8228,-67,-77,-197
tisch,3,42,-11288,-4428,8260,-116,-64,-219
tisch,3,43,-11152,-4364,8480,-139,-18,-235
tisch,3,44,-10852,-4240,8684,-171,35,-235
tisch,3,45,-10988,-4048,8636,-243,101,-210
tisch,3,46,-11128,-4176,8648,-293,136,-203
tisch,3,47,-11220,-4208,9004,-394,163,-197
tisch,3,48,-11212,-4452,8976,-423,156,-220
tisch,3,49,-11200,-4348,8548,-463,99,-273
tisch,3,50,-11168,-4128,8244,-487,31,-330
tisch,3,51,-10928,-4148,8112,-508,6,-360
tisch,3,52,-10548,-4252,7828,-495,-8,-358
tisch,3,53,-10744,-4376,7656,-489,-27,-334
tisch,3,54,-10376,-4452,7492,-400,-58,-300
tisch,3,55,-10260,-3968,7260,-365,-21,-275
tisch,3,56,-10324,-4612,7432,-296,-4,-246
tisch,3,57,-10464,-4512,7476,-226,-5,-216
tisch,3,58,-10532,-5644,7804,-61,47,-184
tisch,3,59,-10700,-4580,7632,-150,13,-124
tisch,3,60,-10492,-4364,7924,-39,-18,-131
tisch,3,61,-10876,-4472,7920,-26,-21,-118
tisch,3,62,-10900,-4480,8036,2,-41,-126
tisch,3,63,-11008,-4472,8100,14,-65,-143
tisch,3,64,-11156,-4448,8492,10,-104,-162
tisch,3,65,-11292,-4392,8416,5,-142,-175
tisch,3,66,-11140,-4448,8540,-16,-164,-187
tisch,3,67,-11208,-4372,8448,-50,-227,-211
tisch,3,68,-11040,-4520,8284,-64,-255,-229
tisch,3,69,-11012,-4468,8348,-101,-291,-241
tisch,3,70,-10880,-4588,8428,-113,-316,-240
tisch,3,71,-10744,-4652,8208,-133,-323,-226
tisch,3,72,-10536,-4496,8292,-146,-329,-223
tisch,3,73,-10628,-4796,8452,-139,-320,-215
tisch,3,74,-10512,-4768,8392,-145,-301,-187
tisch,3,75,-10404,-4776,8336,-148,-256,-174
tisch,3,76,-10376,-4760,8400,-137,-224,-163
tisch,3,77,-10308,-4720,8368,-129,-180,-124
tisch,3,78,-10320,-4728,8468,-124,-125,-99
tisch,3,79,-10296,-4776,8444,-108,-82,-76
tisch,3,80,-10396,-4760,8416,-90,-52,-68
tisch,3,81,-10544,-4620,8396,-98,-17,-45
tisch,3,82,-10524,-4768,8484,-95,-17,-50
tisch,3,83,-10508,-4700,8544,-101,-18,-53
tisch,3,84,-10556,-4680,8500,-104,-10,-62
tisch,3,85,-10660,-4692,8380,-108,-19,-76
tisch,3,86,-10632,-4692,8460,-118,-34,-86
tisch,3,87,-10824,-4548,8500,-122,-58,-112
tisch,3,88,-10800,-4856,8660,-136,-86,-129
tisch,3,89,-10544,-4776,8572,-123,-71,-133
tisch,3,90,-10560,-4640,8448,-117,-42,-145
tisch,3,91,-10644,-4752,8708,-112,-35,-154
tisch,3,92,-10600,-4568,8320,-124,-75,-178
tisch,3,93,-10436,-4532,8456,-92,-38,-212
tisch,3,94,-10564,-4676,8320,-180,38,-170
tisch,3,95,-10540,-4612,8172,-203,65,-202
tisch,3,96,-10504,-4636,7948,-208,61,-174
tisch,3,97,-10412,-4888,8288,-201,41,-143
tisch,3,98,-10480,-4592,8148,-159,63,-137
tisch,3,99,-10864,-5392,8872,-156,-17,-142
tisch,3,100,-10752,-4820,8040,-149,-8,-131
tisch,3,101,-10236,-4560,8688,-158,-77,-113
tisch,3,102,-10452,-4796,8580,-89,-123,-137
tisch,3,103,-10464,-5188,8460,-107,-87,-131
tisch,3,104,-10440,-4708,8664,-126,-98,-111
tisch,3,105,-10364,-4852,8700,-127,-87,-117
tisch,3,106,-10408,-4904,8584,-127,-65,-124
tisch,3,107,-10432,-4800,8576,-141,-60,-92
tisch,3,108,-10276,-4828,8572,-121,-64,-99
tisch,3,109,-10440,-4856,8392,-137,-60,-77
tisch,3,110,-10592,-4788,8348,-162,-85,-34
tisch,3,111,-10492,-4776,8060,-191,-136,-17
tisch,3,112,-10160,-4676,8140,-198,-184,14
tisch,3,113,-10036,-4476,7868,-225,-222,63
tisch,3,114,-10136,-4908,8068,-255,-232,129
tisch,3,115,-9936,-5216,8332,-283,-235,249
tisch,3,116,-9668,-5028,7608,-216,-237,296
tisch,3,117,-9172,-3172,7100,-561,-430,472
tisch,3,118,-9264,-4280,8592,-211,-448,398
tisch,3,119,-9284,-5128,9276,-210,-580,494
tisch,3,120,-9092,-5472,8908,-121,-496,536
tisch,3,121,-8904,-4728,8768,-121,-355,670
tisch,3,122,-8452,-4296,9236,-22,-136,749
tisch,3,123,-9224,-4996,10088,50,120,781
tisch,3,124,-10252,-5116,9692,86,321,903
tisch,3,125,-10612,-4600,9892,162,361,902
tisch,3,126,-11436,-4092,9484,117,280,834
tisch,3,127,-11580,-3832,9328,47,190,678
tisch,3,128,-11916,-3872,9208,-51,58,565
tisch,3,129,-11856,-3888,8752,-109,-24,491
tisch,3,130,-11516,-4628,8316,-49,-54,340
tisch,3,131,-11112,-4148,8880,-187,-83,273
tisch,3,132,-11096,-4448,8716,-67,-34,219
tisch,3,133,-10940,-3996,8768,-95,7,90
tisch,3,134,-11484,-4020,8408,-16,56,-37
tisch,3,135,-11384,-4244,8700,-34,107,-159
tisch,3,136,-11992,-3628,8576,-1,62,-277
tisch,3,137,-11972,-3580,8792,-38,-32,-424
tisch,3,138,-12036,-4008,8808,-93,-120,-594
tisch,3,139,-11832,-3956,8624,-147,-195,-748
tisch,3,140,-11556,-4368,8752,-139,-253,-872
tisch,3,141,-11308,-4344,8408,-188,-272,-980
tisch,3,142,-10744,-4524,8588,-222,-271,-1034
tisch,3,143,-10400,-4656,8448,-245,-262,-1080
tisch,3,144,-10416,-4788,8288,-264,-231,-1098
tisch,3,145,-10160,-4888,8348,-284,-216,-1086
tisch,3,146,-10048,-4996,8456,-300,-227,-1051
tisch,3,147,-9928,-5032,8388,-351,-237,-993
tisch,3,148,-9660,-5040,8608,-380,-247,-934
tisch,3,149,-9456,-5136,8516,-392,-276,-855
tisch,3,150,-9108,-5064,8364,-408,-268,-755
tisch,3,151,-8836,-5276,8628,-392,-241,-633
tisch,3,152,-8756,-5240,8732,-362,-197,-513
tisch,3,153,-8968,-4940,8744,-327,-171,-406
tisch,3,154,-8744,-5316,8980,-295,-101,-303
tisch,3,155,-8740,-5264,8908,-188,-42,-164
tisch,3,156,-8636,-4260,8488,-312,56,-30
tisch,3,157,-8924,-5320,8848,-166,129,-4
tisch,3,158,-9504,-5104,9588,-104,150,5
tisch,3,159,-10040,-5884,9160,-199,191,121
tisch,3,160,-9568,-4900,8884,-158,173,135
tisch,3,161,-9748,-4240,8200,-148,170,127
tisch,3,162,-10440,-5516,9072,-177,190,129
tisch,3,163,-10172,-4864,8484,-75,162,157
tisch,3,164,-10312,-4008,8572,-242,176,121
tisch,3,165,-10008,-5148,9196,-38,84,-52
tisch,3,166,-10560,-5520,7688,-36,176,21
tisch,3,167,-10228,-4256,8788,-277,150,32
tisch,3,168,-10192,-5212,8508,-3,107,-3
tisch,3,169,-10544,-4220,8584,-267,111,-7
tisch,3,170,-10020,-4688,9124,-144,45,-86
tisch,3,171,-10440,-4804,8996,-173,27,-110
tisch,3,172,-9700,-4044,8712,-92,-59,-171
tisch,3,173,-10532,-5708,9288,-124,-3,-150
tisch,3,174,-10008,-4692,9044,-127,-18,-142
tisch,3,175,-9868,-4880,9112,-97,10,-143
tisch,3,176,-9948,-5284,9208,-78,71,-113
tisch,3,177,-9884,-5352,9176,-86,190,-58
tisch,3,178,-9692,-5712,9488,-40,303,20
tisch,3,179,-9796,-6088,9504,-12,473,95
tisch,3,180,-9692,-5888,9424,75,583,118
tisch,3,181,-9836,-5844,8836,62,732,133
tisch,3,182,-9436,-5780,8428,71,1045,158
tisch,3,183,-10312,-6996,9184,107,1581,187
tisch,3,184,-12304,-8316,9248,164,1962,-71
tisch,3,185,-14940,-8748,9496,118,2071,-804
tisch,3,186,-17888,-9848,11016,207,1788,-1803
tisch,3,187,-20204,-11376,10728,114,1244,-2928
tisch,3,188,-20640,-6272,9812,-178,632,-3922
tisch,3,189,-21160,-9076,9980,-588,-117,-4687
tisch,3,190,-20800,-9656,8444,-1456,-562,-5211
tisch,3,191,-19924,-12232,8400,-2145,-1166,-5342
tisch,3,192,-27612,-23592,23232,-2540,-3543,-6660
tisch,3,193,-16660,-11920,5928,-2059,-2272,-5390
tisch,3,194,-14688,-14352,4932,-1309,-3033,-5638
tisch,3,195,-13612,-12496,3788,-706,-3437,-5340
tisch,3,196,-13580,-11784,3404,-289,-3829,-4566
tisch,3,197,-12308,-15460,5360,1074,-4196,-4226
tisch,3,198,-14664,-11348,2752,1785,-4537,-4023
tisch,3,199,-14412,-8592,2060,1140,-4655,-3933
tisch,3,200,-14504,-5924,-1040,-439,-5042,-3510
tisch,3,201,-11376,-8256,1524,-1692,-5387,-3129
tisch,3,202,-9680,-9304,984,-2040,-5814,-2796
tisch,3,203,-7688,-10660,1524,-1540,-6073,-2491
tisch,3,204,-6304,-10684,1356,-948,-6184,-2332
tisch,3,205,-5372,-10020,1284,-647,-6353,-2154
tisch,3,206,-4756,-9556,1356,-550,-6517,-2035
tisch,3,207,-5600,-9944,2012,-409,-7016,-2168
tisch,3,208,-3416,-9200,1936,-343,-7450,-2290
tisch,3,209,-2648,-8524,2152,43,-7947,-2289
tisch,3,210,-140,-7372,2456,390,-8142,-2201
tisch,3,211,792,-7208,1764,785,-8160,-2037
tisch,3,212,1704,-5548,1756,1164,-8221,-1960
tisch,3,213,2176,-5104,2012,1270,-8329,-1861
tisch,3,214,3608,-3684,1624,1394,-8405,-1749
tisch,3,215,3632,-3396,2328,1439,-8429,-1766
tisch,3,216,3508,-2836,1904,1404,-8561,-1868
tisch,3,217,4240,-1968,1812,1345,-8615,-1978
tisch,3,218,5288,-1552,1268,1139,-8553,-1996
tisch,3,219,6700,-900,1356,1160,-8391,-1944
tisch,3,220,7508,-424,1052,1108,-8148,-1728
tisch,3,221,7680,-40,920,920,-7831,-1459
tisch,3,222,7364,104,696,662,-7496,-1161
tisch,3,223,7444,-224,1204,505,-7172,-904
tisch,3,224,7404,268,1284,282,-6819,-604
tisch,3,225,7376,48,1416,82,-6567,-227
tisch,3,226,7276,388,1096,-189,-6228,128
tisch,3,227,7628,160,1236,-436,-5878,704
tisch,3,228,7992,92,1304,-730,-5479,1438
tisch,3,229,8700,-1564,1708,-984,-5100,2302
tisch,3,230,10108,-2348,2480,-1117,-4865,3086
tisch,3,231,-17176,-32768,7084,1897,-3182,2969
tisch,3,232,28952,14640,7244,4833,-6343,2292
tisch,3,233,-5092,-7184,-9436,1660,-3844,3225
tisch,3,234,14896,-2112,6848,-700,-4528,4053
tisch,3,235,2624,-7888,9848,-1268,-5906,3100
tisch,3,236,19616,-11260,1444,-1650,-6027,2658
tisch,3,237,16540,-4508,1340,107,-6036,2101
tisch,3,238,15436,-3328,480,-801,-4723,3344
tisch,3,239,16484,-5324,2032,-2175,-4506,4258
tisch,3,240,17416,-9600,2824,-2800,-4326,4452
tisch,3,241,21092,-14852,4484,-2401,-3733,4483
tisch,3,242,22748,-19044,5916,-315,-3360,4273
tisch,3,243,22068,-17920,5428,1529,-3269,4169
tisch,3,244,21040,-15564,5848,2302,-3102,4032
tisch,3,245,19572,-13864,6224,2372,-3162,3739
tisch,3,246,17436,-13096,5936,2112,-3382,3386
tisch,3,247,16100,-12064,5612,1836,-3522,3071
tisch,3,248,15652,-11276,5144,1575,-3663,2858
tisch,3,249,15232,-10736,4604,1446,-3698,2766
tisch,3,250,14960,-10180,3892,1392,-3580,2878
tisch,3,251,14488,-9424,3108,1460,-3331,3161
tisch,3,252,13696,-9216,2288,1584,-2956,3543
tisch,3,253,12936,-8788,1524,1654,-2495,3984
tisch,3,254,11252,-8116,564,1701,-2034,4423
tisch,3,255,9396,-8884,796,1593,-1771,4695
tisch,3,256,8156,-8844,656,1477,-1786,4843
tisch,3,257,6708,-9476,832,1362,-2001,4869
tisch,3,258,6560,-9900,-80,1019,-2258,4840
tisch,3,259,6600,-11128,-40,834,-2480,4783
tisch,3,260,6704,-12396,-832,707,-2646,4698
tisch,3,261,6988,-13664,-1192,471,-2841,4683
tisch,3,262,7160,-15604,-1860,378,-3151,4803
tisch,3,263,8512,-17972,-2880,264,-3219,5150
tisch,3,264,10652,-20308,-4032,133,-3075,5638
tisch,3,265,13280,-20808,-3780,-171,-2480,6186
tisch,3,266,15716,-21112,-2240,-985,-1405,6557
tisch,3,267,16588,-21880,-960,-1932,7,6405
tisch,3,268,16556,-22532,-212,-3254,1410,5821
tisch,3,269,15592,-24264,892,-4148,2776,4676
tisch,3,270,14268,-25812,2264,-4479,3934,3183
tisch,3,271,12564,-27772,2908,-4112,4751,1538
tisch,3,272,10892,-26424,3864,-3756,5309,113
tisch,3,273,8276,-27840,3524,-2467,5610,-1026
tisch,3,274,5876,-25368,4148,-1282,5614,-1766
tisch,3,275,3024,-24632,3740,76,5308,-2264
tisch,3,276,1852,-20168,4412,923,4817,-2503
tisch,3,277,1212,-20104,3912,1542,4190,-2596
tisch,3,278,-14560,-32456,32767,-8128,-2503,-8093
tisch,3,279,32767,2848,-32768,4244,2567,-4311
tisch,3,280,7876,-7708,1492,2299,1962,-3740
tisch,3,281,2404,-15328,3888,1181,2060,-2971
tisch,3,282,3832,-13368,1224,1031,1917,-2047
tisch,3,283,2984,-14172,3964,1215,1488,-1670
tisch,3,284,4664,-10980,5376,608,1288,-1259
tisch,3,285,4880,-13108,1852,-401,1146,-1084
tisch,3,286,4056,-14888,4360,-465,907,-1005
tisch,3,287,4752,-14384,4808,-311,914,-827
tisch,3,288,4960,-14928,4452,-377,951,-755
tisch,3,289,5956,-15584,3604,-260,1087,-711
tisch,3,290,5568,-15404,3488,-237,1139,-621
tisch,3,291,5384,-15832,4580,34,1146,-586
tisch,3,292,4928,-15088,5080,418,1105,-585
tisch,3,293,5968,-15124,3616,448,1125,-486
tisch,3,294,4864,-15316,5244,462,1051,-389
tisch,3,295,5296,-14184,5268,490,1150,-319
tisch,3,296,4680,-15244,5728,497,1050,-212
tisch,3,297,4136,-14596,6416,786,969,-167
tisch,3,298,4924,-14188,5928,731,961,-109
tisch,3,299,4848,-14360,6560,754,822,-30
tisch,4,0,-6920,-5496,10680,-199,-26,-117
tisch,4,1,-6952,-5660,10832,-189,-39,-123
tisch,4,2,-6808,-5648,10728,-168,-41,-111
tisch,4,3,-6724,-5612,10812,-151,-39,-101
tisch,4,4,-6668,-5708,10680,-131,-20,-96
tisch,4,5,-6612,-5628,10640,-110,11,-75
tisch,4,6,-6728,-5732,10748,-87,37,-64
tisch,4,7,-6720,-5620,10792,-85,53,-53
tisch,4,8,-6840,-5640,10808,-65,61,-34
tisch,4,9,-6916,-5548,10792,-78,60,-34
tisch,4,10,-6944,-5564,10852,-77,48,-35
tisch,4,11,-6920,-5544,10808,-85,39,-35
tisch,4,12,-6860,-5488,10720,-76,32,-29
tisch,4,13,-6844,-5592,10764,-75,31,-31
tisch,4,14,-6772,-5492,10844,-73,35,-33
tisch,4,15,-6884,-5468,10664,-61,42,-21
tisch,4,16,-6864,-5564,10672,-60,56,-27
tisch,4,17,-6972,-5500,10984,-56,60,-28
tisch,4,18,-7008,-5376,10776,-59,48,-27
tisch,4,19,-6912,-5456,10724,-71,50,-37
tisch,4,20,-6992,-5428,10816,-79,42,-46
tisch,4,21,-7008,-5424,10812,-84,33,-60
tisch,4,22,-6996,-5392,10908,-100,21,-64
tisch,4,23,-6928,-5368,10876,-110,10,-71
tisch,4,24,-6812,-5316,10800,-105,20,-73
tisch,4,25,-6972,-5436,10792,-119,17,-71
tisch,4,26,-6808,-5384,10896,-123,22,-67
tisch,4,27,-6864,-5380,10976,-133,23,-60
tisch,4,28,-6944,-5416,10716,-131,29,-58
tisch,4,29,-6828,-5320,10716,-140,31,-59
tisch,4,30,-7000,-5372,10908,-140,29,-64
tisch,4,31,-6992,-5416,10836,-135,21,-74
tisch,4,32,-7004,-5344,10764,-150,14,-74
tisch,4,33,-7004,-5468,10776,-142,12,-70
tisch,4,34,-6912,-5452,10820,-149,18,-75
tisch,4,35,-7000,-5400,10672,-150,17,-73
tisch,4,36,-7020,-5512,10804,-148,15,-79
tisch,4,37,-6880,-5416,10752,-150,7,-81
tisch,4,38,-6900,-5496,10844,-147,-1,-81
tisch,4,39,-6788,-5532,10928,-134,8,-78
tisch,4,40,-6824,-5540,10776,-137,7,-69
tisch,4,41,-6788,-5464,10712,-130,23,-59
tisch,4,42,-6940,-5440,10780,-121,26,-54
tisch,4,43,-6820,-5516,10896,-122,34,-54
tisch,4,44,-6800,-5560,10928,-119,43,-39
tisch,4,45,-6796,-5616,10796,-121,47,-30
tisch,4,46,-6824,-5712,10732,-119,63,-18
tisch,4,47,-6916,-6136,11004,-119,70,-25
tisch,4,48,-7324,-6252,10928,-93,56,-46
tisch,4,49,-7264,-6508,10804,-41,14,-108
tisch,4,50,-7484,-6712,10864,30,30,-166
tisch,4,51,-7796,-6384,10424,107,56,-199
tisch,4,52,-8084,-6752,10796,159,83,-313
tisch,4,53,-8344,-6844,10924,152,165,-465
tisch,4,54,-8524,-6996,10932,216,146,-652
tisch,4,55,-9524,-7284,11156,172,208,-878
tisch,4,56,-9408,-7556,11272,72,260,-1233
tisch,4,57,-11780,-3972,11808,-1181,287,-1523
tisch,4,58,-10280,-7036,11508,-3671,242,-1430
tisch,4,59,-9744,-12432,11124,-3346,166,-2038
tisch,4,60,-9992,-9744,9792,-2372,29,-2715
tisch,4,61,-9416,-11984,9944,-1453,-46,-2848
tisch,4,62,-8868,-10420,9160,-1515,169,-3077
tisch,4,63,-8228,-11648,8608,-1469,374,-3209
tisch,4,64,-8064,-10372,8032,-1575,688,-3363
tisch,4,65,-7944,-10736,7776,-1850,888,-3309
tisch,4,66,-9408,-9828,8100,-1426,780,-3395
tisch,4,67,-9908,-8664,7112,-1561,471,-3451
tisch,4,68,-10492,-8116,7380,-1508,125,-3576
tisch,4,69,-9732,-8640,6084,-2207,-386,-3452
tisch,4,70,-9120,-7460,4200,-2694,-542,-3123
tisch,4,71,-7884,-7720,4448,-3311,-892,-2703
tisch,4,72,-7464,-9464,3400,-3820,-1144,-2463
tisch,4,73,-6120,-11200,3320,-3719,-1354,-1870
tisch,4,74,-8620,-9288,3600,-5047,-1099,-1199
tisch,4,75,-7092,-13776,3872,-4557,-1202,-1392
tisch,4,76,-7640,-11480,3144,-4015,-1370,-1455
tisch,4,77,-7620,-12924,3620,-3468,-1711,-1326
tisch,4,78,-6984,-15316,4428,-2863,-1920,-1176
tisch,4,79,-6932,-13732,4504,-2845,-2183,-878
tisch,4,80,-6844,-14548,5420,-2522,-2473,-517
tisch,4,81,-6452,-15476,5760,-1534,-2954,-317
tisch,4,82,-6600,-14104,6068,-827,-3350,-57
tisch,4,83,-6604,-13604,6292,-265,-3810,171
tisch,4,84,-6868,-12812,6400,295,-4389,354
tisch,4,85,-6544,-11668,6412,650,-4905,553
tisch,4,86,-5380,-10848,6336,885,-5506,727
tisch,4,87,-3680,-10456,6476,1053,-5924,940
tisch,4,88,-2060,-10092,6580,1169,-6150,1125
tisch,4,89,-872,-10180,6668,1212,-6263,1188
tisch,4,90,-72,-10144,6980,1354,-6362,1126
tisch,4,91,1000,-9720,6844,1416,-6348,992
tisch,4,92,2180,-9984,6760,1613,-6204,767
tisch,4,93,3504,-9732,6772,1866,-6027,507
tisch,4,94,4540,-9416,7180,2108,-5764,142
tisch,4,95,9068,-2808,8792,3461,-5893,-497
tisch,4,96,6768,-7856,4724,3199,-5332,-538
tisch,4,97,5788,-4892,7372,2661,-5203,-647
tisch,4,98,6692,-4652,7596,2246,-5132,-877
tisch,4,99,7672,-4352,7740,1740,-4893,-1101
tisch,4,100,8892,-5164,7332,1488,-4417,-1499
tisch,4,101,9044,-5656,7364,1415,-4073,-2045
tisch,4,102,8448,-3884,8468,1443,-3978,-2716
tisch,4,103,7976,-2204,8956,1046,-3984,-3167
tisch,4,104,7284,-2360,9176,511,-4119,-3701
tisch,4,105,5712,-3248,10088,-206,-4389,-4327
tisch,4,106,5120,-4896,10316,-714,-5019,-5098
tisch,4,107,5212,-5788,11116,-724,-5923,-5910
tisch,4,108,5900,-7124,10192,-563,-6759,-6546
tisch,4,109,6912,-6280,9828,-151,-7423,-6957
tisch,4,110,6524,-6008,8812,300,-7783,-7171
tisch,4,111,6152,-4884,7876,820,-8169,-7151
tisch,4,112,6328,-3808,6952,1158,-8423,-6958
tisch,4,113,6136,-3832,5952,1462,-8502,-6750
tisch,4,114,5836,-3424,5040,1813,-8623,-6492
tisch,4,115,6328,-2592,3804,2130,-8804,-6199
tisch,4,116,7328,-2452,2676,2295,-8748,-5886
tisch,4,117,8376,-1568,1852,2454,-8626,-5547
tisch,4,118,9284,-712,1000,2577,-8396,-5107
tisch,4,119,10704,-392,124,2599,-7921,-4514
tisch,4,120,11832,716,-84,2628,-7398,-3745
tisch,4,121,12224,1256,-276,2678,-6835,-2850
tisch,4,122,12764,2176,-532,2708,-6328,-1890
tisch,4,123,13408,2176,-1220,2545,-5776,-843
tisch,4,124,13856,2776,-1048,2307,-5188,100
tisch,4,125,14536,3548,-420,1988,-4730,991
tisch,4,126,15616,2564,-264,1776,-4306,1868
tisch,4,127,18088,1896,532,1988,-3807,2853
tisch,4,128,20916,644,976,2575,-2871,4143
tisch,4,129,24044,-1108,-696,3549,-1621,5714
tisch,4,130,25520,384,-664,4540,-477,7470
tisch,4,131,25848,1180,-556,4787,737,9275
tisch,4,132,26084,1152,200,4737,1908,10655
tisch,4,133,29236,-232,-1496,4402,2875,11573
tisch,4,134,30768,-1888,-2224,4036,4271,11738
tisch,4,135,30936,-1740,-908,3215,6171,11170
tisch,4,136,29008,-3956,-524,2360,8199,10109
tisch,4,137,25232,-4484,996,1798,9741,8894
tisch,4,138,21920,-3916,2336,1288,10827,7791
tisch,4,139,20032,-5204,1252,795,11782,6962
tisch,4,140,17728,-4156,2704,640,12199,6663
tisch,4,141,15068,-3640,2992,373,13044,6632
tisch,4,142,11256,-4064,2492,325,13642,6682
tisch,4,143,8632,-5232,2692,298,14124,6579
tisch,4,144,4792,-7872,3212,357,14208,6049
tisch,4,145,1368,-9996,4396,839,14128,5248
tisch,4,146,-1304,-11672,5180,1666,13328,4343
tisch,4,147,-5876,-18464,9060,2416,12050,2893
tisch,4,148,-6268,-10492,6096,4312,10882,2400
tisch,4,149,-9456,-12080,7040,5156,9341,1299
tisch,4,150,-11260,-5388,9104,5653,7311,535
tisch,4,151,-13060,-4124,10652,5728,4984,-449
tisch,4,152,-13668,-2328,9844,5344,2515,-1098
tisch,4,153,-11036,296,8712,3668,599,-1191
tisch,4,154,-8080,-1620,10092,1640,-666,-1003
tisch,4,155,-4200,-2852,10896,592,-1332,-630
tisch,4,156,-1656,-3608,12188,-242,-1391,-363
tisch,4,157,-1012,-5848,12976,-1144,-1314,-187
tisch,4,158,-64,-8308,14136,-1547,-1221,-69
tisch,4,159,1564,-8900,14736,-1842,-868,15
tisch,4,160,2424,-9676,15236,-2160,-338,58
tisch,4,161,2456,-10424,15440,-2338,257,28
tisch,4,162,1744,-11188,15968,-2316,731,-65
tisch,4,163,1220,-11380,16052,-2228,1027,-180
tisch,4,164,692,-11248,15800,-1990,1117,-341
tisch,4,165,-184,-10708,16188,-1917,1013,-499
tisch,4,166,-1216,-11112,16036,-1901,804,-647
tisch,4,167,-1696,-12020,15736,-1785,451,-730
tisch,4,168,-1888,-11972,14848,-1407,63,-812
tisch,4,169,-1588,-11920,14372,-1157,-220,-783
tisch,4,170,-464,-11268,12876,-854,-311,-705
tisch,4,171,-848,-10776,11904,-608,-311,-629
tisch,4,172,-664,-10432,11252,-596,-288,-546
tisch,4,173,-632,-10676,10752,-571,-311,-506
tisch,4,174,-896,-11080,10476,-511,-419,-414
tisch,4,175,-760,-10200,10540,-717,-406,-299
tisch,4,176,-1308,-10752,10804,-787,-588,-168
tisch,4,177,-1784,-10860,10992,-858,-745,-99
tisch,4,178,-1360,-10916,10592,-856,-1042,-20
tisch,4,179,-1608,-10880,9988,-634,-1395,-6
tisch,4,180,-1248,-10212,9896,-646,-1625,57
tisch,4,181,-732,-10176,9956,-691,-1845,97
tisch,4,182,-536,-10068,9776,-737,-2044,130
tisch,4,183,52,-10032,10280,-894,-2189,164
tisch,4,184,436,-10068,9608,-963,-2267,181
tisch,4,185,1464,-10432,9732,-1131,-2270,205
tisch,4,186,1520,-10864,9784,-1194,-2150,245
tisch,4,187,2164,-10544,9452,-1425,-1961,271
tisch,4,188,2100,-11468,9244,-1427,-1841,279
tisch,4,189,2148,-11596,10080,-1554,-1587,299
tisch,4,190,1984,-12468,9932,-1547,-1434,217
tisch,4,191,1052,-13180,10272,-1351,-1445,34
tisch,4,192,916,-12864,10228,-1193,-1586,-223
tisch,4,193,1348,-12888,9660,-1038,-1753,-502
tisch,4,194,1932,-12396,9468,-934,-1801,-730
tisch,4,195,2672,-12548,8976,-854,-1719,-886
tisch,4,196,3204,-12128,8528,-841,-1460,-932
tisch,4,197,2564,-11820,8812,-959,-1145,-895
tisch,4,198,1740,-11960,8780,-1023,-1040,-798
tisch,4,199,1580,-12040,8804,-978,-1100,-692
tisch,4,200,1864,-12280,8972,-1035,-1193,-581
tisch,4,201,2032,-12672,9312,-1216,-1356,-488
tisch,4,202,2452,-13384,9656,-1462,-1439,-431
tisch,4,203,3068,-14364,9860,-1441,-1510,-457
tisch,4,204,3492,-15396,9468,-1143,-1566,-543
tisch,4,205,4712,-14872,10420,-698,-1621,-637
tisch,4,206,4388,-15720,11352,-774,-1388,-705
tisch,4,207,4196,-15176,10372,-1168,-949,-913
tisch,4,208,4036,-15744,10904,-1459,-681,-1175
tisch,4,209,4140,-16352,11156,-1499,-519,-1382
tisch,4,210,4600,-16896,11368,-1548,-437,-1443
tisch,4,211,4832,-17448,11512,-1539,-305,-1497
tisch,4,212,5160,-18012,11764,-1341,-119,-1546
tisch,4,213,5496,-18080,11828,-1112,115,-1581
tisch,4,214,5320,-18632,11728,-876,359,-1576
tisch,4,215,4824,-18468,11716,-568,453,-1570
tisch,4,216,4596,-18376,11376,-292,449,-1524
tisch,4,217,4716,-18272,11216,-84,424,-1516
tisch,4,218,4632,-18300,10952,19,441,-1618
tisch,4,219,4460,-18036,10908,66,362,-1795
tisch,4,220,4260,-17928,10920,114,217,-1991
tisch,4,221,4160,-17820,10792,136,28,-2167
tisch,4,222,4440,-17960,11112,124,-159,-2330
tisch,4,223,4424,-18708,10820,113,-243,-2522
tisch,4,224,4740,-18728,10520,317,-422,-2666
tisch,4,225,5384,-18376,9492,607,-524,-2708
tisch,4,226,6200,-17636,8800,904,-469,-2669
tisch,4,227,6892,-16872,7504,1098,-199,-2640
tisch,4,228,6896,-16096,7016,1131,254,-2624
tisch,4,229,6596,-15376,6588,1114,661,-2592
tisch,4,230,6392,-15044,6112,1086,1029,-2597
tisch,4,231,6056,-14132,6240,1077,1251,-2650
tisch,4,232,5944,-13200,5960,981,1404,-2654
tisch,4,233,5372,-12236,6216,792,1495,-2615
tisch,4,234,5044,-12008,6296,491,1450,-2526
tisch,4,235,5184,-11964,6552,251,1419,-2422
tisch,4,236,5492,-11392,6580,71,1425,-2320
tisch,4,237,5844,-11396,6544,-117,1492,-2251
tisch,4,238,5168,-11348,7420,-197,1355,-2224
tisch,4,239,5180,-11016,7480,-280,1023,-2220
tisch,4,240,5316,-10372,8096,-360,689,-2214
tisch,4,241,5744,-9840,8220,-448,298,-2152
tisch,4,242,6052,-9232,8872,-712,-7,-2072
tisch,4,243,6360,-8944,8304,-867,-51,-1889
tisch,4,244,6424,-9124,8188,-966,-206,-1735
tisch,4,245,6016,-9192,8764,-1001,-391,-1679
tisch,4,246,6784,-8728,8792,-1064,-510,-1537
tisch,4,247,7700,-8664,8668,-1267,-529,-1429
tisch,4,248,9852,-7920,7288,-1712,-447,-1220
tisch,4,249,8256,-4716,10096,-2519,635,-1092
tisch,4,250,9632,-7540,8612,-2838,500,-698
tisch,4,251,8356,-9032,8796,-2977,573,-696
tisch,4,252,7260,-9292,9240,-2856,204,-815
tisch,4,253,7620,-9196,9136,-2916,-190,-994
tisch,4,254,9824,-7312,6032,-2825,101,-732
tisch,4,255,9088,-9296,9872,-3640,1222,-1064
tisch,4,256,11520,4612,12608,592,4924,3082
tisch,4,257,-9172,3044,25156,-2393,10322,6126
tisch,4,258,-32768,-13620,32767,1132,13521,5043
tisch,4,259,-8056,356,14212,4537,7676,7643
tisch,4,260,6524,1004,5532,444,5760,8955
tisch,4,261,7344,-5548,5348,-216,4249,9423
tisch,4,262,-332,-8168,12836,-632,3547,8015
tisch,4,263,496,-10116,7588,-1195,1695,5149
tisch,4,264,1572,-16156,6900,-1190,853,2483
tisch,4,265,1992,-16868,19440,-660,842,455
tisch,4,266,6576,-12888,1344,554,347,-879
tisch,4,267,-1876,-12000,11556,948,-1864,-1991
tisch,4,268,-1668,-8756,15460,1465,-2007,-1768
tisch,4,269,2812,-8048,13184,1736,-1753,-1287
tisch,4,270,-452,-11456,21616,1365,-2525,-1318
tisch,4,271,-3168,-9992,22536,1068,-4443,-1282
tisch,4,272,3752,-8356,3140,408,-5705,-1539
tisch,4,273,-14268,-9064,23512,-4049,-13425,-4290
tisch,4,274,32767,-10448,-32768,-4841,-9942,-5048
tisch,4,275,18212,-14940,19400,-2895,-6611,-3556
tisch,4,276,13612,-12416,7268,-1672,-3493,-3386
tisch,4,277,13968,-15896,5668,-1259,-1565,-2971
tisch,4,278,15116,-12656,7152,-630,-885,-2651
tisch,4,279,14904,-10952,6996,-694,-179,-1875
tisch,4,280,12404,-10984,6900,-717,966,-786
tisch,4,281,11052,-11428,5456,-510,1918,-140
tisch,4,282,9832,-11940,5840,-695,2449,231
tisch,4,283,9360,-12776,6592,-654,2713,169
tisch,4,284,9440,-13080,7252,-758,2980,-41
tisch,4,285,9488,-13740,7000,-1237,3184,-217
tisch,4,286,7024,-14544,9548,-1034,2743,-488
tisch,4,287,5488,-15252,9736,-833,2443,-970
tisch,4,288,5752,-14980,8556,-748,2210,-1344
tisch,4,289,6612,-14120,9472,-645,2046,-1516
tisch,4,290,6808,-14232,9876,-376,1981,-1524
tisch,4,291,9688,-14880,10344,-72,2257,-1164
tisch,4,292,9488,-14656,10744,583,2746,-334
tisch,4,293,6460,-11676,12340,1046,3623,281
tisch,4,294,7564,-15612,15520,1601,3452,480
tisch,4,295,9532,-14560,14236,1950,2692,146
tisch,4,296,11764,-14760,14060,1727,2260,-537
tisch,4,297,11228,-15168,14164,1997,2286,-870
tisch,4,298,10040,-14216,13960,2711,2418,-1103
tisch,4,299,7248,-12028,13400,3111,2152,-1521
tisch,5,0,-11144,-2220,9152,-316,106,36
tisch,5,1,-10968,-2268,9112,-425,117,55
tisch,5,2,-10756,-2368,9492,-521,12,98
tisch,5,3,-10136,-2916,8492,-432,52,51
tisch,5,4,-10168,-2472,8784,-434,41,66
tisch,5,5,-9908,-2360,8592,-406,37,57
tisch,5,6,-10024,-2508,8552,-382,49,56
tisch,5,7,-10072,-2444,8808,-341,62,90
tisch,5,8,-10020,-2848,8632,-208,85,158
tisch,5,9,-9752,-2420,8792,-114,133,238
tisch,5,10,-9888,-2068,8964,-71,198,284
tisch,5,11,-10228,-2100,9148,82,260,302
tisch,5,12,-10828,-1432,9548,8,299,243
tisch,5,13,-11492,-1700,9896,-85,259,155
tisch,5,14,-11344,-1292,9928,-103,172,91
tisch,5,15,-11420,-1212,9492,-327,162,11
tisch,5,16,-11452,-1580,9432,-477,39,-68
tisch,5,17,-12244,-1828,9952,-516,-224,-238
tisch,5,18,-11920,-2224,9004,-569,-90,-232
tisch,5,19,-10152,-2644,9288,-671,-65,-285
tisch,5,20,-10920,-1780,9132,-549,-160,-265
tisch,5,21,-10196,-2704,8908,-647,-100,-355
tisch,5,22,-11680,-2392,10404,-827,-104,-445
tisch,5,23,-12616,-3548,11988,-1113,-227,-734
tisch,5,24,-11608,-5584,12088,-1444,-25,-784
tisch,5,25,-10840,-7948,12380,-2034,273,-1134
tisch,5,26,-8024,-12212,11476,-1477,1068,-2122
tisch,5,27,-9344,-17052,13904,-27,2142,-3264
tisch,5,28,-6692,-16008,11876,1245,2246,-3672
tisch,5,29,-1764,-19232,9092,2287,2564,-3839
tisch,5,30,-1372,-16764,9340,2909,3115,-3678
tisch,5,31,-4036,-13156,9492,3918,3772,-3281
tisch,5,32,-6748,-12960,9328,4245,3598,-2877
tisch,5,33,-8256,-9640,8000,4580,2571,-3075
tisch,5,34,-9180,-7240,7328,4284,1370,-3341
tisch,5,35,-9256,-5024,5360,3620,557,-3481
tisch,5,36,-10120,-3140,5060,2927,-24,-3585
tisch,5,37,-12212,-3820,5072,2235,495,-4172
tisch,5,38,-6004,-2388,5012,1933,-103,-5203
tisch,5,39,588,-2008,4600,2195,-1547,-7258
tisch,5,40,-3168,3488,1136,2202,-2423,-8236
tisch,5,41,-1004,-2272,3116,52,-879,-7505
tisch,5,42,-5756,-6520,5380,-1078,298,-6046
tisch,5,43,-10232,-12540,5912,-520,192,-5775
tisch,5,44,-10924,-8824,6780,342,-658,-5776
tisch,5,45,-10076,-7572,6760,915,-1320,-5399
tisch,5,46,-10896,-7140,7012,1131,-1501,-5219
tisch,5,47,-11500,-6520,7724,851,-1951,-5663
tisch,5,48,-10876,-4356,8660,338,-2759,-6271
tisch,5,49,-8560,-4204,7356,-439,-3079,-6911
tisch,5,50,-7776,-5508,8196,-639,-3400,-7365
tisch,5,51,-7976,-5584,6336,-1124,-3067,-7464
tisch,5,52,-4208,-8184,7216,-1300,-2610,-6817
tisch,5,53,-5460,-5788,6576,-797,-2018,-6527
tisch,5,54,-5992,-6624,7120,-703,-1532,-6138
tisch,5,55,-8036,-6776,6504,-658,-1289,-5952
tisch,5,56,-4864,-3408,8120,-934,-1164,-5683
tisch,5,57,-4764,-1176,7036,-1264,-1355,-6036
tisch,5,58,-6228,-1692,6264,-2048,-1681,-6359
tisch,5,59,-6964,-3936,5532,-3128,-1914,-6250
tisch,5,60,-8232,-9588,6100,-3086,-2314,-6156
tisch,5,61,-11100,-5376,7032,-3868,-2657,-5628
tisch,5,62,-32768,-12492,32767,-4310,-8440,-4772
tisch,5,63,-32768,-15264,5484,-3120,-12250,-5519
tisch,5,64,-28252,-13088,6656,-480,-10528,-5619
tisch,5,65,-20120,-7376,12312,889,-9916,-3589
tisch,5,66,-6780,-2280,9896,1743,-9140,-1330
tisch,5,67,8972,7044,2408,1832,-6448,1664
tisch,5,68,8672,2648,4304,-361,-1948,5942
tisch,5,69,6244,-12084,-10316,-1197,3602,5651
tisch,5,70,6260,-24384,18400,-3401,5955,3233
tisch,5,71,2664,-29552,21328,-3518,5253,1830
tisch,5,72,3760,-27416,16012,-1711,4562,864
tisch,5,73,6700,-23520,23324,-767,4382,-229
tisch,5,74,5776,-22780,24808,-2131,3551,-2161
tisch,5,75,8232,-23440,26808,-3546,2272,-3978
tisch,5,76,6276,-24408,23828,-3479,2298,-5188
tisch,5,77,4524,-23572,20284,-2539,1966,-6220
tisch,5,78,3312,-22524,15180,-1082,1811,-6448
tisch,5,79,-344,-17248,15832,236,1532,-6572
tisch,5,80,-156,-25808,18856,2991,-1895,-8838
tisch,5,81,3596,-8220,4628,209,-4688,-11960
tisch,5,82,12500,-16908,1080,-762,-5338,-13759
tisch,5,83,18996,-9440,-116,1441,-5830,-12294
tisch,5,84,12464,-10980,-19064,1754,2001,-6956
tisch,5,85,-15876,-12176,14900,5655,2405,-2776
tisch,5,86,-32768,-7732,-6016,5354,1738,-2451
tisch,5,87,-23684,-2052,10424,2014,-1449,-3674
tisch,5,88,-14472,-5656,3392,-776,-2277,-3702
tisch,5,89,-5736,-8660,860,-178,-3312,-2911
tisch,5,90,-2520,-3256,-1132,453,-4437,-2259
tisch,5,91,4168,1860,-4284,106,-4563,-1228
tisch,5,92,11020,2980,-5848,-724,-3465,862
tisch,5,93,11392,3100,-3160,-756,-2232,3458
tisch,5,94,8168,4476,-3120,-634,-912,6814
tisch,5,95,2488,1428,-5504,-570,-54,10411
tisch,5,96,4308,-4996,-7220,-812,178,12783
tisch,5,97,4364,-9188,-6856,-1984,1367,13574
tisch,5,98,12112,-23456,-6596,-7695,5193,10342
tisch,5,99,17536,-32768,19196,-13542,7317,4362
tisch,5,100,-18384,-32768,29136,-7372,7321,3786
tisch,5,101,2280,-27232,21376,3002,1314,2846
tisch,5,102,4364,-24144,22208,766,2557,772
tisch,5,103,7140,-20324,26104,185,2290,669
tisch,5,104,5828,-19396,16336,218,3456,586
tisch,5,105,3188,-15788,13828,1760,3247,615
tisch,5,106,-3104,-9624,5780,1780,3235,75
tisch,5,107,-4304,-8356,6532,-284,2685,-1449
tisch,5,108,-7932,-10604,1912,-1708,1814,-3104
tisch,5,109,-8296,-17988,9636,-2785,827,-4931
tisch,5,110,2144,-21908,14372,-1661,-1935,-7052
tisch,5,111,8548,-25956,13208,-1493,-2330,-8131
tisch,5,112,5272,-30432,20220,721,-3434,-8456
tisch,5,113,6116,-24052,11636,1816,-3546,-8585
tisch,5,114,2960,-17044,2236,2880,-2675,-6844
tisch,5,115,-2280,-15564,5908,3280,-1498,-5140
tisch,5,116,-7580,-9044,-1476,4603,-1821,-3196
tisch,5,117,-6944,-8400,-4972,4169,-1524,-1831
tisch,5,118,-7220,-3280,-6236,4556,-2208,-260
tisch,5,119,88,-528,-8408,3673,-1886,1430
tisch,5,120,5628,1676,-5888,3533,-2289,3774
tisch,5,121,11264,3460,-11760,2304,-1399,5940
tisch,5,122,10092,10144,-8140,994,-1622,8092
tisch,5,123,4252,11588,-13712,-249,-668,10230
tisch,5,124,5704,5844,-17944,-1396,989,11574
tisch,5,125,4648,-6380,-21052,-7957,7648,9412
tisch,5,126,7936,-32768,20292,-13530,7645,4806
tisch,5,127,-16168,-32768,24216,-5030,2610,3409
tisch,5,128,4136,-25296,20816,2118,-715,2077
tisch,5,129,7560,-22332,28088,654,-703,287
tisch,5,130,7760,-20920,30500,-1636,-1346,-552
tisch,5,131,6256,-26724,28540,-2134,-423,-1967
tisch,5,132,-2596,-18900,27376,370,356,-3584
tisch,5,133,-9296,-12340,21988,674,-1088,-5482
tisch,5,134,-7532,-8396,13372,-485,-2557,-7266
tisch,5,135,-8032,-10548,7960,-988,-4680,-8858
tisch,5,136,-4940,-15888,9156,-1410,-4592,-8689
tisch,5,137,-3304,-15480,7468,975,-5037,-8011
tisch,5,138,4012,-10856,3076,2171,-5506,-7052
tisch,5,139,17428,-5800,-1548,1151,-3569,-4874
tisch,5,140,18600,-9632,-740,1634,-339,-2282
tisch,5,141,18680,-6764,-680,3382,1842,371
tisch,5,142,15132,-6156,-560,4215,3415,2769
tisch,5,143,8216,-5688,-1304,5007,2115,4999
tisch,5,144,4820,-1860,1284,4150,1034,6091
tisch,5,145,3004,876,-1788,2784,-336,7196
tisch,5,146,4080,984,-5636,475,-31,8085
tisch,5,147,5500,-3768,-6036,-1863,-80,7014
tisch,5,148,2448,-7348,-2232,-6126,2899,4830
tisch,5,149,1480,-32768,5744,-8723,4936,2638
tisch,5,150,-3916,-31860,13852,-2434,1249,1026
tisch,5,151,3904,-18108,9148,726,1151,-242
tisch,5,152,-4304,-17484,19300,598,78,-1533
tisch,5,153,-5980,-20316,17228,-780,-1075,-2463
tisch,5,154,-1828,-20012,20088,-2285,-282,-4368
tisch,5,155,-2780,-19376,18392,-2301,-273,-6322
tisch,5,156,-8120,-16368,21484,-1705,-1268,-8145
tisch,5,157,-4512,-17320,16460,-2857,-2454,-9712
tisch,5,158,-5564,-26580,15100,-2931,-1760,-8806
tisch,5,159,-1524,-22312,14116,684,-2204,-6708
tisch,5,160,9448,-7408,-168,2411,-2209,-4869
tisch,5,161,12032,-6192,2012,18,1112,-2981
tisch,5,162,3172,-27720,16756,-453,2094,-2212
tisch,5,163,9440,-20812,12204,3720,-2711,-3066
tisch,5,164,14708,-4828,4360,3369,-1672,-1472
tisch,5,165,20524,-13784,3420,2356,754,676
tisch,5,166,12488,-12572,2764,4290,1979,2480
tisch,5,167,7804,-14592,4880,5478,2705,3314
tisch,5,168,5384,-18508,6388,6430,1878,3570
tisch,5,169,6936,-14880,5928,6568,55,2825
tisch,5,170,4580,-13988,8084,5992,-711,2124
tisch,5,171,6844,-20068,10920,5429,-523,1615
tisch,5,172,10268,-15664,8284,6423,-972,1105
tisch,5,173,9856,-11024,6392,6270,420,1393
tisch,5,174,8328,-15196,8240,6250,1725,2020
tisch,5,175,1108,-19032,21312,6181,1595,2676
tisch,5,176,4092,-15476,8448,8499,-693,3758
tisch,5,177,7052,-6860,13756,7263,93,5007
tisch,5,178,9924,-12384,10236,5984,1757,6237
tisch,5,179,9144,-13412,11956,6682,2872,7091
tisch,5,180,6776,-11024,11720,7469,3502,7725
tisch,5,181,5840,-10536,10988,7166,4359,7840
tisch,5,182,2704,-11168,13332,7329,4627,7440
tisch,5,183,492,-7684,13396,7889,4140,7323
tisch,5,184,-256,-4296,13184,7497,3782,7233
tisch,5,185,-44,-3508,13360,6651,3471,7626
tisch,5,186,-84,-1276,13600,6010,2772,8860
tisch,5,187,-160,1704,13452,5094,2506,10678
tisch,5,188,220,1012,11244,3545,3010,12530
tisch,5,189,-2148,-4812,10520,3041,3791,13658
tisch,5,190,-4040,32767,2044,-1437,4928,14595
tisch,5,191,-4596,-13104,13260,5291,2166,14196
tisch,5,192,-8636,6544,9760,1588,3673,12961
tisch,5,193,-1824,-4660,6104,7955,1299,11030
tisch,5,194,-3936,4732,10016,4907,1321,10755
tisch,5,195,-5048,324,8812,4243,533,10538
tisch,5,196,-4040,-2732,9112,4490,-30,10712
tisch,5,197,-3528,1072,7684,4682,-196,10482
tisch,5,198,-964,1760,6400,4158,-211,9660
tisch,5,199,1880,-764,4596,3328,-131,8214
tisch,5,200,5720,1892,3508,3242,-17,6965
tisch,5,201,8988,2336,2756,2897,475,5995
tisch,5,202,11208,1980,2072,2439,1542,5360
tisch,5,203,11852,2776,2928,2106,2463,4775
tisch,5,204,11872,1956,4076,1570,3231,4027
tisch,5,205,11048,2880,4704,930,3743,3226
tisch,5,206,9564,2164,5068,297,3984,2429
tisch,5,207,8576,1168,5504,-135,4054,1795
tisch,5,208,7248,-412,5944,-474,3965,1155
tisch,5,209,6360,1548,5688,-774,3894,658
tisch,5,210,5456,2008,5116,-1132,3894,277
tisch,5,211,5276,2328,4996,-1451,3913,-17
tisch,5,212,4696,2712,5456,-1752,3918,-112
tisch,5,213,3208,3288,5636,-2248,4051,-250
tisch,5,214,1148,1100,7856,-2761,4004,-802
tisch,5,215,1320,1216,8012,-3173,3752,-1548
tisch,5,216,2000,2368,6704,-3783,3610,-2183
tisch,5,217,2392,1076,6716,-4559,3716,-2806
tisch,5,218,1056,708,6592,-5243,3957,-3081
tisch,5,219,40,-816,5692,-5509,4103,-3115
tisch,5,220,-472,-2604,5764,-5739,4243,-3042
tisch,5,221,-3072,-4344,6648,-4867,4318,-2983
tisch,5,222,-4752,-2924,7764,-4579,4599,-2839
tisch,5,223,-6476,-6940,8660,-3851,4673,-2813
tisch,5,224,-8256,-5120,9260,-3252,4813,-2822
tisch,5,225,-10792,-5064,9336,-2855,4743,-2713
tisch,5,226,-12404,-5140,9868,-2669,4438,-2529
tisch,5,227,-12992,-5140,10268,-2296,4063,-2326
tisch,5,228,-13032,-5856,11436,-1640,3806,-2178
tisch,5,229,-14472,-5428,11504,-1416,3677,-1968
tisch,5,230,-15000,-5012,11700,-1723,3448,-1699
tisch,5,231,-15708,-4844,11612,-1302,3080,-1646
tisch,5,232,-16260,-7408,12976,-944,2897,-1706
tisch,5,233,-16696,-8944,13712,-911,2601,-1813
tisch,5,234,-16816,-5924,11960,-1051,2292,-1960
tisch,5,235,-16316,-1868,9852,-1288,1762,-1767
tisch,5,236,-16604,-4460,9328,-909,1264,-1724
tisch,5,237,-15048,-5388,9504,-424,846,-1667
tisch,5,238,-14656,-4580,9024,-278,571,-1377
tisch,5,239,-13052,-9316,8376,32,663,697
tisch,5,240,-20632,-15956,16948,2434,2205,3588
tisch,5,241,-32768,-11528,23964,3647,-1334,3305
tisch,5,242,-19904,-2776,7324,3558,-932,2462
tisch,5,243,-19236,-840,7856,3429,-738,1970
tisch,5,244,-15696,968,9676,3231,-1155,1231
tisch,5,245,-14916,-28,9056,2904,-1330,531
tisch,5,246,-15900,-1448,10600,2548,-1246,1
tisch,5,247,-14372,188,11652,2172,-1265,160
tisch,5,248,-10440,-1188,9916,1646,-867,6
tisch,5,249,-9640,-676,9236,1156,-355,64
tisch,5,250,-11460,120,8772,436,-50,61
tisch,5,251,-11636,544,8284,-399,127,66
tisch,5,252,-12260,-636,9140,-1003,-30,68
tisch,5,253,-12572,-2912,9084,-938,-222,42
tisch,5,254,-11336,-1748,8032,-788,-372,63
tisch,5,255,-10324,-2524,7524,-467,-148,327
tisch,5,256,-10452,-928,6220,-641,-85,575
tisch,5,257,-12660,-2616,6748,-859,-263,733
tisch,5,258,-12116,-2392,7556,-517,-521,699
tisch,5,259,-12508,-1780,6772,-444,-676,772
tisch,5,260,-10464,-2708,8084,-454,-692,720
tisch,5,261,-8340,-7948,9648,838,-846,630
tisch,5,262,-7332,-4172,10236,4498,-668,301
tisch,5,263,-9424,3576,7756,992,-44,447
tisch,5,264,-8996,-136,9888,-400,228,488
tisch,5,265,-9356,3636,11060,-1054,333,160
tisch,5,266,-10024,-5036,11412,-647,711,-185
tisch,5,267,-10876,712,10880,895,340,-470
tisch,5,268,-11868,812,11448,932,361,-589
tisch,5,269,-11924,1248,11284,753,92,-732
tisch,5,270,-11848,1620,10172,15,-290,-863
tisch,5,271,-9924,1476,10924,-1148,-182,-580
tisch,5,272,-9508,1020,10684,-1649,-386,-449
tisch,5,273,-7564,-632,11936,-1854,-493,-228
tisch,5,274,-7344,-1676,10812,-1634,-586,-135
tisch,5,275,-6752,-2080,11104,-1271,-657,4
tisch,5,276,-5624,-1664,11360,-773,-513,177
tisch,5,277,-6532,528,11860,24,-290,398
tisch,5,278,-9168,580,10100,-484,-20,469
tisch,5,279,-9872,280,11280,-709,-72,478
tisch,5,280,-11116,-248,11144,-949,-204,494
tisch,5,281,-11208,-80,11068,-1035,-394,548
tisch,5,282,-10472,-1400,9752,-1294,-309,469
tisch,5,283,-10700,-616,9828,-1175,-582,442
tisch,5,284,-10120,-1924,8856,-1268,-320,346
tisch,5,285,-10184,-2244,9776,-1116,-293,173
tisch,5,286,-10808,-1692,9256,-1032,-348,71
tisch,5,287,-10920,-1492,10048,-848,-341,46
tisch,5,288,-10904,-2632,8552,-869,-71,22
tisch,5,289,-10920,-2244,8904,-623,-289,-115
tisch,5,290,-10240,-2384,8464,-441,-278,-209
tisch,5,291,-10088,-2428,8496,-191,-324,-286
tisch,5,292,-9832,-2420,8808,30,-326,-306
tisch,5,293,-9732,-2168,8960,196,-298,-297
tisch,5,294,-9588,-2248,9012,246,-242,-372
tisch,5,295,-9692,-1824,9404,329,-266,-389
tisch,5,296,-10092,-1884,9636,342,-287,-432
tisch,5,297,-9876,-1612,10000,358,-273,-375
tisch,5,298,-9628,-1380,10152,328,-295,-390
tisch,5,299,-9512,-1048,10756,228,-321,-416
tisch,6,0,-9488,-3048,10512,-657,-330,-254
tisch,6,1,-9468,-3168,10308,-701,-409,-238
tisch,6,2,-9240,-3084,10548,-757,-430,-226
tisch,6,3,-9540,-3232,10868,-911,-443,-268
tisch,6,4,-10056,-3680,11188,-1064,-566,-505
tisch,6,5,-10516,-3840,11732,-1135,-892,-701
tisch,6,6,-10316,-4036,11572,-1187,-1152,-839
tisch,6,7,-10120,-3872,11604,-1173,-1408,-883
tisch,6,8,-9204,-3868,10740,-1202,-1571,-908
tisch,6,9,-9024,-3836,10440,-1182,-1684,-850
tisch,6,10,-8400,-3992,10544,-1170,-1747,-795
tisch,6,11,-7512,-4588,10480,-949,-1739,-885
tisch,6,12,-7884,-5048,10352,-975,-1650,-919
tisch,6,13,-7872,-5412,10216,-953,-1740,-1036
tisch,6,14,-8176,-6324,10052,-780,-1819,-1214
tisch,6,15,-7580,-5156,10788,-704,-1984,-1322
tisch,6,16,-6904,-4560,11172,-930,-2046,-1386
tisch,6,17,-6488,-5352,10512,-1079,-2153,-1357
tisch,6,18,-6108,-5692,10028,-1077,-1996,-1581
tisch,6,19,-5708,-7060,11056,-958,-2055,-1839
tisch,6,20,-5724,-7140,10328,-885,-1892,-2043
tisch,6,21,-5572,-7672,10676,-564,-1785,-2232
tisch,6,22,-5164,-7636,12120,-187,-1751,-2432
tisch,6,23,-5368,-7448,11432,-260,-1730,-2635
tisch,6,24,-4532,-8076,11272,-167,-1488,-3040
tisch,6,25,-4796,-10424,10812,370,-1243,-3569
tisch,6,26,-3312,-7788,12996,842,-1125,-3649
tisch,6,27,-1708,-5832,11660,759,-594,-3266
tisch,6,28,-1060,-4744,13148,488,-176,-2914
tisch,6,29,-1012,-4952,11572,85,329,-2572
tisch,6,30,-268,-3916,11044,44,563,-2442
tisch,6,31,-1128,-5172,11352,-66,977,-2317
tisch,6,32,108,-5100,11148,-130,1401,-2324
tisch,6,33,1156,-4776,11448,-240,2008,-2127
tisch,6,34,204,-5104,10760,-482,2616,-2056
tisch,6,35,-8,-4400,10748,-501,3185,-2198
tisch,6,36,-568,-7520,10340,-729,3900,-2223
tisch,6,37,-564,-5936,9960,-662,4721,-2251
tisch,6,38,-12,-10432,8992,183,5329,-2104
tisch,6,39,-1740,-12112,8920,952,6063,-1448
tisch,6,40,-4688,-13064,7816,1737,6718,-664
tisch,6,41,-8248,-10332,8768,2432,6905,-179
tisch,6,42,-10192,-8220,9380,2829,6364,240
tisch,6,43,-11904,-8324,9188,3524,5624,265
tisch,6,44,-13568,-6360,10508,3931,4848,274
tisch,6,45,-14028,-4104,9972,4055,4166,305
tisch,6,46,-14500,-392,8260,3918,3579,455
tisch,6,47,-14804,-6532,6304,3391,3233,608
tisch,6,48,-15304,-3448,6528,2925,2906,958
tisch,6,49,-15788,3700,6652,2249,2398,1177
tisch,6,50,-16484,1608,7152,1993,1568,1280
tisch,6,51,-16580,6148,7436,790,466,1637
tisch,6,52,-16916,6644,6476,-246,-642,1943
tisch,6,53,-16456,6844,5896,-1403,-1657,2523
tisch,6,54,-15352,5640,4796,-1883,-2333,2948
tisch,6,55,-15496,5112,3928,-2709,-2790,3135
tisch,6,56,-13848,4648,2908,-3429,-3173,3286
tisch,6,57,-13484,2660,2708,-5402,-3248,3071
tisch,6,58,-11092,1540,3008,-6850,-3211,2600
tisch,6,59,-10180,-4132,3672,-8034,-2747,1799
tisch,6,60,-9076,-13092,5524,-8079,-1967,558
tisch,6,61,-3564,-29908,14628,-6471,-447,920
tisch,6,62,-1648,-28716,15612,-1435,2967,954
tisch,6,63,-7788,-25180,14368,-544,3428,85
tisch,6,64,-4780,-17692,10624,1762,2207,-1934
tisch,6,65,-3152,-12868,8264,1643,2938,-2547
tisch,6,66,-3300,-10544,6800,1890,3468,-2666
tisch,6,67,-5552,-11988,6812,2613,3252,-3289
tisch,6,68,-5784,-12528,6252,3135,2443,-4121
tisch,6,69,-6988,-9644,6176,3478,1925,-4378
tisch,6,70,-10472,-7928,5960,3543,1940,-3416
tisch,6,71,-13464,-1480,6468,3621,2380,-1436
tisch,6,72,-17732,3980,7544,3052,1983,822
tisch,6,73,-20360,1168,5884,3189,1235,1956
tisch,6,74,-19896,1292,7624,2414,-638,1998
tisch,6,75,-17312,-1204,6768,2352,-2585,1487
tisch,6,76,-13968,4684,6484,609,-3129,1330
tisch,6,77,-13256,3200,7640,-1646,-3442,2102
tisch,6,78,-15224,3692,8540,-3692,-3878,2556
tisch,6,79,-15876,-160,9936,-4843,-4593,1849
tisch,6,80,-15960,-6856,9628,-5313,-4613,39
tisch,6,81,-15068,-11156,12020,-5135,-4791,-2561
tisch,6,82,-12316,-11372,14328,-4613,-5317,-4703
tisch,6,83,-9260,-11696,13088,-3707,-5526,-5670
tisch,6,84,-5864,-14780,11368,-2735,-5270,-5334
tisch,6,85,-1948,-20000,9668,-695,-4828,-3769
tisch,6,86,4120,-20888,8380,3127,-3884,-1203
tisch,6,87,7416,-17688,5080,5635,-1840,2227
tisch,6,88,9080,-9868,4628,6235,1203,4903
tisch,6,89,7172,-6000,4828,5882,3980,7445
tisch,6,90,-1356,440,6648,5241,5498,8649
tisch,6,91,-8872,4368,9096,4489,4515,7353
tisch,6,92,-12116,9528,9544,3084,2186,4297
tisch,6,93,-13804,14880,10208,621,-101,1006
tisch,6,94,-12448,12760,8500,-2102,-1740,-1415
tisch,6,95,-10620,8664,6808,-4619,-2566,-3275
tisch,6,96,-7104,4560,4892,-6763,-2778,-4718
tisch,6,97,-4236,3652,5080,-8521,-2586,-5523
tisch,6,98,-4040,-1764,3872,-8984,-2481,-6117
tisch,6,99,-5912,-11564,4380,-7462,-2251,-5670
tisch,6,100,-3592,-32768,16264,-4595,-1736,-2509
tisch,6,101,-8888,-32768,18612,-725,1837,3068
tisch,6,102,-8420,-20848,11912,3745,1233,5644
tisch,6,103,-7696,-4732,9164,5384,682,5023
tisch,6,104,-7900,3212,9104,4148,831,4284
tisch,6,105,-8548,4580,8140,1696,778,3259
tisch,6,106,-10664,2096,9412,-697,221,1597
tisch,6,107,-14092,-1616,12292,-1640,-882,-671
tisch,6,108,-14084,-2872,13648,-2813,-2594,-2673
tisch,6,109,-9868,-6964,14096,-4203,-3139,-3198
tisch,6,110,-7564,-9412,14224,-3839,-2840,-2873
tisch,6,111,-9576,-10968,13892,-2298,-2796,-2713
tisch,6,112,-10404,-12244,13476,-1856,-3342,-2409
tisch,6,113,-6836,-12264,11068,-1396,-3137,-1037
tisch,6,114,-3252,-11064,8380,-391,-2621,960
tisch,6,115,-184,-10256,6220,770,-1589,3128
tisch,6,116,844,-8024,5172,1557,-158,4926
tisch,6,117,-688,-6552,6280,1968,765,6044
tisch,6,118,-2748,-2588,7328,2091,1307,6450
tisch,6,119,-3852,1300,8044,1760,1427,5698
tisch,6,120,-5816,-1516,8540,621,1424,3691
tisch,6,121,-8464,1852,10856,-1291,859,682
tisch,6,122,-9632,3572,10080,-2754,-460,-2609
tisch,6,123,-7396,3804,10324,-4190,-1645,-5374
tisch,6,124,-1808,-2472,7300,-5002,-2211,-6879
tisch,6,125,364,-1480,7968,-7526,-1938,-7086
tisch,6,126,588,-22232,15036,-7219,-285,-6238
tisch,6,127,-3444,-32768,21620,-3099,1446,-3000
tisch,6,128,-12660,-24288,19404,644,2153,-552
tisch,6,129,-19076,-9940,13184,1751,-63,283
tisch,6,130,-10884,-8800,9772,2383,-1368,1451
tisch,6,131,-7264,-3396,5172,1785,-1382,4148
tisch,6,132,-1264,-9392,4784,2708,-707,5731
tisch,6,133,700,-9176,6324,3104,46,6095
tisch,6,134,-2388,-6324,5616,3674,97,5999
tisch,6,135,-5096,844,5692,2838,65,4395
tisch,6,136,-7300,3848,8264,547,-515,2100
tisch,6,137,-7484,4672,8076,-1471,-1036,-537
tisch,6,138,-6448,4164,7568,-2830,-1724,-2539
tisch,6,139,-3236,-1268,6104,-3668,-1934,-3899
tisch,6,140,-1880,-2172,5804,-3987,-1763,-4496
tisch,6,141,-1208,-1244,3908,-5085,-1822,-5147
tisch,6,142,-2228,-4380,6972,-7400,-1285,-5191
tisch,6,143,408,-32768,16240,-3858,881,-1553
tisch,6,144,-7800,-32768,22324,1555,3921,3724
tisch,6,145,-15280,-12504,12452,3855,912,5700
tisch,6,146,-11060,-5232,8696,3699,-569,6025
tisch,6,147,-6908,-7272,8944,3062,-628,5809
tisch,6,148,-3188,-3660,8196,2539,-1269,4902
tisch,6,149,1544,-8196,6912,2417,-605,4081
tisch,6,150,580,-496,6608,1797,505,3534
tisch,6,151,-3644,1452,7372,855,1193,2008
tisch,6,152,-7384,2988,9696,-992,999,-74
tisch,6,153,-8948,2184,9484,-2105,-211,-2197
tisch,6,154,-9056,2808,8568,-3413,-1068,-3937
tisch,6,155,-6976,-10608,13084,-5461,-1221,-4037
tisch,6,156,-8740,-18208,15780,-4686,-330,-2817
tisch,6,157,-13496,-20756,21420,-2947,-171,-1471
tisch,6,158,-10788,-15412,16628,-1939,-640,-678
tisch,6,159,-8484,-9376,11604,284,-1482,-229
tisch,6,160,-5164,-5944,8880,431,-1844,886
tisch,6,161,-1452,-8208,6868,669,-1410,2307
tisch,6,162,-16,-4708,5796,923,-648,3415
tisch,6,163,-2440,-3212,6516,810,113,3698
tisch,6,164,-3016,-8172,6136,982,335,3195
tisch,6,165,-4096,-1668,6700,493,627,2561
tisch,6,166,-3588,-200,6336,-92,828,1813
tisch,6,167,-3660,1832,6780,-984,966,1139
tisch,6,168,-4504,-1260,8012,-1971,1199,588
tisch,6,169,-6740,-8452,10280,-2246,1240,363
tisch,6,170,-8904,-9396,14168,-2076,1170,559
tisch,6,171,-12136,-12220,15296,-1668,801,873
tisch,6,172,-12380,-13752,15760,-989,-13,1260
tisch,6,173,-10936,-7672,15068,-793,-719,1528
tisch,6,174,-8280,-4968,11108,-803,-1133,1580
tisch,6,175,-6084,-5676,9372,-834,-931,1294
tisch,6,176,-3980,-11732,11360,-522,-304,398
tisch,6,177,-292,-13308,12200,79,-192,-612
tisch,6,178,1372,-11200,11032,267,-310,-903
tisch,6,179,1156,-8064,9720,214,36,-663
tisch,6,180,1116,-7696,9276,96,539,-262
tisch,6,181,-824,-8284,9400,12,915,62
tisch,6,182,-2476,-9452,9616,299,1057,185
tisch,6,183,-3696,-7500,8284,727,1126,516
tisch,6,184,-5288,-7024,9116,816,1463,968
tisch,6,185,-6100,-5988,9288,1115,1698,1308
tisch,6,186,-8356,-5760,10044,1034,1693,1359
tisch,6,187,-9336,-5936,10436,960,1535,1252
tisch,6,188,-9932,-5716,11572,892,1355,937
tisch,6,189,-10196,-5224,11340,670,955,673
tisch,6,190,-10004,-5508,11604,619,681,498
tisch,6,191,-9912,-5228,11192,264,373,338
tisch,6,192,-9132,-5564,10856,12,209,242
tisch,6,193,-9008,-7520,10576,228,2,219
tisch,6,194,-9168,-5472,10052,-82,-142,239
tisch,6,195,-8488,-5320,10148,57,-262,291
tisch,6,196,-8052,-5336,9604,16,-260,508
tisch,6,197,-7368,-6496,9336,403,-160,693
tisch,6,198,-6720,-5620,9224,472,-4,848
tisch,6,199,-6452,-4148,9096,189,260,978
tisch,6,200,-6532,-3752,9216,68,387,1116
tisch,6,201,-8144,-3532,9408,-272,474,1321
tisch,6,202,-9636,-3556,10608,-354,497,1482
tisch,6,203,-10436,-5088,11168,-206,449,1388
tisch,6,204,-10588,-4204,11160,-377,225,1289
tisch,6,205,-11264,-4168,10688,-595,-110,1211
tisch,6,206,-11260,-3652,10412,-695,-253,1061
tisch,6,207,-9872,-5764,10632,-772,-511,931
tisch,6,208,-9292,-6148,10144,-810,-638,827
tisch,6,209,-8352,-6632,9924,-766,-652,801
tisch,6,210,-7628,-3748,9328,-753,-494,620
tisch,6,211,-7680,-6376,9680,-1052,-471,579
tisch,6,212,-7208,-9368,10392,-700,-531,506
tisch,6,213,-6828,-9992,9396,-780,-402,507
tisch,6,214,-6108,-8452,8912,-251,-401,416
tisch,6,215,-6640,-7112,8900,-609,-266,557
tisch,6,216,-7044,-7328,8972,-697,-81,561
tisch,6,217,-7444,-6520,9148,-630,-101,560
tisch,6,218,-7412,-5656,9236,-464,24,560
tisch,6,219,-8060,-5228,9240,-548,111,626
tisch,6,220,-7956,-5532,9640,-503,47,542
tisch,6,221,-8188,-5904,10448,-739,-55,570
tisch,6,222,-7956,-7044,10868,-751,-94,481
tisch,6,223,-8060,-8208,11516,-856,-75,231
tisch,6,224,-6844,-7664,12100,-867,-193,3
tisch,6,225,-6732,-12492,11592,-882,-273,-118
tisch,6,226,-4928,-10844,10932,-658,-122,-320
tisch,6,227,-4028,-11384,9880,-270,113,-398
tisch,6,228,-3292,-10300,9392,-578,507,-343
tisch,6,229,-3136,-11288,10044,-322,789,-386
tisch,6,230,-2720,-9876,8812,561,896,-591
tisch,6,231,-3436,-8944,8760,700,1061,-680
tisch,6,232,-3220,-7920,8512,687,1295,-784
tisch,6,233,-3700,-9296,8392,616,1477,-592
tisch,6,234,-4968,-7892,8920,816,1795,-428
tisch,6,235,-6644,-6316,8564,850,1717,-297
tisch,6,236,-7692,-6656,8340,1137,1568,-465
tisch,6,237,-8740,-7696,9096,959,1424,-258
tisch,6,238,-10356,-5892,9492,987,1349,-203
tisch,6,239,-11448,-6972,9836,1039,894,-361
tisch,6,240,-13620,-4120,10636,398,383,-766
tisch,6,241,-15180,-2480,11408,-98,-502,-1551
tisch,6,242,-16492,-3900,12536,-848,-1473,-2394
tisch,6,243,-15868,-5188,12152,-1300,-2488,-3083
tisch,6,244,-15408,-4852,10896,-1780,-3154,-3621
tisch,6,245,-12604,-6548,11124,-1830,-3660,-3958
tisch,6,246,-10244,-6468,10292,-2060,-3724,-4014
tisch,6,247,-7472,-8816,8516,-1912,-3482,-3820
tisch,6,248,-3516,-10584,8540,-1080,-3213,-3442
tisch,6,249,876,-14736,6924,218,-2429,-2594
tisch,6,250,4436,-7636,6040,969,-861,-1017
tisch,6,251,4932,-7576,5908,1904,726,398
tisch,6,252,2748,-11484,5380,2571,2300,1395
tisch,6,253,-132,-7016,7372,3161,3298,1801
tisch,6,254,-4780,-2456,8364,3002,3622,1379
tisch,6,255,-7224,-7188,9896,2709,3004,351
tisch,6,256,-10216,-1412,9804,1909,2220,-1160
tisch,6,257,-11324,-3560,10208,522,1200,-2682
tisch,6,258,-9432,-2572,9564,-899,339,-3814
tisch,6,259,-5888,-1380,9560,-1914,-238,-4454
tisch,6,260,-2376,-8464,7732,-2307,58,-4419
tisch,6,261,-8960,-15492,11676,-1200,1593,-992
tisch,6,262,-16016,-11216,14692,1554,2397,-344
tisch,6,263,-18192,-6988,13092,1846,476,-1775
tisch,6,264,-11300,-6716,11828,1426,-1222,-3128
tisch,6,265,-6032,-6608,10292,1437,-1385,-3091
tisch,6,266,-2976,-4592,7868,1102,-662,-2211
tisch,6,267,-1240,-7560,6632,1598,-9,-1662
tisch,6,268,-492,-7528,7952,1748,766,-1492
tisch,6,269,-2228,-2084,8668,1615,1444,-1566
tisch,6,270,-4848,-10192,8032,1400,1735,-2156
tisch,6,271,-6680,-1760,10688,496,1549,-3344
tisch,6,272,-6944,-10520,11916,185,1184,-4593
tisch,6,273,-8316,-12632,13008,87,1267,-4881
tisch,6,274,-9708,-13064,13432,245,990,-5153
tisch,6,275,-10744,-7560,14076,195,438,-5921
tisch,6,276,-10904,-6952,11856,38,11,-6603
tisch,6,277,-10292,-9528,11284,-328,-257,-6789
tisch,6,278,-10888,-7760,9460,-94,-728,-6035
tisch,6,279,-7716,-11864,8180,473,-875,-4575
tisch,6,280,-5352,-11608,6704,1083,-857,-2718
tisch,6,281,-4508,-5048,5212,1129,-598,-1096
tisch,6,282,-2300,-4644,6644,1710,-100,-306
tisch,6,283,-1656,-3888,6180,1315,249,-363
tisch,6,284,-2580,-7140,5676,1401,1299,-1177
tisch,6,285,-4696,-5408,7792,1481,1257,-2455
tisch,6,286,-6516,-1764,9248,862,759,-3936
tisch,6,287,-6280,-572,11292,43,-84,-5342
tisch,6,288,-6016,-7400,12660,-722,-835,-6054
tisch,6,289,-5416,-9508,13872,-498,-991,-5667
tisch,6,290,-7008,-17976,14208,-638,-756,-5012
tisch,6,291,-6544,-15008,14488,607,-1374,-4966
tisch,6,292,-5872,-12576,12728,975,-1858,-5092
tisch,6,293,-3496,-9800,10604,1493,-1938,-4187
tisch,6,294,-2152,-7284,10032,1122,-1423,-2696
tisch,6,295,-48,-10556,9756,1351,-863,-1088
tisch,6,296,-832,-7572,9908,1775,-385,237
tisch,6,297,-236,-3140,10544,1907,28,1392
tisch,6,298,-1928,-5672,10868,1327,358,1985
tisch,6,299,-1048,-5360,10400,859,493,2345
tisch,7,0,-9928,-2800,9528,-123,25,-33
tisch,7,1,-9868,-2932,9360,-115,25,-43
tisch,7,2,-9892,-2836,9636,-120,20,-38
tisch,7,3,-9796,-2848,9476,-117,15,-38
tisch,7,4,-9856,-2848,9512,-106,9,-46
tisch,7,5,-9852,-2888,9536,-118,1,-34
tisch,7,6,-9844,-2884,9520,-107,15,-44
tisch,7,7,-9920,-2936,9536,-117,8,-36
tisch,7,8,-9924,-2832,9568,-117,8,-47
tisch,7,9,-9916,-2900,9568,-124,11,-55
tisch,7,10,-9968,-2868,9332,-121,17,-49
tisch,7,11,-9960,-2592,9452,-111,23,-49
tisch,7,12,-9896,-2736,9580,-116,14,-48
tisch,7,13,-9880,-2784,9488,-122,14,-53
tisch,7,14,-9780,-2944,9588,-122,12,-58
tisch,7,15,-9916,-2848,9516,-124,6,-57
tisch,7,16,-9872,-2836,9512,-128,24,-54
tisch,7,17,-9808,-2908,9540,-119,18,-48
tisch,7,18,-9732,-2832,9628,-124,23,-51
tisch,7,19,-9840,-2876,9436,-121,31,-53
tisch,7,20,-9852,-2872,9648,-128,37,-56
tisch,7,21,-9916,-2904,9576,-131,45,-58
tisch,7,22,-9856,-2776,9612,-143,45,-53
tisch,7,23,-9884,-2840,9484,-142,35,-70
tisch,7,24,-9936,-2884,9600,-136,32,-67
tisch,7,25,-9840,-2772,9448,-141,30,-66
tisch,7,26,-9696,-2920,9312,-140,26,-67
tisch,7,27,-9844,-2972,9536,-139,46,-67
tisch,7,28,-9916,-2896,9392,-132,46,-67
tisch,7,29,-9848,-2776,9436,-144,43,-69
tisch,7,30,-9996,-2728,9484,-142,47,-73
tisch,7,31,-9920,-3008,9416,-154,33,-68
tisch,7,32,-9836,-2808,9508,-140,22,-60
tisch,7,33,-9860,-2844,9600,-139,20,-50
tisch,7,34,-9924,-2948,9492,-140,26,-44
tisch,7,35,-9856,-2920,9404,-140,45,-45
tisch,7,36,-9920,-2868,9568,-137,50,-54
tisch,7,37,-10084,-2876,9460,-127,53,-60
tisch,7,38,-10024,-2856,9408,-130,49,-83
tisch,7,39,-10096,-2756,9592,-132,35,-112
tisch,7,40,-9912,-2840,9528,-151,79,-140
tisch,7,41,-10048,-3060,9600,-176,71,-212
tisch,7,42,-10080,-2696,9768,-212,141,-317
tisch,7,43,-10636,-3164,9976,-217,151,-376
tisch,7,44,-10484,-3512,9636,-274,225,-500
tisch,7,45,-11336,-3660,9748,-289,349,-754
tisch,7,46,-11252,-5364,9044,-651,673,-1592
tisch,7,47,-9348,-7380,12656,-13,17,-1835
tisch,7,48,-14724,-8292,13304,-146,143,-2503
tisch,7,49,-11580,-9196,12540,235,-257,-2853
tisch,7,50,-12036,-10104,12832,205,-669,-3652
tisch,7,51,-10756,-9320,13580,150,-1071,-4543
tisch,7,52,-8440,-10336,13336,205,-1482,-4916
tisch,7,53,-7656,-12708,13596,493,-1755,-5409
tisch,7,54,-6576,-11044,13048,1240,-1964,-6264
tisch,7,55,-5800,-11912,14816,982,-2594,-7158
tisch,7,56,-3452,-7032,13960,658,-3062,-8085
tisch,7,57,-2564,-8076,14204,906,-3794,-9263
tisch,7,58,-768,-13288,14168,1110,-4368,-10510
tisch,7,59,668,-5940,16136,692,-4820,-11512
tisch,7,60,3632,-8392,15220,170,-4892,-12362
tisch,7,61,6968,-8840,14812,-135,-4419,-12662
tisch,7,62,8380,-11208,13408,-123,-3423,-12360
tisch,7,63,7868,-8812,12908,-313,-2328,-11936
tisch,7,64,6852,-9916,11488,-475,-1409,-11758
tisch,7,65,5544,-9992,10368,-376,-790,-11601
tisch,7,66,5476,-9452,9216,-156,-192,-11399
tisch,7,67,3840,-9228,8124,148,204,-11330
tisch,7,68,2692,-9072,7492,397,385,-11172
tisch,7,69,2288,-8176,5616,267,710,-11072
tisch,7,70,488,-7012,5876,-278,918,-10985
tisch,7,71,-1984,-6952,5884,-961,877,-10884
tisch,7,72,-3616,-9532,5216,-893,692,-10799
tisch,7,73,-3904,-7256,4544,-1216,114,-10565
tisch,7,74,-4804,-8296,5632,-1482,-547,-10319
tisch,7,75,-4600,-8252,6484,-1628,-1146,-9845
tisch,7,76,-4216,-9316,7092,-1783,-1664,-9335
tisch,7,77,-3444,-9928,7164,-1912,-1995,-8915
tisch,7,78,-5744,-10368,7664,-1784,-2839,-8788
tisch,7,79,-1912,-10340,8364,-1855,-3148,-9139
tisch,7,80,-2976,-8552,6956,-1387,-4024,-9028
tisch,7,81,-744,-7172,6856,-1526,-4548,-8846
tisch,7,82,924,-6668,7784,-2062,-4938,-8241
tisch,7,83,2664,-6432,8392,-2688,-4759,-7245
tisch,7,84,3072,-8028,7556,-3256,-4513,-6440
tisch,7,85,-1944,-10140,11228,-3128,-5025,-6213
tisch,7,86,-4700,-13884,15216,-3201,-6312,-5707
tisch,7,87,-1560,-18012,10648,-3523,-6773,-5632
tisch,7,88,1604,-19580,14312,-3089,-6886,-6096
tisch,7,89,8108,-19208,9876,-2737,-6016,-6329
tisch,7,90,10476,-17640,12924,-2360,-4667,-5586
tisch,7,91,12540,-11312,12536,-1957,-3601,-4144
tisch,7,92,16404,-6380,9248,-2389,-2570,-2406
tisch,7,93,18596,-4744,7560,-2641,-1607,-1332
tisch,7,94,17764,-5368,5200,-2942,-681,-735
tisch,7,95,14540,-4024,7552,-2441,-376,-72
tisch,7,96,13188,-4160,6492,-1993,-248,-139
tisch,7,97,13232,-3716,4696,-1926,-136,-533
tisch,7,98,12080,-2828,5852,-2051,-269,-1032
tisch,7,99,12904,-2872,5788,-2445,-436,-1552
tisch,7,100,11572,-4300,5848,-2865,-610,-1894
tisch,7,101,12904,-5196,6856,-3013,-827,-2195
tisch,7,102,13496,-5780,6492,-3101,-783,-2046
tisch,7,103,16116,-7104,5212,-3321,-409,-1856
tisch,7,104,16600,-8424,4380,-3131,148,-1637
tisch,7,105,16424,-11024,5536,-2856,568,-1720
tisch,7,106,15724,-13416,5488,-2581,747,-2124
tisch,7,107,15564,-13192,3132,-2157,747,-2244
tisch,7,108,18372,-14512,3700,-1972,848,-2410
tisch,7,109,19264,-13776,2176,-1935,1208,-2581
tisch,7,110,20020,-14088,1928,-1385,1622,-2995
tisch,7,111,18036,-15476,-1524,-844,1951,-3393
tisch,7,112,16280,-15148,1444,-118,1906,-3680
tisch,7,113,13336,-14160,-424,279,1758,-3456
tisch,7,114,10164,-14640,-876,467,1311,-2501
tisch,7,115,4132,-13200,-980,770,1244,-1232
tisch,7,116,6728,-13556,272,681,1451,40
tisch,7,117,9268,-13244,-1060,766,1793,899
tisch,7,118,10976,-11176,-1504,1373,1738,1396
tisch,7,119,10472,-11020,-2264,1634,1995,1659
tisch,7,120,11304,-10884,-1604,1610,2204,1824
tisch,7,121,9368,-11592,3384,1784,2295,1855
tisch,7,122,11372,-10944,2716,2235,2557,1866
tisch,7,123,7980,-13584,8492,3044,2685,1958
tisch,7,124,12368,-14108,5336,3872,3159,1442
tisch,7,125,10520,-10872,10140,4431,2195,93
tisch,7,126,10708,-5904,1544,4566,714,-271
tisch,7,127,12344,-3344,5396,3751,-391,-29
tisch,7,128,12716,-448,8412,3020,-654,293
tisch,7,129,13532,-3896,6616,2348,497,326
tisch,7,130,12756,2124,7276,2975,-83,586
tisch,7,131,16348,4180,6436,2082,87,820
tisch,7,132,13956,7720,10308,2174,191,1699
tisch,7,133,15796,7892,13032,1681,540,2039
tisch,7,134,16264,8940,14580,1170,579,2424
tisch,7,135,17432,7432,14872,650,826,2484
tisch,7,136,17220,7240,16124,98,988,2447
tisch,7,137,16660,4780,15932,-326,1101,1979
tisch,7,138,12656,3420,15616,-279,575,1510
tisch,7,139,11312,3188,13240,-933,-110,1081
tisch,7,140,9316,468,13100,-1630,-794,890
tisch,7,141,9020,-2928,11368,-1990,-1050,551
tisch,7,142,7076,-3620,11476,-1640,-1577,72
tisch,7,143,5608,-2788,10524,-1428,-2041,-274
tisch,7,144,4964,-4304,10368,-982,-2682,-649
tisch,7,145,4496,-3524,9012,-328,-2879,-1043
tisch,7,146,5492,-2648,6764,248,-3270,-1277
tisch,7,147,8788,-4620,6124,494,-3373,-1953
tisch,7,148,8672,-904,3868,191,-3428,-1725
tisch,7,149,11588,-7444,3500,-774,-2753,-2171
tisch,7,150,14268,-4460,5528,-960,-3085,-2030
tisch,7,151,14732,-6468,3100,-1008,-2236,-1471
tisch,7,152,16804,-8084,6352,-923,-1953,-1369
tisch,7,153,15720,-11740,3920,-1062,-1078,-1511
tisch,7,154,14708,-14032,6196,-539,-496,-1636
tisch,7,155,15072,-15776,3720,-226,137,-1890
tisch,7,156,16220,-12988,4620,226,195,-1623
tisch,7,157,15636,-14004,2784,167,458,-1203
tisch,7,158,16908,-13556,2320,-10,616,-844
tisch,7,159,15308,-14016,3524,202,1010,-379
tisch,7,160,14512,-14856,3284,831,1519,314
tisch,7,161,15084,-13004,3896,1572,1859,881
tisch,7,162,15712,-10852,3436,2011,2043,1262
tisch,7,163,15696,-10116,1696,1797,2570,1439
tisch,7,164,14016,-10516,4672,1674,2786,1200
tisch,7,165,13812,-9784,4000,1546,3186,1145
tisch,7,166,14204,-10488,6536,1366,3471,898
tisch,7,167,13768,-8904,7188,1260,3540,962
tisch,7,168,14376,-5736,7300,1314,3759,1415
tisch,7,169,12180,-5196,2304,1312,4055,2384
tisch,7,170,10468,-7780,8580,1005,4953,2550
tisch,7,171,10068,-8448,8112,2492,5515,3057
tisch,7,172,13952,-10100,5108,3332,6203,3339
tisch,7,173,7164,-10764,11020,4629,6013,2235
tisch,7,174,5364,-1244,19964,5596,2656,2989
tisch,7,175,5944,56,11252,3121,1651,3469
tisch,7,176,4216,-4684,17188,2162,743,4587
tisch,7,177,3644,-2752,16756,3153,-906,6372
tisch,7,178,2240,2448,15452,3170,-2339,8935
tisch,7,179,3456,3908,15040,2137,-2667,12336
tisch,7,180,5324,4092,10724,787,-2512,15733
tisch,7,181,3388,-2224,9200,490,-1609,18414
tisch,7,182,5912,-6456,7060,918,-524,20139
tisch,7,183,7900,-10052,4480,2169,599,20569
tisch,7,184,8880,-11196,2300,3157,2369,20353
tisch,7,185,7396,-12440,5924,4213,4397,19783
tisch,7,186,5704,-9696,9088,4999,4974,19161
tisch,7,187,2848,-7260,7448,5776,5649,18299
tisch,7,188,-4592,-8140,12628,5723,5484,16576
tisch,7,189,-7480,-5712,15324,5206,4229,14589
tisch,7,190,-10128,-4340,16316,4520,2272,12501
tisch,7,191,-8800,-4428,16344,3333,234,10838
tisch,7,192,-7032,-4560,16536,1941,-1544,9583
tisch,7,193,-5576,-3900,16312,884,-3098,8810
tisch,7,194,-1400,-5360,15300,128,-4227,8383
tisch,7,195,4180,-7200,14300,-683,-4652,8134
tisch,7,196,-5984,-32768,28804,-925,-3301,8719
tisch,7,197,14016,10452,6436,-3420,-2314,6827
tisch,7,198,17108,-32768,13544,-498,198,6634
tisch,7,199,20172,-4608,8660,2030,1633,6339
tisch,7,200,17484,-9388,11008,1439,3916,6258
tisch,7,201,14580,-8456,11976,2465,5429,5699
tisch,7,202,9776,-7800,11872,2800,6537,5016
tisch,7,203,6820,-4948,11916,3280,7029,3997
tisch,7,204,4880,-5816,10632,2317,7579,2874
tisch,7,205,3268,-6952,11800,2177,7600,1451
tisch,7,206,2012,-4176,11832,2012,7239,491
tisch,7,207,1496,-3416,11636,1655,6722,156
tisch,7,208,-1412,-1420,10940,965,6359,195
tisch,7,209,-3448,-4752,12604,1526,5391,61
tisch,7,210,-6124,-2632,12456,1159,4354,200
tisch,7,211,-7308,-3972,13356,785,3114,53
tisch,7,212,-7584,-3432,12732,382,1743,-554
tisch,7,213,-5828,-4256,12304,180,662,-1505
tisch,7,214,-5036,-2108,11084,-161,-188,-2322
tisch,7,215,-3396,-2072,10672,-440,-769,-3110
tisch,7,216,-2328,-2500,9928,-958,-807,-3812
tisch,7,217,-2008,-1092,8692,-1813,-651,-4183
tisch,7,218,-2036,-5220,9480,-2108,-266,-4335
tisch,7,219,-2784,-6852,8460,-2030,204,-4027
tisch,7,220,-4104,-5704,10656,-1527,348,-3292
tisch,7,221,-5028,-7760,12120,-863,692,-2201
tisch,7,222,-5956,-5724,12320,-208,955,-1002
tisch,7,223,-6988,-7692,11000,588,1123,-191
tisch,7,224,-7556,-8084,11508,1067,1128,321
tisch,7,225,-8064,-4380,11672,1071,1062,722
tisch,7,226,-9028,-3076,11292,807,1132,1112
tisch,7,227,-9292,-4636,11496,893,1137,1358
tisch,7,228,-10884,-5380,11608,747,1085,1360
tisch,7,229,-11924,-3624,13032,794,776,1025
tisch,7,230,-10696,-9188,12004,995,262,479
tisch,7,231,-10808,-3152,14016,613,-189,34
tisch,7,232,-10064,-2020,13584,562,-582,-504
tisch,7,233,-7580,-8844,11352,420,-774,-853
tisch,7,234,-7340,-3388,13776,210,-771,-958
tisch,7,235,-4844,-7628,12468,249,-469,-978
tisch,7,236,-4240,-8984,11780,348,-10,-977
tisch,7,237,-4128,-9540,11072,469,469,-985
tisch,7,238,-4680,-8688,10764,733,992,-1175
tisch,7,239,-4768,-7408,11204,953,1268,-1446
tisch,7,240,-6008,-5020,11488,895,1381,-1489
tisch,7,241,-6592,-4664,10668,981,1396,-1480
tisch,7,242,-7620,-2560,11048,854,1292,-1420
tisch,7,243,-7632,-3876,10420,915,1228,-1327
tisch,7,244,-8028,-4068,10288,896,1254,-1240
tisch,7,245,-7760,-3208,10088,761,1491,-1204
tisch,7,246,-7504,-3496,9684,746,1715,-1214
tisch,7,247,-7444,-5244,10000,897,1890,-1216
tisch,7,248,-7768,-3008,10432,1055,2008,-1201
tisch,7,249,-7660,-2416,10652,1085,2009,-1219
tisch,7,250,-7044,-2772,9988,997,2093,-1306
tisch,7,251,-6960,-2012,8920,857,2281,-1320
tisch,7,252,-6632,-2368,8856,757,2396,-1288
tisch,7,253,-7808,-2908,8176,454,2511,-1120
tisch,7,254,-8764,-3072,7288,392,2572,-1195
tisch,7,255,-9336,-1944,6872,211,2464,-1307
tisch,7,256,-9740,-1380,6344,-4,2439,-1315
tisch,7,257,-10152,-744,6112,-211,2319,-1305
tisch,7,258,-10732,-1080,4868,-435,2222,-1085
tisch,7,259,-11232,-1220,4396,-556,2178,-701
tisch,7,260,-12216,-716,3960,-838,2189,-171
tisch,7,261,-12808,-1980,2936,-1205,2337,645
tisch,7,262,-13480,-2200,3376,-1289,2546,1397
tisch,7,263,-15624,-3472,3532,-1328,2748,2097
tisch,7,264,-17268,-3324,3488,-1128,2831,2645
tisch,7,265,-18744,-2812,3316,-957,2688,2985
tisch,7,266,-20300,-2744,2980,-1107,2355,3161
tisch,7,267,-21172,-3488,2736,-1212,1896,3215
tisch,7,268,-21388,-2844,2072,-1345,1418,3299
tisch,7,269,-21220,-3204,2296,-1409,991,3332
tisch,7,270,-20884,-3740,1572,-1534,714,3341
tisch,7,271,-20412,-3876,1376,-1553,520,3315
tisch,7,272,-20572,-3624,1132,-1608,338,3345
tisch,7,273,-21048,-3056,1344,-1881,80,3412
tisch,7,274,-20496,-3324,1496,-2234,-137,3397
tisch,7,275,-19712,-4176,1344,-2600,-299,3315
tisch,7,276,-18768,-5068,1324,-2879,-406,3151
tisch,7,277,-18248,-5868,1380,-3104,-459,2935
tisch,7,278,-17328,-6740,1956,-3239,-530,2746
tisch,7,279,-17088,-7632,2424,-3317,-553,2542
tisch,7,280,-16952,-8172,2744,-3295,-628,2440
tisch,7,281,-17088,-8320,3400,-3176,-815,2431
tisch,7,282,-16672,-8948,3624,-3031,-1056,2562
tisch,7,283,-15404,-9512,3788,-2731,-1078,2775
tisch,7,284,-14692,-9852,4012,-2308,-997,2999
tisch,7,285,-14424,-9772,4412,-1846,-1037,3110
tisch,7,286,-14588,-8912,4636,-1555,-1117,3047
tisch,7,287,-14788,-8932,4764,-1306,-1310,2793
tisch,7,288,-15164,-8188,4908,-1286,-1596,2483
tisch,7,289,-14676,-8188,4984,-1262,-1957,2085
tisch,7,290,-13644,-7804,5628,-1308,-2294,1660
tisch,7,291,-12816,-7792,5844,-1332,-2713,1085
tisch,7,292,-12716,-7436,6092,-1367,-3194,550
tisch,7,293,-12776,-7020,6408,-1409,-3657,123
tisch,7,294,-13016,-7372,6488,-1462,-4235,-248
tisch,7,295,-12860,-6220,6548,-1579,-4761,-538
tisch,7,296,-11896,-6368,6160,-1574,-5271,-793
tisch,7,297,-10800,-5952,6108,-1474,-5604,-956
tisch,7,298,-9084,-6072,6024,-1279,-5638,-1018
tisch,7,299,-7244,-6060,6208,-1089,-5383,-1062
tisch,8,0,-9244,-3564,9984,-142,15,-35
tisch,8,1,-9288,-3776,9860,-136,19,-31
tisch,8,2,-8936,-3420,10096,-124,21,-58
tisch,8,3,-9148,-3548,10088,-137,38,-47
tisch,8,4,-9240,-3376,10096,-159,45,-49
tisch,8,5,-9272,-3500,10200,-157,42,-41
tisch,8,6,-9308,-3704,9836,-135,25,-32
tisch,8,7,-9224,-3452,9892,-145,32,-16
tisch,8,8,-9236,-3400,10044,-140,34,-31
tisch,8,9,-9264,-3516,9712,-122,32,-28
tisch,8,10,-9280,-3420,10048,-122,15,-41
tisch,8,11,-9296,-3520,10120,-106,10,-46
tisch,8,12,-9036,-3216,10136,-58,-58,1
tisch,8,13,-9252,-3680,9896,-100,25,-55
tisch,8,14,-9188,-3548,10156,-110,28,-38
tisch,8,15,-9100,-3352,9880,-114,37,-33
tisch,8,16,-9316,-3860,9884,-114,22,-43
tisch,8,17,-9028,-3556,9936,-88,36,-30
tisch,8,18,-8896,-3496,9936,-94,30,-35
tisch,8,19,-9036,-3520,9920,-99,33,-38
tisch,8,20,-9152,-3448,9876,-92,34,-47
tisch,8,21,-9104,-3516,9936,-101,17,-45
tisch,8,22,-9096,-3504,10140,-97,37,-36
tisch,8,23,-8936,-3428,10100,-93,40,-18
tisch,8,24,-9148,-3368,9864,-115,46,-11
tisch,8,25,-9072,-3408,9728,-131,63,8
tisch,8,26,-9168,-3300,9868,-133,54,-11
tisch,8,27,-9236,-3572,9648,-144,54,-7
tisch,8,28,-9532,-3584,9900,-128,30,-40
tisch,8,29,-9428,-3484,9944,-118,7,-40
tisch,8,30,-9380,-3408,9896,-115,-9,-50
tisch,8,31,-9184,-3356,9928,-112,-25,-56
tisch,8,32,-9136,-3400,9996,-96,-44,-55
tisch,8,33,-9008,-3508,9992,-74,-52,-50
tisch,8,34,-9080,-3452,9956,-77,-49,-35
tisch,8,35,-9028,-3440,9988,-71,-23,-41
tisch,8,36,-9188,-3436,9992,-79,-14,-44
tisch,8,37,-9360,-3360,10136,-95,3,-55
tisch,8,38,-9340,-3428,10148,-91,10,-74
tisch,8,39,-9316,-3424,10036,-94,17,-92
tisch,8,40,-9292,-3468,9888,-79,-4,-104
tisch,8,41,-9452,-3424,9936,-55,-36,-125
tisch,8,42,-9864,-3384,9824,-22,-69,-147
tisch,8,43,-9624,-3344,10108,3,-99,-195
tisch,8,44,-9868,-3140,10200,-53,-100,-238
tisch,8,45,-10348,-3240,10540,-90,-92,-282
tisch,8,46,-10572,-2996,10740,-97,-53,-293
tisch,8,47,-10284,-2480,10732,-257,39,-344
tisch,8,48,-11300,-2364,11432,-495,-29,-377
tisch,8,49,-12280,-2616,11688,-629,-196,-474
tisch,8,50,-12312,-2216,12360,-766,-361,-396
tisch,8,51,-13072,-2184,9296,-705,190,224
tisch,8,52,-18424,-2608,12312,-324,-321,1064
tisch,8,53,-17720,-4064,12152,-120,-767,1142
tisch,8,54,-18540,-2056,9228,-2649,-1025,1168
tisch,8,55,-17100,-5336,10212,-1754,-2710,982
tisch,8,56,-12932,-5492,10352,-854,-3225,854
tisch,8,57,-10536,-1876,9388,-608,-2838,963
tisch,8,58,-9088,-664,8720,-883,-2328,1236
tisch,8,59,-8188,-508,9280,-912,-1769,1832
tisch,8,60,-9284,292,9264,-1139,-1095,2520
tisch,8,61,-9068,-1280,10264,-1088,-966,2899
tisch,8,62,-9764,3860,11524,-863,-952,3139
tisch,8,63,-10616,-2368,8636,-920,-895,3160
tisch,8,64,-12296,4040,10180,-1240,-1327,3147
tisch,8,65,-12080,4124,10948,-1578,-1698,3185
tisch,8,66,-11780,2300,10744,-1513,-2186,3072
tisch,8,67,-9852,-1344,9244,-1984,-2365,2978
tisch,8,68,-8592,-3740,8880,-2424,-2466,2770
tisch,8,69,-6828,-5216,8332,-2834,-2373,2314
tisch,8,70,-5384,-8484,8472,-3163,-2091,1554
tisch,8,71,-3452,-4176,9156,-3693,-1311,570
tisch,8,72,-1832,-11688,7876,-4075,-646,-924
tisch,8,73,328,-12712,10152,-4278,-106,-2567
tisch,8,74,2384,-13952,8304,-4555,897,-4309
tisch,8,75,5620,-12884,7600,-4749,1711,-5973
tisch,8,76,8276,-14520,6952,-4682,2921,-7338
tisch,8,77,8096,-15096,4476,-4568,4068,-8499
tisch,8,78,8492,-15148,2888,-4362,5128,-8916
tisch,8,79,7528,-17320,2272,-3827,6382,-8598
tisch,8,80,4276,-18076,1704,-2877,7429,-7049
tisch,8,81,-4340,-17544,2796,-1585,7757,-4379
tisch,8,82,-14928,-13812,7632,-47,7231,-1414
tisch,8,83,-20868,-9264,13824,1029,5833,2140
tisch,8,84,-24000,-9636,15024,1992,4103,5268
tisch,8,85,-20184,-10856,13116,3192,2301,7508
tisch,8,86,-14508,-11032,9796,4192,1170,8654
tisch,8,87,-10428,-8468,8792,4678,692,8655
tisch,8,88,-9360,-4392,8524,4673,572,7783
tisch,8,89,-11020,-360,8784,3981,423,6115
tisch,8,90,-12492,3052,9160,2400,265,3474
tisch,8,91,-13512,4672,9960,584,-597,259
tisch,8,92,-13640,13228,9768,-1427,-1412,-2376
tisch,8,93,-8636,5916,8156,-3052,-1956,-4048
tisch,8,94,-4972,4684,7548,-4363,-1767,-5092
tisch,8,95,-3132,816,6176,-5096,-1360,-5663
tisch,8,96,-2168,-3260,5944,-5439,-747,-5948
tisch,8,97,-1448,-8216,5380,-5261,80,-5377
tisch,8,98,-4092,-15292,6780,-3847,823,-3854
tisch,8,99,-7588,-15524,9296,-1558,1070,-1779
tisch,8,100,-10104,-16064,11232,954,836,712
tisch,8,101,-10384,-13856,11304,2616,614,3107
tisch,8,102,-8268,-9872,10452,3841,437,4660
tisch,8,103,-5760,-9688,9252,4003,889,5137
tisch,8,104,-5392,-9300,9372,3605,1601,4184
tisch,8,105,-6952,-7080,10792,2889,1651,2013
tisch,8,106,-9320,-4732,11496,1544,1160,-808
tisch,8,107,-10768,-3192,12108,215,43,-3489
tisch,8,108,-8972,-2560,11024,-865,-987,-5505
tisch,8,109,-7580,-2440,9592,-1952,-1340,-6441
tisch,8,110,-5256,-3012,8608,-2833,-1165,-6641
tisch,8,111,-5752,-3620,8608,-3352,-705,-5912
tisch,8,112,-6700,-12976,8400,-2198,-417,-4288
tisch,8,113,-7152,-16584,9696,-605,-176,-1853
tisch,8,114,-5600,-17048,9880,1239,292,672
tisch,8,115,-6524,-12480,8660,2907,883,2566
tisch,8,116,-7000,-8272,8412,3536,1316,3578
tisch,8,117,-8584,-4720,7984,3412,1592,3760
tisch,8,118,-9048,-5928,7928,3208,1650,3033
tisch,8,119,-10700,-6348,9172,2344,1697,1361
tisch,8,120,-12760,-5640,9200,969,1105,-700
tisch,8,121,-11756,-1624,9392,-118,176,-2634
tisch,8,122,-9912,-3916,8368,-1188,-391,-3933
tisch,8,123,-9512,-2616,7124,-2228,-573,-4460
tisch,8,124,-9040,-4680,6316,-2963,-379,-4502
tisch,8,125,-8916,-5608,6052,-3124,-288,-3849
tisch,8,126,-8240,-8396,6500,-2616,70,-2421
tisch,8,127,-8832,-13184,7096,-1055,328,-507
tisch,8,128,-10376,-12952,7700,204,703,1750
tisch,8,129,-10228,-10024,8296,1760,887,3661
tisch,8,130,-10520,-7912,7736,2443,1111,5184
tisch,8,131,-10792,-5656,7104,2626,1134,5754
tisch,8,132,-10632,-6844,7384,2280,1512,4887
tisch,8,133,-12772,-6272,8120,1380,1404,2731
tisch,8,134,-15040,-6036,8740,174,550,-229
tisch,8,135,-13648,-4416,8960,-941,-717,-3063
tisch,8,136,-11612,-4224,8176,-2269,-1482,-5238
tisch,8,137,-8564,-4920,7208,-3399,-1865,-6491
tisch,8,138,-6416,-8004,6484,-3974,-1708,-7030
tisch,8,139,-4144,-13560,6404,-3468,-1155,-6771
tisch,8,140,-3244,-17024,6732,-1648,-554,-5060
tisch,8,141,-3768,-19516,7612,318,454,-2097
tisch,8,142,-3712,-17644,8040,2671,1194,1202
tisch,8,143,-5596,-11708,8516,4252,2016,4209
tisch,8,144,-7216,-11768,8324,5334,2530,6120
tisch,8,145,-9360,-9716,7924,5612,2792,6485
tisch,8,146,-11484,-7304,8992,5408,2398,5409
tisch,8,147,-12880,-6144,9852,4635,1721,3099
tisch,8,148,-15684,-3804,10656,3258,513,217
tisch,8,149,-14436,-632,9832,1513,-858,-2706
tisch,8,150,-11336,4048,9368,-355,-1703,-4613
tisch,8,151,-8932,-1388,7476,-1754,-2017,-5685
tisch,8,152,-5272,680,7124,-2605,-1784,-6038
tisch,8,153,-4888,-3920,6980,-2724,-1159,-6002
tisch,8,154,-6268,-8608,7380,-2886,-527,-5543
tisch,8,155,-5344,-11584,7096,-2197,89,-4419
tisch,8,156,-4104,-14040,7720,-777,897,-2456
tisch,8,157,-3980,-14816,7384,1044,1749,200
tisch,8,158,-5012,-15220,8080,2749,2614,2664
tisch,8,159,-7768,-8064,8724,3866,3181,4391
tisch,8,160,-9304,-9144,8424,4591,3288,4794
tisch,8,161,-11344,-9712,9468,4499,3058,4057
tisch,8,162,-13956,-9500,10696,3922,2299,2320
tisch,8,163,-15400,-5820,10932,2849,1054,-3
tisch,8,164,-15484,-6352,10828,1636,-339,-2359
tisch,8,165,-12512,-4128,10572,281,-1399,-4174
tisch,8,166,-9656,-1832,7668,-487,-2041,-5316
tisch,8,167,-7488,-5864,7796,-1262,-2084,-5594
tisch,8,168,-8032,-2132,9052,-1624,-1708,-5257
tisch,8,169,-4728,-12432,6700,-1108,-1008,-4121
tisch,8,170,-4660,-10208,7572,153,-165,-1930
tisch,8,171,-4308,-10640,8692,1644,921,733
tisch,8,172,-5716,-14368,7100,3139,1835,2888
tisch,8,173,-8620,-8828,8636,3912,2248,4301
tisch,8,174,-11368,-5500,9472,4115,2160,4622
tisch,8,175,-13820,-10428,8224,3993,1503,3910
tisch,8,176,-16688,-1140,8504,3227,539,2631
tisch,8,177,-15320,-1404,8868,2027,-271,681
tisch,8,178,-15644,1012,8968,623,-1241,-1742
tisch,8,179,-14424,-3620,8312,-447,-2244,-3996
tisch,8,180,-10572,-3588,7284,-1570,-2870,-5660
tisch,8,181,-7112,-352,6816,-2401,-2800,-6453
tisch,8,182,-7032,-8860,7040,-2469,-2222,-6787
tisch,8,183,-5188,-10520,8248,-2234,-1420,-6141
tisch,8,184,-5836,-14804,6812,-828,-707,-4287
tisch,8,185,-3868,-12164,7736,1079,-54,-1539
tisch,8,186,-3900,-16444,7936,2722,979,1392
tisch,8,187,-5520,-10944,10000,3729,1715,3578
tisch,8,188,-6804,-11412,9264,4517,1859,4228
tisch,8,189,-7952,-4504,10324,4432,1788,3877
tisch,8,190,-10268,-5412,10132,4099,1305,2834
tisch,8,191,-10808,-4032,9864,3593,869,1683
tisch,8,192,-10588,-4588,9260,2848,613,680
tisch,8,193,-9712,-728,9488,1972,531,-46
tisch,8,194,-9896,888,8252,1396,606,-605
tisch,8,195,-8668,4088,7672,661,793,-916
tisch,8,196,-8024,-340,6536,137,1220,-1127
tisch,8,197,-10564,-2044,5748,-542,1676,-836
tisch,8,198,-11876,-4572,6120,-685,2008,-617
tisch,8,199,-14136,-5928,6712,-795,1928,-254
tisch,8,200,-16500,-7884,6176,-219,1367,-171
tisch,8,201,-17272,-8932,5284,495,607,-125
tisch,8,202,-16524,-7952,4668,840,-20,-4
tisch,8,203,-13200,-3636,4576,820,-382,211
tisch,8,204,-11912,-5268,4212,879,-535,374
tisch,8,205,-10856,-5700,3456,764,-393,531
tisch,8,206,-10208,-5928,3344,1101,-276,608
tisch,8,207,-10960,-6272,2984,1691,-155,544
tisch,8,208,-12092,-4512,2992,1604,-50,492
tisch,8,209,-12812,-1960,3624,321,16,621
tisch,8,210,-12496,-2336,3896,-731,-215,779
tisch,8,211,-11916,-2668,3736,-974,-435,647
tisch,8,212,-10672,-2228,4380,-1214,-517,511
tisch,8,213,-10004,-2184,4204,-1580,-471,400
tisch,8,214,-9692,-2124,4364,-1941,-234,385
tisch,8,215,-10556,-4552,5172,-2033,0,385
tisch,8,216,-11348,-4556,5684,-2167,145,604
tisch,8,217,-11996,-6376,5980,-1943,166,835
tisch,8,218,-12780,-7112,6768,-2196,164,1392
tisch,8,219,-12404,-7056,6484,-1832,200,1905
tisch,8,220,-11344,-7624,7140,-1439,441,2515
tisch,8,221,-11920,-7756,7708,-1105,622,2965
tisch,8,222,-13648,-7200,7032,-941,566,3214
tisch,8,223,-14064,-2560,8360,-985,380,3204
tisch,8,224,-14616,-2916,7596,-1128,122,3033
tisch,8,225,-13884,-1960,8660,-1500,-187,2701
tisch,8,226,-13712,-2116,7876,-1790,-539,2347
tisch,8,227,-14456,-1092,7880,-1997,-854,2032
tisch,8,228,-14284,-2908,8052,-2115,-1186,1874
tisch,8,229,-13140,-3088,8744,-2051,-1427,1916
tisch,8,230,-12180,-4336,8692,-1885,-1448,2111
tisch,8,231,-10728,-4632,8532,-1485,-1426,2483
tisch,8,232,-9608,-4728,7884,-1159,-1211,2995
tisch,8,233,-8868,-5544,8292,-826,-868,3357
tisch,8,234,-8804,-2616,8492,-753,-457,3567
tisch,8,235,-7888,-1492,8152,-678,-40,3632
tisch,8,236,-8184,-1000,9112,-754,389,3544
tisch,8,237,-8748,-308,8668,-866,692,3366
tisch,8,238,-8304,-484,9368,-974,827,3096
tisch,8,239,-9036,624,9768,-1303,944,2928
tisch,8,240,-9368,-292,10248,-1592,964,2792
tisch,8,241,-9804,-752,10972,-1934,908,2599
tisch,8,242,-10616,-2588,12004,-2113,726,2415
tisch,8,243,-11708,-3776,12312,-2172,416,2095
tisch,8,244,-11432,-4888,11700,-2259,93,1657
tisch,8,245,-9040,-4696,12804,-1754,-339,1135
tisch,8,246,-9880,-5140,12288,-1748,-780,955
tisch,8,247,-7476,-4884,12664,-1437,-987,763
tisch,8,248,-8664,-5432,16748,-1184,-1338,672
tisch,8,249,-8184,-6284,11048,-1458,-2175,19
tisch,8,250,-9460,-4504,14304,-1203,-2469,-632
tisch,8,251,-7160,-5448,13696,-1213,-2831,-1096
tisch,8,252,-7200,-3772,14016,-1365,-3328,-1252
tisch,8,253,-5472,-5436,11840,-2544,-3257,-1252
tisch,8,254,-3048,-6976,11768,-1706,-2962,-1628
tisch,8,255,-4700,-7332,9344,-1772,-2469,-1130
tisch,8,256,-2764,-6628,12436,-215,-2605,-636
tisch,8,257,-2856,-11664,15264,68,-2004,-60
tisch,8,258,-1276,-8796,16208,999,-2397,657
tisch,8,259,-1748,-8812,18372,1563,-2240,438
tisch,8,260,1644,-5624,14128,1898,-688,617
tisch,8,261,1304,-3296,13440,1939,938,1057
tisch,8,262,-2804,480,13168,1414,2044,1300
tisch,8,263,-7468,1100,12780,619,2297,1398
tisch,8,264,-10388,-116,12236,538,2286,1090
tisch,8,265,-14028,2644,11292,450,2184,641
tisch,8,266,-15552,1252,10580,-135,1688,639
tisch,8,267,-15796,-348,10220,-603,1077,482
tisch,8,268,-14928,-1304,10032,-812,412,245
tisch,8,269,-12308,-3080,9576,-642,-107,115
tisch,8,270,-10184,-4084,9160,-353,-324,74
tisch,8,271,-9052,-4884,9368,-114,-418,61
tisch,8,272,-8500,-4684,9492,39,-396,74
tisch,8,273,-8620,-3888,9644,196,-366,128
tisch,8,274,-9048,-3008,9796,261,-339,121
tisch,8,275,-9604,-2448,9916,283,-350,82
tisch,8,276,-9924,-2044,10176,257,-404,14
tisch,8,277,-9772,-1880,10108,172,-416,-55
tisch,8,278,-9700,-1704,10140,114,-421,-97
tisch,8,279,-9280,-1592,10216,53,-393,-133
tisch,8,280,-8880,-1748,10352,-27,-330,-158
tisch,8,281,-8748,-2248,10312,-78,-238,-160
tisch,8,282,-8564,-2412,10352,-139,-140,-129
tisch,8,283,-8608,-2460,10204,-159,-45,-95
tisch,8,284,-8856,-2600,10316,-144,14,-62
tisch,8,285,-9164,-2568,10088,-104,6,-43
tisch,8,286,-9164,-2720,10172,-62,-22,-22
tisch,8,287,-9332,-2656,10216,8,-73,-11
tisch,8,288,-9228,-2528,10232,52,-121,-21
tisch,8,289,-9060,-2552,10476,107,-190,-11
tisch,8,290,-9276,-1992,10376,113,-190,-38
tisch,8,291,-9040,-2024,10568,77,-188,-19
tisch,8,292,-8848,-2288,10528,35,-159,-58
tisch,8,293,-8908,-2028,10556,-41,-105,-72
tisch,8,294,-9080,-2104,10272,-66,-51,-85
tisch,8,295,-9056,-2224,10256,-84,-41,-72
tisch,8,296,-9040,-2316,10312,-90,-3,-73
tisch,8,297,-9040,-2256,10288,-73,3,-61
tisch,8,298,-9028,-2288,10124,-77,4,-55
tisch,8,299,-9080,-2256,10312,-65,-3,-51
tisch,9,0,-6252,-4540,11848,-952,-1534,-1899
tisch,9,1,-7092,-5152,12336,-979,-1696,-2087
tisch,9,2,-7212,-4804,12116,-964,-1901,-2238
tisch,9,3,-5336,-3168,12124,-733,-1635,-2522
tisch,9,4,-5224,-4160,12876,-559,-1819,-2271
tisch,9,5,-4344,-6680,12708,13,-1910,-2337
tisch,9,6,-5740,-4048,11664,-110,-1906,-2396
tisch,9,7,-5588,-5764,12708,-128,-2113,-2361
tisch,9,8,-5852,-7572,11920,227,-2306,-2602
tisch,9,9,-7164,-10780,11996,670,-2414,-3164
tisch,9,10,-6068,-4016,12876,888,-3286,-3116
tisch,9,11,-3368,-5588,12912,1032,-2980,-3039
tisch,9,12,-2684,-7040,11340,1742,-3205,-3090
tisch,9,13,-4320,-5576,10608,1895,-3041,-2855
tisch,9,14,-2100,-3912,10232,1379,-2757,-2238
tisch,9,15,-364,-3408,12576,2083,-2748,-2253
tisch,9,16,84,504,18652,1810,-2312,-1444
tisch,9,17,-2888,-8936,9044,1665,-1560,-1789
tisch,9,18,6940,6156,13576,1284,-1634,-1256
tisch,9,19,-2756,-2464,11064,1069,-1182,-1179
tisch,9,20,-4704,-3832,11012,821,-1045,-979
tisch,9,21,-688,-5028,11864,842,-1150,-834
tisch,9,22,-384,316,14624,519,-687,-436
tisch,9,23,-912,-4068,8584,-8,53,50
tisch,9,24,-872,-1900,10452,-238,423,371
tisch,9,25,-2996,-1416,10204,-708,897,626
tisch,9,26,-740,-2612,11348,-745,1431,811
tisch,9,27,-1276,1372,10984,-1502,1960,1299
tisch,9,28,-3360,-3868,10152,-2277,2387,1660
tisch,9,29,-5668,-2344,12332,-2044,2541,1700
tisch,9,30,-9188,-7096,10220,-2157,2421,1675
tisch,9,31,-8808,-7896,12300,-2039,2272,1364
tisch,9,32,-10052,-7884,13796,-1406,1943,1055
tisch,9,33,-9976,-8700,14716,-838,1547,941
tisch,9,34,-16636,-5876,18436,-11,725,1581
tisch,9,35,-12836,-8552,15560,-678,615,1567
tisch,9,36,-13028,-6160,14812,-171,85,1814
tisch,9,37,-10108,-6640,12752,-288,76,1955
tisch,9,38,-9604,-7768,11232,-570,82,1893
tisch,9,39,-8212,-7084,11584,-391,161,1618
tisch,9,40,-8100,-9224,11128,375,174,1123
tisch,9,41,-8324,-8012,13840,740,-160,1013
tisch,9,42,-11384,-8660,14356,1600,-610,1040
tisch,9,43,-9844,-5796,12560,1190,-959,1088
tisch,9,44,-9044,-5724,11420,1202,-1324,745
tisch,9,45,-10140,-6420,13320,1121,-1514,153
tisch,9,46,-11288,-5616,14244,1766,-2443,-290
tisch,9,47,-12920,-4988,13552,1359,-3234,-632
tisch,9,48,-11456,-4192,12856,1186,-4037,-627
tisch,9,49,-10560,-4128,12416,1392,-4983,-581
tisch,9,50,-9976,-3064,12080,1443,-5569,-446
tisch,9,51,-9220,-1440,12504,1120,-6117,-510
tisch,9,52,-9344,-588,12900,962,-6601,-642
tisch,9,53,-10464,-456,13144,523,-7199,-1101
tisch,9,54,-10660,-1264,12860,426,-8138,-1820
tisch,9,55,-9956,172,12804,285,-9025,-2377
tisch,9,56,-10288,-116,12040,-149,-9731,-2836
tisch,9,57,-8776,-764,11400,-502,-10502,-3159
tisch,9,58,-7136,508,9132,-854,-11327,-3073
tisch,9,59,-5028,1348,8312,-896,-11784,-2834
tisch,9,60,-3624,-4,7064,-1027,-12123,-2580
tisch,9,61,-948,524,8052,-1158,-12313,-2202
tisch,9,62,-584,-676,5524,-1351,-12335,-2160
tisch,9,63,1188,-100,6560,-1158,-12625,-2255
tisch,9,64,2464,124,4028,-1378,-12897,-2437
tisch,9,65,3732,-1860,3548,-1405,-12862,-2374
tisch,9,66,6480,180,2268,-1535,-12922,-2289
tisch,9,67,8772,-1696,1548,-1425,-12565,-1953
tisch,9,68,11204,-3276,-288,-1450,-11977,-1726
tisch,9,69,12596,-3552,116,-949,-11317,-1330
tisch,9,70,14204,-4116,872,-404,-10826,-1106
tisch,9,71,12136,-4716,-324,-306,-10160,-1067
tisch,9,72,13456,-5152,-940,-142,-9679,-1121
tisch,9,73,13880,-3924,-1428,490,-9398,-1145
tisch,9,74,13960,-2788,-3492,502,-9063,-1045
tisch,9,75,16268,-2976,-2640,684,-8448,-749
tisch,9,76,15748,-2356,-2840,842,-8043,-474
tisch,9,77,16080,-3480,-4624,524,-7464,-185
tisch,9,78,17952,-4760,-3764,817,-6978,120
tisch,9,79,18928,-3684,-4940,987,-6320,500
tisch,9,80,17956,-2652,-4508,888,-5759,757
tisch,9,81,16900,-3152,-4784,779,-5418,595
tisch,9,82,16796,-3300,-4424,946,-5293,300
tisch,9,83,17956,-2436,-5448,930,-5017,153
tisch,9,84,19732,-1788,-5960,1037,-4534,224
tisch,9,85,20400,-2184,-6224,810,-3793,518
tisch,9,86,20452,-2832,-6500,695,-3006,797
tisch,9,87,19452,-3116,-5792,676,-2301,938
tisch,9,88,18556,-3288,-5616,623,-1790,918
tisch,9,89,16844,-2988,-5124,625,-1518,734
tisch,9,90,12660,-9404,-7688,465,-934,957
tisch,9,91,15236,-1096,-6108,159,-1405,592
tisch,9,92,16856,-1320,-4776,125,-1399,732
tisch,9,93,16208,-2704,-6548,309,-1304,881
tisch,9,94,16456,-3676,-6884,543,-970,1139
tisch,9,95,16948,-4320,-5608,809,-845,1288
tisch,9,96,13764,-8376,-9040,2426,-1768,109
tisch,9,97,24952,-4688,-2292,2383,-1897,-258
tisch,9,98,29220,-832,-9068,1481,-1832,-901
tisch,9,99,32767,-1372,-9808,284,-186,-683
tisch,9,100,28488,-4164,-7548,-226,664,-437
tisch,9,101,25056,-4320,-6980,-554,885,-378
tisch,9,102,21944,-4136,-6264,-823,1405,-217
tisch,9,103,18132,-3728,-4324,-573,1534,-35
tisch,9,104,14936,-2908,-3068,-288,1296,102
tisch,9,105,13524,-2144,-1536,-20,999,250
tisch,9,106,12760,-2312,-1248,281,705,447
tisch,9,107,13048,-2632,-1180,537,476,615
tisch,9,108,13612,-3192,-1112,673,322,592
tisch,9,109,14488,-3384,-1416,637,227,444
tisch,9,110,15784,-3564,-1516,567,193,282
tisch,9,111,16508,-3764,-1568,397,122,84
tisch,9,112,17228,-3684,-2196,209,50,-61
tisch,9,113,17476,-3536,-2048,30,73,-91
tisch,9,114,17032,-3696,-2448,-124,9,-109
tisch,9,115,16636,-3232,-2396,-255,-50,-105
tisch,9,116,16288,-3580,-2384,-286,-109,-66
tisch,9,117,16180,-3608,-2420,-235,-133,-39
tisch,9,118,15884,-3824,-2536,-165,-180,-73
tisch,9,119,16444,-3640,-2736,-85,-185,-102
tisch,9,120,16692,-3256,-2840,-33,-136,-106
tisch,9,121,16588,-3056,-2580,-42,-121,-96
tisch,9,122,16832,-2832,-2660,-61,-144,-91
tisch,9,123,17040,-2828,-3136,-72,-119,-26
tisch,9,124,17060,-3004,-3240,-82,-78,40
tisch,9,125,16852,-3488,-3020,-100,-80,66
tisch,9,126,17000,-3720,-3116,-99,-71,41
tisch,9,127,16680,-3896,-2816,-71,-98,2
tisch,9,128,16884,-3764,-2844,15,-107,26
tisch,9,129,17044,-3552,-2760,63,-87,66
tisch,9,130,17228,-3488,-2936,57,-74,42
tisch,9,131,17192,-3448,-2988,1,-22,48
tisch,9,132,16636,-3612,-2856,-47,12,27
tisch,9,133,16044,-3360,-2504,-56,-71,9
tisch,9,134,16208,-3132,-2516,-11,-134,37
tisch,9,135,16364,-3740,-2708,26,-142,50
tisch,9,136,16400,-4020,-2504,89,-163,25
tisch,9,137,16516,-3820,-2572,107,-207,-20
tisch,9,138,16700,-3572,-2556,109,-251,-24
tisch,9,139,16928,-3708,-2780,117,-294,-6
tisch,9,140,16928,-3332,-2696,83,-297,37
tisch,9,141,17004,-3456,-2884,3,-275,52
tisch,9,142,17160,-3496,-3344,-116,-215,63
tisch,9,143,17088,-3876,-3284,-183,-147,63
tisch,9,144,17104,-4160,-3336,-175,-71,60
tisch,9,145,17716,-4420,-3704,-146,83,59
tisch,9,146,18328,-4496,-4096,-50,237,33
tisch,9,147,19368,-4148,-4392,-10,519,61
tisch,9,148,20252,-3968,-4956,16,841,113
tisch,9,149,20880,-3976,-5328,-43,1254,216
tisch,9,150,23136,-9336,-5444,225,1761,147
tisch,9,151,20540,-3164,-6324,78,2447,599
tisch,9,152,20704,-4112,-4420,463,2867,267
tisch,9,153,19908,-3900,-4568,637,3140,-28
tisch,9,154,20912,-3124,-4904,511,3372,-453
tisch,9,155,21416,-3116,-4792,401,3647,-629
tisch,9,156,21268,-4316,-4536,364,3906,-773
tisch,9,157,21784,-4820,-4756,356,4224,-907
tisch,9,158,22444,-4864,-4456,361,4557,-1005
tisch,9,159,22596,-4544,-4000,274,4960,-1083
tisch,9,160,22380,-4076,-3484,36,5404,-1140
tisch,9,161,21860,-3248,-2956,-336,5848,-1184
tisch,9,162,21180,-2916,-2644,-827,6254,-1169
tisch,9,163,20448,-3628,-1984,-1295,6682,-1008
tisch,9,164,20768,-4568,-572,-748,6907,-1051
tisch,9,165,18836,-3956,-1004,-137,7124,-1101
tisch,9,166,18136,-2936,-532,-150,7488,-1135
tisch,9,167,18440,-3064,304,0,7856,-1074
tisch,9,168,18304,-3376,296,136,8342,-900
tisch,9,169,17244,-3536,-728,-74,9005,-561
tisch,9,170,16144,-1788,460,-227,9558,-247
tisch,9,171,12900,-3032,780,-60,9816,-128
tisch,9,172,11668,-3100,1828,165,9876,-184
tisch,9,173,9704,-2564,2440,566,9776,-327
tisch,9,174,7888,-1892,2656,132,9654,-319
tisch,9,175,7648,-2064,3188,63,9438,-326
tisch,9,176,6696,-1420,3036,-19,9272,-162
tisch,9,177,6580,1464,4212,58,9043,52
tisch,9,178,6056,1472,5264,-248,8719,259
tisch,9,179,4308,1340,5808,-631,8242,401
tisch,9,180,2932,3148,6064,-1062,7729,425
tisch,9,181,2180,-2268,4556,-1369,7502,388
tisch,9,182,3836,-728,6344,-1601,7175,396
tisch,9,183,2292,2304,6944,-2037,6829,383
tisch,9,184,756,-1268,6436,-2399,6556,299
tisch,9,185,1260,-36,7168,-2608,6317,173
tisch,9,186,2604,-1816,7812,-2487,6381,-7
tisch,9,187,1544,-2800,7852,-2675,6349,49
tisch,9,188,-56,-4344,7876,-2617,6290,111
tisch,9,189,-800,-5532,8728,-2377,6225,266
tisch,9,190,-1336,-7556,9108,-1941,6146,484
tisch,9,191,-1880,-5732,10024,-1699,5871,752
tisch,9,192,-2776,-8132,10412,-1282,5878,878
tisch,9,193,-1780,-8336,11648,-768,5866,883
tisch,9,194,-2512,-4428,13460,-810,5722,972
tisch,9,195,-4256,-4976,13432,-865,5421,938
tisch,9,196,-5364,-11336,13696,-414,5004,620
tisch,9,197,-4952,-5540,15616,-357,4504,370
tisch,9,198,-6424,-7260,14904,-274,4017,281
tisch,9,199,-6048,-10312,14676,211,3848,127
tisch,9,200,-5860,-4100,16872,202,3410,226
tisch,9,201,-8596,-6392,15844,206,3055,318
tisch,9,202,-9892,-9044,16576,521,2766,404
tisch,9,203,-9256,-5224,15820,667,2444,475
tisch,9,204,-17860,-2680,16632,2427,778,1349
tisch,9,205,-18784,-132,17204,1315,256,896
tisch,9,206,-17008,-3168,15788,748,-577,484
tisch,9,207,-9736,-2576,16040,-58,-726,99
tisch,9,208,-7220,-1472,14416,-253,-546,-449
tisch,9,209,-7440,-2060,14820,-588,-649,-425
tisch,9,210,-8992,-3728,14380,-611,-663,-302
tisch,9,211,-9324,-4592,13912,-538,-1114,-347
tisch,9,212,-10316,-5368,14008,-249,-1799,-344
tisch,9,213,-10160,-5436,14240,61,-2463,-323
tisch,9,214,-10200,-4404,14044,284,-3155,-376
tisch,9,215,-10628,-3908,14180,389,-3916,-553
tisch,9,216,-10096,-3216,13828,433,-4568,-759
tisch,9,217,-9520,-1900,13404,-405,-5255,-978
tisch,9,218,-7552,-1644,12932,-990,-5674,-997
tisch,9,219,-6868,-2948,12416,-1291,-5972,-1002
tisch,9,220,-7708,-2652,12820,-1338,-6450,-1096
tisch,9,221,-7148,-3284,12604,-1256,-7105,-1280
tisch,9,222,-7032,-3548,12312,-1539,-7797,-1701
tisch,9,223,-6836,-3644,11372,-1721,-8626,-2188
tisch,9,224,-4696,-4716,11332,-1600,-9469,-2647
tisch,9,225,-4044,-3496,9620,-1577,-10066,-3037
tisch,9,226,-1836,-3300,8868,-1650,-10418,-3140
tisch,9,227,-108,-3380,8284,-1604,-10650,-2998
tisch,9,228,1052,-4108,7808,-1379,-10965,-2842
tisch,9,229,2496,-5024,6144,-1189,-11181,-2657
tisch,9,230,3384,-4888,4464,-989,-11328,-2462
tisch,9,231,4704,-5316,3672,-1078,-11308,-2219
tisch,9,232,7032,-4536,3184,-606,-11231,-1848
tisch,9,233,9748,-4196,1208,-501,-10812,-1497
tisch,9,234,10364,-4180,760,-326,-10378,-1216
tisch,9,235,11740,-4236,-100,-82,-9969,-998
tisch,9,236,11884,-3572,-12,-180,-9610,-842
tisch,9,237,12348,-4348,-984,-161,-9188,-842
tisch,9,238,13752,-4588,-864,-176,-8768,-667
tisch,9,239,13736,-5592,-880,-12,-8490,-631
tisch,9,240,15636,-4576,-2560,-1,-8196,-560
tisch,9,241,15584,-4052,-2632,35,-7738,-220
tisch,9,242,15692,-3664,-3260,74,-7514,-124
tisch,9,243,15916,-3860,-3728,33,-7231,109
tisch,9,244,16600,-4336,-4000,188,-6854,96
tisch,9,245,16392,-4452,-4608,21,-6535,138
tisch,9,246,16536,-4184,-4604,8,-6205,-24
tisch,9,247,16272,-4444,-5260,-38,-6079,-213
tisch,9,248,17656,-4440,-5632,172,-5661,-250
tisch,9,249,18792,-4956,-6496,225,-5182,-53
tisch,9,250,16308,-6904,-6212,-512,-4828,276
tisch,9,251,18732,-3236,-6688,272,-4545,140
tisch,9,252,19424,-4588,-7320,271,-4218,259
tisch,9,253,20068,-3768,-7912,53,-3606,438
tisch,9,254,19864,-3992,-7596,95,-2957,542
tisch,9,255,18516,-4576,-8360,-65,-2651,540
tisch,9,256,18960,-5152,-6792,2276,-2546,-858
tisch,9,257,28700,-5328,5052,664,-3314,-1310
tisch,9,258,31392,-4560,-7544,756,-4169,-3189
tisch,9,259,32767,-1832,-12852,-778,-2134,-3022
tisch,9,260,32767,-1924,-10964,-1195,-19,-2041
tisch,9,261,28560,-3596,-6976,-1188,504,-1054
tisch,9,262,22428,-4040,-7200,-1061,997,-426
tisch,9,263,19824,-3056,-5108,-120,1268,147
tisch,9,264,15924,-3484,-5200,328,1404,390
tisch,9,265,14768,-1620,-4800,464,1284,528
tisch,9,266,16824,-816,-3224,296,1182,642
tisch,9,267,16308,-568,-3368,397,1092,442
tisch,9,268,18444,-2468,-4052,416,991,282
tisch,9,269,20676,-3460,-5108,383,1202,222
tisch,9,270,22168,-4488,-5668,420,1644,270
tisch,9,271,23236,-4948,-6208,555,2199,367
tisch,9,272,23960,-4928,-6756,680,2854,493
tisch,9,273,23844,-4620,-6596,791,3471,535
tisch,9,274,23728,-4480,-6428,775,4058,490
tisch,9,275,23396,-4704,-6316,784,4607,385
tisch,9,276,22612,-4316,-5600,825,5048,242
tisch,9,277,21504,-3716,-5044,718,5437,70
tisch,9,278,20232,-3024,-4020,480,5681,-103
tisch,9,279,19440,-3940,-4108,358,5925,-379
tisch,9,280,18324,-1536,-2876,-84,6093,-296
tisch,9,281,17644,-3336,-2748,-102,6275,-286
tisch,9,282,17444,-3900,-2064,217,6338,-247
tisch,9,283,16436,-3864,-1236,46,6429,-72
tisch,9,284,15480,-3056,-840,-168,6561,36
tisch,9,285,16316,-3912,-280,-188,6614,216
tisch,9,286,15100,-3592,-48,-284,6775,388
tisch,9,287,15672,-4180,280,96,6876,467
tisch,9,288,14988,-3672,804,162,7136,550
tisch,9,289,14740,-3732,896,244,7353,508
tisch,9,290,13972,-3132,1680,78,7733,568
tisch,9,291,12524,-3108,1932,-38,7843,386
tisch,9,292,11616,-2568,2680,42,7908,184
tisch,9,293,9872,-2044,2872,-267,7976,75
tisch,9,294,9540,-2044,3628,-421,7829,-99
tisch,9,295,8312,-2480,4356,-587,7698,-134
tisch,9,296,7492,-2344,4948,-648,7410,-115
tisch,9,297,5964,-2548,5272,-1084,7138,123
tisch,9,298,6584,-1620,6224,-1016,6707,175
tisch,9,299,6540,-1948,7016,-768,6392,237
tisch,10,0,-7120,-7104,6124,-836,2502,1111
tisch,10,1,-8884,-10436,7216,-237,2431,1165
tisch,10,2,-11668,-8804,8164,241,2201,874
tisch,10,3,-12264,-7940,9252,641,1536,499
tisch,10,4,-14308,-6864,10324,634,570,126
tisch,10,5,-15572,-6216,10296,-356,-305,-273
tisch,10,6,-14308,-8512,11476,-1160,-1230,-482
tisch,10,7,-11368,-10364,11740,-1499,-1828,-581
tisch,10,8,-8660,-10940,11968,-1360,-2076,-174
tisch,10,9,-7020,-8248,13716,-1016,-1686,35
tisch,10,10,-5488,-12228,12824,-501,-988,671
tisch,10,11,-8268,-13272,14164,-26,-450,1298
tisch,10,12,-9776,-11708,13548,385,-380,1671
tisch,10,13,-10704,-8028,11316,341,-580,1802
tisch,10,14,-9816,-7016,11280,558,-771,1817
tisch,10,15,-9488,-6876,10832,614,-971,1866
tisch,10,16,-9180,-6044,10192,402,-1095,1849
tisch,10,17,-8992,-5376,9892,225,-1174,1816
tisch,10,18,-9032,-4992,9776,83,-1289,1793
tisch,10,19,-7972,-5520,9824,83,-1348,1752
tisch,10,20,-7416,-5580,9872,-211,-1272,1784
tisch,10,21,-7348,-5552,10312,-410,-1106,1840
tisch,10,22,-6728,-6916,10036,-325,-979,1852
tisch,10,23,-7932,-7196,9652,-446,-807,2031
tisch,10,24,-8196,-7524,9804,-428,-768,2220
tisch,10,25,-8708,-7604,11584,-431,-852,2322
tisch,10,26,-9724,-8000,10344,-302,-1177,2259
tisch,10,27,-9728,-8376,10728,-225,-1622,2284
tisch,10,28,-9964,-4480,10408,-222,-2085,2297
tisch,10,29,-8524,-5076,11200,-327,-2345,2516
tisch,10,30,-7752,-7416,9788,-329,-2535,2531
tisch,10,31,-6472,-5736,10268,-607,-2575,2600
tisch,10,32,-5412,-3996,10964,-759,-2390,2662
tisch,10,33,-5060,-3336,8464,-751,-2073,2577
tisch,10,34,-4388,-6888,9824,-737,-1990,2686
tisch,10,35,-4852,-6724,8332,-701,-1711,2670
tisch,10,36,-4664,-7144,8492,-461,-1588,2673
tisch,10,37,-5160,-5612,8788,-376,-1285,2640
tisch,10,38,-3816,-6524,9848,-67,-1194,2577
tisch,10,39,-3496,-4256,9688,13,-970,2619
tisch,10,40,-3096,-6548,9296,93,-750,2605
tisch,10,41,-3676,-7120,10524,114,-435,2129
tisch,10,42,-4084,-9396,11900,385,-530,1197
tisch,10,43,-4836,-7716,13908,554,-1024,-15
tisch,10,44,-3800,-6888,13900,802,-1732,-688
tisch,10,45,-3612,-5624,13308,1334,-2312,-504
tisch,10,46,-3944,-2504,13764,1291,-2945,-6
tisch,10,47,-4156,-4704,12988,1867,-3656,150
tisch,10,48,-4892,-3972,13896,1888,-4227,451
tisch,10,49,-13276,-15844,15092,2972,-5062,270
tisch,10,50,-2172,400,10200,2259,-5020,473
tisch,10,51,340,-2284,11508,2628,-4870,577
tisch,10,52,1188,-424,11864,2819,-5315,669
tisch,10,53,2788,1700,10688,1833,-4955,960
tisch,10,54,1612,3896,11304,1120,-4839,1087
tisch,10,55,3984,3220,10236,79,-4561,1097
tisch,10,56,3964,3012,11672,-649,-4211,1074
tisch,10,57,4128,312,10848,-990,-3779,1108
tisch,10,58,3116,-1460,9120,-1219,-3530,996
tisch,10,59,3664,-60,9528,-1575,-3035,967
tisch,10,60,1116,-544,9712,-2391,-2882,897
tisch,10,61,-1160,660,12736,-3010,-3434,637
tisch,10,62,-1296,-1472,11204,-3184,-4221,240
tisch,10,63,-1816,-2848,11316,-3475,-4997,-74
tisch,10,64,3604,-2960,12956,-3525,-5445,-331
tisch,10,65,18168,-18328,32612,-3838,-5152,614
tisch,10,66,20900,-25344,18804,-3089,-1958,1446
tisch,10,67,8312,-12864,26172,643,-1977,-409
tisch,10,68,-1788,3148,16852,1169,-2217,-574
tisch,10,69,2436,1984,13796,709,-2707,-268
tisch,10,70,4620,344,11152,156,-3357,-529
tisch,10,71,5384,-2116,10556,-192,-3436,-682
tisch,10,72,5568,-2112,10220,-148,-3376,-482
tisch,10,73,5724,-3352,10288,4,-3340,-396
tisch,10,74,5532,-3944,10236,205,-3199,-349
tisch,10,75,7032,-4228,10536,165,-2844,-380
tisch,10,76,8468,-3696,10984,-100,-2102,-366
tisch,10,77,6704,-3340,11836,-414,-1540,-349
tisch,10,78,4868,-3748,14184,-563,-1454,-295
tisch,10,79,3808,-2932,14580,-1228,-1824,-117
tisch,10,80,5296,-4272,17080,-881,-2441,3
tisch,10,81,5036,-4016,14892,-1157,-3023,125
tisch,10,82,6872,-3904,14100,-1540,-3520,126
tisch,10,83,9160,-4268,12212,-1994,-3632,144
tisch,10,84,12012,-4488,11276,-2363,-3487,278
tisch,10,85,14564,-4872,10200,-2700,-3054,620
tisch,10,86,15784,-5604,9548,-2836,-2328,1177
tisch,10,87,16696,-6368,8880,-2981,-1512,1744
tisch,10,88,21860,-2472,4672,-3227,-602,2437
tisch,10,89,18916,-8200,10652,-3127,698,2979
tisch,10,90,22136,-11732,8648,-18,2118,3435
tisch,10,91,19816,-7620,5036,1489,3754,3879
tisch,10,92,18784,-6124,5840,1463,4890,4034
tisch,10,93,15680,-5660,6252,1330,5689,3704
tisch,10,94,11024,-4760,6456,1021,6084,3037
tisch,10,95,10108,-5560,6332,938,6050,1975
tisch,10,96,8000,-7508,6968,927,5770,933
tisch,10,97,7360,-284,8208,410,5302,-14
tisch,10,98,6728,-3280,5620,-286,5067,-683
tisch,10,99,5592,-1516,7176,-571,4770,-1067
tisch,10,100,6180,-1368,7344,-601,4691,-1087
tisch,10,101,5016,-3248,7332,-1276,4719,-1075
tisch,10,102,6324,-3308,6992,-1572,4799,-905
tisch,10,103,4908,-3136,7684,-1535,4853,-610
tisch,10,104,5068,-3160,8948,-1559,4820,-292
tisch,10,105,4032,-7660,7876,-1590,5039,-114
tisch,10,106,2916,-5884,9964,-1635,5144,-120
tisch,10,107,3120,-9756,10100,-1648,5215,-308
tisch,10,108,1048,-7132,10780,-1402,5303,-585
tisch,10,109,472,-7172,10768,-1218,5504,-857
tisch,10,110,1312,-7160,11744,-727,5657,-934
tisch,10,111,1136,-8940,12072,-552,5919,-909
tisch,10,112,-128,-11080,10376,-337,6373,-733
tisch,10,113,236,-10264,11044,-85,6656,-380
tisch,10,114,-776,-8388,11108,-142,7015,-63
tisch,10,115,-1536,-5936,10384,211,7206,222
tisch,10,116,-3344,-6628,9860,-218,7529,266
tisch,10,117,-4620,-11404,8792,-593,7676,142
tisch,10,118,-7572,-11200,8808,-395,7615,-73
tisch,10,119,-9048,-7112,9880,-415,7337,-291
tisch,10,120,-10140,-9268,9172,-256,7206,-480
tisch,10,121,-11588,-11304,10064,-159,7016,-486
tisch,10,122,-14452,-12072,10572,762,6750,769
tisch,10,123,-17608,-10956,10068,1465,6353,1537
tisch,10,124,-18440,-9032,10464,1679,4941,806
tisch,10,125,-18816,-6236,10824,1546,3219,-601
tisch,10,126,-16308,-2096,10944,829,1960,-1764
tisch,10,127,-13896,-4276,9836,-78,1162,-2383
tisch,10,128,-12400,-3076,8564,-1318,849,-2845
tisch,10,129,-10452,-5252,6792,-1721,532,-2671
tisch,10,130,-9232,-3452,6192,-2055,875,-2687
tisch,10,131,-6540,-4008,5480,-2301,1738,-1636
tisch,10,132,-9476,-8400,5048,-1965,2697,-485
tisch,10,133,-9748,-6988,4560,-1612,3435,-269
tisch,10,134,-12188,-7456,5916,-1481,3503,-461
tisch,10,135,-14704,-11608,5800,-1203,3655,-857
tisch,10,136,-15440,-8584,6348,-681,3290,-1267
tisch,10,137,-17580,-8652,8852,103,2388,-1851
tisch,10,138,-19736,-11164,8656,750,1287,-2658
tisch,10,139,-17944,-11072,8632,855,23,-3329
tisch,10,140,-16004,-9280,7096,730,-938,-3587
tisch,10,141,-12888,-7968,6172,739,-1216,-3298
tisch,10,142,-10060,-8992,5184,769,-1066,-2687
tisch,10,143,-8236,-10052,4840,996,-493,-2043
tisch,10,144,-7388,-11016,4548,1206,102,-1342
tisch,10,145,-7004,-10128,4732,1443,735,-868
tisch,10,146,-7872,-11292,5328,1841,1164,-288
tisch,10,147,-9848,-11556,4848,2229,1262,24
tisch,10,148,-11612,-11260,5788,2346,1135,-4
tisch,10,149,-12248,-10720,5600,2600,538,2
tisch,10,150,-13252,-10352,5196,2529,27,-35
tisch,10,151,-14540,-8556,6236,2424,-842,-350
tisch,10,152,-13740,-8480,6056,2077,-1674,-738
tisch,10,153,-12188,-8264,5300,1882,-2290,-1115
tisch,10,154,-10344,-7912,4716,1524,-2733,-1325
tisch,10,155,-8516,-7792,4892,1270,-2774,-1525
tisch,10,156,-6768,-8396,4684,1166,-2705,-1482
tisch,10,157,-5520,-8836,4688,1022,-2463,-1281
tisch,10,158,-4860,-10044,4788,1113,-2132,-1024
tisch,10,159,-4060,-11476,5140,1541,-1740,-705
tisch,10,160,-4352,-11720,5516,1613,-1380,-384
tisch,10,161,-4120,-13328,6340,1985,-1011,-49
tisch,10,162,-4624,-13616,6964,1790,-747,297
tisch,10,163,-4884,-14640,7932,1762,-624,610
tisch,10,164,-5144,-15188,8384,2121,-500,789
tisch,10,165,-5356,-15624,9060,2515,-592,736
tisch,10,166,-5176,-14360,9348,3211,-576,574
tisch,10,167,-5220,-13372,9156,3415,-579,348
tisch,10,168,-5588,-12252,9032,3397,-607,228
tisch,10,169,-5400,-11992,9232,3390,-631,94
tisch,10,170,-5680,-11456,9392,3161,-716,-129
tisch,10,171,-5688,-11144,9316,2802,-891,-330
tisch,10,172,-5220,-10332,9344,2537,-1099,-511
tisch,10,173,-4796,-8892,9140,2306,-1227,-741
tisch,10,174,-4428,-7712,8592,1835,-1206,-948
tisch,10,175,-3452,-7616,8520,1612,-1044,-1088
tisch,10,176,-3588,-7064,8396,1505,-746,-1108
tisch,10,177,-4740,-6016,8560,1304,-538,-1075
tisch,10,178,-5308,-6516,8828,1238,-429,-1030
tisch,10,179,-6184,-6268,8892,1142,-476,-987
tisch,10,180,-6636,-6892,8548,1485,-500,-969
tisch,10,181,-7116,-4808,9396,1692,-523,-973
tisch,10,182,-6816,-5412,9320,1760,-620,-916
tisch,10,183,-6792,-4708,9900,1757,-663,-1000
tisch,10,184,-6368,-3364,9448,1501,-676,-1013
tisch,10,185,-6820,-1776,9864,1242,-700,-1025
tisch,10,186,-6980,-1912,10116,1161,-683,-1064
tisch,10,187,-6924,-892,10376,888,-781,-1040
tisch,10,188,-5796,-384,11984,871,-885,-1145
tisch,10,189,-7788,-600,11152,452,-1009,-652
tisch,10,190,-6936,-712,11444,273,-840,-818
tisch,10,191,-5940,-2080,12104,276,-654,-832
tisch,10,192,-6924,-3768,11500,20,-445,-658
tisch,10,193,-6928,-2696,11984,53,-197,-469
tisch,10,194,-7704,-2360,12452,164,-83,-228
tisch,10,195,-8912,-3192,12888,353,-147,33
tisch,10,196,-10332,-2036,13436,446,-499,225
tisch,10,197,-10460,-2320,13488,732,-962,375
tisch,10,198,-10284,-1544,14104,636,-1684,261
tisch,10,199,-9300,-96,13604,328,-2236,190
tisch,10,200,-5632,388,12016,54,-2698,292
tisch,10,201,-6728,-1732,13700,-465,-2806,257
tisch,10,202,-5628,-3264,14476,-520,-2867,434
tisch,10,203,-4860,-4792,14012,-348,-2706,504
tisch,10,204,-4524,-6564,14696,102,-2192,698
tisch,10,205,-3624,-5812,14488,436,-2063,506
tisch,10,206,-2824,-1780,14476,955,-1145,811
tisch,10,207,-3800,-2400,14832,1638,-622,995
tisch,10,208,-2524,508,12848,1076,-167,1017
tisch,10,209,-3164,2044,14808,1047,10,1160
tisch,10,210,-4276,768,11816,522,241,1176
tisch,10,211,-7100,-632,14700,269,335,1170
tisch,10,212,-6996,-16,13216,461,382,1188
tisch,10,213,-6664,-680,12696,284,360,1140
tisch,10,214,-6448,-480,12256,117,241,1194
tisch,10,215,-6104,916,12892,79,66,1372
tisch,10,216,-5016,3084,12388,-368,231,1463
tisch,10,217,-4796,2384,9824,-831,295,1631
tisch,10,218,-4400,3408,11004,-1109,526,1782
tisch,10,219,-4428,1872,9448,-1539,714,1889
tisch,10,220,-5200,1540,9416,-1938,895,2002
tisch,10,221,-5916,-1048,10340,-2068,961,2057
tisch,10,222,-6204,-2468,9724,-2026,841,2158
tisch,10,223,-6724,-848,9196,-2973,868,2258
tisch,10,224,-7004,-3416,11152,-1720,508,2797
tisch,10,225,-5952,-3144,10908,-1290,314,3078
tisch,10,226,-5616,-1360,11048,-1030,213,3421
tisch,10,227,-6032,-2696,10764,-753,200,3658
tisch,10,228,-5832,-2124,10852,-811,57,3867
tisch,10,229,-5860,-3492,10264,-746,90,3902
tisch,10,230,-5656,-1544,10124,-974,284,3889
tisch,10,231,-5504,-2120,11992,-911,280,3739
tisch,10,232,-5140,-3376,12516,-1310,372,3755
tisch,10,233,-6116,-2760,11304,-1212,210,3496
tisch,10,234,-5944,-3308,11044,-1174,195,3373
tisch,10,235,-5804,-2592,10756,-1776,153,3389
tisch,10,236,-6128,-5112,11032,-1547,31,3425
tisch,10,237,-4992,-4124,10928,-726,-131,3504
tisch,10,238,-5180,-912,10060,-1077,21,3519
tisch,10,239,-4816,-3644,10824,-1089,7,3454
tisch,10,240,-5696,-3952,10616,-1120,20,3201
tisch,10,241,-5996,-4052,11548,-929,-113,2904
tisch,10,242,-5260,-3300,11216,-1247,-93,2740
tisch,10,243,-5900,-3608,11988,-1204,20,2642
tisch,10,244,-6360,-5884,11888,-1127,5,2738
tisch,10,245,-6780,-3708,12560,-1334,-192,2809
tisch,10,246,-7484,-4420,13660,-1365,-529,2835
tisch,10,247,-6816,-3956,14116,-1320,-1088,2744
tisch,10,248,-6952,-4644,14460,-1456,-1666,2686
tisch,10,249,-6364,-3708,15136,-1711,-2198,2630
tisch,10,250,-5172,-4820,14432,-1803,-2507,2632
tisch,10,251,-4816,-3856,14864,-2229,-2602,2787
tisch,10,252,-1920,-3668,13912,-1899,-2626,2924
tisch,10,253,-1608,-3512,13344,-2021,-2613,2998
tisch,10,254,-2044,-2276,13452,-2484,-2355,3209
tisch,10,255,-2504,-976,13500,-3351,-2054,3176
tisch,10,256,-1572,-4448,12556,-2798,-1824,3130
tisch,10,257,-2936,-3488,13560,-2723,-1691,3210
tisch,10,258,-2504,-3492,12288,-2605,-1516,3169
tisch,10,259,-3516,-4176,13496,-2794,-1363,3181
tisch,10,260,-4028,-7272,12980,-2987,-1328,3096
tisch,10,261,-5112,-7760,13436,-2560,-1574,2880
tisch,10,262,-5036,-8596,13380,-1952,-1891,2757
tisch,10,263,-4028,-7224,13116,-1503,-2142,2630
tisch,10,264,-4748,-6596,14328,-1441,-2490,2555
tisch,10,265,-2920,-4184,13292,-1785,-2538,2441
tisch,10,266,-1044,-5024,11548,-1750,-2522,2469
tisch,10,267,-1744,-5416,12272,-1793,-2594,2337
tisch,10,268,-1892,-5320,11676,-1956,-2508,2197
tisch,10,269,-368,-2724,11712,-2234,-2315,2107
tisch,10,270,392,-4968,11048,-2271,-2082,1862
tisch,10,271,804,-7380,11508,-2195,-1957,1603
tisch,10,272,4,-8260,12868,-2416,-1944,1212
tisch,10,273,-384,-7276,13304,-3229,-1848,941
tisch,10,274,572,-10364,12136,-2426,-1832,948
tisch,10,275,1196,-7680,11980,-1330,-1629,1127
tisch,10,276,1176,-7960,12308,-1620,-1485,1270
tisch,10,277,588,-9368,13484,-873,-1189,1309
tisch,10,278,2556,-10364,15556,-312,-988,1505
tisch,10,279,1060,-8332,14696,-163,-1058,1046
tisch,10,280,872,-7332,13572,-567,-1166,1009
tisch,10,281,608,-7600,14012,-663,-1282,731
tisch,10,282,1388,-7420,13132,-978,-1475,426
tisch,10,283,1824,-9536,12920,-1124,-1562,127
tisch,10,284,3116,-9220,12964,-1140,-1622,-56
tisch,10,285,3700,-12720,9928,-1050,-1584,-56
tisch,10,286,4852,-10744,10876,-678,-1355,-266
tisch,10,287,5468,-10676,11420,-555,-1081,-367
tisch,10,288,6136,-10364,10944,-509,-760,-499
tisch,10,289,5476,-10880,9920,-610,-401,-622
tisch,10,290,4440,-11012,10688,-614,-40,-716
tisch,10,291,3268,-13852,11384,-274,270,-894
tisch,10,292,1924,-12664,12608,-404,215,-1319
tisch,10,293,1708,-13160,10864,-329,-49,-1808
tisch,10,294,3576,-12776,11404,101,-263,-2223
tisch,10,295,4540,-11900,10968,125,-297,-2441
tisch,10,296,5664,-9168,10884,132,-143,-2567
tisch,10,297,7280,-12932,10804,72,190,-2645
tisch,10,298,8016,-13064,9972,91,720,-2662
tisch,10,299,6184,-4212,10628,-824,1159,-2905
tisch,11,0,-10308,-3116,9088,-1736,-30,1571
tisch,11,1,-10712,-3124,9592,-1642,-111,1641
tisch,11,2,-11200,-4852,9028,-1561,-189,1683
tisch,11,3,-10852,-5480,8900,-1421,-256,1736
tisch,11,4,-9924,-4584,9136,-1382,-263,1839
tisch,11,5,-10420,-2904,8520,-1367,-181,2112
tisch,11,6,-10808,-2744,8996,-1558,-115,2316
tisch,11,7,-11040,-3124,9080,-1576,-160,2398
tisch,11,8,-12012,-588,8292,-2036,-337,2220
tisch,11,9,-12124,-3696,11032,-1874,-690,1956
tisch,11,10,-12660,-656,8932,-2254,-1061,1717
tisch,11,11,-11512,-3400,8692,-2727,-1357,1595
tisch,11,12,-11588,-3164,9224,-2579,-1537,1624
tisch,11,13,-10852,-3980,8996,-2774,-1588,1501
tisch,11,14,-10256,-4588,8724,-2766,-1621,1431
tisch,11,15,-9552,-4456,8476,-2783,-1578,1431
tisch,11,16,-9056,-4636,8744,-2696,-1484,1461
tisch,11,17,-8676,-4980,8920,-2784,-1296,1582
tisch,11,18,-8616,-4928,8884,-2963,-1111,1773
tisch,11,19,-8044,-6768,9040,-3036,-995,1847
tisch,11,20,-7880,-5944,8784,-2926,-805,1950
tisch,11,21,-7540,-5652,8940,-3095,-544,2000
tisch,11,22,-6952,-5772,8836,-3278,-109,2110
tisch,11,23,-7252,-5080,8512,-3399,181,2181
tisch,11,24,-7736,-6160,8288,-3728,509,2255
tisch,11,25,-7264,-6556,8392,-3823,754,2180
tisch,11,26,-8492,-8048,8260,-3701,752,2154
tisch,11,27,-8820,-8188,9436,-3477,658,2109
tisch,11,28,-9368,-8824,9052,-3166,586,2070
tisch,11,29,-8768,-8688,8392,-3213,277,1884
tisch,11,30,-9456,-9072,9756,-3157,-21,1679
tisch,11,31,-8828,-9060,9432,-3025,-299,1487
tisch,11,32,-9724,-9764,9644,-3203,-473,1284
tisch,11,33,-8088,-10248,11640,-2980,-559,1139
tisch,11,34,-8108,-8796,10464,-2672,-727,1091
tisch,11,35,-7828,-10120,10272,-2585,-673,1177
tisch,11,36,-7580,-10224,9848,-2558,-820,1085
tisch,11,37,-7428,-12788,11136,-2475,-922,744
tisch,11,38,-3380,-6280,10852,-2938,-900,521
tisch,11,39,-5800,-12828,11360,-2357,-513,-337
tisch,11,40,-4232,-13664,9772,-2511,-202,-469
tisch,11,41,-6796,-13936,10392,-804,-425,-611
tisch,11,42,-6740,-14724,12584,-338,67,-737
tisch,11,43,-7564,-12112,12672,-570,148,-501
tisch,11,44,-4256,-14040,10732,520,574,-442
tisch,11,45,-4892,-10728,10612,93,904,-205
tisch,11,46,-7196,-12888,10784,299,774,-297
tisch,11,47,-8292,-12480,12700,263,766,-337
tisch,11,48,-7180,-11200,11172,282,734,-400
tisch,11,49,-7912,-11216,9336,660,394,-599
tisch,11,50,-7864,-11560,11736,1132,154,-860
tisch,11,51,-7932,-9992,10400,1262,-47,-1222
tisch,11,52,-7484,-10116,9828,1520,-79,-1426
tisch,11,53,-8684,-9328,10352,1383,-193,-1547
tisch,11,54,-8568,-9276,9680,1491,-296,-1570
tisch,11,55,-8940,-9344,9728,1363,-456,-1610
tisch,11,56,-8476,-10692,9100,1617,-655,-1734
tisch,11,57,-8168,-11256,9120,1935,-825,-1844
tisch,11,58,-7644,-10824,8664,2142,-958,-1852
tisch,11,59,-7208,-11860,8400,2366,-848,-1875
tisch,11,60,-6792,-12440,7360,2770,-889,-2059
tisch,11,61,-6188,-11700,6860,3322,-816,-2293
tisch,11,62,-4168,-11384,5996,3829,-511,-2604
tisch,11,63,-4012,-11188,5788,4020,-54,-2749
tisch,11,64,-3784,-10944,5180,4354,593,-2664
tisch,11,65,-4408,-10508,5168,4548,1105,-2145
tisch,11,66,-4860,-9056,5372,4719,1593,-1579
tisch,11,67,-6168,-10148,5476,4879,2047,-1191
tisch,11,68,-6884,-10540,4892,5102,2361,-1076
tisch,11,69,-7500,-10812,5320,5493,2426,-1174
tisch,11,70,-8188,-9764,5368,5845,2422,-1313
tisch,11,71,-7928,-7744,4516,5964,2530,-1466
tisch,11,72,-7600,-5636,3892,6249,2672,-1490
tisch,11,73,-8480,-5140,3612,6643,2969,-1398
tisch,11,74,-9136,-4640,3436,6709,3299,-1262
tisch,11,75,-10016,-2676,4032,6637,3614,-1055
tisch,11,76,-11828,-1904,2864,6581,3808,-921
tisch,11,77,-12944,-1740,3236,6505,3695,-785
tisch,11,78,-13976,-1800,3696,6318,3473,-672
tisch,11,79,-15652,440,3680,5998,3029,-647
tisch,11,80,-17148,896,3908,5594,2439,-831
tisch,11,81,-16596,1540,3756,5274,1730,-1253
tisch,11,82,-16528,1244,4012,4873,1007,-1682
tisch,11,83,-17160,528,4292,4463,310,-2135
tisch,11,84,-16092,1148,4340,4013,-270,-2640
tisch,11,85,-15512,3528,3812,3371,-658,-2965
tisch,11,86,-15028,3008,4084,2908,-933,-3095
tisch,11,87,-14636,1868,4628,2983,-1004,-3295
tisch,11,88,-15168,188,4592,2632,-1083,-3174
tisch,11,89,-13616,-356,4804,2768,-1144,-2904
tisch,11,90,-14312,1588,5084,2511,-1054,-2301
tisch,11,91,-13940,5272,4436,2462,-1102,-1875
tisch,11,92,-13960,-960,6088,2535,-1308,-1510
tisch,11,93,-15012,5220,5388,2433,-1551,-1387
tisch,11,94,-14908,-1020,6968,2193,-1785,-1945
tisch,11,95,-14596,1836,5772,2040,-2021,-2438
tisch,11,96,-13232,1548,5836,1938,-1935,-2785
tisch,11,97,-10900,3768,5452,1640,-1692,-2829
tisch,11,98,-10820,3140,5624,1446,-1406,-2577
tisch,11,99,-11244,4260,5456,1203,-1103,-2322
tisch,11,100,-12108,1692,6084,1138,-891,-2175
tisch,11,101,-11776,4444,5852,1004,-795,-1990
tisch,11,102,-11784,3080,5680,991,-694,-1765
tisch,11,103,-12984,5056,5596,317,-865,-1379
tisch,11,104,-12928,3580,7052,-67,-1064,-1148
tisch,11,105,-12592,2528,8244,-363,-1390,-1083
tisch,11,106,-13408,4440,15964,-696,-1415,-794
tisch,11,107,-12616,6680,17320,-1617,-528,-739
tisch,11,108,-16196,6792,20328,-2786,911,-1129
tisch,11,109,-19796,-4924,14552,-1964,658,-1303
tisch,11,110,-22260,-7996,15144,-83,-850,-626
tisch,11,111,-15696,-2888,12760,994,-1935,290
tisch,11,112,-12104,-800,10984,1221,-2388,810
tisch,11,113,-11412,668,8756,963,-2563,960
tisch,11,114,-9408,1968,8272,524,-2684,929
tisch,11,115,-7552,2840,8096,-27,-2572,763
tisch,11,116,-5148,2648,9008,-383,-2150,489
tisch,11,117,-4676,1164,9672,-696,-1584,161
tisch,11,118,-5348,-152,9580,-566,-1166,-151
tisch,11,119,-5168,-104,9456,-565,-1031,-392
tisch,11,120,-4044,-28,9520,-675,-776,-554
tisch,11,121,-3464,-364,9964,-893,-242,-658
tisch,11,122,-3848,-1676,10440,-1103,384,-796
tisch,11,123,-5600,-3500,10856,-943,956,-959
tisch,11,124,-7572,-4112,11220,-585,1237,-1091
tisch,11,125,-8908,-3932,11452,-309,1218,-1144
tisch,11,126,-9416,-3136,11140,22,1211,-1006
tisch,11,127,-10696,-1532,11292,196,1127,-735
tisch,11,128,-12632,-324,11248,260,876,-464
tisch,11,129,-13972,-36,11208,270,442,-287
tisch,11,130,-15692,536,11020,302,-212,-225
tisch,11,131,-16576,408,10480,358,-1043,-263
tisch,11,132,-16228,776,10088,304,-1840,-291
tisch,11,133,-16212,1892,9692,-626,-2460,-148
tisch,11,134,-16544,1420,10340,-1391,-3150,-33
tisch,11,135,-17740,256,10360,-1581,-3914,-21
tisch,11,136,-18792,-340,10688,-1367,-4873,-62
tisch,11,137,-18916,-1348,10800,-1129,-6011,-9
tisch,11,138,-17476,-1724,11000,-984,-6934,188
tisch,11,139,-15672,-3036,10120,-795,-7555,606
tisch,11,140,-14768,-2348,9624,-739,-7991,1074
tisch,11,141,-13616,-2244,8880,-900,-8325,1420
tisch,11,142,-13016,-2136,8180,-892,-8679,1640
tisch,11,143,-11644,-1948,7528,-924,-8893,1658
tisch,11,144,-10684,-2132,7600,-854,-8922,1613
tisch,11,145,-9432,-1804,8188,-748,-9000,1560
tisch,11,146,-9544,-3476,8224,-935,-9185,1414
tisch,11,147,-8304,-4460,9600,-806,-9489,1143
tisch,11,148,-7492,-5760,8928,-696,-10014,920
tisch,11,149,-4188,-6408,9512,55,-10164,812
tisch,11,150,-2140,-7048,8740,347,-10072,814
tisch,11,151,-288,-5696,9760,525,-9995,844
tisch,11,152,448,-6112,9792,697,-9961,847
tisch,11,153,-448,-4168,9204,731,-10265,792
tisch,11,154,552,-5904,4192,1232,-10800,325
tisch,11,155,1116,-4936,8788,1007,-11370,-33
tisch,11,156,4516,-1804,6980,784,-11641,-120
tisch,11,157,6572,-6520,8156,1460,-11872,-147
tisch,11,158,8104,-4704,6928,1547,-11816,-220
tisch,11,159,8932,-3876,6708,1549,-11818,-322
tisch,11,160,8836,-3120,5752,1559,-11841,-365
tisch,11,161,8744,-2264,4468,1046,-12019,-406
tisch,11,162,10368,-2544,2980,712,-12154,-451
tisch,11,163,11184,-4244,1804,625,-12151,-757
tisch,11,164,9552,-5572,88,2012,-12472,-1424
tisch,11,165,9136,-2672,-228,2702,-13040,-1482
tisch,11,166,11228,2776,-3016,2936,-13476,-2485
tisch,11,167,13576,2436,-4544,2082,-13700,-2489
tisch,11,168,16428,1700,-6380,1367,-13303,-2700
tisch,11,169,20600,-1520,-7972,2190,-12523,-2674
tisch,11,170,22660,-756,-7932,2507,-10888,-2224
tisch,11,171,25540,-924,-9752,2740,-9049,-1644
tisch,11,172,25224,400,-10492,3162,-7162,-951
tisch,11,173,24136,3836,-10804,2980,-5516,-628
tisch,11,174,22328,6752,-12544,2530,-4249,-556
tisch,11,175,21980,6836,-7416,2105,-3662,-488
tisch,11,176,19556,4116,-9432,1318,-2786,-519
tisch,11,177,20200,4624,-10704,-44,-2178,-1033
tisch,11,178,19848,236,-10912,240,-2153,-751
tisch,11,179,19316,2604,-10384,764,-1782,-666
tisch,11,180,19784,3728,-10112,705,-1442,-397
tisch,11,181,22388,1400,-11592,572,-915,-443
tisch,11,182,20152,2728,-11256,-212,-615,-216
tisch,11,183,21692,1076,-14764,732,-152,230
tisch,11,184,22784,11352,-8884,193,220,-722
tisch,11,185,22228,5932,-10280,-756,-19,-714
tisch,11,186,25808,6312,-10092,-427,235,-664
tisch,11,187,24884,4556,-10360,-278,1121,-322
tisch,11,188,24112,5196,-8072,-172,1971,-39
tisch,11,189,20196,4884,-8088,219,2272,173
tisch,11,190,18424,5364,-7068,470,2376,330
tisch,11,191,17948,4316,-7056,752,2401,407
tisch,11,192,18624,2508,-5120,859,2312,764
tisch,11,193,18972,6428,-5688,397,2832,541
tisch,11,194,16728,3436,-7000,-1358,3224,918
tisch,11,195,18104,4860,-6060,-1165,3376,897
tisch,11,196,17744,3104,-4680,-1101,3342,840
tisch,11,197,18216,2108,-3672,-259,3197,714
tisch,11,198,18616,3996,-3700,-158,3083,731
tisch,11,199,18852,4816,-3256,-1227,3191,883
tisch,11,200,19864,3024,-3380,-1409,3268,1078
tisch,11,201,20336,2912,-2972,-1153,3429,1227
tisch,11,202,20712,2612,-3336,-855,3660,1441
tisch,11,203,20396,2192,-3204,-524,4212,1462
tisch,11,204,19564,1444,-2528,-597,4483,1227
tisch,11,205,19528,1696,-1728,-300,4613,1211
tisch,11,206,19104,1068,-1800,8,4822,1229
tisch,11,207,18352,4928,-3564,-1115,5144,1458
tisch,11,208,18560,3672,-3820,-2501,5841,1677
tisch,11,209,17832,1288,-2660,-3402,6376,1912
tisch,11,210,17412,1932,-2216,-3979,6721,2140
tisch,11,211,17772,-1284,-1028,-3944,7180,2237
tisch,11,212,16716,-3120,1112,-2734,7376,2025
tisch,11,213,16556,-2996,1192,-1569,7763,1911
tisch,11,214,15556,-840,1556,-1611,8125,1736
tisch,11,215,14716,-1028,2304,-1912,8383,1566
tisch,11,216,13236,-1368,2976,-2411,8533,1413
tisch,11,217,12232,-1840,3532,-2686,8545,1269
tisch,11,218,10464,-1672,4416,-3343,8466,1166
tisch,11,219,10092,-1828,4408,-3824,8333,1073
tisch,11,220,9780,-2312,4352,-4280,8243,1094
tisch,11,221,9180,-1940,4748,-4706,8231,1207
tisch,11,222,8656,-4048,5124,-4787,8177,1326
tisch,11,223,10076,-5788,5016,-2874,8277,1177
tisch,11,224,7744,-7448,4956,-1822,8737,1032
tisch,11,225,7492,-9064,4668,-1099,9139,961
tisch,11,226,7544,-3612,4832,-1833,9526,1023
tisch,11,227,6316,-8220,5564,-1302,9686,1018
tisch,11,228,7064,-10164,5300,-627,10209,899
tisch,11,229,6612,-4844,4116,-443,10880,964
tisch,11,230,5980,-6680,4208,-400,11515,1052
tisch,11,231,4836,-9084,4448,-213,12214,1136
tisch,11,232,3408,-7148,4484,-189,12884,1225
tisch,11,233,2328,-6120,4096,42,13564,1408
tisch,11,234,-172,-8860,1840,586,14229,1643
tisch,11,235,-1672,-3484,1384,1090,14808,1890
tisch,11,236,-4432,-5220,1972,1748,15232,2058
tisch,11,237,-7332,-7260,1860,2617,15254,2036
tisch,11,238,-11580,-1964,2532,3055,14951,1906
tisch,11,239,-15084,-6000,2536,3244,14185,1557
tisch,11,240,-19872,2196,4996,2949,12813,1036
tisch,11,241,-22608,-4908,6944,2563,11012,154
tisch,11,242,-26132,4156,8092,1847,8800,-797
tisch,11,243,-27220,2644,8528,1107,6323,-1691
tisch,11,244,-26128,-4356,10592,637,3978,-2429
tisch,11,245,-23292,-4676,9884,241,2415,-2540
tisch,11,246,-17416,-460,8960,199,2146,-2098
tisch,11,247,-12116,-2696,6456,639,4624,-865
tisch,11,248,-22552,-5012,10040,813,5348,669
tisch,11,249,-32320,-7068,11180,899,4606,1742
tisch,11,250,-32768,68,11200,715,2561,1940
tisch,11,251,-30960,-1360,9356,1198,-360,578
tisch,11,252,-30204,1440,5440,-154,-4193,-522
tisch,11,253,-20112,-992,8688,-139,-5889,-948
tisch,11,254,-13552,-812,6332,89,-6229,-990
tisch,11,255,-9660,-1484,6256,76,-6119,-822
tisch,11,256,-6636,-1136,6592,-379,-5416,-695
tisch,11,257,-3648,-1040,7268,-1036,-4292,-541
tisch,11,258,-3292,-1604,7684,-1475,-3182,-542
tisch,11,259,-3724,-2196,8568,-1088,-2397,-740
tisch,11,260,-4336,-1580,9460,-686,-1842,-972
tisch,11,261,-4964,-616,10776,-985,-1445,-1348
tisch,11,262,-5116,-1428,11012,-1406,-1214,-1834
tisch,11,263,-5736,-1740,11332,-1837,-1014,-2422
tisch,11,264,-6132,-2176,12004,-2280,-992,-3086
tisch,11,265,-6268,-2772,12076,-2715,-1007,-3779
tisch,11,266,-7000,-3268,12840,-3098,-1188,-4504
tisch,11,267,-6536,-4232,12852,-3461,-1450,-5179
tisch,11,268,-5972,-4844,12456,-3697,-1545,-5594
tisch,11,269,-6656,-5640,12496,-3849,-1719,-5909
tisch,11,270,-7020,-6260,12700,-3314,-2121,-6186
tisch,11,271,-8272,-5596,13152,-3096,-2634,-6420
tisch,11,272,-9732,-5628,13360,-3089,-3468,-6756
tisch,11,273,-9872,-4896,13028,-3543,-4436,-7156
tisch,11,274,-8812,-4456,12332,-4308,-5408,-7570
tisch,11,275,-7508,-4640,11004,-4811,-6221,-7851
tisch,11,276,-5100,-5324,9880,-5030,-6784,-8019
tisch,11,277,-3404,-4060,8792,-5664,-6977,-7985
tisch,11,278,-2392,-6696,7952,-5931,-6713,-7805
tisch,11,279,-2328,-8464,8012,-5763,-6419,-7560
tisch,11,280,-1992,-10316,7872,-5139,-6142,-7254
tisch,11,281,-2844,-11112,8412,-4129,-6047,-6938
tisch,11,282,-3268,-11500,8680,-3317,-6124,-6697
tisch,11,283,-2148,-11100,8816,-2666,-6200,-6376
tisch,11,284,-1404,-12652,8112,-1982,-6323,-6093
tisch,11,285,-2200,-12396,8444,-945,-6674,-5846
tisch,11,286,-2404,-10924,7748,-847,-7122,-5633
tisch,11,287,-1340,-11728,6916,-256,-7827,-5557
tisch,11,288,1172,-10280,5884,194,-8484,-5495
tisch,11,289,2896,-10296,4184,470,-8828,-5370
tisch,11,290,5420,-9260,3088,514,-8897,-5139
tisch,11,291,8360,-9160,1832,609,-8787,-4901
tisch,11,292,11040,-8756,928,573,-8519,-4674
tisch,11,293,13372,-7644,232,169,-7931,-4466
tisch,11,294,14788,-7248,-184,-172,-7254,-4373
tisch,11,295,17352,-7344,-408,-522,-6396,-4436
tisch,11,296,18008,-13556,-12,-185,-5521,-4774
tisch,11,297,29756,8700,-4904,-429,-5991,-4060
tisch,11,298,18652,-10708,76,-1217,-3792,-3972
tisch,11,299,17372,-9656,-588,-1666,-3042,-3405
tisch,12,0,-9360,-2684,7688,887,-1360,76
tisch,12,1,-6672,-3196,6804,512,-1195,830
tisch,12,2,-5304,-4352,6292,47,-917,1443
tisch,12,3,-7092,-6092,7256,173,-571,1560
tisch,12,4,-8216,-7680,8332,339,-432,1567
tisch,12,5,-8812,-8176,10476,549,-372,1645
tisch,12,6,-9796,-8100,10592,737,-306,1837
tisch,12,7,-9880,-7480,10780,880,-305,2164
tisch,12,8,-10232,-7376,9684,1074,-311,2442
tisch,12,9,-12336,-6976,9776,1312,-642,2434
tisch,12,10,-14136,-5416,9784,574,-1204,2217
tisch,12,11,-13348,-6236,10104,768,-1917,1966
tisch,12,12,-13032,-4380,9856,948,-2336,1873
tisch,12,13,-12196,-3144,9204,796,-2628,2077
tisch,12,14,-11628,-2076,8896,985,-2780,2377
tisch,12,15,-10912,-1776,8156,218,-2872,2569
tisch,12,16,-10968,-416,7356,-218,-2918,2705
tisch,12,17,-10036,-848,7812,-394,-2900,2724
tisch,12,18,-10132,-1416,7696,-703,-2742,2640
tisch,12,19,-9880,-2468,9176,-884,-2696,2436
tisch,12,20,-10624,-3216,9960,-1067,-2766,2278
tisch,12,21,-10108,-4244,9760,-1053,-2890,2129
tisch,12,22,-10964,-4148,9156,-1227,-2983,2263
tisch,12,23,-9928,-2280,10644,-1227,-3091,2422
tisch,12,24,-8944,-1388,10864,-1283,-3135,2491
tisch,12,25,-8028,-1592,10656,-1585,-3025,2525
tisch,12,26,-8680,-3068,8676,-1464,-2972,2393
tisch,12,27,-6400,-4472,12156,-1379,-2934,2307
tisch,12,28,-6568,-2268,11668,-1382,-2802,1993
tisch,12,29,-5700,-1444,11248,-1515,-2766,1850
tisch,12,30,-6096,-4040,11140,-1018,-2571,1680
tisch,12,31,-6748,-2936,8804,-1556,-2492,1773
tisch,12,32,-5932,-2620,11964,-1657,-2279,1688
tisch,12,33,-6316,-8896,12984,-1467,-2443,1680
tisch,12,34,-6204,-6464,14084,-1409,-2498,1698
tisch,12,35,-5536,-9472,11184,-969,-2672,1798
tisch,12,36,-5864,-7852,11480,-694,-2734,1786
tisch,12,37,-6212,-5572,11104,-818,-2842,1773
tisch,12,38,-5808,-1400,13760,-1042,-2947,1744
tisch,12,39,-5328,-3732,10456,-695,-3183,1534
tisch,12,40,-4904,-5288,11624,-1001,-3389,1277
tisch,12,41,-4968,-1580,13688,-1424,-3471,1064
tisch,12,42,-3176,-6436,12980,-1298,-3765,887
tisch,12,43,-3140,-5324,10628,-1486,-3908,716
tisch,12,44,-2916,-3768,13528,-1343,-4027,713
tisch,12,45,-2044,-7592,14784,-1390,-4185,788
tisch,12,46,-1296,-6564,12292,-1114,-4234,610
tisch,12,47,-740,-8604,12376,-1016,-4414,435
tisch,12,48,-368,-4152,13120,-981,-4507,211
tisch,12,49,1336,-8368,12956,-809,-4610,67
tisch,12,50,1620,-4480,13428,-976,-4645,-45
tisch,12,51,2284,-4608,11544,-1064,-4677,-178
tisch,12,52,2544,-4080,11376,-1054,-4766,-363
tisch,12,53,3148,-5424,11972,-1190,-4766,-577
tisch,12,54,4088,-6648,12060,-1237,-4908,-609
tisch,12,55,5584,-6084,10776,-1193,-4869,-654
tisch,12,56,5488,-6800,10996,-996,-4761,-500
tisch,12,57,6684,-8248,10916,-687,-4567,-412
tisch,12,58,7224,-8040,10940,-478,-4528,-387
tisch,12,59,7064,-7956,10868,-254,-4407,-451
tisch,12,60,7392,-4064,10044,220,-4487,-436
tisch,12,61,9076,-4572,9412,-469,-3975,-484
tisch,12,62,10892,-5296,9984,-469,-3635,-454
tisch,12,63,10892,-5688,9468,-474,-3203,-574
tisch,12,64,12096,-4596,10112,-457,-2731,-641
tisch,12,65,12460,-5748,9668,-436,-2079,-784
tisch,12,66,12812,-5512,9676,-493,-1378,-819
tisch,12,67,12172,-6044,9888,-449,-607,-739
tisch,12,68,11584,-6796,9744,-447,84,-790
tisch,12,69,10080,-6316,10280,-530,674,-735
tisch,12,70,9824,-6216,10360,-469,1048,-942
tisch,12,71,8960,-6380,10700,-377,1570,-959
tisch,12,72,8348,-7024,10520,-370,1967,-1033
tisch,12,73,7224,-6408,10960,-362,2264,-1017
tisch,12,74,6376,-7272,11000,-401,2554,-1055
tisch,12,75,4748,-8908,10932,-409,2762,-1328
tisch,12,76,4340,-9840,12024,-317,2561,-1999
tisch,12,77,4384,-11776,11740,-175,2712,-2859
tisch,12,78,6092,-8196,11708,280,2630,-4151
tisch,12,79,3832,-9764,9044,1225,1841,-5099
tisch,12,80,9988,-4732,9192,3748,1852,-5306
tisch,12,81,6768,-3024,8836,2559,2459,-5104
tisch,12,82,8680,4068,11168,3844,6,-5169
tisch,12,83,932,6872,15268,883,1560,-4208
tisch,12,84,2904,-4340,13656,-9,1445,-3112
tisch,12,85,2104,-2884,13552,869,1129,-2969
tisch,12,86,4648,-2660,13740,668,1084,-2474
tisch,12,87,2304,-2472,12464,746,1102,-1872
tisch,12,88,600,-3460,13272,1530,897,-1549
tisch,12,89,1284,-540,14976,1044,467,-864
tisch,12,90,-604,-4132,12628,1798,409,-449
tisch,12,91,1524,648,7456,1310,479,85
tisch,12,92,2708,512,12112,1133,89,592
tisch,12,93,2288,-4148,20616,2339,-353,894
tisch,12,94,440,-5172,15768,1938,313,625
tisch,12,95,6008,2032,12944,1470,404,751
tisch,12,96,5688,-4236,8980,1123,908,592
tisch,12,97,2896,-580,14988,398,1290,661
tisch,12,98,6464,-1208,11032,254,1697,634
tisch,12,99,4340,-1120,11012,167,2158,556
tisch,12,100,3668,-2916,12632,-156,2387,322
tisch,12,101,3216,-8688,19508,-186,1403,-131
tisch,12,102,-1668,-7088,7608,-871,3157,-323
tisch,12,103,3960,-2500,12584,-1444,3241,-471
tisch,12,104,2352,-1280,11900,-1163,3273,-360
tisch,12,105,2708,-2516,12620,-1224,3446,-357
tisch,12,106,1664,-2800,13256,-1172,3527,-342
tisch,12,107,1712,-704,11320,-1524,3931,-41
tisch,12,108,2492,-280,12016,-1620,4439,300
tisch,12,109,3360,616,10904,-2914,4206,521
tisch,12,110,2172,708,11720,-3062,5211,1062
tisch,12,111,640,-388,11420,-3507,5583,1101
tisch,12,112,-1244,-2864,12520,-3904,5443,941
tisch,12,113,-2768,-5852,11640,-4134,5135,502
tisch,12,114,-3536,-10192,14696,-2955,5239,441
tisch,12,115,-3260,-15308,16856,-1522,5089,1097
tisch,12,116,-11656,-8900,16072,-382,4598,1515
tisch,12,117,-10600,-6052,14840,-1470,3466,175
tisch,12,118,-8620,-7176,15676,-1210,2655,-355
tisch,12,119,-1564,-5368,11952,-329,2964,-274
tisch,12,120,-5436,-5496,9384,-527,2806,-41
tisch,12,121,-2656,-5060,10364,-457,2703,341
tisch,12,122,-6784,-7840,11784,252,2732,379
tisch,12,123,-8160,-6592,12396,-370,2863,374
tisch,12,124,900,-2960,9924,-431,2638,780
tisch,12,125,-4528,-4288,11192,-291,2800,878
tisch,12,126,-4972,-3988,9780,-29,2908,1143
tisch,12,127,-5188,-4264,13552,-274,2959,1101
tisch,12,128,-4344,-4004,12036,404,3235,1093
tisch,12,129,-4100,-2748,12376,74,3055,905
tisch,12,130,-3732,-3732,8108,270,2812,444
tisch,12,131,-4556,-1860,13100,-215,2916,639
tisch,12,132,-6076,-3012,10036,-429,2457,567
tisch,12,133,-6156,-5148,10916,-84,2481,393
tisch,12,134,-11972,-6412,16012,1349,2304,563
tisch,12,135,-6516,-3536,10976,395,2287,169
tisch,12,136,-9448,-7176,12548,413,2246,-24
tisch,12,137,-9288,-7588,13856,784,1895,-443
tisch,12,138,-8836,-4464,11560,794,1522,-670
tisch,12,139,-8108,-4912,11832,919,1250,-818
tisch,12,140,-8652,-4968,11308,813,889,-996
tisch,12,141,-8732,-3980,10236,672,528,-1095
tisch,12,142,-7360,-4244,9720,631,453,-1119
tisch,12,143,-5568,-5124,9416,984,557,-1072
tisch,12,144,-4164,-5892,10244,1393,827,-1020
tisch,12,145,-5520,-4968,8436,1435,1372,-1005
tisch,12,146,-6916,-4264,10196,1761,1715,-799
tisch,12,147,-6520,-3380,9948,1758,2171,-508
tisch,12,148,-8028,-2772,10520,1481,2361,-529
tisch,12,149,-8624,-1984,8704,1589,2235,-571
tisch,12,150,-11172,-3476,10988,1397,1898,-619
tisch,12,151,-8852,-3052,11968,1298,1707,-655
tisch,12,152,-9716,-2640,8572,1063,1840,-531
tisch,12,153,-10480,-2476,11164,1204,1706,-537
tisch,12,154,-7976,-2740,9176,1052,1698,-592
tisch,12,155,-10216,-2012,10860,961,1745,-454
tisch,12,156,-8944,-7936,2180,1112,2137,-885
tisch,12,157,-10444,-2772,9712,643,1524,-625
tisch,12,158,-10532,-1996,9588,519,1585,-618
tisch,12,159,-10812,-2548,9196,246,1557,-625
tisch,12,160,-10976,-2036,9292,393,1572,-551
tisch,12,161,-11212,-1756,9204,-223,1437,-417
tisch,12,162,-12092,-2904,9268,-342,1372,-250
tisch,12,163,-13008,-2944,9376,-393,1125,-223
tisch,12,164,-13860,-3008,9432,-369,701,-177
tisch,12,165,-13872,-3056,9424,-292,219,-195
tisch,12,166,-13316,-3556,9652,-240,-173,-186
tisch,12,167,-11920,-3212,9464,-184,-557,-172
tisch,12,168,-10268,-2912,9380,-158,-721,-147
tisch,12,169,-9044,-2588,9544,-85,-745,-146
tisch,12,170,-8544,-3112,9104,-217,-685,-65
tisch,12,171,-7676,-2996,9604,-253,-521,60
tisch,12,172,-7848,-3140,9512,-331,-267,165
tisch,12,173,-8312,-2808,9900,-379,-125,341
tisch,12,174,-8552,-2988,9732,-456,37,489
tisch,12,175,-8748,-3468,10464,-291,181,587
tisch,12,176,-9160,-3960,9700,-297,223,571
tisch,12,177,-9656,-3524,9540,-226,218,476
tisch,12,178,-10168,-2652,9440,-276,191,414
tisch,12,179,-10484,-2844,9296,-319,166,441
tisch,12,180,-11112,-3072,9100,-353,72,403
tisch,12,181,-11516,-3144,9292,-346,-135,296
tisch,12,182,-11260,-3092,9320,-305,-295,235
tisch,12,183,-11040,-2996,9296,-249,-443,161
tisch,12,184,-10700,-3124,9204,-208,-541,114
tisch,12,185,-10232,-3268,9196,-139,-584,29
tisch,12,186,-9928,-3252,9620,-108,-610,16
tisch,12,187,-9636,-3292,9676,-91,-648,0
tisch,12,188,-9392,-3348,9560,-78,-618,-41
tisch,12,189,-9264,-3308,9756,-84,-511,-56
tisch,12,190,-8672,-3004,9452,-87,-415,-57
tisch,12,191,-9100,-3012,9520,-120,-346,-21
tisch,12,192,-9332,-2948,10032,-147,-304,34
tisch,12,193,-9708,-3532,9868,-134,-299,-16
tisch,12,194,-9928,-3320,9840,-91,-364,-96
tisch,12,195,-9952,-3168,9720,-81,-452,-158
tisch,12,196,-9556,-2844,9808,-75,-437,-126
tisch,12,197,-9528,-2988,9876,-94,-465,-105
tisch,12,198,-9456,-3340,9968,-85,-496,-141
tisch,12,199,-8640,-3560,10480,-85,-535,-191
tisch,12,200,-8776,-3092,9496,-79,-485,-181
tisch,12,201,-8392,-3248,10468,-119,-471,-175
tisch,12,202,-8532,-2940,9852,-106,-390,-113
tisch,12,203,-7892,-3136,10524,-127,-350,-73
tisch,12,204,-8408,-2644,9528,-155,-259,10
tisch,12,205,-8032,-2860,10572,-181,-206,93
tisch,12,206,-9596,-3396,9296,-284,-207,38
tisch,12,207,-9576,-3884,10212,-176,-260,-123
tisch,12,208,-9292,-3304,9904,-132,-269,-200
tisch,12,209,-9232,-2692,9716,-115,-216,-199
tisch,12,210,-9120,-2716,10352,-132,-294,-246
tisch,12,211,-9724,-2600,10040,-139,-374,-261
tisch,12,212,-9608,-2780,10408,-185,-433,-312
tisch,12,213,-9412,-3172,10400,-157,-531,-385
tisch,12,214,-9032,-3104,10364,-173,-562,-431
tisch,12,215,-8716,-3008,10316,-205,-557,-446
tisch,12,216,-8496,-3044,10528,-241,-546,-446
tisch,12,217,-8484,-3388,10292,-256,-533,-448
tisch,12,218,-8036,-3500,10376,-278,-483,-441
tisch,12,219,-8276,-3484,10100,-255,-447,-448
tisch,12,220,-8132,-3396,10572,-228,-403,-398
tisch,12,221,-8392,-3148,10428,-228,-374,-354
tisch,12,222,-8208,-3548,10560,-241,-372,-291
tisch,12,223,-8644,-3804,10480,-200,-362,-300
tisch,12,224,-8568,-3724,10412,-154,-401,-327
tisch,12,225,-8448,-3512,10288,-117,-423,-340
tisch,12,226,-8292,-3356,10148,-117,-432,-329
tisch,12,227,-8480,-3472,10628,-102,-462,-331
tisch,12,228,-8440,-3120,10596,-110,-493,-333
tisch,12,229,-8420,-3096,10764,-125,-505,-302
tisch,12,230,-8320,-3400,10520,-139,-528,-247
tisch,12,231,-8368,-3884,10588,-94,-553,-298
tisch,12,232,-8072,-3868,10588,-96,-534,-365
tisch,12,233,-8140,-3304,10756,-185,-513,-371
tisch,12,234,-8484,-2316,9952,-1174,-546,-457
tisch,12,235,-8636,-4092,10992,-1044,-592,-462
tisch,12,236,-8004,-3384,11016,-742,-609,-365
tisch,12,237,-7704,-3004,10404,-1032,-600,-327
tisch,12,238,-7512,-5260,11436,26,-611,-234
tisch,12,239,-7972,-3604,10768,-182,-562,-225
tisch,12,240,-7576,-3696,10644,-147,-531,-212
tisch,12,241,-7372,-4028,10888,-138,-497,-204
tisch,12,242,-7368,-3800,10760,-141,-486,-208
tisch,12,243,-7324,-4080,10840,-144,-438,-182
tisch,12,244,-7328,-4248,10856,-94,-419,-176
tisch,12,245,-7324,-4124,10844,-55,-410,-136
tisch,12,246,-7296,-4172,10956,-34,-388,-94
tisch,12,247,-7368,-4104,10888,-19,-379,-89
tisch,12,248,-7424,-4204,10876,4,-384,-86
tisch,12,249,-7916,-2896,9864,-818,-458,-147
tisch,12,250,-6928,-4232,11160,-836,-460,-170
tisch,12,251,-7380,-4992,11540,-253,-413,-117
tisch,12,252,-7472,-3736,11016,65,-379,-45
tisch,12,253,-7428,-3848,11416,25,-371,-44
tisch,12,254,-7304,-3792,11032,16,-353,-31
tisch,12,255,-7128,-3640,11088,-55,-343,-30
tisch,12,256,-7268,-3300,10908,-549,-352,-81
tisch,12,257,-6720,-4132,11088,-727,-379,-139
tisch,12,258,-6820,-4284,11252,-350,-293,-72
tisch,12,259,-6808,-4396,11228,-47,-230,-63
tisch,12,260,-7024,-4104,11132,-91,-194,-90
tisch,12,261,-6848,-3980,11396,-82,-163,-113
tisch,12,262,-7056,-3988,11172,-90,-155,-127
tisch,12,263,-7168,-3940,11200,-96,-152,-139
tisch,12,264,-7276,-3912,11204,-96,-167,-163
tisch,12,265,-7460,-3620,11168,-118,-195,-169
tisch,12,266,-7284,-3804,11428,-148,-226,-179
tisch,12,267,-7212,-3792,11304,-136,-253,-180
tisch,12,268,-7084,-3904,11296,-155,-270,-170
tisch,12,269,-6912,-4008,11196,-177,-275,-151
tisch,12,270,-6812,-3964,11172,-160,-261,-140
tisch,12,271,-6760,-4212,11132,-147,-247,-119
tisch,12,272,-6572,-4136,11032,-130,-259,-109
tisch,12,273,-6372,-4392,11376,-129,-216,-108
tisch,12,274,-6772,-3740,10808,-765,-218,-137
tisch,12,275,-6568,-4804,11376,-560,-165,-141
tisch,12,276,-6252,-4552,11128,-106,-105,-77
tisch,12,277,-6732,-3924,10912,-134,-74,-44
tisch,12,278,-6728,-4240,10944,-105,-57,-27
tisch,12,279,-6828,-4316,11588,-60,-59,-42
tisch,12,280,-7044,-4088,11420,-60,-53,-35
tisch,12,281,-6956,-3812,11604,-56,-101,-43
tisch,12,282,-7168,-3932,11232,-106,-104,-46
tisch,12,283,-6824,-3952,11208,-115,-124,-63
tisch,12,284,-6924,-3892,11104,-89,-136,-76
tisch,12,285,-6764,-4020,11380,-104,-129,-102
tisch,12,286,-6768,-4156,11484,-132,-119,-115
tisch,12,287,-6892,-4256,11612,-161,-120,-127
tisch,12,288,-6964,-4176,11432,-138,-118,-135
tisch,12,289,-6900,-3940,11316,-127,-158,-155
tisch,12,290,-6764,-3812,11012,-156,-179,-152
tisch,12,291,-6604,-4068,11348,-173,-186,-148
tisch,12,292,-6552,-4324,11452,-177,-186,-147
tisch,12,293,-6588,-4312,11588,-145,-175,-139
tisch,12,294,-6648,-4284,11524,-133,-176,-132
tisch,12,295,-6600,-4064,11336,-146,-192,-138
tisch,12,296,-6452,-3956,11224,-143,-198,-132
tisch,12,297,-6320,-4060,11164,-141,-181,-126
tisch,12,298,-6308,-4396,11416,-148,-149,-147
tisch,12,299,-6488,-4244,11400,-169,-120,-163
tisch,13,0,-2152,-11096,11256,-1180,2115,-1708
tisch,13,1,-2768,-10504,12180,-1070,1840,-2129
tisch,13,2,-3468,-11144,11796,-561,1310,-2568
tisch,13,3,-3288,-10492,11808,-270,854,-3037
tisch,13,4,-2368,-10752,10916,-645,383,-3566
tisch,13,5,-124,-13284,9224,863,-4,-4386
tisch,13,6,-28,-10120,10424,-108,112,-5043
tisch,13,7,1832,-10008,9796,-826,75,-5430
tisch,13,8,2592,-11000,9796,-330,106,-5625
tisch,13,9,3748,-11424,8264,-21,257,-5586
tisch,13,10,3964,-11320,9952,209,425,-5331
tisch,13,11,1204,-11852,10236,82,412,-5128
tisch,13,12,-636,-13908,10408,269,39,-5224
tisch,13,13,-1504,-15168,10280,951,-626,-5442
tisch,13,14,-644,-11344,11308,589,-984,-5736
tisch,13,15,1484,-9192,10296,645,-1576,-5768
tisch,13,16,2168,-9280,9976,471,-1889,-5538
tisch,13,17,2252,-11044,9376,631,-1887,-5326
tisch,13,18,2152,-11952,8860,709,-1761,-5163
tisch,13,19,-936,-11992,11528,883,-1944,-5043
tisch,13,20,-1784,-14416,11452,2043,-2869,-5212
tisch,13,21,-1284,-12840,11664,2267,-3774,-5507
tisch,13,22,-208,-10364,11392,2019,-4395,-5494
tisch,13,23,2564,-9456,10248,2123,-4684,-5081
tisch,13,24,4140,-8660,9612,2052,-4661,-4442
tisch,13,25,4044,-7296,9316,2074,-4726,-3566
tisch,13,26,6364,-6036,11040,2224,-4569,-2369
tisch,13,27,7252,-4380,9324,2247,-4268,-963
tisch,13,28,7896,-5372,9436,2209,-3850,412
tisch,13,29,8140,-4516,9504,2212,-3294,1620
tisch,13,30,7312,-4488,10448,1976,-3117,2595
tisch,13,31,7788,-6336,9492,2098,-2864,3163
tisch,13,32,9280,-7196,10544,2260,-2553,3330
tisch,13,33,10820,-6716,9984,2178,-2042,3424
tisch,13,34,10588,-7204,10288,2745,-1833,3460
tisch,13,35,10464,-5372,9688,2874,-1683,3665
tisch,13,36,10412,-3612,9260,2752,-1583,3861
tisch,13,37,10104,-3664,8912,2699,-1275,4247
tisch,13,38,11968,-4772,8908,2930,-677,5057
tisch,13,39,15056,-3452,7448,3512,355,6022
tisch,13,40,13920,-3768,8036,3497,1279,6810
tisch,13,41,13344,-2900,9228,2941,1950,7384
tisch,13,42,11828,-3456,9556,2371,2440,7538
tisch,13,43,11128,-3720,10628,2575,2657,7337
tisch,13,44,8928,-4720,11304,2290,2777,6630
tisch,13,45,9052,-5152,10508,2232,2881,5645
tisch,13,46,8056,-6928,12112,1622,3025,3961
tisch,13,47,6728,-6060,12520,1143,2572,2451
tisch,13,48,6624,-5568,11516,419,2330,1169
tisch,13,49,6584,-4564,10796,-186,2212,133
tisch,13,50,6532,-4044,10184,-738,2291,-509
tisch,13,51,5960,-3764,8908,-1209,2518,-820
tisch,13,52,4064,-3828,9864,-1592,2487,-1190
tisch,13,53,756,-3472,10888,-2092,2078,-1770
tisch,13,54,-2140,-4468,11924,-2516,1312,-2731
tisch,13,55,-3408,-4860,12704,-2278,131,-3845
tisch,13,56,-2824,-5212,12964,-3018,-968,-4792
tisch,13,57,548,-6640,12384,-3595,-1698,-5241
tisch,13,58,3684,-8368,11768,-3662,-1722,-5042
tisch,13,59,5720,-9744,11820,-3282,-1403,-4219
tisch,13,60,5668,-10492,11796,-2516,-1045,-3111
tisch,13,61,3984,-10380,12532,-1718,-913,-2082
tisch,13,62,3108,-10124,12920,-1044,-1119,-1247
tisch,13,63,2592,-8960,12604,-210,-1540,-501
tisch,13,64,2760,-7620,12052,295,-2033,112
tisch,13,65,3940,-6592,10840,567,-2432,558
tisch,13,66,5696,-7028,10112,490,-2348,764
tisch,13,67,7432,-7052,9976,374,-2066,773
tisch,13,68,8244,-7040,10088,218,-1854,699
tisch,13,69,9056,-7028,9808,54,-1582,543
tisch,13,70,9984,-6952,9740,-138,-1326,351
tisch,13,71,10580,-6576,9512,-281,-1077,245
tisch,13,72,11032,-6088,9096,-397,-781,260
tisch,13,73,11464,-5724,8504,-530,-425,383
tisch,13,74,12112,-6496,8524,-667,133,512
tisch,13,75,12208,-6404,8524,-741,649,727
tisch,13,76,11600,-6428,8572,-845,1165,942
tisch,13,77,10696,-6348,8992,-931,1519,1133
tisch,13,78,9736,-6204,9156,-1050,1822,1313
tisch,13,79,9320,-6272,8608,-1191,2117,1512
tisch,13,80,9188,-8228,8632,-1372,2629,1510
tisch,13,81,8684,-8796,9512,-1360,2956,1427
tisch,13,82,7304,-8944,9956,-1326,3149,1335
tisch,13,83,5836,-8832,10228,-1324,3097,1151
tisch,13,84,4632,-8852,10556,-1351,3009,954
tisch,13,85,3528,-9020,10528,-1357,2851,794
tisch,13,86,2728,-9428,10340,-1302,2698,681
tisch,13,87,2388,-10276,10612,-1243,2611,548
tisch,13,88,1828,-10448,10872,-1076,2430,427
tisch,13,89,1488,-11600,11224,-706,2158,304
tisch,13,90,1844,-10908,11740,811,1838,172
tisch,13,91,88,-9068,10724,320,1644,121
tisch,13,92,788,-9744,11172,-61,1393,-15
tisch,13,93,496,-10572,11320,-530,1237,-216
tisch,13,94,368,-10968,11736,-256,876,-491
tisch,13,95,-84,-11000,12304,-128,421,-829
tisch,13,96,280,-10380,12004,31,-35,-1122
tisch,13,97,996,-9536,11532,134,-349,-1259
tisch,13,98,1608,-9248,11284,267,-609,-1193
tisch,13,99,2156,-8664,10912,389,-779,-1017
tisch,13,100,2860,-8000,10672,488,-911,-722
tisch,13,101,3420,-7504,10448,547,-992,-444
tisch,13,102,4004,-7400,10192,481,-1005,-255
tisch,13,103,5144,-7908,10156,373,-884,-213
tisch,13,104,6328,-8200,10148,236,-682,-267
tisch,13,105,6820,-8308,10168,124,-452,-441
tisch,13,106,7120,-8048,10132,-34,-217,-628
tisch,13,107,7368,-7820,9648,-245,71,-777
tisch,13,108,7116,-7896,9932,-405,358,-856
tisch,13,109,6668,-7380,9736,-549,547,-864
tisch,13,110,6040,-7136,9968,-670,663,-798
tisch,13,111,6020,-7132,10152,-773,799,-651
tisch,13,112,5920,-7012,10100,-856,981,-422
tisch,13,113,5468,-7148,10168,-877,1127,-112
tisch,13,114,5064,-7164,10348,-922,1318,206
tisch,13,115,4104,-7484,10436,-939,1342,503
tisch,13,116,3260,-7748,11020,-942,1319,736
tisch,13,117,2792,-8236,10752,-991,1277,880
tisch,13,118,2904,-9220,10984,-1014,1293,863
tisch,13,119,2516,-9908,11340,-978,1207,790
tisch,13,120,2552,-10412,11296,-914,1080,605
tisch,13,121,2200,-10472,11248,-822,910,429
tisch,13,122,2068,-10700,11192,-715,757,287
tisch,13,123,1704,-10768,10924,-515,573,232
tisch,13,124,1820,-11432,10788,391,306,194
tisch,13,125,1268,-9904,10732,399,182,142
tisch,13,126,1404,-9304,10644,100,32,124
tisch,13,127,2024,-9788,10688,-91,-86,55
tisch,13,128,2312,-10012,10320,41,-192,38
tisch,13,129,2984,-10396,10364,162,-200,30
tisch,13,130,3224,-9632,10460,221,-172,41
tisch,13,131,3204,-9388,10452,239,-154,38
tisch,13,132,3396,-9056,10544,251,-148,62
tisch,13,133,3400,-8760,10508,209,-136,115
tisch,13,134,3548,-8688,10280,209,-85,218
tisch,13,135,3664,-8996,10384,196,12,226
tisch,13,136,3640,-9228,10728,142,75,174
tisch,13,137,3296,-9220,10872,134,101,109
tisch,13,138,3024,-8812,10916,98,70,48
tisch,13,139,3088,-8624,11260,77,42,23
tisch,13,140,2760,-8448,11000,68,13,67
tisch,13,141,2724,-8340,10852,0,-20,128
tisch,13,142,3004,-8756,10728,-48,-8,138
tisch,13,143,3088,-9004,11004,-46,-8,106
tisch,13,144,2872,-9204,11092,-56,-18,64
tisch,13,145,2768,-9064,11132,-42,-76,12
tisch,13,146,2848,-8860,11072,-33,-123,0
tisch,13,147,2840,-9020,10844,-29,-132,5
tisch,13,148,2872,-8956,10732,-21,-136,28
tisch,13,149,2872,-8932,10676,-9,-146,35
tisch,13,150,2976,-8808,10868,-10,-161,43
tisch,13,151,3004,-8976,10748,-26,-161,40
tisch,13,152,3140,-9084,10684,-11,-168,34
tisch,13,153,3156,-9072,10808,-13,-167,30
tisch,13,154,3124,-8948,10696,-8,-158,36
tisch,13,155,3292,-8836,10620,-25,-131,11
tisch,13,156,3360,-8976,10788,-37,-105,16
tisch,13,157,3452,-8884,10592,-40,-84,-7
tisch,13,158,3360,-8712,10672,-66,-67,-24
tisch,13,159,3288,-8776,10612,-103,-49,-46
tisch,13,160,3372,-8772,10972,-136,-24,-66
tisch,13,161,3364,-8708,10760,-174,-3,-80
tisch,13,162,3400,-8772,10748,-200,10,-79
tisch,13,163,3300,-8540,10900,-243,34,-92
tisch,13,164,3316,-8664,10812,-274,48,-89
tisch,13,165,3204,-8772,10736,-300,62,-106
tisch,13,166,3304,-9108,10736,-320,87,-119
tisch,13,167,3376,-9120,11100,-318,107,-138
tisch,13,168,3236,-9216,11116,-315,117,-169
tisch,13,169,3164,-9116,10836,-311,114,-217
tisch,13,170,3084,-9076,10864,-306,110,-238
tisch,13,171,3000,-8940,10808,-302,93,-246
tisch,13,172,3020,-8888,10824,-316,73,-235
tisch,13,173,2972,-8836,10836,-316,64,-201
tisch,13,174,2876,-8820,10756,-328,41,-171
tisch,13,175,3012,-8872,10644,-323,31,-151
tisch,13,176,3052,-9140,10612,-334,15,-152
tisch,13,177,3108,-9196,10776,-321,-2,-166
tisch,13,178,3024,-9212,10640,-312,-18,-185
tisch,13,179,3152,-9216,10664,-301,-48,-220
tisch,13,180,3164,-9100,10724,-283,-57,-199
tisch,13,181,3120,-9040,10400,-274,-62,-182
tisch,13,182,3200,-8992,10620,-268,-65,-149
tisch,13,183,3336,-9252,10660,-259,-56,-129
tisch,13,184,3320,-9216,10532,-235,-52,-118
tisch,13,185,3444,-9444,10444,-230,-28,-123
tisch,13,186,3576,-9388,10600,-213,-5,-123
tisch,13,187,3444,-9336,10600,-183,10,-133
tisch,13,188,3432,-9208,10628,-174,15,-132
tisch,13,189,3384,-9176,10492,-178,42,-119
tisch,13,190,3400,-9236,10596,-144,54,-107
tisch,13,191,3320,-9132,10540,-148,63,-97
tisch,13,192,3236,-9224,10644,-140,56,-93
tisch,13,193,3296,-9240,10708,-125,54,-78
tisch,13,194,3060,-9212,10648,-133,51,-69
tisch,13,195,3120,-9172,10612,-137,37,-77
tisch,13,196,3068,-9084,10724,-139,24,-76
tisch,13,197,3168,-9180,10560,-140,18,-79
tisch,13,198,3148,-9204,10664,-144,11,-69
tisch,13,199,3248,-9212,10632,-142,-9,-60
tisch,13,200,3268,-9216,10624,-135,-5,-46
tisch,13,201,3404,-9196,10468,-120,13,-29
tisch,13,202,3436,-9344,10536,-123,23,-39
tisch,13,203,3440,-9208,10508,-120,34,-42
tisch,13,204,3392,-9164,10488,-103,45,-37
tisch,13,205,3420,-9184,10572,-102,59,-29
tisch,13,206,3380,-9232,10548,-103,66,-27
tisch,13,207,3244,-9172,10496,-100,74,-16
tisch,13,208,3284,-9224,10564,-90,66,-16
tisch,13,209,3232,-9156,10672,-89,53,0
tisch,13,210,3272,-9232,10748,-81,53,4
tisch,13,211,3088,-9112,10784,-92,47,8
tisch,13,212,3220,-9096,10572,-93,37,-1
tisch,13,213,3200,-9120,10620,-100,35,-23
tisch,13,214,3088,-9224,10672,-113,38,-31
tisch,13,215,3084,-9236,10596,-107,39,-36
tisch,13,216,3192,-9156,10740,-122,31,-43
tisch,13,217,3224,-9292,10628,-123,34,-59
tisch,13,218,3188,-9088,10512,-118,34,-63
tisch,13,219,3208,-9240,10692,-123,31,-65
tisch,13,220,3216,-9228,10628,-119,40,-72
tisch,13,221,3200,-9220,10724,-126,45,-81
tisch,13,222,3332,-9132,10548,-115,49,-67
tisch,13,223,3180,-9276,10556,-108,42,-62
tisch,13,224,3164,-9244,10512,-106,39,-58
tisch,13,225,3216,-9244,10604,-114,41,-69
tisch,13,226,3132,-9236,10532,-99,35,-79
tisch,13,227,3100,-9120,10676,-104,25,-81
tisch,13,228,3248,-9172,10488,-88,25,-72
tisch,13,229,3148,-9096,10624,-77,15,-63
tisch,13,230,3060,-9108,10444,-81,9,-71
tisch,13,231,3172,-9124,10616,-76,0,-77
tisch,13,232,3216,-9064,10740,-84,2,-88
tisch,13,233,3248,-9032,10508,-89,-4,-86
tisch,13,234,3316,-9080,10644,-101,9,-98
tisch,13,235,3280,-9296,10652,-118,24,-97
tisch,13,236,3236,-9120,10700,-109,23,-100
tisch,13,237,3212,-9140,10652,-111,23,-97
tisch,13,238,3192,-9004,10628,-116,18,-72
tisch,13,239,3212,-8920,10668,-118,14,-46
tisch,13,240,3064,-9032,10640,-116,-13,-24
tisch,13,241,3088,-9120,10820,-117,-12,-8
tisch,13,242,3244,-9188,10616,-121,-25,-1
tisch,13,243,3212,-9288,10784,-113,-17,-13
tisch,13,244,3280,-9324,10568,-105,-18,-32
tisch,13,245,3288,-9332,10532,-95,-23,-52
tisch,13,246,3364,-9248,10596,-88,-6,-68
tisch,13,247,3332,-9192,10452,-84,-2,-61
tisch,13,248,3348,-9012,10500,-79,-2,-58
tisch,13,249,3216,-9012,10544,-87,-1,-44
tisch,13,250,3272,-9168,10596,-97,11,-37
tisch,13,251,3260,-9216,10528,-92,20,-48
tisch,13,252,3312,-9328,10480,-89,15,-59
tisch,13,253,3376,-9176,10780,-73,6,-65
tisch,13,254,3304,-9200,10592,-77,25,-68
tisch,13,255,3336,-9116,10664,-76,30,-56
tisch,13,256,3420,-9040,10608,-75,41,-55
tisch,13,257,3364,-8948,10592,-80,49,-42
tisch,13,258,3344,-8920,10656,-108,73,-15
tisch,13,259,3336,-8960,10632,-133,91,-12
tisch,13,260,3220,-9004,10636,-142,99,-9
tisch,13,261,3144,-9008,10840,-155,101,-8
tisch,13,262,3160,-9056,10816,-162,94,11
tisch,13,263,3220,-8984,10664,-175,94,18
tisch,13,264,3056,-9176,10688,-168,81,27
tisch,13,265,3104,-9152,10652,-167,62,29
tisch,13,266,3100,-9256,10696,-153,64,20
tisch,13,267,3348,-9376,10700,-139,73,22
tisch,13,268,3224,-9188,10744,-120,72,11
tisch,13,269,3204,-9292,10560,-107,74,29
tisch,13,270,3232,-9188,10636,-110,86,24
tisch,13,271,3368,-8956,10668,-112,101,37
tisch,13,272,3408,-9272,10476,-101,133,42
tisch,13,273,3388,-9176,10576,-117,158,40
tisch,13,274,3352,-9092,10488,-104,173,56
tisch,13,275,3164,-9020,10548,-110,188,75
tisch,13,276,2996,-9012,10880,-118,174,96
tisch,13,277,3200,-9032,10588,-126,223,100
tisch,13,278,2964,-9228,10484,-125,233,94
tisch,13,279,3140,-9248,10860,-116,259,82
tisch,13,280,2936,-9348,10876,-103,274,79
tisch,13,281,2992,-9268,10828,-91,288,76
tisch,13,282,3044,-9456,10792,-62,299,90
tisch,13,283,3012,-9456,10708,-15,329,130
tisch,13,284,2992,-9620,10900,52,363,195
tisch,13,285,2828,-9672,10852,135,390,301
tisch,13,286,2856,-9712,10812,244,443,452
tisch,13,287,2252,-9964,11244,434,454,622
tisch,13,288,1564,-9784,11432,564,375,710
tisch,13,289,1244,-9732,11544,704,226,699
tisch,13,290,892,-9576,11772,759,28,568
tisch,13,291,1112,-8916,11308,731,-153,407
tisch,13,292,1116,-8568,11320,673,-326,235
tisch,13,293,1540,-8480,11072,583,-440,78
tisch,13,294,2320,-8028,10752,510,-515,23
tisch,13,295,3236,-7436,10484,425,-469,85
tisch,13,296,3672,-7180,10380,309,-356,225
tisch,13,297,3792,-7032,10288,180,-229,338
tisch,13,298,3816,-6828,10088,16,-92,420
tisch,13,299,3864,-6912,10036,-179,14,438
tisch,14,0,10196,-6352,9124,-139,7183,8810
tisch,14,1,5632,-6740,11468,542,7710,8797
tisch,14,2,1688,-8384,10740,1600,7583,8537
tisch,14,3,-952,-8724,10628,1983,7188,7920
tisch,14,4,-6600,-9188,14880,1911,6303,7172
tisch,14,5,-8764,-8156,15144,1247,5115,6321
tisch,14,6,-7408,-10140,13436,99,3829,5285
tisch,14,7,-8188,-11168,13888,-136,2643,4618
tisch,14,8,-7280,-11780,14008,353,1951,4105
tisch,14,9,-6908,-9824,12344,443,1284,3898
tisch,14,10,-7536,-11520,13284,1163,891,3678
tisch,14,11,-6604,-8144,12044,1638,631,3761
tisch,14,12,-7612,-8312,12292,1087,308,3706
tisch,14,13,-6196,-6760,12244,650,59,3699
tisch,14,14,-7516,-7272,11404,-77,-442,3604
tisch,14,15,-6808,-7848,14192,-165,-720,3567
tisch,14,16,-6436,-7848,10648,-819,-866,3637
tisch,14,17,-2968,-9360,9712,-1606,-959,3429
tisch,14,18,-1172,-11976,14136,-446,-1187,3569
tisch,14,19,-3252,-11396,11084,-344,-1239,3260
tisch,14,20,-3024,-9580,11448,-201,-1463,3254
tisch,14,21,-2288,-10096,11392,88,-1574,3255
tisch,14,22,-1596,-8552,11316,29,-1830,3371
tisch,14,23,-1432,-7852,11180,-64,-1956,3363
tisch,14,24,-1140,-8332,11388,-289,-2188,3147
tisch,14,25,320,-8456,12292,-540,-2345,2825
tisch,14,26,236,-10364,10404,-877,-2449,2430
tisch,14,27,1088,-9532,11324,-1031,-2435,2172
tisch,14,28,2324,-9352,10816,-707,-2332,1873
tisch,14,29,2396,-7860,11484,-849,-2134,1806
tisch,14,30,4776,-10232,9836,-433,-1867,1803
tisch,14,31,2972,-8128,10020,-474,-1846,1667
tisch,14,32,3664,-7304,9660,-470,-1912,1715
tisch,14,33,3688,-6680,9380,-620,-1873,1884
tisch,14,34,4892,-7728,9708,-704,-1803,1942
tisch,14,35,6244,-9304,9268,-868,-1770,1823
tisch,14,36,7488,-9644,9768,-1219,-1636,1714
tisch,14,37,7480,-10460,10768,-1460,-1334,1378
tisch,14,38,10936,-11048,11576,-1314,-1172,1415
tisch,14,39,10148,-13508,10880,-1526,-639,1153
tisch,14,40,12752,-14100,12540,-1448,-383,813
tisch,14,41,10452,-15240,12152,-1005,-50,190
tisch,14,42,8720,-11756,7220,-1232,106,-288
tisch,14,43,11112,-15468,12296,-1244,-156,-227
tisch,14,44,8900,-14756,11012,111,-340,-615
tisch,14,45,9384,-9464,9720,-322,-687,-871
tisch,14,46,10068,-10672,10352,-416,-941,-1085
tisch,14,47,9488,-9216,7316,-403,-930,-1413
tisch,14,48,9620,-8796,7988,-607,-1067,-1782
tisch,14,49,8760,-8820,7780,-687,-1162,-2161
tisch,14,50,9520,-7608,8492,-1135,-1158,-2525
tisch,14,51,10748,-9676,7404,-1459,-1216,-3080
tisch,14,52,12028,-9876,8012,-1679,-1146,-3685
tisch,14,53,13372,-8716,7816,-1759,-869,-4000
tisch,14,54,13984,-8540,7572,-1947,-469,-4163
tisch,14,55,14104,-8024,7692,-2018,-19,-4148
tisch,14,56,13852,-6152,7916,-1865,457,-3965
tisch,14,57,12516,-8280,6324,-1694,962,-3680
tisch,14,58,10152,-8504,6152,-1394,1109,-3441
tisch,14,59,8184,-8428,5900,-861,1047,-3394
tisch,14,60,6768,-6980,7092,-641,952,-3520
tisch,14,61,6728,-5452,7172,-895,975,-3731
tisch,14,62,6900,-5124,6824,-1533,1102,-3975
tisch,14,63,8432,-4888,7212,-2276,1109,-4254
tisch,14,64,7468,-6648,7936,-2940,1131,-4539
tisch,14,65,8104,-7752,7524,-3405,1215,-4660
tisch,14,66,7396,-7788,7676,-3606,1451,-4378
tisch,14,67,8152,-10012,7572,-3328,1385,-4510
tisch,14,68,5752,-8984,8432,-2740,1085,-4346
tisch,14,69,4972,-8304,7804,-2441,830,-4053
tisch,14,70,4664,-8184,8272,-2583,476,-3809
tisch,14,71,6692,-7792,7980,-3108,427,-3564
tisch,14,72,8052,-8788,8120,-3453,653,-3296
tisch,14,73,8316,-10020,8364,-3398,974,-3073
tisch,14,74,7740,-10680,8860,-3301,1231,-2970
tisch,14,75,7100,-11088,9652,-3073,1296,-2883
tisch,14,76,5904,-11236,9672,-2970,1119,-3011
tisch,14,77,6432,-11620,10348,-2846,878,-3132
tisch,14,78,6084,-11792,9836,-2609,547,-3345
tisch,14,79,6508,-11616,9888,-2337,279,-3412
tisch,14,80,7620,-11552,9936,-2224,69,-3444
tisch,14,81,8724,-12196,10184,-2224,-55,-3559
tisch,14,82,9700,-12372,10564,-2130,-174,-3657
tisch,14,83,10808,-12980,10848,-2017,-140,-3784
tisch,14,84,11548,-12824,11000,-1830,-58,-3867
tisch,14,85,12088,-12624,10828,-1756,145,-3934
tisch,14,86,12276,-12308,10592,-1784,434,-3983
tisch,14,87,11556,-12332,10908,-1848,638,-4087
tisch,14,88,10328,-13744,10680,-1816,817,-4259
tisch,14,89,8960,-14624,11088,-1345,1069,-4541
tisch,14,90,8200,-15256,10948,-1133,1036,-4965
tisch,14,91,6476,-11672,9416,-1458,956,-5083
tisch,14,92,5300,-13504,12684,-1062,708,-5002
tisch,14,93,5216,-11796,9480,-1369,950,-4734
tisch,14,94,5056,-11640,9616,-1205,546,-4533
tisch,14,95,3368,-11524,9532,-739,682,-3917
tisch,14,96,1760,-11892,9348,-379,728,-3226
tisch,14,97,632,-12368,10036,-160,785,-2369
tisch,14,98,-1376,-12324,9464,77,648,-1286
tisch,14,99,-3244,-11888,10256,629,477,-253
tisch,14,100,-4184,-13656,12488,1125,-94,230
tisch,14,101,-1000,-11152,7736,1403,-228,617
tisch,14,102,-268,-10588,9608,1540,-878,744
tisch,14,103,2356,-8984,8296,1624,-937,719
tisch,14,104,3428,-7640,7832,1596,-1316,809
tisch,14,105,5988,-6632,7420,1568,-916,1144
tisch,14,106,5348,-5652,6872,1626,-800,1613
tisch,14,107,5384,-4464,7096,1621,-581,2395
tisch,14,108,5600,-3760,7316,1603,-335,3362
tisch,14,109,5580,-3320,7084,1367,-109,4410
tisch,14,110,5552,-3996,7116,1034,136,5414
tisch,14,111,5680,-6680,7964,871,346,6222
tisch,14,112,6332,-8592,8044,1024,378,6666
tisch,14,113,6664,-9768,8224,1338,424,6925
tisch,14,114,6004,-10028,9336,1703,354,6936
tisch,14,115,4940,-9628,10160,1873,62,6719
tisch,14,116,5120,-10180,10424,1715,-426,6312
tisch,14,117,5924,-10852,10456,1466,-996,5737
tisch,14,118,7384,-11784,10528,1334,-1511,5103
tisch,14,119,9484,-13744,12092,2540,-1686,4575
tisch,14,120,9908,-9412,9184,2057,-1922,3806
tisch,14,121,9876,-10980,8748,844,-1929,2990
tisch,14,122,13064,-12684,10168,1660,-1724,2490
tisch,14,123,13208,-10704,9568,1999,-1151,1996
tisch,14,124,12712,-9824,9708,2150,-645,1627
tisch,14,125,13472,-9384,9304,2278,-77,1203
tisch,14,126,12568,-8008,9728,1460,258,1106
tisch,14,127,13016,-10992,10544,869,593,1015
tisch,14,128,13084,-7908,9792,-719,646,738
tisch,14,129,12300,-17252,12316,-180,888,675
tisch,14,130,12312,-12100,10912,1295,869,410
tisch,14,131,10992,-13788,11528,815,977,41
tisch,14,132,10328,-14268,11576,1158,854,-383
tisch,14,133,9772,-13788,11684,1303,790,-673
tisch,14,134,9544,-13636,10884,1311,671,-791
tisch,14,135,9040,-14452,9332,1366,625,-832
tisch,14,136,8264,-13900,8076,1455,743,-579
tisch,14,137,6968,-12072,7492,1456,943,-118
tisch,14,138,6468,-10160,8028,1451,1133,395
tisch,14,139,4480,-9256,7816,1348,1305,894
tisch,14,140,3180,-8628,7928,1299,1412,1282
tisch,14,141,2548,-8080,8088,1385,1425,1608
tisch,14,142,1892,-7436,7972,1483,1413,1984
tisch,14,143,1664,-6560,7884,1516,1276,2385
tisch,14,144,1256,-5900,7744,1486,1066,2750
tisch,14,145,788,-5452,7488,1327,896,3004
tisch,14,146,820,-5636,6716,1042,689,3042
tisch,14,147,888,-6424,5968,735,479,2746
tisch,14,148,2140,-6368,5344,337,394,2168
tisch,14,149,4084,-6316,4996,19,403,1331
tisch,14,150,6792,-4744,4096,-334,506,597
tisch,14,151,8996,-3532,3128,-896,806,58
tisch,14,152,10212,-3124,2340,-1548,1194,-214
tisch,14,153,10836,-3484,1820,-2370,1677,-246
tisch,14,154,11132,-4476,1208,-3065,2073,-280
tisch,14,155,12044,-6384,1100,-3737,2374,-386
tisch,14,156,12004,-8648,2680,-4055,2300,-659
tisch,14,157,12056,-9588,3620,-4506,2450,-985
tisch,14,158,12972,-13088,5812,-4163,1832,-2042
tisch,14,159,13604,-11984,6136,-3986,1172,-2927
tisch,14,160,13344,-10872,7080,-3756,522,-3646
tisch,14,161,15032,-8612,6136,-3853,134,-4181
tisch,14,162,15024,-7988,6544,-4280,118,-4488
tisch,14,163,17744,-15444,4232,-3424,36,-4280
tisch,14,164,16032,-6692,-520,-1184,925,-3820
tisch,14,165,14348,-4868,4360,-2295,1922,-2861
tisch,14,166,11920,-3516,5136,-4005,2985,-1576
tisch,14,167,9904,-6428,4032,-5274,3535,-489
tisch,14,168,5764,-6508,4064,-5959,4339,483
tisch,14,169,2976,-7972,4348,-7026,4256,1049
tisch,14,170,1048,-10116,3100,-6400,4494,1803
tisch,14,171,-852,-10608,884,-5544,5000,2443
tisch,14,172,-2564,-11712,-4,-5292,5327,2260
tisch,14,173,-3544,-12028,7004,-4864,5511,1879
tisch,14,174,-11248,-18068,2476,-5159,5375,1960
tisch,14,175,-13768,-19196,4260,-5123,4785,2374
tisch,14,176,-18444,-23840,10672,-3849,3413,2125
tisch,14,177,-20788,-28228,20648,-501,1985,2152
tisch,14,178,-28940,-26752,24076,3211,-556,2571
tisch,14,179,-29292,-24124,20964,4883,-2673,3363
tisch,14,180,-15100,-17148,17288,4776,-3368,4621
tisch,14,181,-5876,-17640,4400,1959,-2755,5229
tisch,14,182,4284,-18940,3248,355,-791,5115
tisch,14,183,13352,-19988,3516,-913,1423,4093
tisch,14,184,11396,-22804,14120,-961,1412,1857
tisch,14,185,3060,-25396,8620,-289,508,-110
tisch,14,186,1868,-22204,7320,-957,388,-1147
tisch,14,187,680,-18636,5476,-3152,819,-999
tisch,14,188,7708,-22960,5004,-2955,982,-1637
tisch,14,189,8436,-20668,4464,-1651,1416,-2470
tisch,14,190,2084,-20180,2056,-2468,1329,-3284
tisch,14,191,616,-18000,4656,-2992,1058,-3681
tisch,14,192,1960,-19244,5588,-3020,313,-4420
tisch,14,193,2500,-18520,4212,-2453,-829,-5322
tisch,14,194,2184,-18544,6320,-2545,-1941,-5835
tisch,14,195,-1096,-18256,10756,-2778,-1818,-5271
tisch,14,196,-464,-17616,10840,-2612,-1173,-3809
tisch,14,197,-2092,-16852,8176,-2362,-216,-2004
tisch,14,198,-3220,-17940,9780,106,1729,-908
tisch,14,199,-1796,-14364,14276,569,904,-1066
tisch,14,200,-3292,-10412,10820,-958,457,-1759
tisch,14,201,-2564,-9644,9720,-1762,180,-2016
tisch,14,202,-2440,-12916,8800,-1843,83,-1714
tisch,14,203,-736,-11100,6568,-1217,594,-1231
tisch,14,204,620,-11912,3596,-1564,664,-939
tisch,14,205,1752,-13928,4344,-1385,410,-1092
tisch,14,206,-1064,-9856,4576,-1085,109,-596
tisch,14,207,-1116,-13636,5128,-1209,-321,-498
tisch,14,208,1172,-13720,3636,-519,-671,-693
tisch,14,209,1120,-11912,3572,-517,-1341,-1246
tisch,14,210,6076,-12996,628,-804,-2127,-1814
tisch,14,211,10280,-11524,68,-597,-2072,-1397
tisch,14,212,8616,-10472,4332,-1097,-236,-694
tisch,14,213,6940,-15068,3576,-773,568,-501
tisch,14,214,6720,-16804,5648,-169,501,-885
tisch,14,215,8292,-16976,5824,-623,79,-1650
tisch,14,216,7692,-17704,9112,1177,41,-1609
tisch,14,217,7548,-17656,9916,853,-74,-1636
tisch,14,218,7132,-18088,11468,1031,-298,-1589
tisch,14,219,6848,-18864,11392,1293,-397,-1560
tisch,14,220,7628,-18764,13760,2177,-624,-1845
tisch,14,221,6788,-20724,13060,2747,-1379,-2741
tisch,14,222,9444,-15796,11336,4220,-2778,-3972
tisch,14,223,16468,-10664,3676,4339,-3179,-4256
tisch,14,224,17076,-11076,3152,3438,-2278,-4338
tisch,14,225,21120,-5460,4864,2968,-309,-3406
tisch,14,226,10476,-15608,3376,2935,531,-3195
tisch,14,227,10992,-14012,9256,3509,497,-3065
tisch,14,228,4700,-16260,8092,4403,-562,-3771
tisch,14,229,6632,-11136,7860,4380,-1539,-5250
tisch,14,230,7548,-10728,6256,3906,-2942,-6456
tisch,14,231,10156,-8060,5160,3489,-3833,-7418
tisch,14,232,14504,-7096,3668,2689,-3288,-7511
tisch,14,233,12880,-7000,1200,2454,-2251,-7056
tisch,14,234,11860,-8148,1500,2449,-1180,-6259
tisch,14,235,9380,-7952,3524,2452,539,-5227
tisch,14,236,4328,-8004,-456,3010,791,-4056
tisch,14,237,224,-7928,-1080,2612,1938,-4043
tisch,14,238,-4440,-10188,5460,2667,-74,-4278
tisch,14,239,-3252,-8152,8736,2287,-841,-4751
tisch,14,240,1064,-7812,4540,1803,-1012,-5018
tisch,14,241,2316,-7736,3368,1366,-945,-4642
tisch,14,242,2964,-7076,6676,1722,-779,-4049
tisch,14,243,5068,-6028,4296,1563,-276,-3536
tisch,14,244,5972,-5064,7580,1294,-190,-3131
tisch,14,245,9992,-2612,3060,1299,88,-2733
tisch,14,246,11540,-1600,480,1226,341,-2495
tisch,14,247,10704,176,5128,975,47,-2307
tisch,14,248,10508,-2528,7880,348,-122,-2445
tisch,14,249,16472,708,3972,-130,-319,-2410
tisch,14,250,17152,-1780,3244,-612,-226,-2308
tisch,14,251,17316,-3316,3408,-1207,185,-2359
tisch,14,252,14828,-4716,9360,-1573,354,-2283
tisch,14,253,15560,-6688,9152,-1922,641,-2366
tisch,14,254,11700,-7444,15664,-1423,529,-2045
tisch,14,255,14936,-6348,8804,-1538,811,-1621
tisch,14,256,12900,-8012,9792,-1577,1247,-1334
tisch,14,257,13216,-5504,10932,-1446,1361,-917
tisch,14,258,15080,-5504,3876,-1736,1672,-933
tisch,14,259,10916,-6852,11784,-1770,1445,-853
tisch,14,260,15064,-3884,4996,-1660,1238,-592
tisch,14,261,13988,-8752,4568,-1970,1282,-884
tisch,14,262,13976,-6604,11048,-1565,785,-762
tisch,14,263,15728,-9756,1700,-1996,1367,-1171
tisch,14,264,14116,-9900,6576,-2150,1173,-1400
tisch,14,265,13296,-11172,5396,-1566,1200,-1426
tisch,14,266,11020,-12972,4904,-1459,1547,-1328
tisch,14,267,10904,-11096,5444,-1288,1600,-1115
tisch,14,268,10004,-11292,5224,-1439,1582,-889
tisch,14,269,7888,-12568,4156,-1308,1446,-515
tisch,14,270,8664,-11396,5724,-881,1632,-217
tisch,14,271,10340,-9536,5980,-564,1599,-44
tisch,14,272,11220,-9776,4972,-489,1715,-24
tisch,14,273,12684,-10836,5616,-299,1893,-166
tisch,14,274,13004,-10220,8352,56,2070,-241
tisch,14,275,11060,-9704,8960,629,2111,26
tisch,14,276,12016,-8596,7520,669,2417,195
tisch,14,277,11440,-8144,9336,97,2563,450
tisch,14,278,12144,-7900,9176,-439,2551,361
tisch,14,279,10964,-8456,11536,-939,2849,-239
tisch,14,280,10052,-11300,9332,-937,2681,-764
tisch,14,281,10220,-7340,11516,-374,2421,-992
tisch,14,282,9004,-9284,10064,-596,2267,-1589
tisch,14,283,9656,-9268,12332,-955,2054,-1957
tisch,14,284,10600,-8108,11792,-1022,2011,-2152
tisch,14,285,11624,-5792,12444,-1057,2029,-1891
tisch,14,286,12816,-5104,7856,-654,2384,-1427
tisch,14,287,9752,-3768,9904,-9,2578,-778
tisch,14,288,8160,-3112,10436,108,2793,78
tisch,14,289,7552,-3292,11224,-5,2962,880
tisch,14,290,4952,-6336,10592,-98,3203,1322
tisch,14,291,972,-8808,14144,503,2813,1427
tisch,14,292,-2796,-7400,13440,1443,1566,1722
tisch,14,293,-784,-2568,15548,1073,-31,2342
tisch,14,294,-2760,-6484,11192,1302,-1945,2786
tisch,14,295,456,-7268,10784,1047,-2809,3486
tisch,14,296,5848,-9004,8588,906,-2242,4204
tisch,14,297,8608,-11436,8412,1583,-1217,4565
tisch,14,298,5484,-11216,10168,3389,-939,4999
tisch,14,299,2692,-7252,10448,4955,-1067,5770
tisch,15,0,-4696,5424,3828,-4372,-615,-2413
tisch,15,1,-5352,2704,3496,-5439,-157,-2862
tisch,15,2,-7540,-4300,5292,-6010,719,-2980
tisch,15,3,-10364,-13824,8488,-5172,1495,-2196
tisch,15,4,-24756,-31360,16356,-2479,252,-1560
tisch,15,5,-10700,-24416,25700,458,-1879,1420
tisch,15,6,-8816,-13028,12024,1793,-181,3040
tisch,15,7,-9140,-3552,9592,2188,1322,5876
tisch,15,8,-13860,-4636,9344,2897,926,7048
tisch,15,9,-12876,-4808,7628,2936,-150,5817
tisch,15,10,-13504,1660,7712,2392,-1128,3364
tisch,15,11,-10924,8132,6108,1069,-1612,1087
tisch,15,12,-8620,10604,5708,-903,-1728,-1059
tisch,15,13,-5524,9400,4420,-2789,-1725,-2817
tisch,15,14,-2728,10148,4764,-4640,-1460,-3904
tisch,15,15,-1856,3496,2508,-5856,-868,-4491
tisch,15,16,-5668,-6484,4412,-6639,472,-4741
tisch,15,17,-11484,-22156,9936,-4670,928,-4223
tisch,15,18,-16852,-32768,31916,-319,-2316,-1343
tisch,15,19,-504,-16948,20188,1386,-1273,2017
tisch,15,20,-2216,-6860,11616,1468,1999,5167
tisch,15,21,-7924,-1904,9148,2193,2850,8140
tisch,15,22,-14564,-4168,10024,2739,1712,8337
tisch,15,23,-13696,-4936,8904,2950,267,6211
tisch,15,24,-14340,2572,7608,2420,-911,3489
tisch,15,25,-11860,6756,6880,989,-1638,1357
tisch,15,26,-10028,9596,7808,-1012,-2197,-477
tisch,15,27,-7592,10872,5148,-2612,-2525,-1865
tisch,15,28,-4364,6488,5856,-4345,-2453,-2511
tisch,15,29,-4552,6720,5708,-5682,-1940,-2808
tisch,15,30,-6112,-4864,3544,-6179,-1239,-3187
tisch,15,31,-10004,-10992,6240,-5666,-670,-3360
tisch,15,32,-17040,-19440,10116,-4066,-1197,-3163
tisch,15,33,-21020,-28676,26036,-867,-4611,-1801
tisch,15,34,-3224,-11084,16272,459,-5359,885
tisch,15,35,-88,-11884,11072,-38,-2083,3857
tisch,15,36,-5076,-7408,9288,780,-912,6997
tisch,15,37,-9052,-8836,12208,1303,-1150,7389
tisch,15,38,-8152,-7820,12552,2136,-1551,6105
tisch,15,39,-7076,-4700,8588,1882,-1538,4640
tisch,15,40,-7008,-88,8336,1172,-1283,3599
tisch,15,41,-9072,4556,8880,173,-1292,2401
tisch,15,42,-10032,2548,8428,-781,-1990,945
tisch,15,43,-9448,5084,8216,-1910,-2712,-219
tisch,15,44,-6096,6236,3436,-3350,-3293,-1023
tisch,15,45,-4556,-1676,5940,-4198,-3288,-1619
tisch,15,46,-6992,-4544,6512,-5219,-2928,-1992
tisch,15,47,-7184,-14224,10220,-3910,-3091,-1868
tisch,15,48,-7380,-12760,8996,-2759,-3437,-1462
tisch,15,49,-6656,-13044,10108,-2103,-3887,-82
tisch,15,50,-4648,-19152,14344,-923,-3988,1909
tisch,15,51,-3176,-11376,12776,484,-3798,3968
tisch,15,52,-2040,-5832,11184,569,-2968,5383
tisch,15,53,-1472,-11356,12228,1043,-2466,5968
tisch,15,54,-2480,-3820,12024,1123,-1907,5514
tisch,15,55,-1996,-3580,12972,1356,-1404,4905
tisch,15,56,-3148,496,11736,543,-798,4327
tisch,15,57,-4564,1128,11104,214,-741,3543
tisch,15,58,-5864,376,11384,-482,-1156,2756
tisch,15,59,-3984,2404,8952,-1487,-1543,2208
tisch,15,60,-3672,1328,11116,-2457,-1848,1704
tisch,15,61,-4404,-2260,10844,-3409,-1864,1167
tisch,15,62,-6072,-6872,10984,-3678,-1936,498
tisch,15,63,-7740,-9556,11464,-3550,-2365,-43
tisch,15,64,-6812,-9716,11920,-2767,-3123,-90
tisch,15,65,-6740,-13232,14448,-1759,-3763,558
tisch,15,66,-3700,-15120,14456,-827,-3999,1557
tisch,15,67,-1472,-11912,15232,-98,-3688,2916
tisch,15,68,-1368,-8080,12872,-56,-3144,3985
tisch,15,69,-928,-6672,14108,873,-3012,4344
tisch,15,70,-756,-3908,13152,1044,-2721,4076
tisch,15,71,388,-5848,12452,936,-2303,3566
tisch,15,72,432,-1136,12028,744,-1896,3026
tisch,15,73,-232,204,12284,386,-1641,2395
tisch,15,74,-1592,500,11948,-411,-1647,1853
tisch,15,75,-2292,-312,11664,-1106,-2005,1094
tisch,15,76,-3404,-1848,12528,-1924,-2541,250
tisch,15,77,-3396,-1212,12224,-3056,-3107,-720
tisch,15,78,-2872,-5996,12740,-3460,-3736,-1583
tisch,15,79,-1384,-9884,12940,-3222,-4353,-2019
tisch,15,80,2256,-13320,11996,-2685,-4359,-1257
tisch,15,81,6416,-17820,12228,-2096,-3558,435
tisch,15,82,12032,-21500,11488,41,-2145,2169
tisch,15,83,10952,-14468,11508,1175,-358,3872
tisch,15,84,10280,-14408,13432,2905,858,4683
tisch,15,85,5740,-9184,12572,4196,1779,4400
tisch,15,86,2940,-7912,13448,4140,2247,3150
tisch,15,87,1900,-5136,12544,3671,2278,2414
tisch,15,88,1748,-1492,11556,2829,2300,1634
tisch,15,89,1836,-68,11400,1407,2326,973
tisch,15,90,1464,-336,11280,364,2296,247
tisch,15,91,620,176,11020,-557,2247,-429
tisch,15,92,3660,7712,6480,-2071,2151,-792
tisch,15,93,2736,-1072,10844,-2758,2123,-1612
tisch,15,94,2000,-1348,11160,-3270,2515,-1984
tisch,15,95,-412,-3608,9104,-3865,3079,-2207
tisch,15,96,-1544,-10288,10184,-3368,3000,-2056
tisch,15,97,-1152,-12556,8684,-2499,2740,-1532
tisch,15,98,-3192,-13232,10980,-2185,2938,-379
tisch,15,99,-2616,-13988,9148,-690,2954,563
tisch,15,100,-2956,-12792,9592,266,3082,1155
tisch,15,101,-2180,-12316,11984,583,3331,1421
tisch,15,102,-2084,-9664,11628,2005,3499,1240
tisch,15,103,-2128,-5144,11028,2220,3947,1015
tisch,15,104,-3564,-3960,11056,2030,4433,745
tisch,15,105,-5580,-2024,10456,1305,4645,422
tisch,15,106,-7860,-252,9500,510,4575,237
tisch,15,107,-7912,-6020,11720,760,4086,-376
tisch,15,108,-8592,-2172,10184,457,3665,-639
tisch,15,109,-8224,-2580,9944,380,3239,-915
tisch,15,110,-8100,-1852,9836,-138,2955,-1185
tisch,15,111,-7080,-2412,8904,-381,2701,-1460
tisch,15,112,-6268,-2736,8572,-268,2572,-1731
tisch,15,113,-5320,-1908,7916,-324,2613,-2096
tisch,15,114,-4280,612,6668,-1350,2890,-2552
tisch,15,115,-2976,1492,5692,-2852,3306,-3028
tisch,15,116,-1852,-2600,5404,-3424,3831,-3350
tisch,15,117,-3744,-6008,4152,-4080,4210,-3600
tisch,15,118,-9080,-20340,17204,-3591,3480,-916
tisch,15,119,-21456,-18752,16776,-1875,4470,817
tisch,15,120,-20316,-19308,16828,427,3371,1070
tisch,15,121,-16252,-8020,11988,1977,1891,643
tisch,15,122,-12908,-2552,9460,1924,1602,-227
tisch,15,123,-12120,260,8244,763,1390,-631
tisch,15,124,-13736,-1116,8544,-802,1152,-829
tisch,15,125,-14856,-3916,9440,-1276,591,-1198
tisch,15,126,-15084,-6120,10188,-1219,-102,-1485
tisch,15,127,-14704,-6172,10080,-1079,-740,-1780
tisch,15,128,-13436,-5320,9380,-1366,-1169,-1958
tisch,15,129,-11960,-6728,9540,-1794,-1389,-1992
tisch,15,130,-10792,-7152,9264,-1538,-1580,-1919
tisch,15,131,-10244,-7172,8956,-1451,-1762,-1668
tisch,15,132,-9492,-7676,9084,-1461,-1900,-1258
tisch,15,133,-9132,-8620,8624,-972,-2221,-562
tisch,15,134,-9324,-8256,8052,-757,-2314,347
tisch,15,135,-8384,-9052,8428,-544,-2579,1086
tisch,15,136,-8976,-10564,9456,80,-3035,1501
tisch,15,137,-9040,-10208,10276,1201,-3371,1788
tisch,15,138,-8856,-8592,10588,1559,-3472,1602
tisch,15,139,-8796,-7732,9948,1137,-3477,1026
tisch,15,140,-10576,-7160,11572,1031,-4033,419
tisch,15,141,-10456,-8528,13152,1072,-4664,-208
tisch,15,142,-8308,-8520,11696,1006,-4969,-817
tisch,15,143,-8068,-7320,13352,1117,-5659,-1337
tisch,15,144,-13388,10720,32767,-292,-9432,-1155
tisch,15,145,-5732,-18044,8432,1849,-7167,-3051
tisch,15,146,-8048,-11172,14308,2978,-7212,-4065
tisch,15,147,2152,-12624,9648,4358,-7170,-4233
tisch,15,148,-1208,-11976,13244,5201,-5745,-5188
tisch,15,149,2084,980,-116,4457,-5412,-6626
tisch,15,150,564,7428,9128,2872,-4714,-6660
tisch,15,151,-6216,1592,9852,1888,-4674,-6454
tisch,15,152,3352,356,10348,973,-4319,-5475
tisch,15,153,2816,-2440,5136,82,-3445,-4903
tisch,15,154,2808,-5024,11632,-7,-2875,-3973
tisch,15,155,5476,-6176,10832,747,-2247,-2527
tisch,15,156,4216,-8420,15244,854,-1897,-1810
tisch,15,157,3308,-10620,11992,1039,-1576,-1993
tisch,15,158,9144,-324,11956,1435,-1925,-1803
tisch,15,159,2628,-5572,8304,418,-1167,-1536
tisch,15,160,4364,-6636,11644,-42,-1504,-1691
tisch,15,161,6736,-6016,10040,-450,-1358,-1788
tisch,15,162,8324,-5892,8560,-716,-699,-1533
tisch,15,163,8752,-6068,8764,-1226,-85,-1318
tisch,15,164,9964,-5772,8716,-1740,677,-994
tisch,15,165,11216,-6176,7924,-2364,1864,-592
tisch,15,166,10488,-6888,5824,-2645,3134,-327
tisch,15,167,10196,-8812,6156,-3103,4136,-304
tisch,15,168,6764,-13692,7232,-2645,4474,-667
tisch,15,169,6732,-16844,7612,-1773,4616,-1184
tisch,15,170,6588,-13968,8268,-625,4846,-1583
tisch,15,171,5792,-11160,9400,1,5100,-1475
tisch,15,172,5532,-10152,9296,546,5670,-1298
tisch,15,173,6408,-9020,8416,1008,6182,-803
tisch,15,174,4856,-9792,7664,1134,6743,-236
tisch,15,175,836,-5336,9212,1435,7233,297
tisch,15,176,-1436,-5428,9184,1707,7552,387
tisch,15,177,-2172,-9776,8320,1869,7761,398
tisch,15,178,-3872,-2684,9072,1746,7682,357
tisch,15,179,-7800,-6192,9904,1380,7167,334
tisch,15,180,-9076,-5952,11708,1857,6639,123
tisch,15,181,-11060,-6320,11608,1788,6070,-641
tisch,15,182,-9932,-2644,11780,1202,5430,-1361
tisch,15,183,-9828,-6544,9340,1141,4915,-2144
tisch,15,184,-9236,-2344,9464,1054,4611,-2694
tisch,15,185,-9276,3024,8940,869,4713,-2713
tisch,15,186,-12616,332,9280,283,4667,-1865
tisch,15,187,-14848,3456,9176,-239,4506,-563
tisch,15,188,-15980,4112,9756,-467,3952,702
tisch,15,189,-18272,984,10972,-126,3091,1263
tisch,15,190,-20520,1516,10976,-134,2042,1407
tisch,15,191,-22388,168,11664,-218,1060,1396
tisch,15,192,-21440,1708,11228,-425,-9,1588
tisch,15,193,-21272,2620,10192,-529,-1005,1913
tisch,15,194,-17780,3940,8844,-799,-1790,2378
tisch,15,195,-17968,2988,8576,-1021,-2445,2637
tisch,15,196,-15756,3044,7936,-1282,-2865,2701
tisch,15,197,-13996,2772,8184,-1759,-2889,2472
tisch,15,198,-11988,1452,6152,-2309,-2978,2206
tisch,15,199,-10200,2628,7648,-3024,-2804,2063
tisch,15,200,-9196,-184,6324,-3513,-2638,1925
tisch,15,201,-9308,-872,8164,-4014,-2349,1707
tisch,15,202,-8772,-4932,9312,-3987,-2138,1520
tisch,15,203,-6884,-7984,8112,-3641,-2028,1311
tisch,15,204,-6024,-8228,8972,-3508,-1887,1131
tisch,15,205,-5976,-6708,10324,-3213,-1933,1127
tisch,15,206,-5244,-6524,10268,-2916,-1698,1283
tisch,15,207,-5080,-7716,9996,-2753,-1607,1350
tisch,15,208,-4596,-8136,10604,-2805,-1407,1313
tisch,15,209,-4084,-9528,9984,-2664,-1315,1113
tisch,15,210,-1528,-10776,9120,-2496,-1138,1071
tisch,15,211,-1240,-10820,10260,-2416,-753,957
tisch,15,212,-1184,-11352,8184,-2512,-409,842
tisch,15,213,-1824,-11152,9912,-2632,35,897
tisch,15,214,-1888,-14704,9200,-2497,494,794
tisch,15,215,-2368,-16472,10184,-2250,804,568
tisch,15,216,-3120,-17536,11152,-1704,1001,298
tisch,15,217,-3968,-18628,11584,-1057,898,-15
tisch,15,218,-4336,-18696,10888,-385,734,-358
tisch,15,219,-4112,-16964,9740,-178,464,-850
tisch,15,220,-2636,-16512,10080,455,304,-1156
tisch,15,221,-2368,-14212,8804,314,423,-1394
tisch,15,222,-1992,-13528,8552,323,659,-1597
tisch,15,223,-3028,-14848,8732,330,736,-2114
tisch,15,224,-1228,-13324,7664,832,520,-2503
tisch,15,225,-1888,-13356,8140,1373,412,-2776
tisch,15,226,-1768,-11424,8460,1839,320,-2753
tisch,15,227,-1460,-10320,8096,2018,498,-2639
tisch,15,228,-1960,-9532,8328,1278,363,-2680
tisch,15,229,-180,-10872,9016,905,944,-2658
tisch,15,230,-656,-12164,7488,938,1334,-2783
tisch,15,231,-28,-14644,7652,1168,1875,-2945
tisch,15,232,-436,-10136,9256,1344,2643,-2802
tisch,15,233,-1920,-10312,9060,1846,3333,-2680
tisch,15,234,-1684,-6300,8052,2131,3952,-2559
tisch,15,235,-2404,-14100,7068,2209,4572,-2478
tisch,15,236,-4012,-9528,7792,2167,4986,-2183
tisch,15,237,-9444,-1772,8024,2449,5426,-1700
tisch,15,238,-11452,-740,8000,2150,5265,-965
tisch,15,239,-12580,-2460,8412,1771,4757,-333
tisch,15,240,-16060,-3112,8968,1876,4178,-14
tisch,15,241,-14344,-6672,8088,1848,3632,51
tisch,15,242,-15924,-1220,9428,1928,3147,-145
tisch,15,243,-16632,-772,9880,1751,2519,-593
tisch,15,244,-17592,-6880,7772,1834,1891,-1098
tisch,15,245,-17748,880,11000,1279,1363,-1398
tisch,15,246,-17140,-2192,7136,1089,922,-1310
tisch,15,247,-15712,-2084,7736,568,529,-972
tisch,15,248,-15836,-2348,8540,234,86,-450
tisch,15,249,-15240,-1096,9052,-72,-255,41
tisch,15,250,-14640,-1652,8140,-163,-432,403
tisch,15,251,-14152,-1704,8668,-217,-546,737
tisch,15,252,-13860,-1580,8676,-514,-645,932
tisch,15,253,-14228,-2080,9236,-530,-802,1113
tisch,15,254,-14044,-2004,9612,-616,-1077,1226
tisch,15,255,-14176,-1612,9956,-829,-1406,1280
tisch,15,256,-13536,-1536,10560,-1100,-1846,1490
tisch,15,257,-12596,-2636,10716,-1244,-2286,1812
tisch,15,258,-10528,-3684,10860,-1165,-2534,2074
tisch,15,259,-10140,-4892,11636,-1417,-2783,2239
tisch,15,260,-8152,-4596,11112,-1635,-2667,2503
tisch,15,261,-6884,-6856,10288,-2046,-2473,2588
tisch,15,262,-5200,-7704,12944,-2127,-2144,2518
tisch,15,263,-5588,-10880,11516,-2282,-1824,2170
tisch,15,264,-5244,-12064,11476,-2340,-1341,1417
tisch,15,265,-3016,-12520,12760,-1341,-1253,672
tisch,15,266,-2976,-11724,12648,-1534,-911,272
tisch,15,267,-2900,-11852,12828,-1388,-510,233
tisch,15,268,-2820,-13672,11812,-978,-343,-78
tisch,15,269,-1544,-13660,11292,-434,-95,-435
tisch,15,270,-428,-12764,11340,214,274,-676
tisch,15,271,-604,-12040,9324,496,917,-919
tisch,15,272,1080,-9968,8680,863,1487,-1063
tisch,15,273,-896,-9676,7808,1052,2167,-1017
tisch,15,274,-844,-7060,7528,1043,2821,-836
tisch,15,275,-2612,-7716,7540,1257,3479,-398
tisch,15,276,-4428,-8204,6476,1143,4062,349
tisch,15,277,-5412,-9056,6192,1581,4420,1155
tisch,15,278,-6748,-7996,6440,2310,4566,1971
tisch,15,279,-7864,-7172,6388,3135,4643,2622
tisch,15,280,-9620,-4932,5832,3592,4653,2934
tisch,15,281,-10052,-2400,5092,3512,4423,3007
tisch,15,282,-14060,-1196,7812,3153,3947,2634
tisch,15,283,-15788,-1304,7720,2538,3137,1695
tisch,15,284,-17252,576,9016,1497,1922,133
tisch,15,285,-18424,752,9216,412,463,-1665
tisch,15,286,-16268,3536,9604,-858,-873,-3203
tisch,15,287,-15756,-1944,8012,-2042,-1770,-4617
tisch,15,288,-9208,4384,6940,-2912,-2132,-5365
tisch,15,289,-7436,916,6180,-3460,-1730,-5688
tisch,15,290,-5968,-9972,5680,-3245,-913,-5776
tisch,15,291,-6608,-10388,6912,-2984,-5,-5550
tisch,15,292,-4496,-6428,7228,-2398,771,-4876
tisch,15,293,-8432,-15056,8300,-1087,1051,-3314
tisch,15,294,-7252,-16780,6908,630,1287,-1108
tisch,15,295,-6284,-10412,9176,1992,1648,1422
tisch,15,296,-6484,-8728,8160,3043,2359,3464
tisch,15,297,-8068,-7924,8220,3528,3052,4401
tisch,15,298,-8644,-7696,8276,3656,3363,3984
tisch,15,299,-11540,-5912,9228,3204,3454,2273
tisch,16,0,-432,-12528,4240,-1651,11210,590
tisch,16,1,-2360,-11880,3476,-1144,11145,1112
tisch,16,2,-6352,-7800,6608,-190,10695,1752
tisch,16,3,-4796,-8760,4680,-106,10649,2111
tisch,16,4,-6008,-7764,5328,-20,10556,2409
tisch,16,5,-7276,-5396,5456,222,10490,2690
tisch,16,6,-8532,-4336,6204,329,10447,2840
tisch,16,7,-11912,-4572,7768,312,10143,2718
tisch,16,8,-15268,-784,8652,274,9402,2310
tisch,16,9,-16304,-3688,8880,-138,8485,1703
tisch,16,10,-16984,-6600,9572,-592,7468,1107
tisch,16,11,-17768,-964,10332,-938,6163,649
tisch,16,12,-18760,-6792,11848,-1099,4945,195
tisch,16,13,-19500,-6400,12728,-1334,3656,-500
tisch,16,14,-18724,-2892,13124,-1565,2395,-980
tisch,16,15,-17472,-14804,12848,-1729,1331,-1422
tisch,16,16,-25312,-20012,21252,-589,-475,-2084
tisch,16,17,-24520,-7484,18776,-585,-1418,-408
tisch,16,18,-21644,-4856,11412,-1584,-3297,-1044
tisch,16,19,-13004,-10004,9888,-1736,-3486,-1150
tisch,16,20,-6964,-8820,10724,-1665,-3256,-784
tisch,16,21,-3972,-9564,12260,-2194,-2481,-960
tisch,16,22,-3268,-12964,12568,-2054,-1629,-1139
tisch,16,23,-5820,-18748,16184,-1085,-927,-513
tisch,16,24,-7072,-18396,17192,662,256,955
tisch,16,25,-6008,-11656,15384,416,1241,1168
tisch,16,26,-5464,-8460,15448,-295,1487,517
tisch,16,27,-4700,-5624,12848,-975,1676,43
tisch,16,28,-5804,-7336,12708,-1549,1860,-387
tisch,16,29,-6792,-7164,10528,-771,1397,-775
tisch,16,30,-8512,-7664,10844,-544,1190,-971
tisch,16,31,-10520,-8460,11932,-123,587,-1206
tisch,16,32,-9772,-8352,9804,-691,34,-1806
tisch,16,33,-9408,-9172,10348,-498,-753,-2259
tisch,16,34,-7916,-8736,9884,-293,-1331,-2635
tisch,16,35,-6116,-8684,9756,-109,-1730,-2829
tisch,16,36,-4080,-8268,9880,-12,-1861,-2755
tisch,16,37,-2916,-8316,10020,27,-1749,-2425
tisch,16,38,-2324,-8928,10220,48,-1537,-1999
tisch,16,39,-2088,-9796,10648,145,-1307,-1580
tisch,16,40,-1692,-9712,11020,222,-1132,-1236
tisch,16,41,-1592,-9648,11116,222,-890,-951
tisch,16,42,-1356,-9328,11336,175,-671,-765
tisch,16,43,-876,-9536,11652,670,-341,-645
tisch,16,44,-1384,-9420,12052,657,-60,-599
tisch,16,45,-2428,-9444,12708,778,138,-700
tisch,16,46,-3564,-10148,12968,809,111,-935
tisch,16,47,-5096,-9612,13792,750,-71,-1163
tisch,16,48,-5668,-9512,13376,642,-318,-1381
tisch,16,49,-6844,-10024,13628,840,-685,-1474
tisch,16,50,-7800,-10036,13208,1119,-1129,-1460
tisch,16,51,-8784,-9280,13312,1159,-1666,-1396
tisch,16,52,-10016,-9060,13120,948,-2340,-1429
tisch,16,53,-10928,-7768,12044,799,-3091,-1507
tisch,16,54,-10516,-8176,12192,544,-3810,-1676
tisch,16,55,-9484,-7860,11880,791,-4349,-1754
tisch,16,56,-9704,-7280,11976,920,-4700,-1756
tisch,16,57,-10672,-5880,11596,312,-5155,-1828
tisch,16,58,-9568,-7652,11572,554,-5590,-1833
tisch,16,59,-8588,-7900,11532,777,-5894,-1670
tisch,16,60,-7912,-8120,11648,953,-6147,-1396
tisch,16,61,-6996,-7688,11164,1126,-6299,-1119
tisch,16,62,-7316,-7556,11560,1100,-6474,-941
tisch,16,63,-7612,-7780,11392,1002,-6775,-976
tisch,16,64,-7512,-7156,10656,432,-7152,-999
tisch,16,65,-6164,-8416,11052,50,-7560,-1024
tisch,16,66,-5536,-8448,10396,290,-7888,-1006
tisch,16,67,-5004,-8120,9884,444,-8298,-1005
tisch,16,68,-4808,-8616,9092,247,-8828,-1122
tisch,16,69,-3324,-7896,8488,-66,-9405,-1250
tisch,16,70,-1576,-7672,7292,-338,-9829,-1325
tisch,16,71,-452,-7908,5996,-620,-10206,-1483
tisch,16,72,1544,-8208,4812,415,-10426,-1581
tisch,16,73,3360,-8788,5648,1101,-10626,-1258
tisch,16,74,5964,-6464,920,1373,-10696,-1269
tisch,16,75,7112,-8864,3308,1653,-10552,-1045
tisch,16,76,7632,-8256,2236,1666,-10392,-971
tisch,16,77,8932,-6976,2172,1809,-10223,-713
tisch,16,78,9200,-7540,-472,1952,-10391,-694
tisch,16,79,9172,-9564,-156,2033,-10591,-845
tisch,16,80,11408,-7812,-3368,2176,-10635,-926
tisch,16,81,11752,-7888,-2884,2381,-10569,-866
tisch,16,82,12772,-7116,-4188,2361,-10403,-852
tisch,16,83,12140,-6772,-4180,2770,-10463,-847
tisch,16,84,13536,-6668,-6084,2700,-10365,-856
tisch,16,85,14004,-5784,-3336,2420,-10336,-871
tisch,16,86,17076,-7744,-7900,3140,-9936,-779
tisch,16,87,17588,-5032,-9260,3090,-9417,-581
tisch,16,88,1440,-32768,-13576,5059,-3988,-3867
tisch,16,89,17908,-13780,-16428,617,-7775,-1339
tisch,16,90,27516,-14840,-10644,3706,-7790,1656
tisch,16,91,21644,-4192,-9604,4160,-5918,-55
tisch,16,92,21828,-720,-12308,3560,-5388,194
tisch,16,93,23500,-1888,-11516,2422,-4278,79
tisch,16,94,22988,-4308,-11312,1912,-3407,192
tisch,16,95,25724,-1232,-12736,2272,-2450,-133
tisch,16,96,23216,-3624,-12280,2002,-1952,198
tisch,16,97,23296,3156,-13416,1283,-1301,232
tisch,16,98,25000,-1540,-14284,1968,-720,212
tisch,16,99,22528,-3744,-13120,1558,-126,-56
tisch,16,100,22220,-420,-11188,749,335,-234
tisch,16,101,22060,-404,-12520,653,691,-296
tisch,16,102,21320,-1600,-11916,264,1002,-135
tisch,16,103,21300,-964,-11284,-146,1352,27
tisch,16,104,21904,-1996,-10924,-40,1738,191
tisch,16,105,20964,-2832,-11040,252,2200,363
tisch,16,106,20008,-3452,-10520,603,2480,572
tisch,16,107,22268,-1844,-7188,1164,3110,263
tisch,16,108,21848,-2568,-8384,1460,3403,207
tisch,16,109,20736,-2184,-8360,1252,3801,189
tisch,16,110,19548,-3260,-8564,-24,4129,34
tisch,16,111,19264,-3288,-7604,-868,4346,-181
tisch,16,112,19612,-3280,-8296,-1447,4564,-290
tisch,16,113,19996,-3648,-6444,-1072,4872,-182
tisch,16,114,20660,-4928,-5028,-457,5197,-93
tisch,16,115,19928,-2728,-5856,-874,5608,-61
tisch,16,116,20040,-4168,-5020,-1665,5967,-76
tisch,16,117,19604,-4724,-4312,-1421,6403,-108
tisch,16,118,18692,-5172,-4004,-997,6785,-137
tisch,16,119,17292,-4848,-3608,-795,7093,-211
tisch,16,120,15948,-4556,-3048,-1132,7217,-382
tisch,16,121,14720,-4508,-2528,-1636,7185,-600
tisch,16,122,14176,-4896,-2224,-2174,7141,-783
tisch,16,123,13904,-5040,-1884,-2615,7107,-877
tisch,16,124,13376,-4540,-1760,-3049,7079,-951
tisch,16,125,13300,-4924,-648,-3520,7122,-822
tisch,16,126,13100,-6348,120,-3398,7213,-680
tisch,16,127,13344,-6444,896,-2346,7560,-674
tisch,16,128,11520,-6464,-128,-1822,7967,-768
tisch,16,129,11232,-3532,3300,-1964,8134,-767
tisch,16,130,10368,-3148,3708,-2521,8270,-778
tisch,16,131,10456,-6232,2852,-2670,8575,-768
tisch,16,132,9140,-6100,3136,-2749,8876,-715
tisch,16,133,7564,-6764,4048,-3019,9160,-578
tisch,16,134,8172,-8540,2488,-3102,9535,-489
tisch,16,135,6776,-2396,4052,-3564,9934,-514
tisch,16,136,4132,-8884,4012,-3160,10163,-317
tisch,16,137,1716,-15032,4864,-2357,10200,-447
tisch,16,138,-1168,-11404,6340,-1834,9925,-883
tisch,16,139,-1004,-12460,5448,-1330,9163,-1018
tisch,16,140,-1676,-10364,7400,-1057,8718,-1077
tisch,16,141,-2088,-9348,6416,-851,8305,-895
tisch,16,142,-2408,-8600,6668,-688,7950,-647
tisch,16,143,-3056,-3844,7680,-739,7797,-381
tisch,16,144,-3440,-2652,7728,-707,7519,-27
tisch,16,145,-2984,-7568,6868,-1091,7279,142
tisch,16,146,-5692,-4,8944,-1602,6880,-98
tisch,16,147,-8192,-436,9224,-2217,6425,-604
tisch,16,148,-8000,-8848,8296,-2635,5667,-1048
tisch,16,149,-9528,-5868,8976,-3089,4967,-1661
tisch,16,150,-9916,-5476,6944,-3160,3997,-2262
tisch,16,151,-8936,-8132,8996,-3081,3127,-2737
tisch,16,152,-18228,-15268,12540,-2220,2330,-2644
tisch,16,153,-24104,-12796,14208,-516,-838,-537
tisch,16,154,-20540,-11988,12704,-251,-1854,731
tisch,16,155,-12156,-7724,13400,-62,-3231,497
tisch,16,156,4884,-1888,24472,-3084,-1445,957
tisch,16,157,32767,-32236,28828,-6388,6719,5470
tisch,16,158,-11320,-32768,18636,-551,4335,3959
tisch,16,159,-14404,-23080,25612,1126,453,1194
tisch,16,160,-8580,-9128,14152,-68,-114,-735
tisch,16,161,-5632,-5084,11276,-350,-855,-1821
tisch,16,162,-4096,-5160,7328,-452,-834,-2228
tisch,16,163,-2380,-4152,6620,-354,-929,-1892
tisch,16,164,-100,-4944,6304,-550,-734,-1508
tisch,16,165,3768,-5244,6292,-730,-235,-1049
tisch,16,166,3676,-8200,10380,-788,284,-467
tisch,16,167,2200,-9808,11688,-858,515,-165
tisch,16,168,576,-13624,13312,-590,212,-206
tisch,16,169,992,-13440,12824,-111,-87,-204
tisch,16,170,2220,-9940,11296,47,-68,-121
tisch,16,171,1920,-8336,10276,17,281,294
tisch,16,172,776,-8760,10564,57,356,533
tisch,16,173,-344,-9420,11268,54,338,490
tisch,16,174,-1192,-9096,11036,40,159,280
tisch,16,175,-1296,-7876,10540,-3,-74,82
tisch,16,176,-556,-7892,10200,-91,-201,13
tisch,16,177,192,-8440,10500,-159,-217,2
tisch,16,178,1084,-9312,10936,-259,-102,43
tisch,16,179,904,-9944,11024,-311,9,36
tisch,16,180,608,-10248,11180,-335,63,-33
tisch,16,181,612,-10232,10936,-315,122,-59
tisch,16,182,4,-10132,10840,-242,125,-79
tisch,16,183,-60,-9704,10692,-132,80,-94
tisch,16,184,20,-9376,10348,-65,38,-108
tisch,16,185,196,-8856,10164,9,13,-107
tisch,16,186,580,-8644,10260,0,45,-86
tisch,16,187,668,-8652,10680,-58,89,-58
tisch,16,188,1096,-9392,11136,-120,187,19
tisch,16,189,860,-9984,11580,-130,299,138
tisch,16,190,236,-10160,11824,-88,353,181
tisch,16,191,-564,-9172,11380,-68,269,158
tisch,16,192,-840,-8644,10604,-72,153,120
tisch,16,193,-604,-8344,10396,-86,56,87
tisch,16,194,-188,-8696,10560,-98,-1,46
tisch,16,195,-148,-9240,10852,-107,-24,23
tisch,16,196,472,-9412,11828,-89,9,32
tisch,16,197,-104,-9572,11100,-97,48,12
tisch,16,198,-548,-8716,10896,-129,-38,-54
tisch,16,199,468,-8624,11804,-141,-82,-73
tisch,16,200,76,-9576,10764,-192,42,4
tisch,16,201,-168,-9600,10860,-145,40,19
tisch,16,202,-340,-9236,11016,-183,13,-105
tisch,16,203,-300,-9032,10576,-158,-47,-160
tisch,16,204,-340,-8428,10424,-167,-114,-205
tisch,16,205,752,-8500,11360,-118,-161,-184
tisch,16,206,976,-9548,10576,-179,13,-117
tisch,16,207,448,-9896,10960,-86,36,-42
tisch,16,208,12,-9788,10992,-189,136,-53
tisch,16,209,-540,-9364,11380,-189,76,-105
tisch,16,210,-560,-8960,11100,-218,20,-131
tisch,16,211,-732,-8940,11064,-270,-42,-182
tisch,16,212,-764,-8964,10564,-311,-131,-286
tisch,16,213,-336,-9008,10912,-302,-172,-336
tisch,16,214,-372,-9616,10628,-305,-177,-404
tisch,16,215,-256,-9816,11008,-243,-200,-445
tisch,16,216,-564,-10292,11300,-181,-113,-508
tisch,16,217,-680,-11288,10760,-112,-16,-578
tisch,16,218,-1140,-10684,11268,81,30,-582
tisch,16,219,-1292,-10148,11016,217,51,-584
tisch,16,220,-1288,-9600,10484,368,38,-514
tisch,16,221,-1412,-9636,10572,574,19,-306
tisch,16,222,-1412,-9932,10688,790,138,-16
tisch,16,223,-1580,-9796,10560,1084,140,313
tisch,16,224,-2044,-9316,10400,1276,212,692
tisch,16,225,-2940,-6552,8828,-26,295,973
tisch,16,226,-3672,-8340,10284,-998,291,994
tisch,16,227,-2980,-10104,11112,-271,334,965
tisch,16,228,-5816,-10192,12596,296,153,1033
tisch,16,229,-5516,-10096,11052,-177,72,925
tisch,16,230,-5496,-11312,12500,285,-169,780
tisch,16,231,-5304,-8752,10980,343,-381,902
tisch,16,232,-4968,-8764,11120,172,-564,1112
tisch,16,233,-4660,-8192,10208,-73,-742,1290
tisch,16,234,-4296,-9640,11600,226,-928,1484
tisch,16,235,-4324,-8464,11052,-184,-1047,1655
tisch,16,236,-3624,-8884,11300,-331,-1253,1833
tisch,16,237,-3568,-8344,11116,-373,-1413,2149
tisch,16,238,-2724,-8948,12040,-103,-1521,2756
tisch,16,239,-2800,-8812,12280,101,-1638,3488
tisch,16,240,-2988,-7740,11340,121,-1705,4200
tisch,16,241,-3020,-9024,11916,-185,-1777,4668
tisch,16,242,-3092,-8240,11344,-514,-1824,4836
tisch,16,243,-1424,-11692,12436,-543,-1909,4832
tisch,16,244,-2324,-10000,10948,-166,-1916,4624
tisch,16,245,-2080,-10192,11820,-307,-2046,4383
tisch,16,246,-1028,-10844,11552,-355,-2203,4139
tisch,16,247,-240,-10056,11368,-329,-2254,3951
tisch,16,248,-900,-11092,10844,-1041,-2420,3910
tisch,16,249,332,-9892,10800,-134,-2360,3561
tisch,16,250,1828,-11608,10752,11,-2367,3264
tisch,16,251,2448,-10160,9660,-76,-2179,2886
tisch,16,252,3304,-11052,10200,-23,-1942,2571
tisch,16,253,3396,-10992,10192,145,-1638,2299
tisch,16,254,3452,-11124,9072,181,-1462,2037
tisch,16,255,3628,-9924,9652,164,-1318,1791
tisch,16,256,2992,-10932,9424,263,-1215,1471
tisch,16,257,3044,-10616,9164,320,-1223,1065
tisch,16,258,3776,-9584,8956,218,-1203,646
tisch,16,259,4312,-8700,8840,133,-1191,285
tisch,16,260,4600,-9188,8204,141,-1076,-97
tisch,16,261,4484,-9528,7892,118,-1026,-454
tisch,16,262,4856,-9612,7268,151,-968,-871
tisch,16,263,5244,-8928,7544,127,-912,-1318
tisch,16,264,6192,-8548,7764,192,-792,-1723
tisch,16,265,6344,-7400,8136,85,-642,-2045
tisch,16,266,6336,-7176,9924,-117,-433,-2294
tisch,16,267,5904,-6788,11464,-604,-266,-2572
tisch,16,268,5720,-7576,12748,-820,-146,-2802
tisch,16,269,5576,-9108,13696,-1067,-43,-3107
tisch,16,270,6048,-9916,14124,-912,195,-3245
tisch,16,271,6676,-10500,13732,-947,597,-3240
tisch,16,272,6044,-11540,13660,-975,1112,-3309
tisch,16,273,4260,-12584,13256,-865,1341,-3503
tisch,16,274,1976,-11932,12448,-686,1229,-3908
tisch,16,275,476,-9956,12564,-557,676,-4601
tisch,16,276,424,-7252,11908,-891,75,-5307
tisch,16,277,1640,-5504,11472,-1355,-415,-5758
tisch,16,278,3064,-4476,10740,-1907,-702,-5913
tisch,16,279,4900,-3536,9656,-2474,-663,-5700
tisch,16,280,6092,-3480,8908,-3014,-265,-5185
tisch,16,281,7896,-6400,9608,-2992,648,-4212
tisch,16,282,7704,-10084,8900,-2006,1772,-2610
tisch,16,283,6476,-12252,9336,-1040,2702,-515
tisch,16,284,3596,-11864,11428,-574,3065,1701
tisch,16,285,1660,-11600,11988,688,3177,3589
tisch,16,286,-2320,-10492,13172,930,2803,4523
tisch,16,287,-3152,-9344,13328,1401,2124,4561
tisch,16,288,-3596,-7176,13012,1371,1404,4115
tisch,16,289,-4436,-6312,12220,455,575,3089
tisch,16,290,-4540,-7900,12468,-385,-288,1394
tisch,16,291,-4608,-8080,12068,-1075,-1330,-686
tisch,16,292,-80,-7776,11452,-1706,-1976,-2247
tisch,16,293,2976,-8168,10656,-1628,-2182,-3403
tisch,16,294,4684,-7380,9128,-1237,-2017,-4078
tisch,16,295,6136,-7212,8948,-1247,-1706,-4291
tisch,16,296,7116,-6388,8912,-1883,-1368,-4369
tisch,16,297,6744,-5676,6900,-2220,-861,-4222
tisch,16,298,7988,-6580,8104,-2752,-424,-4048
tisch,16,299,9036,-7776,7304,-2814,124,-3796
tisch,17,0,3596,-9956,9964,-45,267,120
tisch,17,1,3260,-10024,9972,-71,266,121
tisch,17,2,3096,-10016,9932,-91,249,106
tisch,17,3,2812,-9996,10120,-105,214,89
tisch,17,4,2764,-10056,10280,-134,165,49
tisch,17,5,2808,-10064,10212,-150,121,18
tisch,17,6,2880,-10024,9972,-166,70,-12
tisch,17,7,2756,-9880,9892,-180,32,-59
tisch,17,8,3324,-9884,10036,-200,12,-82
tisch,17,9,3044,-9688,9752,-163,-60,-119
tisch,17,10,3388,-10180,10004,-200,-6,-108
tisch,17,11,3680,-10504,10404,-194,-20,-99
tisch,17,12,3380,-10692,10308,-194,-5,-117
tisch,17,13,3648,-10308,10024,-180,-14,-130
tisch,17,14,3416,-9848,9568,-158,-8,-104
tisch,17,15,3644,-9776,9488,-164,35,-35
tisch,17,16,3384,-10112,9664,-140,65,7
tisch,17,17,3428,-10244,10076,-134,71,-11
tisch,17,18,3048,-10148,10420,-152,50,-68
tisch,17,19,2596,-10012,10288,-184,-18,-121
tisch,17,20,2444,-9928,10124,-207,-101,-150
tisch,17,21,2408,-9996,10036,-230,-180,-166
tisch,17,22,2628,-10268,10244,-230,-237,-182
tisch,17,23,2532,-10740,10484,-236,-287,-235
tisch,17,24,2120,-11072,10676,-241,-374,-370
tisch,17,25,2056,-11024,10448,-217,-532,-524
tisch,17,26,2108,-10744,10124,-141,-658,-578
tisch,17,27,2336,-10760,9944,-64,-816,-575
tisch,17,28,2840,-11572,9836,103,-838,-489
tisch,17,29,3812,-12528,10100,378,-783,-308
tisch,17,30,4496,-13368,10420,705,-650,-40
tisch,17,31,5224,-13648,10584,1061,-388,344
tisch,17,32,5780,-14280,10768,1462,-158,780
tisch,17,33,6052,-13580,10960,1822,83,1221
tisch,17,34,6324,-13068,11324,2033,364,1598
tisch,17,35,6296,-12640,11648,2106,744,1879
tisch,17,36,5900,-12452,12136,1989,1174,2078
tisch,17,37,4656,-12960,13396,1885,1526,2224
tisch,17,38,2876,-13468,14824,1886,1473,2275
tisch,17,39,900,-13824,15564,2013,1157,2288
tisch,17,40,664,-14164,16316,2501,726,2290
tisch,17,41,380,-13116,16252,3457,383,2480
tisch,17,42,524,-11752,16324,3800,147,2697
tisch,17,43,268,-11960,15504,3973,109,2971
tisch,17,44,392,-11172,15876,4054,-28,3195
tisch,17,45,36,-10452,16300,4219,-116,3426
tisch,17,46,88,-10648,15540,4521,-269,3637
tisch,17,47,-604,-9636,15208,4741,-289,3867
tisch,17,48,-540,-9136,16156,4978,-335,3940
tisch,17,49,-1400,-7976,16488,4824,-428,3772
tisch,17,50,-2300,-8356,15892,4669,-870,3458
tisch,17,51,-2012,-8072,15440,4929,-1340,3359
tisch,17,52,-3940,-8884,14528,4506,-1852,3148
tisch,17,53,-2916,-6996,14604,4728,-2406,3076
tisch,17,54,-2120,-4576,13296,4713,-2909,3288
tisch,17,55,-1372,-6388,13348,4970,-3181,3183
tisch,17,56,-1280,-6252,13888,5133,-3476,3115
tisch,17,57,-1012,-5960,12520,5245,-3782,3320
tisch,17,58,-96,-6232,12480,5144,-4047,3217
tisch,17,59,1088,-5616,11568,4802,-4300,2837
tisch,17,60,1324,-5708,10844,4643,-4431,2638
tisch,17,61,2440,-4796,9584,4546,-4517,2545
tisch,17,62,3916,-3676,8592,4373,-4538,2242
tisch,17,63,5828,-2276,7512,4167,-4497,1799
tisch,17,64,6752,-1076,6056,3878,-4176,1544
tisch,17,65,7972,-1908,4412,3937,-3819,1440
tisch,17,66,8640,1040,4740,3741,-3410,1483
tisch,17,67,8616,1196,3764,3566,-3009,1392
tisch,17,68,9620,2052,3384,3319,-2472,1267
tisch,17,69,9860,4076,3264,2945,-1914,1194
tisch,17,70,9532,4248,2304,2552,-1401,1020
tisch,17,71,9692,5488,2172,1989,-963,751
tisch,17,72,10132,6576,2600,1392,-620,367
tisch,17,73,10880,8888,940,378,-106,-47
tisch,17,74,10908,9936,1220,-648,296,-539
tisch,17,75,11636,10880,1172,-1799,918,-1178
tisch,17,76,12912,11260,260,-2885,1642,-1670
tisch,17,77,12300,11344,1096,-3789,2214,-1856
tisch,17,78,12200,9620,548,-4804,2895,-1921
tisch,17,79,11576,6808,1860,-5636,3736,-1780
tisch,17,80,9324,2048,2784,-5879,4705,-1402
tisch,17,81,6264,-2736,4528,-5270,5393,-935
tisch,17,82,2864,-5988,6820,-4122,5693,-148
tisch,17,83,128,-6680,10972,-2689,5718,1112
tisch,17,84,-872,-6928,11852,-1478,5470,2354
tisch,17,85,-2248,-3556,13320,-400,5005,3528
tisch,17,86,-5512,-704,15412,163,4621,4164
tisch,17,87,-8172,1220,15896,410,3952,4256
tisch,17,88,-9716,5176,16860,188,3073,3966
tisch,17,89,-9896,6440,16156,-298,2159,3552
tisch,17,90,-9992,8564,15896,-1069,1224,3311
tisch,17,91,-11068,7848,15888,-1964,288,3199
tisch,17,92,-10800,6504,15276,-2684,-599,3164
tisch,17,93,-10088,3444,14660,-3467,-1394,3177
tisch,17,94,-10076,512,15024,-3995,-2309,2963
tisch,17,95,-8984,-3224,14608,-4177,-3353,2588
tisch,17,96,-6116,-4748,14560,-4340,-4201,2288
tisch,17,97,-3244,-5684,14212,-4520,-4704,2091
tisch,17,98,-964,-7396,12188,-4440,-4851,1929
tisch,17,99,1372,-9812,11584,-4018,-4863,1772
tisch,17,100,3156,-9332,12428,-3909,-4801,1680
tisch,17,101,5416,-12000,10092,-3603,-4712,1510
tisch,17,102,7756,-10276,11664,-3313,-4310,1480
tisch,17,103,9336,-12360,10424,-2924,-3871,1517
tisch,17,104,9612,-14608,8320,-2540,-3393,1632
tisch,17,105,10924,-14104,8720,-2098,-2814,1777
tisch,17,106,11844,-14336,8528,-1391,-2251,1921
tisch,17,107,11956,-13184,8904,-1064,-1633,2061
tisch,17,108,11648,-14168,8956,-559,-1068,1979
tisch,17,109,12292,-13064,7872,-119,-698,1826
tisch,17,110,12036,-12556,8216,183,-337,1465
tisch,17,111,11920,-10836,8272,222,75,987
tisch,17,112,12624,-10604,7216,183,344,447
tisch,17,113,12616,-10100,6808,106,695,-138
tisch,17,114,12372,-8132,7556,-81,1067,-638
tisch,17,115,12052,-10240,7116,-208,1417,-907
tisch,17,116,10348,-11792,7784,-298,1798,-933
tisch,17,117,11876,-8884,8968,91,2255,-860
tisch,17,118,10132,-10168,9544,261,2601,-673
tisch,17,119,9760,-10680,8648,604,2939,-705
tisch,17,120,9320,-10916,8068,841,3344,-999
tisch,17,121,8180,-10268,10496,968,3340,-1294
tisch,17,122,7172,-9212,9564,1268,3387,-1749
tisch,17,123,8240,-7436,11268,1558,3564,-2206
tisch,17,124,7708,-6568,11376,1383,3958,-2663
tisch,17,125,6852,-6132,10244,924,4341,-3083
tisch,17,126,6540,-7004,11368,929,4910,-3315
tisch,17,127,5120,-7464,10548,1253,5368,-3512
tisch,17,128,3128,-6900,10768,1057,5857,-3559
tisch,17,129,1612,-6624,10996,1344,6134,-3397
tisch,17,130,-208,-6780,12072,1303,6177,-3212
tisch,17,131,-2276,-7316,11916,1331,5946,-2816
tisch,17,132,-3088,-8196,12064,1570,5561,-2423
tisch,17,133,-3284,-7672,11768,1935,5166,-2194
tisch,17,134,-3660,-7452,11632,1912,4682,-2142
tisch,17,135,-3224,-6384,11368,1722,4298,-2201
tisch,17,136,-2008,-4616,11508,1583,4198,-2308
tisch,17,137,-1828,-4136,11512,1399,4224,-2534
tisch,17,138,-2296,-3556,11788,1424,4322,-2869
tisch,17,139,-2620,-3352,12192,1232,4395,-3295
tisch,17,140,-3436,-1752,12172,730,4328,-3720
tisch,17,141,-3624,-1064,11900,92,4364,-4072
tisch,17,142,-3884,-860,11828,-517,4526,-4209
tisch,17,143,-4612,-1632,11708,-1059,4591,-4150
tisch,17,144,-5748,-1656,11924,-1436,4678,-3870
tisch,17,145,-6220,-2588,11096,-1582,4829,-3461
tisch,17,146,-5780,-3960,11536,-1513,4889,-3101
tisch,17,147,-9384,-5328,11400,-1939,4841,-2628
tisch,17,148,-10044,-8388,12860,-1272,4698,-2235
tisch,17,149,-10220,-9228,13172,-1093,4580,-1935
tisch,17,150,-9888,-9024,16128,-495,4394,-1393
tisch,17,151,-11388,-9028,15324,-463,4509,-1189
tisch,17,152,-11700,-7728,15024,308,4332,-781
tisch,17,153,-14764,-2012,14976,-120,3782,-1029
tisch,17,154,-17348,-2360,15784,57,2577,-996
tisch,17,155,-20004,-5548,14388,-154,1467,-739
tisch,17,156,-19560,-1936,14008,-466,140,-1413
tisch,17,157,-17652,-1532,12916,-1135,-1153,-2405
tisch,17,158,-13112,180,11212,-1786,-1873,-2977
tisch,17,159,-9904,-876,10304,-2445,-2146,-3030
tisch,17,160,-8384,-1796,9952,-3051,-2101,-2839
tisch,17,161,-7524,-4052,10548,-3309,-1845,-2555
tisch,17,162,-7548,-7440,10816,-3169,-1598,-2305
tisch,17,163,-7252,-10900,11204,-2561,-1339,-1933
tisch,17,164,-6032,-13956,11280,-1485,-1324,-1449
tisch,17,165,-3568,-13232,10836,-196,-1444,-529
tisch,17,166,-1768,-9688,10180,648,-1385,659
tisch,17,167,-1572,-8180,11416,1327,-1184,1736
tisch,17,168,-2996,-6820,11872,1337,-820,2575
tisch,17,169,-3944,-6492,12272,1369,-742,2841
tisch,17,170,-5048,-5428,11980,1040,-898,2510
tisch,17,171,-5372,-4772,11636,587,-1268,1741
tisch,17,172,-4060,-5004,11104,-59,-1728,670
tisch,17,173,-1320,-3884,10664,-300,-1923,-340
tisch,17,174,348,-2812,9372,-914,-1817,-1293
tisch,17,175,1956,-1504,9128,-1835,-1426,-2299
tisch,17,176,3288,-1644,8424,-2837,-838,-3259
tisch,17,177,5084,-1900,7820,-3239,-120,-4020
tisch,17,178,5320,-1112,7512,-4080,698,-4391
tisch,17,179,5780,-2628,6812,-4782,1533,-4560
tisch,17,180,5616,-3196,5460,-5622,2357,-4439
tisch,17,181,3760,-11192,5092,-6052,2738,-4061
tisch,17,182,-2548,-19272,12288,-4552,2936,-2694
tisch,17,183,-6636,-24348,14096,-2566,4094,414
tisch,17,184,-13184,-23396,14580,-115,4555,2464
tisch,17,185,-14032,-18368,12892,1737,4075,2689
tisch,17,186,-11564,-11952,10288,2083,3164,1932
tisch,17,187,-9400,-9268,9208,1639,2350,818
tisch,17,188,-8200,-9920,9004,1127,1500,-317
tisch,17,189,-8336,-9548,8992,743,668,-1095
tisch,17,190,-7508,-10004,8536,743,43,-1526
tisch,17,191,-6744,-9688,7720,951,-393,-1473
tisch,17,192,-5432,-9488,7860,1527,-641,-927
tisch,17,193,-4192,-8156,7728,1712,-705,-301
tisch,17,194,-4512,-6428,7476,1566,-452,368
tisch,17,195,-3344,-6580,7904,1122,-155,736
tisch,17,196,-3520,-6804,8176,1013,357,929
tisch,17,197,-4484,-7292,9152,527,821,950
tisch,17,198,-5808,-8624,9748,279,1093,809
tisch,17,199,-7956,-9548,9936,250,1031,581
tisch,17,200,-9692,-8892,10016,92,677,206
tisch,17,201,-9964,-8624,9620,-91,164,-257
tisch,17,202,-9668,-7832,9448,-140,-325,-504
tisch,17,203,-8724,-7632,9068,-328,-732,-619
tisch,17,204,-7800,-7220,9008,-458,-978,-626
tisch,17,205,-6992,-7244,9248,-835,-1106,-443
tisch,17,206,-6204,-7980,9660,-749,-1066,-277
tisch,17,207,-6612,-9292,10144,-740,-1083,-240
tisch,17,208,-6312,-10540,10220,-631,-1006,-374
tisch,17,209,-5436,-12212,10264,-425,-744,-453
tisch,17,210,-4772,-11980,9556,-69,-441,-345
tisch,17,211,-5892,-10708,9652,142,-395,-412
tisch,17,212,-6244,-9912,9800,335,-507,-548
tisch,17,213,-5876,-10440,9916,542,-609,-475
tisch,17,214,-5680,-10960,10532,909,-704,-105
tisch,17,215,-5256,-11076,11100,1324,-780,418
tisch,17,216,-5120,-9916,11200,1555,-885,861
tisch,17,217,-5452,-8640,11224,1672,-981,1104
tisch,17,218,-5848,-8232,11348,1702,-1087,1061
tisch,17,219,-4972,-7468,10604,1655,-1148,899
tisch,17,220,-4212,-5780,9888,1426,-1214,688
tisch,17,221,-3196,-5100,9612,1158,-1135,493
tisch,17,222,-2468,-4552,9660,794,-956,273
tisch,17,223,-2336,-4020,9524,340,-749,13
tisch,17,224,-2264,-3592,9768,-93,-562,-262
tisch,17,225,-2836,-3456,9836,-604,-480,-626
tisch,17,226,-2748,-3196,9708,-1124,-431,-1011
tisch,17,227,-2296,-3184,9564,-1612,-356,-1350
tisch,17,228,-1808,-3304,9372,-2233,-199,-1597
tisch,17,229,-2108,-3736,9236,-3562,-86,-1762
tisch,17,230,-716,-5404,9892,-3708,137,-1910
tisch,17,231,-2732,-12184,11540,-3115,-72,-1873
tisch,17,232,-4892,-17140,14704,-2019,26,-799
tisch,17,233,-8760,-17236,15092,-1159,104,124
tisch,17,234,-7900,-13328,13308,-587,-75,44
tisch,17,235,-5076,-8936,10244,-456,-476,-288
tisch,17,236,-2500,-6624,8264,-576,-441,-316
tisch,17,237,-2068,-7356,8000,-749,-255,-204
tisch,17,238,-3096,-8848,8880,-808,-200,-208
tisch,17,239,-3084,-10388,9952,-738,-79,-266
tisch,17,240,-3560,-11592,10460,-582,-46,-229
tisch,17,241,-3804,-11212,10876,-398,-30,-197
tisch,17,242,-3756,-10544,10324,-279,-13,-222
tisch,17,243,-3432,-9604,9716,-215,-45,-253
tisch,17,244,-3012,-9232,9552,-195,-1,-218
tisch,17,245,-2944,-9284,9864,-175,43,-149
tisch,17,246,-2992,-9600,10104,-143,79,-108
tisch,17,247,-3176,-9552,10332,-120,115,-77
tisch,17,248,-3272,-9476,10376,-113,106,-70
tisch,17,249,-3324,-9180,10416,-142,95,-70
tisch,17,250,-3372,-8944,9972,-164,111,-62
tisch,17,251,-3412,-8988,9828,-202,107,-56
tisch,17,252,-3488,-9096,9976,-214,119,-51
tisch,17,253,-3568,-9316,9996,-219,128,-37
tisch,17,254,-3772,-9492,10308,-200,137,-25
tisch,17,255,-3928,-9516,10388,-186,126,-49
tisch,17,256,-4132,-9448,10296,-174,96,-69
tisch,17,257,-4156,-9244,10068,-169,44,-86
tisch,17,258,-4048,-9272,10036,-163,-3,-91
tisch,17,259,-4008,-9456,10080,-158,-32,-88
tisch,17,260,-3928,-9572,10004,-142,-43,-93
tisch,17,261,-3772,-9432,10140,-132,-57,-123
tisch,17,262,-3568,-9452,10168,-129,-54,-137
tisch,17,263,-3644,-9420,10068,-123,-62,-129
tisch,17,264,-3744,-9516,10240,-118,-67,-134
tisch,17,265,-3808,-9564,10272,-99,-76,-136
tisch,17,266,-3796,-9368,10080,-81,-104,-130
tisch,17,267,-3656,-9244,10096,-81,-130,-150
tisch,17,268,-3572,-9132,10164,-82,-158,-146
tisch,17,269,-3504,-9332,10204,-90,-161,-147
tisch,17,270,-3440,-9420,10096,-84,-175,-152
tisch,17,271,-3284,-9452,10028,-93,-163,-141
tisch,17,272,-3192,-9424,10036,-79,-146,-131
tisch,17,273,-2936,-9140,9948,-93,-123,-127
tisch,17,274,-3308,-9464,9888,-104,-115,-148
tisch,17,275,-3052,-9320,10140,-112,-79,-122
tisch,17,276,-3200,-9464,10268,-118,-56,-133
tisch,17,277,-3324,-9488,10192,-113,-33,-144
tisch,17,278,-3348,-9360,10288,-97,-28,-143
tisch,17,279,-3428,-9380,10192,-89,-29,-120
tisch,17,280,-3332,-9404,10240,-73,-22,-113
tisch,17,281,-3468,-9340,10184,-62,-13,-97
tisch,17,282,-3484,-9328,10208,-66,-7,-95
tisch,17,283,-3468,-9340,10304,-71,-12,-92
tisch,17,284,-3492,-9276,10296,-84,-4,-81
tisch,17,285,-3608,-9452,10528,-86,-11,-78
tisch,17,286,-3512,-9376,10396,-102,-14,-92
tisch,17,287,-3504,-9232,10240,-105,-22,-106
tisch,17,288,-3352,-9224,10236,-112,-31,-101
tisch,17,289,-3412,-9216,10284,-115,-43,-108
tisch,17,290,-3156,-9240,10268,-114,-46,-113
tisch,17,291,-3248,-9328,10348,-119,-54,-112
tisch,17,292,-3244,-9288,10272,-123,-41,-108
tisch,17,293,-3116,-9360,10148,-140,-38,-113
tisch,17,294,-3180,-9460,10264,-158,-26,-129
tisch,17,295,-3112,-9480,9984,-150,-28,-157
tisch,17,296,-3136,-9224,10012,-158,-8,-143
tisch,17,297,-3144,-9292,10168,-154,-9,-120
tisch,17,298,-3096,-9512,10080,-144,-5,-108
tisch,17,299,-3088,-9588,10124,-132,-4,-93
tisch,18,0,-1564,-7272,11924,-475,-2791,-580
tisch,18,1,-180,-6828,12560,-53,-3004,-680
tisch,18,2,1604,-7520,12532,-69,-2910,-776
tisch,18,3,4060,-7440,13064,230,-2402,-642
tisch,18,4,4632,-6348,11888,30,-1500,-309
tisch,18,5,3156,-6024,11648,-268,-630,-90
tisch,18,6,1160,-5724,11440,-546,-54,-38
tisch,18,7,-204,-5472,11012,-763,249,-99
tisch,18,8,-2280,-6132,11468,-1005,354,-222
tisch,18,9,-4036,-7536,12332,-1187,258,-465
tisch,18,10,-4924,-7068,12224,-1234,15,-619
tisch,18,11,-5424,-7444,11976,-1243,-214,-698
tisch,18,12,-5908,-7776,12200,-1240,-486,-743
tisch,18,13,-5988,-7548,12036,-1237,-726,-747
tisch,18,14,-5520,-7472,11496,-1268,-943,-718
tisch,18,15,-5312,-7012,11172,-1282,-1173,-627
tisch,18,16,-4792,-7344,10868,-1338,-1281,-576
tisch,18,17,-4712,-7420,10748,-1376,-1395,-503
tisch,18,18,-4144,-8004,10984,-1477,-1440,-531
tisch,18,19,-3652,-8468,10932,-1588,-1494,-620
tisch,18,20,-3056,-8396,10908,-1609,-1566,-701
tisch,18,21,-2748,-8632,11004,-1663,-1590,-808
tisch,18,22,-2340,-8700,10672,-1676,-1656,-889
tisch,18,23,-1528,-8868,10600,-1683,-1626,-906
tisch,18,24,-1276,-9032,10388,-1725,-1571,-920
tisch,18,25,-1192,-8952,10348,-1722,-1591,-888
tisch,18,26,-680,-8980,10716,-1763,-1522,-919
tisch,18,27,-556,-9808,10108,-1819,-1397,-914
tisch,18,28,-20,-10632,10400,-1718,-1258,-920
tisch,18,29,664,-12004,10120,-1343,-1142,-771
tisch,18,30,-628,-9024,9740,-968,-867,-531
tisch,18,31,252,-9576,10184,-730,-839,-64
tisch,18,32,416,-9628,10472,-523,-777,274
tisch,18,33,536,-9352,10376,-404,-722,625
tisch,18,34,12,-9932,10344,-450,-644,871
tisch,18,35,880,-9372,10760,-260,-602,982
tisch,18,36,964,-10368,10432,-52,-502,1026
tisch,18,37,904,-10048,10276,-103,-406,948
tisch,18,38,796,-10088,9852,-224,-325,767
tisch,18,39,1252,-11136,10412,-121,-238,452
tisch,18,40,1452,-11156,10320,36,-67,105
tisch,18,41,560,-9896,9932,-218,31,-234
tisch,18,42,256,-9800,10032,-292,128,-548
tisch,18,43,976,-9028,9732,-361,314,-898
tisch,18,44,1256,-9900,9412,-864,579,-1197
tisch,18,45,1788,-10844,9780,-824,770,-1385
tisch,18,46,880,-11668,9724,-914,870,-1573
tisch,18,47,420,-11860,9612,-836,925,-1812
tisch,18,48,-28,-11592,9368,-865,880,-1898
tisch,18,49,-20,-11452,9064,-700,906,-1833
tisch,18,50,-484,-11692,9168,-699,874,-1809
tisch,18,51,-368,-11280,9556,-500,881,-1704
tisch,18,52,-736,-10844,10084,-263,901,-1586
tisch,18,53,-900,-10876,10064,-260,850,-1521
tisch,18,54,-736,-10928,10424,-190,795,-1405
tisch,18,55,-1072,-10396,10428,-49,742,-1365
tisch,18,56,-1312,-10136,10404,-153,556,-1342
tisch,18,57,-1272,-10124,10616,-149,350,-1329
tisch,18,58,-608,-10376,10284,-112,210,-1243
tisch,18,59,-636,-10348,10428,-73,150,-1188
tisch,18,60,-516,-10348,9952,-141,85,-1108
tisch,18,61,-260,-10064,10196,-76,64,-1050
tisch,18,62,44,-10108,10168,27,12,-918
tisch,18,63,92,-10152,10352,48,7,-746
tisch,18,64,-156,-10116,10036,7,10,-534
tisch,18,65,-168,-9956,10604,163,-84,-192
tisch,18,66,-336,-9060,10396,76,-129,-25
tisch,18,67,-36,-9168,10024,-123,-251,128
tisch,18,68,648,-9784,10308,-257,-229,87
tisch,18,69,1168,-10528,10208,97,-123,92
tisch,18,70,68,-11468,9544,-169,134,18
tisch,18,71,1192,-14012,10080,232,287,70
tisch,18,72,1244,-15268,9832,1084,507,262
tisch,18,73,884,-14452,10344,1869,512,560
tisch,18,74,676,-14504,10952,2444,503,899
tisch,18,75,248,-13760,11436,2962,353,1253
tisch,18,76,-1196,-13240,11576,3024,224,1487
tisch,18,77,-1388,-13044,11372,3204,-79,1554
tisch,18,78,-1268,-12092,11652,3689,-232,1426
tisch,18,79,-1960,-10984,10772,3156,-341,1103
tisch,18,80,-1216,-11780,10584,3462,-653,878
tisch,18,81,-456,-8272,9928,3777,-825,755
tisch,18,82,-916,-6220,9656,3577,-962,686
tisch,18,83,-200,-3980,9244,3019,-1002,547
tisch,18,84,608,-2924,9152,2401,-940,393
tisch,18,85,1636,-2044,9392,1756,-698,253
tisch,18,86,2600,-1788,9820,964,-305,117
tisch,18,87,3264,-1976,9452,336,240,59
tisch,18,88,4176,-1748,9252,-263,857,30
tisch,18,89,2520,-648,9284,-1011,1166,-101
tisch,18,90,1200,336,9304,-1765,1326,-362
tisch,18,91,968,600,9052,-2557,1360,-552
tisch,18,92,1216,316,8776,-3395,1373,-622
tisch,18,93,1636,-396,7796,-4013,1386,-594
tisch,18,94,2280,-1080,8108,-4790,1587,-553
tisch,18,95,2680,-3036,8432,-5533,1919,-568
tisch,18,96,3492,-7312,9232,-6186,2419,-654
tisch,18,97,5284,-17100,12980,-6658,3305,-504
tisch,18,98,6868,-32768,20716,-4190,5185,890
tisch,18,99,-16796,-25796,16912,137,4586,2916
tisch,18,100,-11924,-13836,15028,1126,2441,775
tisch,18,101,-8228,-10188,10560,1808,1710,347
tisch,18,102,-4104,-11704,8716,1653,1301,827
tisch,18,103,-4908,-11172,8616,1521,1268,737
tisch,18,104,-4740,-10552,8868,1483,897,839
tisch,18,105,-5416,-9404,9300,1206,569,945
tisch,18,106,-4652,-9460,9852,1285,385,1213
tisch,18,107,-4728,-9500,9844,1352,380,1570
tisch,18,108,-5544,-9180,10088,1457,263,1746
tisch,18,109,-5848,-8348,10468,1399,109,1585
tisch,18,110,-5812,-7600,10552,1249,-170,1182
tisch,18,111,-4728,-6484,10404,1049,-408,739
tisch,18,112,-3700,-5976,10108,793,-515,422
tisch,18,113,-2976,-4428,9788,491,-603,175
tisch,18,114,-2244,-2904,9728,-43,-630,-56
tisch,18,115,-1904,-2244,9156,-632,-679,-408
tisch,18,116,-556,-1308,9328,-1441,-559,-720
tisch,18,117,720,-2148,9792,-2384,-218,-1027
tisch,18,118,1540,-4796,10452,-3253,171,-1293
tisch,18,119,2056,-17116,13528,-3167,619,-1124
tisch,18,120,-6308,-18424,14316,-1564,1033,125
tisch,18,121,-7424,-11956,12308,-1104,687,-151
tisch,18,122,-6804,-7604,10188,-966,125,-435
tisch,18,123,-5004,-9148,9228,-1050,-107,-213
tisch,18,124,-4928,-11676,9820,-891,-209,-131
tisch,18,125,-5024,-12788,9676,-564,-410,-256
tisch,18,126,-4432,-11364,9260,-199,-652,-342
tisch,18,127,-3880,-10468,9236,33,-855,-328
tisch,18,128,-2728,-10260,9548,180,-931,-211
tisch,18,129,-2360,-10756,10296,246,-900,-136
tisch,18,130,-2120,-10928,10820,391,-890,-157
tisch,18,131,-1716,-10500,10968,432,-854,-129
tisch,18,132,-1784,-9724,10496,492,-784,-99
tisch,18,133,-1428,-8856,10328,486,-717,-66
tisch,18,134,-1040,-8204,9964,447,-623,0
tisch,18,135,-652,-8108,10180,358,-488,87
tisch,18,136,-176,-8304,10448,213,-286,155
tisch,18,137,-380,-8752,10812,81,-38,215
tisch,18,138,-716,-8696,10828,-25,153,254
tisch,18,139,-1304,-8624,10304,-150,327,278
tisch,18,140,-1872,-8732,10496,-251,452,282
tisch,18,141,-2480,-8928,10280,-315,528,283
tisch,18,142,-3308,-9288,10472,-307,523,296
tisch,18,143,-3840,-9264,10268,-296,465,271
tisch,18,144,-4416,-9744,10344,-249,343,209
tisch,18,145,-4416,-9800,10568,-199,183,118
tisch,18,146,-4380,-10016,10796,-156,44,49
tisch,18,147,-4072,-10440,10604,-84,-33,-8
tisch,18,148,-3760,-10520,10632,38,-78,-21
tisch,18,149,-3536,-10408,10360,180,-105,-34
tisch,18,150,-3248,-10200,10768,259,-105,-25
tisch,18,151,-3180,-10152,10740,354,-106,11
tisch,18,152,-3500,-10004,11344,427,-139,-17
tisch,18,153,-3824,-9780,11368,513,-229,-3
tisch,18,154,-4308,-9332,11164,640,-445,56
tisch,18,155,-4536,-8892,11172,755,-696,182
tisch,18,156,-4604,-8292,11252,792,-848,388
tisch,18,157,-4680,-8616,11240,842,-981,694
tisch,18,158,-5040,-9044,11712,1011,-1233,1087
tisch,18,159,-5804,-9624,12212,1193,-1620,1395
tisch,18,160,-6716,-10504,12548,1488,-2066,1600
tisch,18,161,-7248,-11392,12948,1815,-2562,1751
tisch,18,162,-9060,-9732,12876,1535,-3115,1858
tisch,18,163,-8868,-9828,12712,509,-3799,1492
tisch,18,164,-9592,-10336,13032,746,-4676,1354
tisch,18,165,-7368,-11156,12988,1487,-5279,1217
tisch,18,166,-4772,-8836,10572,2169,-5566,1186
tisch,18,167,-3652,-7276,8924,1822,-5540,1389
tisch,18,168,-1500,-7976,9068,1827,-5257,1837
tisch,18,169,-1472,-6992,9100,2004,-4939,2247
tisch,18,170,-1180,-7452,8360,2066,-4192,2487
tisch,18,171,-1592,-8180,8280,1847,-3272,2720
tisch,18,172,-148,-8732,10832,3202,-2784,2694
tisch,18,173,380,-6648,12188,3244,-2264,2414
tisch,18,174,1112,-5204,10088,3086,-2017,2625
tisch,18,175,1732,-3272,10272,1789,-1405,3021
tisch,18,176,3436,-4288,11420,1867,-580,2870
tisch,18,177,4968,-3336,8332,1545,-478,2901
tisch,18,178,3580,-3512,10892,1415,100,2723
tisch,18,179,3796,-6548,11552,1276,226,2535
tisch,18,180,2948,-4536,11328,899,161,2285
tisch,18,181,-1128,-8100,17952,925,-525,2013
tisch,18,182,4096,-5656,15268,810,-290,1975
tisch,18,183,-3488,-576,18404,522,-950,1710
tisch,18,184,276,-2884,13088,-107,-982,1140
tisch,18,185,220,-4952,12408,-469,-1436,500
tisch,18,186,2080,-3224,12416,-649,-1560,263
tisch,18,187,6436,-2260,13800,-1358,-1301,348
tisch,18,188,6132,-4544,10440,-1719,-1041,366
tisch,18,189,6068,-6220,11480,-1811,-146,355
tisch,18,190,5264,-8732,12124,-1433,-260,128
tisch,18,191,5540,-9520,12572,-1072,-78,156
tisch,18,192,4536,-9264,10772,-861,-278,-4
tisch,18,193,3892,-7432,11980,-572,-831,-143
tisch,18,194,5608,-6620,10876,-485,-779,-324
tisch,18,195,6268,-6236,10028,-485,-1050,-577
tisch,18,196,7496,-6152,9464,-840,-1151,-480
tisch,18,197,7280,-7520,9412,-1432,-1134,-251
tisch,18,198,6472,-5236,11640,-1430,-1068,42
tisch,18,199,6520,-5220,9764,-1645,-1035,197
tisch,18,200,5396,-7688,9404,-1962,-1280,164
tisch,18,201,3616,-6324,10396,-2356,-1360,-28
tisch,18,202,4004,-9368,9816,-2151,-1510,-483
tisch,18,203,5016,-9288,9744,-1594,-1496,-960
tisch,18,204,5352,-6916,10388,-1454,-1226,-1294
tisch,18,205,6228,-8084,9452,-1537,-825,-1550
tisch,18,206,6320,-8344,9280,-1594,-327,-1672
tisch,18,207,5840,-8432,9060,-1042,-41,-1725
tisch,18,208,4928,-7560,9984,-757,419,-1658
tisch,18,209,4480,-7432,11904,-452,817,-1575
tisch,18,210,3988,-7644,10252,-303,1316,-1403
tisch,18,211,3652,-8548,9340,-283,1915,-1401
tisch,18,212,3604,-7220,10888,-616,2037,-1534
tisch,18,213,1880,-7740,12368,-718,2145,-1725
tisch,18,214,1376,-11224,11964,-876,2444,-2140
tisch,18,215,1992,-11428,10644,-975,2567,-2766
tisch,18,216,608,-14084,12528,-813,2881,-3587
tisch,18,217,2288,-11824,10648,-404,3080,-4074
tisch,18,218,1372,-8484,11848,-256,3156,-4435
tisch,18,219,1820,-7400,11616,-248,3361,-4741
tisch,18,220,1920,-3044,11400,-426,3359,-5240
tisch,18,221,2248,-3052,12048,-581,3379,-5484
tisch,18,222,2996,-5420,10472,-640,3522,-6062
tisch,18,223,5676,-2904,12652,-692,3533,-6467
tisch,18,224,6028,-12136,10948,-776,3817,-6427
tisch,18,225,5916,-12496,11268,-895,3923,-6145
tisch,18,226,6716,-5880,12432,-662,4172,-5933
tisch,18,227,6228,-6932,10700,-1166,4603,-5882
tisch,18,228,5828,-6308,11224,-1289,4970,-5675
tisch,18,229,4612,-5556,10660,-1246,5447,-5214
tisch,18,230,2588,-7272,10476,-1406,5677,-4509
tisch,18,231,1428,-9036,9228,-1645,5977,-3887
tisch,18,232,-916,-10844,9572,-1438,5964,-3314
tisch,18,233,-3656,-10344,9824,-1234,5855,-2762
tisch,18,234,-5604,-10252,10448,-874,5452,-2588
tisch,18,235,-8104,-11036,11152,-613,4863,-2623
tisch,18,236,-9600,-10332,11632,-386,3828,-2734
tisch,18,237,-9488,-9272,12136,-306,2719,-2824
tisch,18,238,-8060,-9392,11028,-469,1822,-2894
tisch,18,239,-7308,-9068,11420,-664,1157,-2981
tisch,18,240,-5644,-10240,11512,-732,691,-3045
tisch,18,241,-5112,-9852,11336,-652,398,-2862
tisch,18,242,-4216,-9536,11692,-444,234,-2591
tisch,18,243,-3308,-9956,11452,-355,183,-2384
tisch,18,244,-2848,-9344,11280,-242,259,-2126
tisch,18,245,-2644,-8952,11188,-230,334,-1745
tisch,18,246,-2524,-8748,10992,-205,479,-1537
tisch,18,247,-2608,-8208,10780,-113,404,-1326
tisch,18,248,-3020,-8996,11080,-244,449,-1222
tisch,18,249,-3236,-8836,11064,-373,415,-1254
tisch,18,250,-4016,-8460,12392,-436,330,-1381
tisch,18,251,-3932,-8828,12128,-352,268,-1495
tisch,18,252,-3552,-10288,10940,-632,372,-1640
tisch,18,253,-2348,-8828,10840,-710,297,-1701
tisch,18,254,-2052,-9764,11580,-782,496,-1634
tisch,18,255,-2152,-10720,11568,-787,584,-1472
tisch,18,256,-2280,-10432,11516,-711,610,-1316
tisch,18,257,-2200,-11064,11648,-517,547,-1188
tisch,18,258,-2284,-10660,11952,-373,367,-1193
tisch,18,259,-1688,-10940,12176,-209,170,-1237
tisch,18,260,-1352,-10604,12664,-216,-55,-1300
tisch,18,261,76,-10200,11464,-52,-386,-1410
tisch,18,262,1104,-9500,11160,-182,-598,-1563
tisch,18,263,1428,-9520,11784,-291,-718,-1697
tisch,18,264,1668,-8640,11528,-432,-906,-1891
tisch,18,265,2836,-8008,11220,-683,-1007,-2113
tisch,18,266,4160,-8064,11492,-1015,-1111,-2310
tisch,18,267,4940,-7812,11228,-1336,-1180,-2450
tisch,18,268,6164,-8248,10664,-1612,-1099,-2520
tisch,18,269,6536,-7852,10072,-1680,-938,-2436
tisch,18,270,6012,-8484,9620,-1593,-683,-2299
tisch,18,271,4940,-8308,9348,-1349,-533,-2234
tisch,18,272,3660,-8232,9236,-1161,-573,-2316
tisch,18,273,2160,-8228,9512,-856,-893,-2529
tisch,18,274,908,-7752,9840,-734,-1373,-2845
tisch,18,275,1648,-8144,9444,-757,-1850,-3239
tisch,18,276,1652,-8712,10388,-685,-2322,-3614
tisch,18,277,2356,-9356,10344,-594,-2559,-3865
tisch,18,278,2724,-9076,10500,-259,-2776,-4047
tisch,18,279,2420,-9048,11332,106,-2894,-4031
tisch,18,280,2824,-10036,11152,506,-2899,-3864
tisch,18,281,2100,-5872,11140,554,-2755,-3570
tisch,18,282,1892,-10640,11636,1123,-2573,-3041
tisch,18,283,1744,-6744,10660,857,-2259,-2581
tisch,18,284,1704,-9464,11344,1257,-2060,-2036
tisch,18,285,456,-7872,11692,1211,-1938,-1485
tisch,18,286,-332,-8084,10148,1188,-1623,-792
tisch,18,287,-1996,-7912,10912,1479,-1572,122
tisch,18,288,-3964,-8424,11276,1492,-1856,882
tisch,18,289,-3264,-9108,9988,1290,-2102,1269
tisch,18,290,-1252,-9024,10244,1070,-1933,1228
tisch,18,291,324,-8480,9996,1087,-1882,1208
tisch,18,292,2376,-8232,9872,1045,-1701,1176
tisch,18,293,3196,-6644,10440,915,-1557,1131
tisch,18,294,3248,-7012,11228,723,-1383,1220
tisch,18,295,4500,-6676,12080,444,-1019,1380
tisch,18,296,5096,-6668,12736,409,-744,1629
tisch,18,297,5412,-6544,12888,324,-517,2022
tisch,18,298,5084,-6048,13852,392,-471,2511
tisch,18,299,4132,-5372,14764,349,-725,3088
tisch,19,0,-11372,-12388,-5052,-1587,2380,-2073
tisch,19,1,-11320,-11916,-5552,-1591,2469,-2204
tisch,19,2,-11508,-12388,-4532,-1520,2467,-2355
tisch,19,3,-11948,-12644,-5220,-1470,2464,-2490
tisch,19,4,-11736,-7628,-5164,-2171,2495,-2297
tisch,19,5,-11264,-13656,-4808,-1464,2424,-2524
tisch,19,6,-13500,-12888,-5828,-1391,2355,-2276
tisch,19,7,-14232,-13596,-5468,-1565,2150,-1857
tisch,19,8,-14880,-15272,-5888,-1456,1991,-1272
tisch,19,9,-15644,-15840,-5384,-1083,1743,-555
tisch,19,10,-16548,-17524,-6000,-704,1485,43
tisch,19,11,-17228,-18176,-5588,-236,1169,521
tisch,19,12,-18012,-18052,-5868,236,750,841
tisch,19,13,-18728,-18160,-5940,542,250,933
tisch,19,14,-18720,-18324,-5860,913,-337,874
tisch,19,15,-17848,-18488,-5828,1403,-846,747
tisch,19,16,-16492,-17440,-5288,2046,-1209,799
tisch,19,17,-17216,-18048,-5512,2306,-1494,846
tisch,19,18,-17716,-16984,-4984,2499,-1875,985
tisch,19,19,-17416,-17056,-5412,2691,-2277,1108
tisch,19,20,-17200,-16868,-5232,2802,-2632,1149
tisch,19,21,-17440,-16496,-5344,2844,-3014,1397
tisch,19,22,-16360,-16968,-5384,3199,-3340,1459
tisch,19,23,-16852,-16280,-5036,3951,-3785,1730
tisch,19,24,-17792,-13508,-4284,4139,-4235,1850
tisch,19,25,-17792,-12112,-4120,4097,-4683,2005
tisch,19,26,-17052,-11180,-4144,3753,-4992,2214
tisch,19,27,-16328,-10160,-4300,3604,-5215,2454
tisch,19,28,-15128,-9568,-4584,3538,-5317,2705
tisch,19,29,-14700,-8556,-4568,3465,-5297,2990
tisch,19,30,-14388,-7696,-4676,3351,-5151,3236
tisch,19,31,-13736,-6284,-4344,3210,-5069,3602
tisch,19,32,-14308,-5036,-3932,2993,-5021,4003
tisch,19,33,-14336,-4016,-3972,2493,-4994,4325
tisch,19,34,-13248,-4560,-3588,2017,-4770,4551
tisch,19,35,-12500,-5016,-3300,1570,-4352,4567
tisch,19,36,-11832,-5676,-2812,1269,-3995,4335
tisch,19,37,-12148,-5720,-1444,1157,-3650,4060
tisch,19,38,-13524,-4960,-356,1011,-3679,3973
tisch,19,39,-15524,-4960,708,643,-3866,3868
tisch,19,40,-15548,-6772,2028,295,-4493,3699
tisch,19,41,-15264,-8788,1868,215,-5070,3354
tisch,19,42,-14184,-7080,3416,313,-5373,3221
tisch,19,43,-12224,-6276,2512,291,-5542,3207
tisch,19,44,-9764,-5492,2156,180,-5346,3101
tisch,19,45,-8972,-5004,2520,-98,-4778,2882
tisch,19,46,-8628,-4376,3332,-263,-4319,2729
tisch,19,47,-8436,-4092,3456,-455,-3930,2641
tisch,19,48,-8072,-4720,3756,-618,-3609,2515
tisch,19,49,-8256,-4244,4212,-802,-3266,2419
tisch,19,50,-7480,-3964,4360,-911,-3113,2213
tisch,19,51,-7180,-3300,4748,-1058,-2663,2175
tisch,19,52,-7004,-2372,4420,-1333,-2268,2180
tisch,19,53,-6776,-3112,4968,-1569,-1838,2127
tisch,19,54,-5900,-3684,4888,-1779,-1330,1972
tisch,19,55,-5772,-4268,4436,-2056,-698,1583
tisch,19,56,-4920,-4308,5236,-2144,-41,1023
tisch,19,57,-4200,-2904,4676,-2446,684,627
tisch,19,58,-4040,-3352,4856,-2687,1303,209
tisch,19,59,-4308,-3752,4392,-3013,1935,-237
tisch,19,60,-6616,-4904,5668,-3174,2404,-514
tisch,19,61,-8336,-6060,6448,-3109,2538,-498
tisch,19,62,-11312,-6584,6868,-3131,2076,-198
tisch,19,63,-12180,-6992,8688,-3290,1404,274
tisch,19,64,-13136,-10672,9192,-2988,731,915
tisch,19,65,-12112,-9916,10208,-2232,151,1402
tisch,19,66,-11168,-8988,8948,-1402,-279,1787
tisch,19,67,-11220,-7856,8164,-1188,-492,1956
tisch,19,68,-10204,-6324,8092,-1439,-605,1987
tisch,19,69,-9412,-4868,9576,-1977,-590,1765
tisch,19,70,-9048,-5228,8472,-2418,-523,1494
tisch,19,71,-8064,-4012,8044,-2832,-446,1135
tisch,19,72,-7468,-5092,7724,-3211,-339,809
tisch,19,73,-7564,-4424,7404,-3497,-223,590
tisch,19,74,-6648,-4156,7028,-3882,-44,275
tisch,19,75,-6728,-2744,7108,-4435,129,-9
tisch,19,76,-6632,-3416,5744,-4642,459,-311
tisch,19,77,-7208,-2888,6492,-5039,762,-408
tisch,19,78,-8596,3132,5204,-5997,1169,-469
tisch,19,79,-2272,-7508,17300,-3707,335,328
tisch,19,80,-8892,-8428,7408,-1538,777,117
tisch,19,81,-10940,-8156,7052,-1532,977,440
tisch,19,82,-12084,-7652,8460,-2481,1008,352
tisch,19,83,-12304,-8724,9384,-2456,619,278
tisch,19,84,-11728,-7444,8396,-1871,57,8
tisch,19,85,-10696,-7332,7084,-1907,-396,-295
tisch,19,86,-7532,-6428,8260,-1227,-289,-488
tisch,19,87,-6492,-5248,8448,-1494,150,-673
tisch,19,88,-5872,-2972,7160,-2149,949,-549
tisch,19,89,-6776,-3012,8060,-2682,1662,-255
tisch,19,90,-7504,-2632,3964,-3273,2239,95
tisch,19,91,-20396,-15568,6248,-2603,2014,367
tisch,19,92,-21940,-14780,23780,-1013,-615,1820
tisch,19,93,-21040,-13220,14712,-472,-906,1530
tisch,19,94,-13880,-9148,11100,-465,-1338,1537
tisch,19,95,-10312,-4484,9276,-730,-176,2129
tisch,19,96,-7816,-1500,4092,-1038,918,2501
tisch,19,97,-11872,-2504,4680,-925,1482,2961
tisch,19,98,-13788,-876,4928,-1320,1662,2959
tisch,19,99,-15472,-560,5468,-1721,1543,2999
tisch,19,100,-16620,-792,5028,-1943,1229,3430
tisch,19,101,-16912,-1704,3940,-2094,933,3874
tisch,19,102,-19852,-3072,5696,-1937,220,4050
tisch,19,103,-20416,-2976,4036,-1747,-794,4180
tisch,19,104,-19056,-3532,2732,-1796,-1463,4061
tisch,19,105,-17944,-4824,2880,-1942,-1812,3888
tisch,19,106,-18384,-4176,4840,-2207,-2010,3708
tisch,19,107,-17836,-3996,2524,-2403,-2214,3678
tisch,19,108,-18432,-4208,3604,-2653,-2292,3561
tisch,19,109,-18800,-3900,4192,-2731,-2488,3419
tisch,19,110,-18260,-5440,1704,-2674,-2725,3323
tisch,19,111,-18132,-4364,3492,-2861,-2934,3448
tisch,19,112,-19116,-3620,3076,-2672,-3153,3559
tisch,19,113,-19732,-3040,4396,-2548,-3408,3586
tisch,19,114,-20440,-2764,5412,-2337,-3740,3531
tisch,19,115,-19096,-4192,3188,-2131,-4006,3420
tisch,19,116,-19204,-1344,4200,-2096,-4300,3353
tisch,19,117,-18044,-1036,5136,-2202,-4468,3543
tisch,19,118,-17888,-780,4912,-2298,-4512,3753
tisch,19,119,-15616,-2948,3120,-2386,-4591,3849
tisch,19,120,-15744,-580,5044,-2373,-4480,3765
tisch,19,121,-14328,-28,4820,-2668,-4468,3524
tisch,19,122,-14260,-228,5252,-2682,-4231,3062
tisch,19,123,-13724,-124,5140,-2903,-4263,2681
tisch,19,124,-13256,2036,6812,-3151,-4270,2374
tisch,19,125,-11936,-1496,6028,-3553,-4361,2214
tisch,19,126,-11060,-4188,4780,-3884,-4397,2106
tisch,19,127,-10644,-2032,4980,-4130,-4353,2065
tisch,19,128,-10104,1636,7176,-3914,-4314,2031
tisch,19,129,-7640,-5008,6044,-4127,-4071,2054
tisch,19,130,-7376,-756,6904,-3877,-3696,2075
tisch,19,131,-5988,-1080,7408,-3650,-3298,2279
tisch,19,132,-3948,-5244,5796,-3747,-2735,2479
tisch,19,133,-4684,200,6684,-3496,-2171,2615
tisch,19,134,-3332,-224,7492,-3293,-1559,2820
tisch,19,135,-3544,-1268,7616,-3362,-929,2953
tisch,19,136,-4112,-548,8060,-3430,-429,3089
tisch,19,137,-4492,-2572,7440,-3554,-73,3119
tisch,19,138,-5240,-4168,7440,-3464,240,3057
tisch,19,139,-5928,-2696,7180,-3422,394,2958
tisch,19,140,-4944,-1376,6900,-3664,744,3010
tisch,19,141,-4588,-3108,6748,-3693,1233,3082
tisch,19,142,-4288,-3672,5724,-3597,1800,3128
tisch,19,143,-3128,-3428,5308,-3748,2571,3346
tisch,19,144,-3040,-3496,4152,-3926,3417,3666
tisch,19,145,-4064,-4692,3728,-4175,4308,3814
tisch,19,146,-5576,-6184,4356,-4266,5041,3769
tisch,19,147,-8376,-8588,4056,-4448,5429,3448
tisch,19,148,-9968,-11348,3852,-4430,5587,2829
tisch,19,149,-12232,-11800,4748,-4419,5589,2150
tisch,19,150,-13532,-13660,4648,-4263,5172,1365
tisch,19,151,-16596,-15768,6336,-3898,4300,640
tisch,19,152,-25224,-22148,6984,-3406,3465,-216
tisch,19,153,-15608,-23164,17184,-1194,1593,-203
tisch,19,154,-17968,-19120,6360,-555,362,-746
tisch,19,155,-15184,-13956,6752,-243,-174,228
tisch,19,156,-14684,-11128,15844,738,346,1605
tisch,19,157,-13964,-13840,6848,694,298,1382
tisch,19,158,-16912,-8396,6700,523,480,1369
tisch,19,159,-19712,-14576,6528,388,64,1157
tisch,19,160,-19416,-11068,6032,541,-559,654
tisch,19,161,-20428,-13712,7696,622,-1847,-27
tisch,19,162,-20036,-12460,6248,864,-2920,-542
tisch,19,163,-19324,-14364,7468,1446,-4205,-972
tisch,19,164,-17584,-13620,7664,1738,-5318,-1332
tisch,19,165,-12864,-13340,7716,1954,-5780,-1489
tisch,19,166,-8620,-14180,7552,2242,-5673,-1350
tisch,19,167,-4400,-13200,6572,2612,-5122,-1077
tisch,19,168,-4224,-15328,8280,2907,-4464,-890
tisch,19,169,-5696,-13176,8528,3651,-3804,-647
tisch,19,170,-7840,-12180,10356,4319,-3401,-345
tisch,19,171,-9984,-11864,9784,4794,-3269,-262
tisch,19,172,-11248,-9336,9624,5191,-3571,-458
tisch,19,173,-10768,-8992,10504,5678,-4268,-733
tisch,19,174,-8948,-7332,9164,5837,-4518,-1193
tisch,19,175,-6412,-4900,7228,5367,-4507,-1786
tisch,19,176,-6356,-3512,9716,5440,-4801,-2378
tisch,19,177,-4696,-2820,7040,5250,-4766,-2801
tisch,19,178,-4628,-1980,7624,5090,-4426,-2582
tisch,19,179,-6012,-1488,8416,5124,-4222,-2105
tisch,19,180,-6228,-1304,7800,4868,-4274,-1779
tisch,19,181,-5680,-1212,7432,5368,-4597,-1374
tisch,19,182,-4692,292,8520,5807,-4483,-928
tisch,19,183,-3888,692,8076,5838,-4219,-1012
tisch,19,184,-2828,2344,7592,5653,-4054,-1456
tisch,19,185,-1924,4240,7404,5163,-3841,-2185
tisch,19,186,72,5084,6380,4566,-3643,-3083
tisch,19,187,1224,6428,6220,3785,-3263,-4007
tisch,19,188,1672,6704,6820,3098,-2682,-4860
tisch,19,189,2348,7204,6056,2542,-1853,-5541
tisch,19,190,1948,8480,6064,1970,-993,-5918
tisch,19,191,808,8772,6500,1509,-7,-6151
tisch,19,192,-952,9904,7412,791,828,-6132
tisch,19,193,-3388,10136,7100,-41,1385,-5882
tisch,19,194,-4904,9808,6764,-762,1571,-5674
tisch,19,195,-6416,10420,7344,-1238,1432,-5398
tisch,19,196,-7700,11232,7664,-1927,1367,-4961
tisch,19,197,-9724,9864,8296,-2804,1248,-4786
tisch,19,198,-10844,8168,9100,-3386,778,-4855
tisch,19,199,-12220,4676,10124,-3821,312,-5129
tisch,19,200,-14880,12356,7920,-5343,-94,-5233
tisch,19,201,-12108,2084,12252,-4586,-913,-5070
tisch,19,202,-11368,1148,12136,-3923,-935,-5257
tisch,19,203,-9620,-996,13820,-4447,-1273,-5103
tisch,19,204,-7928,-4048,12540,-4292,-1369,-4687
tisch,19,205,-5940,-6616,13764,-3686,-1220,-4194
tisch,19,206,-5156,-5336,12904,-3800,-819,-4210
tisch,19,207,-2520,-6848,13180,-3885,153,-4395
tisch,19,208,-1860,-8952,11900,-3680,1216,-4250
tisch,19,209,-936,-10456,10940,-2909,2363,-3901
tisch,19,210,-2124,-10024,10428,-2535,3729,-3182
tisch,19,211,-3468,-10828,9788,-2122,4768,-2462
tisch,19,212,-5224,-5624,10380,-1518,5270,-1839
tisch,19,213,-7532,-4072,10584,-1413,5456,-1385
tisch,19,214,-9264,-5148,10420,-1392,5259,-1109
tisch,19,215,-10996,-7284,11320,-1010,4852,-1129
tisch,19,216,-12876,-11552,10740,-782,4173,-1265
tisch,19,217,-14904,-14368,11920,-23,3021,-1083
tisch,19,218,-13888,-11456,10068,777,1896,269
tisch,19,219,-9976,-13660,10392,992,1498,1021
tisch,19,220,-13616,-9396,12192,1641,1911,2081
tisch,19,221,-15732,-8424,11940,1910,1723,2148
tisch,19,222,-13064,-8380,10292,2163,1061,881
tisch,19,223,-12220,-2796,9532,1650,917,174
tisch,19,224,-14448,-3812,9636,626,681,-195
tisch,19,225,-14572,-6304,9232,456,39,-550
tisch,19,226,-14760,-7620,9240,721,-263,-810
tisch,19,227,-13032,-4272,9232,513,-746,-795
tisch,19,228,-14176,-5016,9052,177,-1005,-624
tisch,19,229,-11572,-6496,12168,366,-1320,-558
tisch,19,230,-14188,-5932,10068,-394,-1813,-638
tisch,19,231,-14412,-5632,11288,107,-2101,-833
tisch,19,232,-14680,-5632,9660,-328,-2761,-1012
tisch,19,233,-14784,-7220,11012,16,-3256,-1095
tisch,19,234,-13924,-6740,10088,440,-3810,-1008
tisch,19,235,-13740,-7244,10316,845,-4196,-717
tisch,19,236,-12572,-6436,10224,1189,-4449,-550
tisch,19,237,-10884,-5940,9764,1489,-4564,-322
tisch,19,238,-10988,-4816,10476,1607,-4456,-14
tisch,19,239,-11740,-2468,9264,663,-4550,-18
tisch,19,240,-12804,-2832,9884,-498,-4752,-232
tisch,19,241,-12620,-5096,9828,-962,-5094,-441
tisch,19,242,-14112,-6428,11372,-357,-5641,-424
tisch,19,243,-12976,-7184,11196,197,-6405,-447
tisch,19,244,-10620,-6492,10464,669,-6818,-296
tisch,19,245,-8616,-5740,10464,1022,-6948,-73
tisch,19,246,-7452,-5264,11936,958,-6941,163
tisch,19,247,-5696,-2968,8980,669,-7005,319
tisch,19,248,-5364,-2648,10716,298,-6685,527
tisch,19,249,-6164,-3144,10384,216,-6746,514
tisch,19,250,-5516,-2900,8924,-288,-7170,337
tisch,19,251,-4336,-3772,10664,-483,-7379,218
tisch,19,252,-5096,-3464,11088,-365,-7611,165
tisch,19,253,-4856,-4848,9184,-325,-8209,-110
tisch,19,254,-4656,-5000,11608,-629,-8785,-379
tisch,19,255,-2220,-6512,8468,-114,-9408,-532
tisch,19,256,-1492,-4768,7760,-337,-9904,-569
tisch,19,257,896,-5360,8184,-10,-10331,-488
tisch,19,258,1368,-4144,7096,-587,-10476,-481
tisch,19,259,3612,-4768,6848,-289,-10542,-280
tisch,19,260,4956,-3428,5512,-506,-10489,-358
tisch,19,261,5756,-7264,5604,-88,-10570,-339
tisch,19,262,8932,-5524,3764,517,-10506,-271
tisch,19,263,11452,-3000,2684,351,-10095,-144
tisch,19,264,13852,-3184,2700,538,-9441,102
tisch,19,265,14916,-3232,2520,604,-8614,340
tisch,19,266,14588,-4300,1612,697,-7870,519
tisch,19,267,15224,-4700,1072,820,-7280,629
tisch,19,268,15996,-3976,1300,832,-6948,555
tisch,19,269,16648,-4920,232,680,-6508,504
tisch,19,270,18472,-4276,-688,693,-6014,497
tisch,19,271,19596,-4748,-848,509,-5416,564
tisch,19,272,21368,-6020,-1480,598,-4731,627
tisch,19,273,21500,-7228,-1888,820,-3950,838
tisch,19,274,3912,20540,4116,-2748,-3558,365
tisch,19,275,30916,-5572,3592,1821,-2357,1638
tisch,19,276,22404,-6352,-4108,315,-1373,897
tisch,19,277,22964,-4384,-968,806,-656,1089
tisch,19,278,22312,-5280,-2504,667,96,903
tisch,19,279,22364,-4200,-1464,595,804,834
tisch,19,280,21824,-4388,-1072,507,1516,737
tisch,19,281,22368,-3960,-688,444,2300,710
tisch,19,282,22236,-4092,748,498,3087,745
tisch,19,283,22560,-4428,2920,689,3665,694
tisch,19,284,23716,-5152,6980,895,3734,333
tisch,19,285,26256,-6192,8536,925,4049,-171
tisch,19,286,25172,-7804,6412,634,5083,-817
tisch,19,287,19608,-7956,4568,755,6048,-832
tisch,19,288,16696,-5016,3984,849,6672,-787
tisch,19,289,13408,-4412,4360,889,6968,-769
tisch,19,290,11788,-4756,4844,929,7126,-784
tisch,19,291,10508,-4600,5364,1054,7186,-730
tisch,19,292,7948,-2532,7052,993,6995,-811
tisch,19,293,6284,-2520,8708,1220,6241,-826
tisch,19,294,4740,-1716,10080,926,5296,-905
tisch,19,295,6048,-1924,10600,926,4456,-875
tisch,19,296,7444,-2652,10696,265,3986,-857
tisch,19,297,7200,-2516,10796,42,3740,-645
tisch,19,298,6744,-2336,11108,-205,3504,-548
tisch,19,299,6512,-2572,11692,-464,3246,-488
tisch,20,0,9744,-16832,3360,963,1249,-473
tisch,20,1,9776,-17200,3288,1288,1497,-599
tisch,20,2,8928,-18100,3116,1847,1721,-506
tisch,20,3,8568,-17344,3672,2588,1762,-262
tisch,20,4,6744,-17004,3688,3158,1854,-20
tisch,20,5,7008,-16100,4756,3804,1845,60
tisch,20,6,6232,-15380,5616,4225,1828,67
tisch,20,7,5768,-13640,5964,4297,1684,-103
tisch,20,8,5640,-10128,5600,3488,1631,-379
tisch,20,9,5972,-11724,4492,2591,1684,-777
tisch,20,10,7312,-11676,7788,2381,1846,-953
tisch,20,11,6700,-11008,6888,2124,1964,-1124
tisch,20,12,6012,-11772,7304,2037,1938,-1392
tisch,20,13,6352,-11536,8344,1551,1889,-1581
tisch,20,14,6608,-11304,6652,1322,1928,-1792
tisch,20,15,7188,-11040,6772,945,1818,-2134
tisch,20,16,9348,-11520,5432,1041,1945,-2250
tisch,20,17,12052,-10192,5664,1191,2471,-2068
tisch,20,18,12492,-10440,5648,1189,3281,-1904
tisch,20,19,11876,-10688,6872,1406,4171,-1812
tisch,20,20,9820,-10028,7836,1627,4834,-1694
tisch,20,21,6800,-10396,9260,2085,5183,-1836
tisch,20,22,2980,-9616,9884,2286,5304,-1935
tisch,20,23,-56,-7576,11288,2460,5002,-2004
tisch,20,24,-3256,-5776,12516,2490,4289,-2031
tisch,20,25,-4692,-3492,14060,2216,3373,-1823
tisch,20,26,-7048,4080,14128,1605,2144,-1271
tisch,20,27,-8772,5848,14640,1211,834,-913
tisch,20,28,-9076,1360,13840,277,-472,-494
tisch,20,29,-7424,1988,13880,-535,-1747,-251
tisch,20,30,-4972,140,13172,-1207,-2784,-95
tisch,20,31,-2884,-2424,12280,-1607,-3669,-19
tisch,20,32,732,-4776,11104,-1553,-4340,-77
tisch,20,33,7016,-6988,9984,-1338,-4441,-48
tisch,20,34,14324,-8552,9248,-966,-3543,256
tisch,20,35,18576,-9728,9512,-450,-1993,534
tisch,20,36,19776,-10052,9928,200,-258,433
tisch,20,37,18692,-9844,10996,852,1250,-74
tisch,20,38,16776,-9412,11312,1358,2432,-974
tisch,20,39,15168,-8604,11396,1688,3354,-1872
tisch,20,40,13476,-7336,10988,1739,4066,-2568
tisch,20,41,12140,-7640,10516,2013,4649,-3066
tisch,20,42,10152,-6628,9708,2176,4968,-3391
tisch,20,43,8884,-5444,9480,2183,5016,-3615
tisch,20,44,7280,-5048,9208,2108,4859,-3914
tisch,20,45,7380,-4360,8816,1903,4560,-4331
tisch,20,46,8624,-3828,8320,1588,4427,-4625
tisch,20,47,9688,-3824,8188,1233,4531,-4957
tisch,20,48,10020,-3520,8044,926,4788,-5515
tisch,20,49,10380,-2988,8184,573,5208,-6120
tisch,20,50,10224,-2436,8176,232,5712,-6719
tisch,20,51,9404,-2192,8508,-148,6304,-7215
tisch,20,52,7856,-2304,8236,-684,7019,-7771
tisch,20,53,6452,-2716,9324,-1123,7471,-8419
tisch,20,54,5696,-4104,8792,-1746,8171,-8905
tisch,20,55,3456,-7084,9200,-1993,8752,-9293
tisch,20,56,2684,-8836,8072,-1946,9170,-9514
tisch,20,57,-184,-11044,8788,-1559,9586,-9402
tisch,20,58,-3000,-12280,8768,-888,9619,-9206
tisch,20,59,-6924,-11032,10780,-225,9550,-8523
tisch,20,60,-5948,-9176,8704,-118,9590,-8211
tisch,20,61,-8692,-8992,9056,1473,9184,-6858
tisch,20,62,-11168,-6620,11560,1083,8776,-5964
tisch,20,63,-14132,-5968,12868,1248,7991,-5290
tisch,20,64,-16312,-5992,13340,1328,6789,-4686
tisch,20,65,-16760,-6184,12492,1134,5799,-4290
tisch,20,66,-18352,-6544,13040,1149,4770,-3982
tisch,20,67,-19260,-5540,12604,1094,3765,-3745
tisch,20,68,-20380,-4684,12564,1139,2623,-3525
tisch,20,69,-20436,-3832,12416,947,1543,-3273
tisch,20,70,-19128,-3940,11756,1023,577,-2653
tisch,20,71,-17452,-2748,11428,1121,-62,-1753
tisch,20,72,-17412,-3708,11324,1341,-469,-783
tisch,20,73,-16236,-4056,11184,1518,-930,61
tisch,20,74,-16884,-2360,10984,1610,-1362,514
tisch,20,75,-16212,-1060,11080,1396,-1883,630
tisch,20,76,-14732,-1092,11144,979,-2352,586
tisch,20,77,-13088,-1224,11012,667,-2682,473
tisch,20,78,-10620,1884,10624,277,-2947,468
tisch,20,79,-10520,-3972,11208,454,-2908,559
tisch,20,80,-7332,-1208,10008,-109,-2934,744
tisch,20,81,-6488,-316,10080,-413,-2741,971
tisch,20,82,-6248,12,9364,-691,-2565,1117
tisch,20,83,6192,2952,29764,-433,-2012,602
tisch,20,84,-7788,4952,7120,-3866,-2360,1211
tisch,20,85,-7528,-644,10776,-4093,-2195,653
tisch,20,86,-7492,-2548,8832,-3729,-2377,490
tisch,20,87,-6712,-3792,8100,-4116,-2713,96
tisch,20,88,-5580,-5104,7900,-4126,-3005,-282
tisch,20,89,-3996,-5876,7772,-3833,-3173,-398
tisch,20,90,-3164,-5976,7796,-3715,-3210,-324
tisch,20,91,-2444,-6416,7180,-3939,-3126,-51
tisch,20,92,-1428,-7500,6516,-3981,-3029,391
tisch,20,93,-2368,-7968,7160,-3957,-2719,921
tisch,20,94,-1776,-9100,6172,-4040,-2432,1392
tisch,20,95,-2444,-10152,5280,-3932,-2260,1886
tisch,20,96,-1520,-8240,6060,-3583,-2057,2495
tisch,20,97,-2836,-9928,6224,-3817,-1915,2642
tisch,20,98,-3820,-10728,6084,-4137,-2050,2602
tisch,20,99,-4348,-12008,5980,-4422,-2373,2421
tisch,20,100,-4224,-14524,5808,-4437,-2643,2247
tisch,20,101,-3328,-16648,5528,-4175,-2964,2124
tisch,20,102,-2204,-18716,5796,-3652,-3002,2022
tisch,20,103,-1440,-20820,5628,-2917,-2883,1842
tisch,20,104,-512,-21732,5524,-2142,-2817,1644
tisch,20,105,528,-21164,5908,-1372,-2687,1440
tisch,20,106,1472,-20120,6368,-720,-2491,1163
tisch,20,107,2388,-18812,6884,-219,-2315,892
tisch,20,108,2632,-17976,6736,39,-1964,692
tisch,20,109,2388,-16872,7024,315,-1552,523
tisch,20,110,2320,-15844,7064,-84,-1229,149
tisch,20,111,1880,-16332,7064,-99,-988,-30
tisch,20,112,1460,-15348,7220,43,-748,-39
tisch,20,113,2104,-14148,7364,365,-561,-19
tisch,20,114,1868,-12856,7492,450,-383,-132
tisch,20,115,1228,-13376,8072,611,-237,-164
tisch,20,116,436,-12564,8328,801,-198,-404
tisch,20,117,376,-12208,8880,897,-370,-587
tisch,20,118,672,-11516,9284,963,-573,-742
tisch,20,119,1480,-10468,9852,1059,-754,-888
tisch,20,120,2124,-9740,9912,869,-778,-1091
tisch,20,121,2672,-9184,9880,1067,-694,-1237
tisch,20,122,3332,-6840,9164,690,-405,-1398
tisch,20,123,2872,-8212,10820,359,-51,-1427
tisch,20,124,3300,-9068,10968,390,272,-1325
tisch,20,125,3664,-7856,11592,171,651,-1226
tisch,20,126,2152,-7248,12616,-56,956,-926
tisch,20,127,2104,-7944,13544,-68,1143,-574
tisch,20,128,756,-9048,14920,-204,1092,-259
tisch,20,129,740,-8916,14612,-513,1114,-114
tisch,20,130,-708,-10508,15300,-161,978,211
tisch,20,131,-1492,-9648,14912,-134,670,241
tisch,20,132,-3080,-9776,13604,-281,261,218
tisch,20,133,-2100,-7048,13284,-306,-281,276
tisch,20,134,-956,-7460,12468,-33,-677,465
tisch,20,135,720,-6724,11944,-64,-918,1158
tisch,20,136,2104,-6696,11132,-289,-1002,1973
tisch,20,137,5592,-5108,13400,-67,-679,2799
tisch,20,138,4724,-7028,12940,-599,34,2898
tisch,20,139,4120,-6740,13456,-883,629,2455
tisch,20,140,2136,-8284,13224,-1108,1182,1814
tisch,20,141,-340,-7204,12260,-1696,1639,1036
tisch,20,142,-2780,-9428,13232,-1609,1619,664
tisch,20,143,-5568,-10324,13432,-1585,1179,741
tisch,20,144,-7232,-9980,13640,-1567,453,1063
tisch,20,145,-6992,-9208,13088,-1224,-519,1614
tisch,20,146,-5604,-8032,11924,-1210,-1292,2112
tisch,20,147,-3460,-8492,11356,-1039,-1883,2475
tisch,20,148,-1720,-9008,11232,-1116,-2036,2341
tisch,20,149,-408,-9432,11204,-1144,-2135,1726
tisch,20,150,656,-9256,11140,-1324,-2195,937
tisch,20,151,2392,-8996,10620,-1542,-2115,109
tisch,20,152,4084,-8804,11192,-1599,-1900,-433
tisch,20,153,4464,-8904,10788,-1828,-1578,-819
tisch,20,154,5036,-3124,9356,-3353,-1006,-941
tisch,20,155,8540,-14868,12876,-1252,-955,-876
tisch,20,156,5800,-8860,10044,-1007,-281,-1025
tisch,20,157,6860,-7496,10792,-1282,18,-804
tisch,20,158,7388,-11552,10668,-1139,313,-1138
tisch,20,159,6824,-10048,9668,-1510,538,-1303
tisch,20,160,7668,-12592,10148,-903,409,-1125
tisch,20,161,7076,-11724,9728,-1532,802,-1794
tisch,20,162,6848,-12296,7692,-1475,887,-2215
tisch,20,163,7236,-10780,7244,-1529,959,-2310
tisch,20,164,7916,-10424,6516,-966,1155,-2557
tisch,20,165,9248,-10980,6432,-986,1476,-2614
tisch,20,166,9024,-10128,5516,-1199,1969,-2560
tisch,20,167,9088,-8040,5180,-1560,2623,-2366
tisch,20,168,7996,-10364,4520,-1522,3178,-2028
tisch,20,169,7604,-8328,5080,-1634,3817,-1733
tisch,20,170,5672,-7732,4788,-1916,4424,-1539
tisch,20,171,3744,-11000,4192,-2205,4934,-1499
tisch,20,172,2644,-11128,4720,-2519,5208,-1631
tisch,20,173,-456,-17140,4772,-2851,5337,-1755
tisch,20,174,-3520,-19396,8808,-2219,5370,-1643
tisch,20,175,-5108,-20460,8912,-1166,5352,-891
tisch,20,176,-7464,-22604,8964,6,5145,-279
tisch,20,177,-9084,-18440,8516,715,4372,-198
tisch,20,178,-8616,-13104,8292,1047,3350,-677
tisch,20,179,-7816,-14716,6812,461,2486,-1599
tisch,20,180,-5296,-13772,6284,-64,1929,-2389
tisch,20,181,-2920,-11932,6028,-346,1716,-2923
tisch,20,182,-720,-11464,5812,-736,1772,-3276
tisch,20,183,-4808,-17596,13784,-205,4672,-4015
tisch,20,184,-10844,-17324,4028,-1152,1593,-4909
tisch,20,185,-23868,-11364,18820,-1363,-623,-5704
tisch,20,186,-2480,-9464,2244,-913,464,-6229
tisch,20,187,2112,-11892,6900,111,3510,-6242
tisch,20,188,-1472,-9096,8320,-957,930,-4322
tisch,20,189,3468,-10296,2496,-1129,1433,-3399
tisch,20,190,460,-15260,2148,-1077,2103,-1545
tisch,20,191,-1392,-12740,5980,-851,2036,66
tisch,20,192,-2724,-17612,7692,-734,2810,1026
tisch,20,193,-2916,-18820,6888,-348,2552,1633
tisch,20,194,-4380,-18292,8044,310,2587,1884
tisch,20,195,-3448,-19348,6988,519,2431,2103
tisch,20,196,-1552,-18720,7028,976,2419,2325
tisch,20,197,-1340,-16904,5720,1495,2644,2482
tisch,20,198,-600,-17756,5052,1798,3028,2687
tisch,20,199,-2388,-16872,5712,2116,3344,2788
tisch,20,200,-4260,-17412,5736,2262,3512,2776
tisch,20,201,-6780,-17156,5712,2183,3473,2676
tisch,20,202,-8580,-16712,6144,2090,3214,2371
tisch,20,203,-9892,-13016,6128,1916,2779,2029
tisch,20,204,-10372,-14896,6108,1898,2154,1870
tisch,20,205,-10040,-12940,6132,1983,1607,1842
tisch,20,206,-9692,-13584,5700,2137,1104,2125
tisch,20,207,-9120,-13692,5008,2403,969,2517
tisch,20,208,-8376,-13216,4420,2795,877,3103
tisch,20,209,-7792,-12116,3716,2897,871,3860
tisch,20,210,-7348,-11288,3236,3024,953,4591
tisch,20,211,-6388,-11292,2548,3169,1173,5342
tisch,20,212,-4972,-10948,1592,3287,1628,6118
tisch,20,213,-3592,-10708,956,3587,2250,6947
tisch,20,214,-2784,-9944,412,3797,2992,7727
tisch,20,215,-3180,-9068,188,3891,3716,8303
tisch,20,216,-4436,-8540,612,3834,4380,8443
tisch,20,217,-6528,-8352,1020,3753,4749,8150
tisch,20,218,-9280,-8380,1512,3450,4785,7355
tisch,20,219,-11132,-8600,2312,3210,4440,6358
tisch,20,220,-12264,-6380,2880,2710,3915,5396
tisch,20,221,-13208,-5436,3460,2136,3348,4560
tisch,20,222,-14552,-4300,3964,1427,2782,3864
tisch,20,223,-15580,-4080,3708,742,2073,3290
tisch,20,224,-16380,-4604,3664,152,1326,2857
tisch,20,225,-15816,-3856,3540,-314,781,2559
tisch,20,226,-15536,-4272,3568,-586,511,2378
tisch,20,227,-15368,-5020,3568,-708,428,2210
tisch,20,228,-15936,-4076,4016,-978,358,2111
tisch,20,229,-16900,-4136,4460,-1066,191,1997
tisch,20,230,-17328,-3460,5560,-1158,-181,1830
tisch,20,231,-17864,-2796,6248,-1355,-554,1692
tisch,20,232,-17924,-2352,7164,-1659,-984,1696
tisch,20,233,-17740,-2344,7080,-1909,-1362,1877
tisch,20,234,-18176,-3260,7676,-2002,-1752,2206
tisch,20,235,-17464,-2600,7964,-2062,-2045,2566
tisch,20,236,-17848,-3492,7496,-2011,-2190,2813
tisch,20,237,-17832,-3792,8376,-1880,-2487,2842
tisch,20,238,-18904,-3752,9000,-1819,-2800,2767
tisch,20,239,-20056,-2992,9296,-1792,-3489,2572
tisch,20,240,-21460,-2164,10680,-2063,-4526,2334
tisch,20,241,-21744,-1204,11116,-2432,-5742,2085
tisch,20,242,-19252,-508,10360,-2978,-6885,2029
tisch,20,243,-17188,-1112,9056,-3461,-7749,2251
tisch,20,244,-14216,-1832,8660,-3870,-8243,2661
tisch,20,245,-11472,-3364,8056,-4055,-8473,2805
tisch,20,246,-8200,-2712,7796,-4139,-8325,2681
tisch,20,247,-6352,-3012,7636,-4336,-7938,2348
tisch,20,248,-4328,-4772,8024,-4490,-7450,2235
tisch,20,249,-4588,-6976,8528,-4466,-7027,2375
tisch,20,250,-4416,-10128,9912,-4071,-6918,2667
tisch,20,251,-3232,-12652,10432,-3359,-6821,2814
tisch,20,252,-1228,-15672,11492,-2495,-6614,2984
tisch,20,253,896,-16664,11688,-1654,-6119,3042
tisch,20,254,4304,-17568,12484,-796,-5449,3079
tisch,20,255,6392,-18864,12716,124,-4625,3028
tisch,20,256,6440,-17856,14128,1093,-3850,2824
tisch,20,257,6292,-14820,14664,1763,-3160,2466
tisch,20,258,5892,-16024,13580,2252,-2786,1888
tisch,20,259,4932,-11704,14228,2708,-2659,1264
tisch,20,260,4636,-12124,14544,2829,-2408,700
tisch,20,261,4624,-8632,12196,3036,-2369,37
tisch,20,262,5688,-8676,10724,3026,-2271,-959
tisch,20,263,4164,-7160,7576,2398,-2008,-1642
tisch,20,264,8900,-8300,8192,2245,-2078,-1875
tisch,20,265,10208,-6208,7192,2138,-1686,-2140
tisch,20,266,11148,-4824,6684,1976,-1214,-2520
tisch,20,267,11332,-2596,6384,1830,-549,-2737
tisch,20,268,10340,-1628,6360,1421,27,-2873
tisch,20,269,9364,-2168,6872,1045,464,-3087
tisch,20,270,7588,-1920,6940,421,959,-3416
tisch,20,271,7024,-2660,7628,-137,1363,-3822
tisch,20,272,5616,-2172,8296,-478,1517,-4193
tisch,20,273,4524,-3540,9040,-673,1647,-4402
tisch,20,274,2848,-6052,9384,-740,1688,-4426
tisch,20,275,1572,-4804,10192,-849,1513,-4395
tisch,20,276,660,-5760,10324,-740,1102,-4486
tisch,20,277,604,-6512,10456,-465,691,-4593
tisch,20,278,904,-4700,10488,-405,513,-4560
tisch,20,279,1296,-3280,10804,-473,572,-4503
tisch,20,280,1772,-2400,11124,-554,929,-4411
tisch,20,281,1084,-1880,11284,-590,1425,-4254
tisch,20,282,-4,-792,11044,-558,1945,-4057
tisch,20,283,-1552,144,11576,-528,2256,-3808
tisch,20,284,-3988,424,12208,-488,2327,-3515
tisch,20,285,-5256,564,12240,-486,2198,-3317
tisch,20,286,-5664,860,12448,-496,2092,-3124
tisch,20,287,-6876,1168,12376,-367,1951,-2953
tisch,20,288,-6528,1848,13056,-347,1918,-2812
tisch,20,289,-6620,2740,13176,-430,2174,-2547
tisch,20,290,-7124,2784,13172,-454,2598,-2186
tisch,20,291,-8644,2516,13912,-375,3027,-1787
tisch,20,292,-9792,2172,13552,-212,3404,-1360
tisch,20,293,-12988,1408,14344,127,3573,-827
tisch,20,294,-12224,1224,13516,208,3598,-547
tisch,20,295,-13752,1800,12812,380,3211,-137
tisch,20,296,-14152,2316,12924,271,2769,214
tisch,20,297,-14580,2500,13112,-31,2129,403
tisch,20,298,-14876,2592,12780,-431,1360,382
tisch,20,299,-14928,3008,13216,-946,397,177
