#pragma once

// Int8-quantisiertes CNN (meldung/nicht_meldung), aus modell_cnn_int8.tflite erzeugt.
alignas(8) const unsigned char modell_cnn_int8_tflite[] = {
  0x20, 0x00, 0x00, 0x00, 0x54, 0x46, 0x4c, 0x33, 0x00, 0x00, 0x00, 0x00,
  0x14, 0x00, 0x20, 0x00, 0x1c, 0x00, 0x18, 0x00, 0x14, 0x00, 0x10, 0x00,
  0x0c, 0x00, 0x00, 0x00, 0x08, 0x00, 0x04, 0x00, 0x14, 0x00, 0x00, 0x00,
  0x1c, 0x00, 0x00, 0x00, 0x8c, 0x00, 0x00, 0x00, 0x0c, 0x01, 0x00, 0x00,
  0xb8, 0x29, 0x00, 0x00, 0xc8, 0x29, 0x00, 0x00, 0x58, 0x4b, 0x00, 0x00,
  0x03, 0x00, 0x00, 0x00, 0x01, 0x00, 0x00, 0x00, 0x04, 0x00, 0x00, 0x00,
  0xd6, 0xd2, 0xff, 0xff, 0x0c, 0x00, 0x00, 0x00, 0x1c, 0x00, 0x00, 0x00,
  0x3c, 0x00, 0x00, 0x00, 0x0f, 0x00, 0x00, 0x00, 0x73, 0x65, 0x72, 0x76,
  0x69, 0x6e, 0x67, 0x5f, 0x64, 0x65, 0x66, 0x61, 0x75, 0x6c, 0x74, 0x00,
  0x01, 0x00, 0x00, 0x00, 0x04, 0x00, 0x00, 0x00, 0x68, 0xff, 0xff, 0xff,
  0x21, 0x00, 0x00, 0x00, 0x04, 0x00, 0x00, 0x00, 0x08, 0x00, 0x00, 0x00,
  0x6f, 0x75, 0x74, 0x70, 0x75, 0x74, 0x5f, 0x30, 0x00, 0x00, 0x00, 0x00,
  0x01, 0x00, 0x00, 0x00, 0x04, 0x00, 0x00, 0x00, 0xfa, 0xd5, 0xff, 0xff,
  0x04, 0x00, 0x00, 0x00, 0x0d, 0x00, 0x00, 0x00, 0x69, 0x6e, 0x70, 0x75,
  0x74, 0x5f, 0x6c, 0x61, 0x79, 0x65, 0x72, 0x5f, 0x35, 0x00, 0x00, 0x00,
  0x03, 0x00, 0x00, 0x00, 0x5c, 0x00, 0x00, 0x00, 0x2c, 0x00, 0x00, 0x00,
  0x04, 0x00, 0x00, 0x00, 0xb8, 0xff, 0xff, 0xff, 0x25, 0x00, 0x00, 0x00,
  0x04, 0x00, 0x00, 0x00, 0x13, 0x00, 0x00, 0x00, 0x43, 0x4f, 0x4e, 0x56,
  0x45, 0x52, 0x53, 0x49, 0x4f, 0x4e, 0x5f, 0x4d, 0x45, 0x54, 0x41, 0x44,
  0x41, 0x54, 0x41, 0x00, 0xdc, 0xff, 0xff, 0xff, 0x24, 0x00, 0x00, 0x00,
  0x04, 0x00, 0x00, 0x00, 0x13, 0x00, 0x00, 0x00, 0x6d, 0x69, 0x6e, 0x5f,
  0x72, 0x75, 0x6e, 0x74, 0x69, 0x6d, 0x65, 0x5f, 0x76, 0x65, 0x72, 0x73,
  0x69, 0x6f, 0x6e, 0x00, 0x08, 0x00, 0x0c, 0x00, 0x08, 0x00, 0x04, 0x00,
  0x08, 0x00, 0x00, 0x00, 0x23, 0x00, 0x00, 0x00, 0x04, 0x00, 0x00, 0x00,
  0x13, 0x00, 0x00, 0x00, 0x6d, 0x69, 0x6e, 0x5f, 0x72, 0x75, 0x6e, 0x74,
  0x69, 0x6d, 0x65, 0x5f, 0x76, 0x65, 0x72, 0x73, 0x69, 0x6f, 0x6e, 0x00,
  0x26, 0x00, 0x00, 0x00, 0xa8, 0x28, 0x00, 0x00, 0xa0, 0x28, 0x00, 0x00,
  0x8c, 0x28, 0x00, 0x00, 0x70, 0x28, 0x00, 0x00, 0x5c, 0x28, 0x00, 0x00,
  0x40, 0x28, 0x00, 0x00, 0x24, 0x28, 0x00, 0x00, 0x08, 0x28, 0x00, 0x00,
  0xec, 0x27, 0x00, 0x00, 0xd4, 0x27, 0x00, 0x00, 0x44, 0x27, 0x00, 0x00,
  0x34, 0x26, 0x00, 0x00, 0x24, 0x0e, 0x00, 0x00, 0x94, 0x0d, 0x00, 0x00,
  0x84, 0x03, 0x00, 0x00, 0x34, 0x03, 0x00, 0x00, 0x44, 0x01, 0x00, 0x00,
  0x3c, 0x01, 0x00, 0x00, 0x34, 0x01, 0x00, 0x00, 0x2c, 0x01, 0x00, 0x00,
  0x24, 0x01, 0x00, 0x00, 0x1c, 0x01, 0x00, 0x00, 0x14, 0x01, 0x00, 0x00,
  0x0c, 0x01, 0x00, 0x00, 0x04, 0x01, 0x00, 0x00, 0xfc, 0x00, 0x00, 0x00,
  0xf4, 0x00, 0x00, 0x00, 0xec, 0x00, 0x00, 0x00, 0xe4, 0x00, 0x00, 0x00,
  0xdc, 0x00, 0x00, 0x00, 0xd4, 0x00, 0x00, 0x00, 0xcc, 0x00, 0x00, 0x00,
  0xc4, 0x00, 0x00, 0x00, 0xbc, 0x00, 0x00, 0x00, 0xb4, 0x00, 0x00, 0x00,
  0x94, 0x00, 0x00, 0x00, 0x74, 0x00, 0x00, 0x00, 0x04, 0x00, 0x00, 0x00,
  0x36, 0xd7, 0xff, 0xff, 0x04, 0x00, 0x00, 0x00, 0x60, 0x00, 0x00, 0x00,
  0x0c, 0x00, 0x00, 0x00, 0x08, 0x00, 0x0e, 0x00, 0x08, 0x00, 0x04, 0x00,
  0x08, 0x00, 0x00, 0x00, 0x10, 0x00, 0x00, 0x00, 0x28, 0x00, 0x00, 0x00,
  0x00, 0x00, 0x06, 0x00, 0x08, 0x00, 0x04, 0x00, 0x06, 0x00, 0x00, 0x00,
  0x04, 0x00, 0x00, 0x00, 0x01, 0x00, 0x00, 0x00, 0xeb, 0x03, 0x00, 0x00,
  0x0c, 0x00, 0x18, 0x00, 0x14, 0x00, 0x10, 0x00, 0x0c, 0x00, 0x04, 0x00,
  0x0c, 0x00, 0x00, 0x00, 0xb3, 0xa3, 0x0b, 0x58, 0xfb, 0xea, 0x9b, 0x5f,
  0x02, 0x00, 0x00, 0x00, 0x02, 0x00, 0x00, 0x00, 0x04, 0x00, 0x00, 0x00,
  0x06, 0x00, 0x00, 0x00, 0x32, 0x2e, 0x31, 0x39, 0x2e, 0x31, 0x00, 0x00,
  0xa2, 0xd7, 0xff, 0xff, 0x04, 0x00, 0x00, 0x00, 0x10, 0x00, 0x00, 0x00,
  0x00, 0x00, 0x00, 0x00, 0x00, 0x00, 0x00, 0x00, 0x00, 0x00, 0x00, 0x00,
  0x00, 0x00, 0x00, 0x00, 0xbe, 0xd7, 0xff, 0xff, 0x04, 0x00, 0x00, 0x00,
  0x10, 0x00, 0x00, 0x00, 0x31, 0x2e, 0x31, 0x34, 0x2e, 0x30, 0x00, 0x00,
  0x00, 0x00, 0x00, 0x00, 0x00, 0x00, 0x00, 0x00, 0xb4, 0xb7, 0xff, 0xff,
  0xb8, 0xb7, 0xff, 0xff, 0xbc, 0xb7, 0xff, 0xff, 0xc0, 0xb7, 0xff, 0xff,
  0xc4, 0xb7, 0xff, 0xff, 0xc8, 0xb7, 0xff, 0xff, 0xcc, 0xb7, 0xff, 0xff,
  0xd0, 0xb7, 0xff, 0xff, 0xd4, 0xb7, 0xff, 0xff, 0xd8, 0xb7, 0xff, 0xff,
  0xdc, 0xb7, 0xff, 0xff, 0xe0, 0xb7, 0xff, 0xff, 0xe4, 0xb7, 0xff, 0xff,
  0xe8, 0xb7, 0xff, 0xff, 0xec, 0xb7, 0xff, 0xff, 0xf0, 0xb7, 0xff, 0xff,
  0xf4, 0xb7, 0xff, 0xff, 0xf8, 0xb7, 0xff, 0xff, 0x22, 0xd8, 0xff, 0xff,
  0x04, 0x00, 0x00, 0x00, 0xe0, 0x01, 0x00, 0x00, 0xc6, 0xbf, 0x0d, 0xef,
  0x0c, 0x3c, 0xed, 0xc6, 0xc7, 0x4c, 0xf7, 0x5f, 0x9b, 0x23, 0xb8, 0x16,
  0xe8, 0x16, 0x8b, 0x59, 0xa3, 0xd6, 0xda, 0x71, 0xaf, 0xbb, 0x81, 0x38,
  0xb5, 0x37, 0x95, 0x61, 0x81, 0x23, 0x28, 0x4d, 0x08, 0xd6, 0xba, 0x9f,
  0xf7, 0xfe, 0x20, 0x75, 0xc0, 0x54, 0xf7, 0xc9, 0x4d, 0x67, 0x15, 0x4e,
  0x5f, 0xe5, 0xe5, 0x2e, 0x16, 0x0b, 0xbd, 0xbd, 0x3f, 0x70, 0x32, 0xb3,
  0x4c, 0xba, 0xd3, 0x46, 0x0c, 0xa7, 0x26, 0x88, 0x2c, 0x7f, 0xd4, 0xee,
  0x23, 0x08, 0xab, 0x77, 0x62, 0xbd, 0xee, 0xdd, 0xd8, 0x2c, 0x08, 0xee,
  0x3a, 0xec, 0x0a, 0x7f, 0x20, 0x1f, 0x1b, 0x04, 0x9f, 0x62, 0x3c, 0xf3,
  0xde, 0xc1, 0xd7, 0xed, 0x4b, 0xe7, 0x3d, 0x2b, 0xf6, 0x2d, 0xe6, 0xf0,
  0x3f, 0xea, 0x8f, 0x7d, 0xe5, 0xdb, 0x3b, 0xb4, 0x38, 0x54, 0x08, 0x34,
  0x15, 0xc8, 0x32, 0x50, 0xe3, 0x6e, 0x9c, 0x3f, 0xf5, 0x46, 0xfa, 0x60,
  0xa6, 0xfe, 0xc9, 0x02, 0x02, 0x59, 0x81, 0x32, 0x53, 0x54, 0x67, 0x14,
  0x00, 0x10, 0xf6, 0x4e, 0x9b, 0x27, 0xe7, 0xda, 0x28, 0xfa, 0x19, 0x29,
  0x94, 0xd2, 0x02, 0x0f, 0x5c, 0x24, 0xbb, 0x83, 0xd7, 0xda, 0x33, 0x53,
  0xab, 0x81, 0x18, 0xb3, 0x93, 0xd2, 0xc2, 0xe1, 0x60, 0x4f, 0x48, 0x81,
  0x4e, 0x72, 0x79, 0xb3, 0x06, 0x9e, 0xfd, 0x01, 0x40, 0xc1, 0xa3, 0x8a,
  0xe8, 0x6b, 0xe6, 0xbf, 0x65, 0xa7, 0xac, 0x37, 0x7b, 0x49, 0xf0, 0x23,
  0x21, 0xc5, 0x97, 0x46, 0x5e, 0xa8, 0xf7, 0xc7, 0x44, 0xc6, 0x1a, 0x11,
  0x70, 0xba, 0x44, 0x22, 0x33, 0xdf, 0xca, 0x57, 0x81, 0x05, 0xc1, 0x98,
  0xe0, 0xe8, 0x81, 0x3d, 0x68, 0x43, 0x28, 0x4f, 0xe3, 0x13, 0xb8, 0xd5,
  0x27, 0x0c, 0xa5, 0x30, 0xec, 0xe9, 0xad, 0x43, 0xb3, 0xd4, 0xd4, 0xdd,
  0xea, 0x7f, 0xb1, 0xfa, 0x02, 0xd4, 0xcc, 0x13, 0x19, 0xfd, 0x02, 0x1d,
  0xeb, 0x0f, 0x81, 0x38, 0xe1, 0xb7, 0xe2, 0x58, 0x0d, 0x21, 0x3f, 0x2f,
  0x23, 0xd1, 0xb9, 0xfc, 0xee, 0xde, 0xd2, 0x3b, 0x0e, 0x43, 0x12, 0x27,
  0xe1, 0x4a, 0x9a, 0x0a, 0xc9, 0x24, 0xb9, 0xde, 0x69, 0xc4, 0x9e, 0x6b,
  0x21, 0x06, 0x5b, 0xe5, 0xca, 0x4d, 0x4e, 0x3b, 0x1a, 0xf1, 0x17, 0x0e,
  0x0a, 0x81, 0x53, 0x31, 0x6b, 0x13, 0xe6, 0xd6, 0x34, 0x84, 0x22, 0xca,
  0x2e, 0xc8, 0xd1, 0x11, 0x00, 0x81, 0x2b, 0x0b, 0xde, 0xe8, 0x27, 0xcc,
  0xf7, 0xf1, 0x0b, 0xf9, 0xf8, 0xe1, 0x36, 0x0c, 0xab, 0xfb, 0x32, 0xa2,
  0x29, 0x46, 0xf2, 0xcf, 0x18, 0x11, 0x09, 0xf5, 0xaa, 0xaf, 0xd0, 0xb1,
  0x4f, 0xd8, 0x2b, 0x0c, 0xa3, 0xdf, 0x53, 0x08, 0x15, 0x03, 0xe6, 0xae,
  0x14, 0x3c, 0x1d, 0x97, 0x43, 0x28, 0x51, 0x7f, 0xcb, 0x25, 0xbc, 0x8b,
  0x44, 0x64, 0xbe, 0xdb, 0x36, 0xc7, 0x09, 0x4a, 0x24, 0xb5, 0x54, 0x39,
  0x7a, 0x42, 0x5a, 0x29, 0xe4, 0x7f, 0x12, 0x70, 0xd5, 0x24, 0xd5, 0xc0,
  0xf1, 0xf2, 0x4a, 0x93, 0x64, 0x39, 0xd9, 0x83, 0x54, 0xed, 0xc6, 0x64,
  0x30, 0xdd, 0x10, 0x15, 0x4c, 0xdc, 0xfd, 0xc8, 0xda, 0xd4, 0xf1, 0x16,
  0x11, 0xc3, 0x4f, 0x26, 0x04, 0xf9, 0x4b, 0x8d, 0x0d, 0xfa, 0x12, 0x34,
  0x10, 0x81, 0x27, 0xed, 0x21, 0xdc, 0xbb, 0xa8, 0x05, 0xc6, 0x3b, 0x53,
  0xfe, 0x0f, 0x4e, 0x40, 0xff, 0x27, 0xe2, 0x81, 0xf4, 0xc5, 0xc9, 0xf8,
  0xe1, 0x17, 0x0a, 0x00, 0x47, 0x2a, 0xbc, 0x11, 0x0e, 0xda, 0xff, 0xff,
  0x04, 0x00, 0x00, 0x00, 0x40, 0x00, 0x00, 0x00, 0x13, 0x01, 0x00, 0x00,
  0xd7, 0x00, 0x00, 0x00, 0x93, 0x02, 0x00, 0x00, 0x9d, 0x03, 0x00, 0x00,
  0x2c, 0xff, 0xff, 0xff, 0x5e, 0xfe, 0xff, 0xff, 0x3e, 0xfe, 0xff, 0xff,
  0xf1, 0x02, 0x00, 0x00, 0xb0, 0x01, 0x00, 0x00, 0x42, 0x03, 0x00, 0x00,
  0xec, 0xfe, 0xff, 0xff, 0x20, 0x00, 0x00, 0x00, 0x9c, 0x00, 0x00, 0x00,
  0xa5, 0xfd, 0xff, 0xff, 0xe4, 0xff, 0xff, 0xff, 0x7a, 0xfd, 0xff, 0xff,
  0x5a, 0xda, 0xff, 0xff, 0x04, 0x00, 0x00, 0x00, 0x00, 0x0a, 0x00, 0x00,
  0xef, 0x65, 0xb3, 0x8a, 0xed, 0xbd, 0xf9, 0xc2, 0xfc, 0x0d, 0xfd, 0xe2,
  0x7c, 0x73, 0xbf, 0x55, 0x89, 0x2d, 0x3b, 0x8e, 0x2d, 0x73, 0xe8, 0xdb,
  0xef, 0x20, 0xe6, 0x5b, 0xd9, 0x6f, 0x51, 0x58, 0x95, 0x1f, 0x13, 0x07,
  0x52, 0x21, 0x36, 0xcd, 0x8d, 0xb6, 0xef, 0x42, 0xec, 0x3c, 0x01, 0x1c,
  0xc5, 0x6b, 0xc5, 0x2a, 0x7f, 0x31, 0x2b, 0xfa, 0x46, 0xc9, 0xc2, 0xcc,
  0x61, 0xed, 0xc6, 0x5c, 0xaa, 0xe7, 0x3f, 0xba, 0x65, 0x3f, 0xc8, 0x03,
  0x11, 0xd4, 0x37, 0x06, 0x76, 0x7b, 0x0c, 0xc4, 0x34, 0x44, 0x67, 0x60,
  0xdf, 0x90, 0x3c, 0x09, 0x56, 0x1d, 0xa3, 0x57, 0x43, 0x1f, 0xe6, 0x19,
  0x2a, 0x1a, 0x4a, 0xf2, 0x25, 0xf2, 0x9f, 0x4f, 0xdd, 0x16, 0x8c, 0x09,
  0xbc, 0xd4, 0xf0, 0xf0, 0x36, 0x52, 0xfc, 0x22, 0x18, 0xc2, 0xf7, 0xcd,
  0x2e, 0x7e, 0xc0, 0x3f, 0x35, 0xb2, 0x0f, 0x93, 0x23, 0x5b, 0x71, 0x55,
  0xb6, 0xae, 0x27, 0xf0, 0x1f, 0x3c, 0xaa, 0xf1, 0xac, 0xe6, 0xb2, 0x1b,
  0x18, 0x3b, 0x7d, 0xf9, 0xe0, 0xe1, 0xc3, 0x16, 0x4e, 0x0a, 0x81, 0x7a,
  0x0e, 0x27, 0xae, 0xee, 0x18, 0x58, 0x57, 0x10, 0x0f, 0xce, 0xc4, 0x5a,
  0x21, 0x17, 0xa7, 0x0f, 0x2a, 0xdf, 0x01, 0xca, 0x2a, 0x06, 0x1a, 0x5c,
  0xf2, 0xa1, 0x2e, 0xea, 0x65, 0x1c, 0xea, 0x05, 0x1a, 0xd3, 0x1c, 0x2b,
  0x21, 0x34, 0x0e, 0x3b, 0xf0, 0xcf, 0xda, 0x07, 0x2d, 0x58, 0xa6, 0xf9,
  0xf3, 0xc3, 0xc5, 0x18, 0x61, 0xd5, 0x7f, 0x21, 0xd1, 0xc2, 0xf3, 0x52,
  0x29, 0x46, 0xf0, 0x52, 0xd8, 0x04, 0xd0, 0xc4, 0x60, 0xf5, 0x72, 0x4b,
  0x0b, 0x14, 0xed, 0x00, 0x37, 0x16, 0xb6, 0x15, 0x2f, 0xc6, 0xe1, 0xc2,
  0x27, 0x2a, 0x99, 0x66, 0x28, 0x4b, 0x37, 0x1c, 0x23, 0x50, 0xd5, 0x81,
  0x1e, 0x9d, 0x9a, 0xa5, 0xf1, 0xcd, 0xd6, 0x49, 0x37, 0x55, 0x03, 0x9b,
  0xb6, 0xa4, 0xb3, 0x27, 0x09, 0x2c, 0x5b, 0x15, 0x15, 0x27, 0x1e, 0x03,
  0xc6, 0xaa, 0xbc, 0xa8, 0x0f, 0xcd, 0xec, 0x3b, 0xc7, 0x36, 0x21, 0xfa,
  0x09, 0xc2, 0xa3, 0x68, 0x03, 0x2c, 0xbd, 0x5b, 0x20, 0x48, 0xd7, 0xa4,
  0x08, 0x1e, 0x62, 0x46, 0xa9, 0xb1, 0xb9, 0x67, 0xd2, 0xf8, 0x32, 0x5d,
  0x3b, 0x44, 0xee, 0xb0, 0xa1, 0x3e, 0x14, 0xb7, 0xe1, 0xd3, 0xd5, 0x10,
  0xe1, 0xea, 0xda, 0xdc, 0x8d, 0xae, 0xd9, 0xff, 0xf4, 0x18, 0x1e, 0xeb,
  0xd8, 0x19, 0xd1, 0x0c, 0xd6, 0x15, 0x04, 0x0b, 0xae, 0xf7, 0x14, 0xd5,
  0xeb, 0xcb, 0x20, 0x16, 0xec, 0x15, 0x1f, 0xfb, 0xd7, 0xe5, 0xc4, 0x1b,
  0xd0, 0xbb, 0x14, 0xed, 0xc0, 0xfd, 0x1a, 0x30, 0x81, 0x0e, 0x16, 0x05,
  0xac, 0xcf, 0xfa, 0x31, 0xfd, 0x11, 0x1d, 0x0d, 0x07, 0xea, 0x18, 0x24,
  0x8b, 0xa0, 0xc3, 0x2f, 0xf0, 0xee, 0x14, 0x19, 0xc9, 0xfb, 0x03, 0xdc,
  0xe7, 0xe5, 0x47, 0xfb, 0xc7, 0x63, 0x07, 0x22, 0x5c, 0xcc, 0x26, 0x19,
  0xc6, 0x39, 0xa4, 0xbf, 0x00, 0x7a, 0x14, 0x02, 0x13, 0x2c, 0xc3, 0x8c,
  0x51, 0xf7, 0xfc, 0x30, 0xcd, 0xd8, 0x32, 0x17, 0x1a, 0xbb, 0x43, 0xba,
  0xdc, 0xd4, 0x16, 0xe9, 0xc5, 0x57, 0x50, 0x9e, 0x1c, 0x06, 0xa3, 0xf4,
  0x0c, 0xa1, 0x02, 0xcc, 0x23, 0xd7, 0xbc, 0xa6, 0xce, 0xb8, 0x20, 0xdc,
  0x89, 0x15, 0x81, 0x5b, 0x1f, 0x5d, 0x15, 0x47, 0xe5, 0xc6, 0xde, 0xdf,
  0x2f, 0x61, 0x08, 0xdd, 0xf0, 0x36, 0x8b, 0x3d, 0x24, 0xdf, 0xd6, 0x22,
  0x81, 0xf0, 0x30, 0xf5, 0x0f, 0xe0, 0x01, 0x75, 0xeb, 0x4f, 0xdb, 0x27,
  0xe3, 0xb2, 0x3b, 0xdc, 0xdf, 0x11, 0x54, 0x23, 0xc1, 0xac, 0xf3, 0x23,
  0x1e, 0x1f, 0x16, 0xfc, 0xd0, 0xb1, 0xe3, 0xc3, 0xb1, 0x05, 0xf3, 0x3e,
  0x33, 0xa0, 0x08, 0xff, 0x15, 0x24, 0x27, 0x26, 0xf4, 0x81, 0xfd, 0xce,
  0xb1, 0xd8, 0x67, 0x02, 0xec, 0x1b, 0xa8, 0x59, 0xe0, 0x16, 0xb7, 0x28,
  0xc3, 0xcf, 0x20, 0xee, 0x27, 0xec, 0xfb, 0x39, 0xa9, 0xe4, 0xf0, 0x68,
  0xc9, 0x4f, 0xe5, 0xff, 0xf0, 0x03, 0x26, 0xb7, 0xc6, 0x2c, 0xce, 0xc3,
  0x1f, 0xef, 0xfe, 0xb9, 0x81, 0xdf, 0x0c, 0xdb, 0x56, 0xcd, 0x37, 0x85,
  0x27, 0x3a, 0xc0, 0x2f, 0xe5, 0x2a, 0xd4, 0xed, 0xad, 0x0e, 0x0f, 0x51,
  0x40, 0x10, 0xd8, 0xb1, 0xa8, 0x24, 0xe5, 0x09, 0x4a, 0xfc, 0x04, 0x3f,
  0x0a, 0x0d, 0x3c, 0x4f, 0x48, 0xe4, 0xbb, 0xc9, 0x40, 0xe5, 0xd0, 0xcb,
  0x07, 0x39, 0x31, 0xf7, 0xcd, 0xf3, 0x1c, 0x46, 0x44, 0x09, 0xd1, 0xfd,
  0x3f, 0xeb, 0xed, 0xd9, 0xc4, 0xb4, 0xfa, 0xd0, 0xea, 0x13, 0x37, 0x02,
  0x45, 0x34, 0xef, 0xfe, 0x85, 0xdd, 0x37, 0xf4, 0xe4, 0x06, 0x34, 0xfc,
  0x0c, 0xda, 0x10, 0xff, 0xe1, 0xeb, 0xc0, 0xd3, 0xd0, 0xfe, 0x57, 0xae,
  0xba, 0x29, 0x38, 0xdb, 0xdb, 0xaf, 0xcb, 0xf4, 0x14, 0xc5, 0xa6, 0xbe,
  0xa5, 0x31, 0x1a, 0x36, 0x09, 0xba, 0xe6, 0x0d, 0x1c, 0x98, 0x1a, 0x59,
  0x65, 0x16, 0xd5, 0xe9, 0x14, 0x0e, 0x0f, 0x23, 0x3a, 0xf4, 0x3d, 0xb6,
  0xa4, 0xe1, 0x0e, 0x2d, 0x01, 0x3c, 0x09, 0x9d, 0x0d, 0xe7, 0xe8, 0xd2,
  0x56, 0xca, 0x51, 0xd7, 0x81, 0xec, 0xe9, 0xf1, 0x1f, 0xdf, 0xb3, 0x00,
  0x88, 0xe3, 0x20, 0x9a, 0x1e, 0x3a, 0xbe, 0xf8, 0x20, 0x9c, 0x9d, 0x15,
  0x22, 0xf5, 0xf2, 0x4f, 0xa0, 0x3e, 0xd3, 0xff, 0x33, 0xc5, 0xbf, 0xe7,
  0xfa, 0xd6, 0xe2, 0x48, 0x53, 0x45, 0xa0, 0x52, 0xd4, 0x41, 0xec, 0xa7,
  0xfb, 0xef, 0xa3, 0x0b, 0xa1, 0xf3, 0x35, 0x35, 0x7c, 0xc9, 0x01, 0xcb,
  0x01, 0x69, 0x44, 0x40, 0x7f, 0x29, 0x1c, 0x8b, 0xe4, 0xf2, 0x20, 0xde,
  0x4f, 0xec, 0xcb, 0xbb, 0x85, 0xec, 0xc5, 0x2b, 0x32, 0x31, 0x12, 0xe4,
  0xa7, 0x27, 0x64, 0x3f, 0xff, 0x5b, 0xaa, 0x2e, 0xe5, 0x08, 0xf5, 0xcd,
  0x0e, 0xfc, 0xfb, 0x36, 0x37, 0xe0, 0x22, 0x23, 0xce, 0x25, 0x19, 0x25,
  0x81, 0xe9, 0x63, 0xfc, 0x0e, 0x08, 0xd9, 0x35, 0xfd, 0xed, 0xfb, 0xdf,
  0x36, 0xad, 0xb1, 0x29, 0xa8, 0xb4, 0x23, 0xeb, 0x36, 0x2b, 0xd3, 0x41,
  0xfa, 0x17, 0xd8, 0xfd, 0xc2, 0x11, 0xcb, 0x19, 0xd2, 0xbb, 0x1b, 0x07,
  0x44, 0xc2, 0x8c, 0xe9, 0xe9, 0xb3, 0x2a, 0xf0, 0x16, 0xb7, 0xf4, 0xcc,
  0x1b, 0xe7, 0xc4, 0x0d, 0x37, 0x29, 0xd6, 0xcf, 0xcc, 0xee, 0x2e, 0x25,
  0xfb, 0xc7, 0xfa, 0xcd, 0xe8, 0x1d, 0x4f, 0x68, 0xdc, 0xd7, 0xcf, 0x1e,
  0xd6, 0x20, 0xe4, 0x0b, 0x1b, 0xcc, 0xbe, 0x30, 0x22, 0x17, 0x68, 0x5f,
  0xff, 0xa1, 0xb6, 0x09, 0x34, 0xfc, 0x22, 0xf7, 0xfa, 0xec, 0x43, 0xac,
  0x09, 0x44, 0x7c, 0x54, 0xcc, 0x97, 0xc3, 0x3a, 0x3f, 0x24, 0x1e, 0x64,
  0x24, 0xb9, 0xcd, 0x25, 0x64, 0xbe, 0x14, 0x0c, 0x32, 0xde, 0xc5, 0x2b,
  0x3a, 0x41, 0xc4, 0xf4, 0xee, 0xad, 0xd4, 0xaf, 0xdd, 0x27, 0x33, 0xe2,
  0xbe, 0x12, 0xde, 0x0a, 0xd7, 0x63, 0x81, 0x65, 0x1c, 0xdb, 0x4c, 0xa8,
  0xe4, 0x2e, 0x3d, 0x29, 0x63, 0x08, 0xcc, 0x3f, 0xb0, 0xd3, 0xc1, 0x2c,
  0xf9, 0x27, 0x0e, 0xf6, 0x12, 0xfc, 0x33, 0x28, 0x65, 0x50, 0x0c, 0x15,
  0xbb, 0xc8, 0xe5, 0xd8, 0xfd, 0xf4, 0x48, 0x2a, 0x26, 0xf0, 0xc8, 0xe4,
  0x48, 0x4d, 0xb2, 0xd1, 0x09, 0x29, 0xfe, 0xbe, 0xc3, 0x49, 0x17, 0x1b,
  0x33, 0x32, 0xce, 0xbb, 0x15, 0x41, 0xe8, 0xbe, 0xe4, 0xd2, 0xcd, 0xf2,
  0x16, 0x3e, 0x53, 0xf7, 0xe9, 0x0e, 0x24, 0x81, 0x6b, 0x27, 0xa8, 0x4b,
  0x34, 0xa5, 0xc1, 0x18, 0xff, 0xdc, 0x2e, 0x2c, 0x29, 0x0f, 0x20, 0x66,
  0xa7, 0x96, 0x8a, 0xfa, 0x6f, 0x0b, 0x02, 0xea, 0x02, 0x9e, 0xd3, 0x27,
  0x3c, 0xf4, 0x3a, 0x59, 0xca, 0x24, 0xbb, 0x22, 0x47, 0x46, 0xc5, 0xc7,
  0xc6, 0xb1, 0x46, 0x1c, 0x0f, 0xe5, 0x3e, 0x0b, 0x02, 0x0f, 0xba, 0x34,
  0x34, 0x7a, 0x02, 0x12, 0xea, 0x00, 0x38, 0xd0, 0xd0, 0xe3, 0x64, 0x11,
  0xe2, 0xa9, 0x23, 0x10, 0xf7, 0xd3, 0x1c, 0xcb, 0x3e, 0x2e, 0x45, 0x11,
  0xc9, 0x1e, 0xea, 0x7f, 0xd0, 0x92, 0xcf, 0xdf, 0x65, 0x53, 0x9a, 0xce,
  0x35, 0xb0, 0x41, 0x15, 0x32, 0x3e, 0x02, 0xeb, 0x53, 0xf1, 0xf5, 0x38,
  0x59, 0x44, 0xaf, 0xf1, 0x1e, 0x16, 0xca, 0xad, 0x08, 0x25, 0x30, 0x21,
  0x3d, 0xa9, 0x27, 0x70, 0xef, 0x17, 0xde, 0x0a, 0x16, 0x9b, 0x05, 0x0c,
  0x3d, 0xdc, 0x50, 0x10, 0x43, 0x82, 0x97, 0xe3, 0xe2, 0x7a, 0xf9, 0x42,
  0xe1, 0xa5, 0xf6, 0xd5, 0xe2, 0x06, 0x5f, 0x66, 0xce, 0xa2, 0xd7, 0x57,
  0x76, 0x41, 0xa8, 0x56, 0x24, 0x9b, 0x20, 0xf6, 0x0e, 0xc3, 0x7f, 0x43,
  0x46, 0x9b, 0xa5, 0xf9, 0x04, 0x62, 0xc7, 0x45, 0x22, 0x09, 0x3b, 0x26,
  0x19, 0xfd, 0xf2, 0x51, 0x58, 0xff, 0xd8, 0xef, 0x7a, 0x30, 0xfc, 0x2d,
  0x28, 0x25, 0xd2, 0xab, 0xf3, 0x33, 0x79, 0x6e, 0x5a, 0xd6, 0xf1, 0x3f,
  0x6d, 0x28, 0xa4, 0xd6, 0x06, 0xb3, 0x06, 0xde, 0x7c, 0x32, 0x1b, 0x16,
  0xda, 0xb4, 0x18, 0xfe, 0x0d, 0x00, 0x07, 0x05, 0xef, 0x07, 0xaa, 0xe7,
  0x47, 0xd6, 0xec, 0x51, 0xf8, 0xf0, 0xd8, 0x1f, 0x2b, 0x25, 0x96, 0x1c,
  0x0d, 0xfd, 0xb3, 0xa3, 0x4e, 0x41, 0x25, 0xda, 0x0c, 0xb4, 0xec, 0x3f,
  0xf7, 0x33, 0xad, 0x43, 0x4d, 0xc9, 0x81, 0x13, 0x72, 0x5f, 0xcb, 0xe9,
  0x02, 0x8c, 0x90, 0x56, 0x7f, 0x7b, 0xe6, 0xb4, 0x0f, 0xba, 0x22, 0x1d,
  0x45, 0xf0, 0x67, 0x18, 0x08, 0xdc, 0x94, 0x04, 0x44, 0xea, 0xaf, 0x0c,
  0xc1, 0x21, 0x3b, 0xf9, 0x47, 0xa3, 0x7e, 0x31, 0x24, 0xaa, 0x81, 0x17,
  0xeb, 0x3f, 0xa9, 0xed, 0xa3, 0xe6, 0xdb, 0x88, 0x3d, 0x1b, 0x44, 0x7f,
  0xbb, 0xe3, 0x40, 0x25, 0xed, 0xbd, 0xe9, 0x41, 0x2e, 0x1a, 0xfa, 0x0a,
  0x6a, 0xef, 0x6a, 0x5a, 0x4a, 0xcf, 0xee, 0x11, 0xe0, 0x60, 0xf2, 0x10,
  0x45, 0x29, 0xa4, 0x81, 0xf0, 0x55, 0x19, 0xd9, 0xef, 0xc3, 0x90, 0xfb,
  0x48, 0xf8, 0x20, 0xcb, 0x0f, 0xd5, 0x1a, 0xe5, 0x34, 0x34, 0x57, 0x36,
  0xe8, 0xca, 0xe8, 0x16, 0x2e, 0x34, 0xc5, 0x1c, 0x2f, 0x12, 0xf1, 0xb8,
  0x62, 0x0d, 0xf7, 0x47, 0x42, 0xf5, 0x9c, 0x3c, 0x10, 0x68, 0xcd, 0xf1,
  0x2e, 0xab, 0xdd, 0xf7, 0x40, 0xb9, 0x7f, 0x52, 0x3a, 0xdb, 0x3f, 0xe3,
  0x12, 0x6b, 0xd2, 0x12, 0x12, 0xc5, 0x3a, 0xe9, 0x76, 0xd9, 0x30, 0xfc,
  0xbc, 0x8d, 0xce, 0xbb, 0x73, 0x24, 0xb4, 0x27, 0x40, 0xdf, 0x19, 0xec,
  0xa6, 0xfd, 0xec, 0x2b, 0x81, 0xc0, 0x20, 0xab, 0xb1, 0x1d, 0x07, 0xeb,
  0xf0, 0xf4, 0xee, 0xfc, 0x26, 0xe4, 0x40, 0x0a, 0xcd, 0x65, 0x3f, 0x04,
  0x0d, 0x34, 0xed, 0x48, 0xe2, 0xb1, 0xeb, 0xaf, 0x00, 0xac, 0x5e, 0x08,
  0xc4, 0xed, 0xd4, 0xd0, 0xb1, 0xfb, 0xce, 0x60, 0x20, 0x18, 0x3d, 0xf1,
  0xf4, 0xe7, 0x1e, 0xbc, 0x0c, 0xf6, 0x1c, 0xe9, 0xe0, 0xcb, 0xb0, 0xfe,
  0xf6, 0x3a, 0xbc, 0xde, 0x3c, 0x59, 0x03, 0xea, 0xcc, 0xb2, 0x33, 0xbf,
  0x2e, 0x51, 0x0b, 0xed, 0x69, 0x3f, 0xae, 0x24, 0xa6, 0x11, 0x3f, 0xdd,
  0x0c, 0xec, 0x4c, 0xba, 0xc3, 0xe7, 0xeb, 0xc6, 0xf6, 0x33, 0xe1, 0x2c,
  0xe8, 0x25, 0x33, 0xb8, 0xd7, 0x1c, 0xec, 0xca, 0x01, 0x9a, 0xb7, 0xe2,
  0x25, 0x9e, 0x14, 0x14, 0xd2, 0xe8, 0x1a, 0x93, 0xbc, 0xe5, 0x09, 0xed,
  0x25, 0x0a, 0xc6, 0x05, 0xee, 0xbc, 0x02, 0xd9, 0x16, 0x21, 0x3f, 0xb6,
  0xda, 0x1c, 0x51, 0x16, 0xec, 0xdd, 0xe6, 0xe1, 0x25, 0xee, 0xf3, 0xbe,
  0x22, 0x0e, 0x2d, 0x02, 0x55, 0xc8, 0x37, 0xa2, 0xf4, 0xd2, 0xe3, 0xe0,
  0x51, 0x08, 0x81, 0xdd, 0x19, 0xe6, 0x42, 0x43, 0x3c, 0x15, 0x3e, 0x18,
  0x4c, 0x01, 0xc9, 0x14, 0xc4, 0xb8, 0x08, 0x21, 0x7f, 0xc3, 0xc2, 0x5f,
  0x00, 0x04, 0x44, 0x98, 0xe0, 0x11, 0xb1, 0x1d, 0x30, 0xfa, 0x2c, 0xd5,
  0x0f, 0xf1, 0x98, 0x49, 0x43, 0xec, 0x10, 0xbc, 0x08, 0xd9, 0x24, 0x60,
  0x49, 0xf7, 0xae, 0xe1, 0x6a, 0xd2, 0x36, 0xbb, 0x31, 0xd3, 0xaf, 0xd3,
  0x7e, 0x33, 0xcc, 0x0f, 0xab, 0x92, 0x9d, 0x9a, 0x4d, 0xac, 0xa1, 0x1b,
  0x95, 0x0f, 0x0b, 0xcc, 0x10, 0xfa, 0x9c, 0x21, 0xf4, 0xdc, 0xd2, 0xb3,
  0x90, 0xb9, 0x11, 0xd3, 0x8a, 0xfb, 0x2f, 0xda, 0xf4, 0xc0, 0xde, 0xc2,
  0xb7, 0xc2, 0x49, 0xd9, 0x81, 0xf5, 0x21, 0x05, 0x93, 0x01, 0x11, 0xe6,
  0xe4, 0xc7, 0x26, 0xaf, 0xb5, 0x17, 0x2b, 0x3c, 0xa7, 0xce, 0x9b, 0x1b,
  0xc1, 0x1f, 0x03, 0x39, 0xa7, 0xe9, 0x25, 0x13, 0xf2, 0x36, 0x17, 0x2f,
  0x9f, 0xf8, 0xea, 0x44, 0xa5, 0x45, 0x45, 0xd7, 0xb4, 0xfb, 0x57, 0x15,
  0xd7, 0xf8, 0x40, 0x36, 0xde, 0xfc, 0xb4, 0x30, 0xb5, 0xe9, 0xc7, 0x20,
  0xfd, 0xb2, 0xec, 0xfd, 0xb7, 0xd4, 0xf2, 0xf4, 0xe6, 0x0a, 0xf1, 0x08,
  0x07, 0xba, 0xd1, 0xb4, 0xeb, 0x35, 0xdb, 0x32, 0x2d, 0x6c, 0xeb, 0x1c,
  0xcf, 0x7f, 0xd1, 0x28, 0x2b, 0x46, 0xa2, 0xd5, 0xf0, 0x4c, 0x37, 0x51,
  0x50, 0x2b, 0xbe, 0x15, 0xab, 0x27, 0x93, 0xd8, 0x73, 0xfa, 0xea, 0xd6,
  0xd8, 0xe9, 0xd7, 0x34, 0x5e, 0x79, 0xed, 0x40, 0x21, 0x27, 0x38, 0xa9,
  0x3c, 0x55, 0xaf, 0xce, 0xd1, 0xa4, 0x5e, 0xd1, 0x2b, 0x02, 0x4e, 0x21,
  0xa9, 0xe3, 0x04, 0x11, 0x5f, 0xfb, 0x9b, 0x29, 0xc5, 0x3b, 0xd5, 0x67,
  0xc2, 0x3b, 0xe9, 0x17, 0xe5, 0x6b, 0x7f, 0x51, 0xaf, 0x0a, 0xef, 0xcd,
  0x5a, 0xbd, 0x9d, 0x43, 0xd5, 0xb2, 0x0f, 0x02, 0x20, 0x2e, 0xbf, 0x4c,
  0xc3, 0x8a, 0x53, 0x1e, 0x52, 0x44, 0xed, 0x1d, 0x36, 0x13, 0xd3, 0x20,
  0x34, 0xe0, 0xff, 0x54, 0xb5, 0x49, 0xce, 0x29, 0xaf, 0x0d, 0xab, 0xed,
  0x4e, 0x81, 0x0e, 0xb7, 0xbb, 0x17, 0xd7, 0xbc, 0xff, 0xc3, 0xe9, 0x48,
  0x54, 0x28, 0xec, 0x63, 0x1f, 0xee, 0x0f, 0x5a, 0x3d, 0x88, 0x18, 0xd1,
  0x28, 0x2e, 0xac, 0x75, 0xd4, 0x0c, 0xa0, 0x3e, 0x09, 0x95, 0x40, 0xb4,
  0x44, 0x0c, 0xd1, 0x5d, 0x4b, 0xcc, 0x52, 0x4d, 0x7f, 0xfa, 0x3b, 0xc8,
  0x30, 0xc3, 0xb1, 0x33, 0x3a, 0x2e, 0xa0, 0xe8, 0x53, 0x08, 0x21, 0x39,
  0x21, 0x44, 0xf3, 0x01, 0x28, 0x2e, 0xf7, 0xd5, 0x36, 0xf9, 0xa8, 0x03,
  0xc9, 0x99, 0xcd, 0x0a, 0x6b, 0x39, 0xa2, 0x1f, 0xd8, 0xfd, 0xcf, 0x0c,
  0x67, 0x22, 0xbb, 0x10, 0xed, 0xa0, 0xd3, 0xf6, 0xfb, 0x2b, 0x94, 0xbb,
  0xd8, 0xf9, 0xc1, 0x3e, 0x35, 0xe4, 0xf3, 0xff, 0xc1, 0xd4, 0x10, 0x0a,
  0xe8, 0x10, 0xae, 0x2c, 0x01, 0x19, 0x9c, 0x31, 0x78, 0x29, 0x53, 0x24,
  0xf8, 0xb5, 0x0e, 0x38, 0x02, 0x73, 0xb4, 0x29, 0x1b, 0xdd, 0x04, 0x0e,
  0xed, 0xda, 0x37, 0xea, 0xf0, 0x9b, 0xee, 0x45, 0xd5, 0x35, 0x0c, 0xd4,
  0xeb, 0x05, 0x28, 0x1d, 0x3b, 0xd2, 0x2e, 0x30, 0xba, 0xd2, 0xe9, 0x0a,
  0x7f, 0xf7, 0xee, 0x15, 0xfc, 0xd0, 0xb9, 0xa1, 0x1f, 0xcf, 0x15, 0x2b,
  0x1b, 0xfd, 0xeb, 0xcc, 0x35, 0x50, 0xe6, 0x1a, 0xef, 0xd9, 0xab, 0xac,
  0x30, 0xe6, 0x56, 0xf2, 0x04, 0xc1, 0xde, 0x23, 0x74, 0x74, 0xd9, 0xff,
  0xf2, 0x96, 0x19, 0xde, 0x29, 0x2a, 0xf5, 0x1a, 0x43, 0xe5, 0xe4, 0xca,
  0xb2, 0x98, 0x0d, 0x3c, 0x00, 0x50, 0x25, 0x24, 0x81, 0x11, 0x01, 0xeb,
  0xd8, 0x2a, 0x31, 0x3c, 0xcf, 0xe0, 0x25, 0x57, 0x04, 0x56, 0x9f, 0x44,
  0xd8, 0xdf, 0xf2, 0xe2, 0x69, 0xf3, 0x9c, 0x39, 0x10, 0x9c, 0xf3, 0xd0,
  0xa8, 0xe7, 0x89, 0x37, 0xac, 0x36, 0xed, 0x14, 0xc0, 0xff, 0x28, 0xed,
  0xf1, 0xec, 0xe3, 0x4a, 0xc9, 0xd7, 0xcf, 0xe7, 0x2b, 0x10, 0xb0, 0xa7,
  0x54, 0xb4, 0xee, 0x9a, 0xc7, 0x4e, 0x36, 0x02, 0x35, 0x59, 0xfb, 0xd9,
  0xd1, 0x19, 0x08, 0xd1, 0x74, 0x5b, 0xca, 0x3d, 0x2c, 0xd5, 0xe1, 0x60,
  0xfb, 0x10, 0x42, 0x43, 0x25, 0xf9, 0x5d, 0x19, 0x67, 0x40, 0x91, 0xd3,
  0xa4, 0x1e, 0x07, 0xd7, 0xee, 0x18, 0xfb, 0x16, 0xee, 0x27, 0x22, 0x98,
  0x31, 0xe2, 0x93, 0x38, 0x1d, 0x12, 0xcb, 0xc5, 0xd3, 0x43, 0x46, 0x0f,
  0x2f, 0xd8, 0xec, 0xee, 0x1b, 0x5b, 0x81, 0x31, 0xe7, 0xd0, 0x17, 0xd1,
  0x0d, 0xda, 0x0d, 0x36, 0x31, 0x4f, 0xd5, 0xcb, 0x44, 0x02, 0x10, 0xf0,
  0xd1, 0xe1, 0xf8, 0xd1, 0xf6, 0xf7, 0x06, 0x10, 0xcc, 0x63, 0x17, 0x47,
  0xdc, 0xef, 0x52, 0xc4, 0xe3, 0xc2, 0x06, 0x60, 0x21, 0x4b, 0x29, 0xb7,
  0x8b, 0x3b, 0x0f, 0xc6, 0x8c, 0x2e, 0xc7, 0x51, 0xa2, 0xed, 0x1c, 0xec,
  0x3f, 0x34, 0xec, 0x95, 0x4a, 0xc6, 0x7f, 0x98, 0xdc, 0x1e, 0x07, 0x35,
  0xf8, 0xd2, 0xad, 0x60, 0xf8, 0xe4, 0xa3, 0x2f, 0xa4, 0x79, 0x60, 0x05,
  0x60, 0xa2, 0x0b, 0x99, 0x0d, 0xeb, 0xff, 0x72, 0x10, 0xdf, 0xf7, 0x9c,
  0xaf, 0x4a, 0xea, 0x01, 0x60, 0xd4, 0x02, 0xde, 0x21, 0x9e, 0x1d, 0x75,
  0x1b, 0x70, 0xed, 0xfe, 0xad, 0x37, 0x09, 0x3f, 0x2b, 0xdd, 0x84, 0x92,
  0xb6, 0xd7, 0xfe, 0xc4, 0x7f, 0xf5, 0xee, 0xb5, 0x21, 0xb6, 0xe3, 0xdd,
  0x65, 0xc3, 0x05, 0xb9, 0x8b, 0x3e, 0xa2, 0x52, 0xb5, 0x2d, 0x88, 0x64,
  0xd6, 0x1e, 0xaf, 0x25, 0x5a, 0x0d, 0xa4, 0xfb, 0xef, 0xad, 0x46, 0xcb,
  0xcc, 0x7d, 0x43, 0xa3, 0xce, 0x04, 0x2d, 0x2c, 0x42, 0x11, 0x1c, 0xec,
  0x02, 0xdb, 0xd5, 0x49, 0x8e, 0x25, 0x4a, 0xc2, 0xad, 0x37, 0xb9, 0x88,
  0x04, 0x62, 0xd0, 0x1d, 0x00, 0x99, 0xce, 0xff, 0xfd, 0x2a, 0x38, 0x50,
  0xa1, 0x2f, 0xdb, 0xd2, 0xf5, 0x0f, 0x21, 0x39, 0x8e, 0x01, 0xf5, 0x27,
  0x17, 0x53, 0xda, 0x2f, 0xd2, 0xf3, 0x26, 0xa9, 0xdd, 0x59, 0x3e, 0xdd,
  0x24, 0x8a, 0xfc, 0x26, 0x16, 0x4e, 0xb7, 0x9c, 0x06, 0x13, 0xfd, 0xe6,
  0x0f, 0x41, 0xb3, 0x03, 0x14, 0x8b, 0xdf, 0x16, 0x67, 0xcb, 0xf1, 0xe7,
  0x0c, 0x07, 0xb4, 0x26, 0x55, 0xb4, 0xd5, 0x16, 0x11, 0x06, 0xd7, 0x36,
  0x15, 0xe3, 0x2c, 0x06, 0x10, 0x4f, 0x07, 0xf7, 0xd1, 0xb9, 0x08, 0xd1,
  0xe5, 0x81, 0xed, 0xf0, 0x27, 0x4e, 0xb7, 0xa0, 0xad, 0xaa, 0xe4, 0xb7,
  0x90, 0xde, 0x25, 0x30, 0xce, 0xf6, 0x02, 0xef, 0xc8, 0x01, 0x3d, 0x3b,
  0x81, 0xe8, 0xe0, 0xe3, 0xde, 0x1c, 0x16, 0xe9, 0xb4, 0xf9, 0x2b, 0x04,
  0xca, 0x17, 0x43, 0x06, 0x9a, 0xc8, 0xaa, 0x2f, 0xc5, 0x1c, 0xfa, 0xed,
  0xa7, 0xe1, 0x33, 0xc9, 0xd9, 0xf2, 0x3f, 0x26, 0x8e, 0xdb, 0xfd, 0x23,
  0xd8, 0xf0, 0x06, 0x08, 0xbb, 0xfc, 0x10, 0xd0, 0xde, 0x14, 0x3f, 0x2c,
  0x81, 0xe1, 0xcc, 0x58, 0xab, 0xf2, 0xf7, 0xef, 0xe8, 0xec, 0x13, 0x16,
  0xcf, 0x1a, 0x2e, 0x0d, 0x66, 0xe4, 0xff, 0xff, 0x04, 0x00, 0x00, 0x00,
  0x80, 0x00, 0x00, 0x00, 0xa4, 0xfd, 0xff, 0xff, 0x69, 0x06, 0x00, 0x00,
  0x0f, 0x05, 0x00, 0x00, 0xda, 0x00, 0x00, 0x00, 0x0a, 0x01, 0x00, 0x00,
  0x35, 0xfb, 0xff, 0xff, 0x5f, 0x04, 0x00, 0x00, 0x10, 0xff, 0xff, 0xff,
  0xcb, 0xfe, 0xff, 0xff, 0xae, 0xfd, 0xff, 0xff, 0xb3, 0xff, 0xff, 0xff,
  0x2b, 0x04, 0x00, 0x00, 0x83, 0xfd, 0xff, 0xff, 0xd8, 0x00, 0x00, 0x00,
  0x74, 0x05, 0x00, 0x00, 0xd5, 0x03, 0x00, 0x00, 0x18, 0x04, 0x00, 0x00,
  0x77, 0x03, 0x00, 0x00, 0x82, 0xfe, 0xff, 0xff, 0xd9, 0xff, 0xff, 0xff,
  0x78, 0x02, 0x00, 0x00, 0x78, 0x00, 0x00, 0x00, 0xc5, 0xfc, 0xff, 0xff,
  0xbe, 0x03, 0x00, 0x00, 0x73, 0x02, 0x00, 0x00, 0x37, 0x03, 0x00, 0x00,
  0x6b, 0xfb, 0xff, 0xff, 0x12, 0xfe, 0xff, 0xff, 0xf4, 0xfd, 0xff, 0xff,
  0xde, 0xfa, 0xff, 0xff, 0x9f, 0xfc, 0xff, 0xff, 0xfd, 0x00, 0x00, 0x00,
  0xf2, 0xe4, 0xff, 0xff, 0x04, 0x00, 0x00, 0x00, 0x00, 0x18, 0x00, 0x00,
  0xd3, 0x27, 0x20, 0x34, 0x12, 0xdf, 0x42, 0xd0, 0xb0, 0x0e, 0x05, 0x26,
  0xd5, 0x2c, 0x39, 0xea, 0x41, 0xf3, 0x23, 0x9e, 0xf0, 0xe6, 0xc9, 0xd8,
  0x18, 0x03, 0xef, 0x07, 0x22, 0xcf, 0xe0, 0x27, 0x1d, 0x3a, 0x7f, 0xf2,
  0xfb, 0x0a, 0x1b, 0x12, 0x07, 0x19, 0xda, 0xf8, 0xc3, 0x37, 0xe5, 0xf3,
  0x3f, 0x33, 0x05, 0xc0, 0x06, 0x1b, 0xcb, 0xe9, 0xf7, 0x25, 0x2e, 0xd7,
  0xfa, 0xde, 0x22, 0x75, 0x17, 0x01, 0x47, 0x33, 0x27, 0x11, 0x16, 0xec,
  0xb6, 0xc6, 0xdf, 0x20, 0xdf, 0x07, 0x2e, 0x34, 0x05, 0x1d, 0x06, 0xe5,
  0x30, 0x06, 0xf5, 0xcd, 0x08, 0x3e, 0x1d, 0xce, 0xe3, 0xfe, 0xd0, 0x1a,
  0x90, 0xa4, 0xe9, 0x0f, 0xd0, 0xd7, 0x06, 0x81, 0x24, 0xbf, 0x01, 0xda,
  0xcb, 0x3b, 0x06, 0xc5, 0x29, 0xd7, 0x9a, 0x14, 0xbf, 0x93, 0x15, 0x33,
  0x20, 0xc7, 0xdd, 0xaf, 0x37, 0xba, 0xd5, 0x32, 0x3d, 0xb6, 0xc2, 0xcb,
  0xec, 0xce, 0x45, 0x8e, 0x1d, 0x27, 0xe6, 0xde, 0xbd, 0xd2, 0xa5, 0x19,
  0xcb, 0x2b, 0x0a, 0x48, 0x0e, 0x3d, 0x8f, 0x49, 0xeb, 0xd1, 0xe5, 0xef,
  0xb9, 0x46, 0x19, 0x0f, 0x33, 0x83, 0x13, 0xcd, 0xa3, 0xae, 0x1a, 0x1c,
  0x1a, 0x57, 0x2a, 0xa0, 0x39, 0x21, 0x86, 0x36, 0x0e, 0x24, 0xf9, 0x41,
  0x2c, 0x9f, 0xdc, 0xfa, 0xe2, 0xb3, 0xbb, 0xe9, 0xfc, 0xa7, 0xe6, 0xdc,
  0x94, 0x59, 0x03, 0xa9, 0x1c, 0x4d, 0xda, 0x1b, 0x0f, 0x8d, 0xd1, 0xd3,
  0x44, 0xe0, 0xeb, 0x81, 0x42, 0xd9, 0xcb, 0xd8, 0xaf, 0x11, 0xca, 0xb0,
  0x0d, 0x51, 0x8f, 0xce, 0xce, 0x49, 0xbd, 0x34, 0xfb, 0x10, 0xe6, 0x48,
  0xc6, 0xec, 0xf7, 0x64, 0xe1, 0x5c, 0xeb, 0xac, 0x43, 0x98, 0xfd, 0x52,
  0x36, 0xeb, 0xb7, 0x10, 0xd3, 0xb6, 0x17, 0xe4, 0x09, 0x8e, 0xe2, 0x50,
  0x6d, 0xd2, 0x4a, 0xe9, 0xc0, 0xfe, 0xb0, 0xec, 0x74, 0x4e, 0xcd, 0x4c,
  0x45, 0x08, 0xe6, 0xe9, 0x9b, 0xf9, 0x1c, 0x99, 0xe2, 0x92, 0xc8, 0xd7,
  0x23, 0xfb, 0xc7, 0xd2, 0x61, 0x66, 0x1f, 0xee, 0xbb, 0xe9, 0xd0, 0xaa,
  0x05, 0x04, 0x51, 0xb9, 0x44, 0xb3, 0x4a, 0xfe, 0xc7, 0xaa, 0xe0, 0x68,
  0x0e, 0x5c, 0x50, 0x53, 0x2a, 0x1d, 0x24, 0xe1, 0xfe, 0x22, 0x1c, 0x01,
  0xf6, 0x4a, 0xa0, 0x2b, 0xa7, 0xc2, 0x26, 0x51, 0x17, 0x09, 0x7f, 0xc3,
  0x0e, 0x1b, 0x1c, 0x13, 0xd5, 0xab, 0xf2, 0xf2, 0xe4, 0xf0, 0xee, 0x66,
  0xd3, 0x55, 0x2a, 0xbb, 0xd0, 0xc4, 0x1e, 0xca, 0x29, 0xe9, 0x17, 0xda,
  0x1e, 0x15, 0xdd, 0x2a, 0xb0, 0xf3, 0x76, 0xf9, 0x04, 0x39, 0x52, 0xb8,
  0x10, 0xf0, 0x37, 0xea, 0xa9, 0xd2, 0x66, 0x5d, 0x45, 0x55, 0x16, 0xbd,
  0xd5, 0xb5, 0xc5, 0xc7, 0x02, 0x5e, 0xf5, 0xe6, 0xe4, 0x17, 0xc2, 0x2c,
  0x5d, 0xbc, 0x81, 0x41, 0xb8, 0x3f, 0xa7, 0x60, 0x29, 0x6b, 0x26, 0xdb,
  0x11, 0xcc, 0xba, 0xc0, 0xae, 0xc0, 0x20, 0x24, 0x0b, 0xe1, 0x6a, 0x24,
  0xd3, 0x17, 0x3d, 0xe7, 0x20, 0x6f, 0x33, 0xf8, 0xef, 0xc7, 0xc5, 0xd7,
  0x24, 0xe7, 0x14, 0x3e, 0xf8, 0x19, 0x2e, 0x09, 0x46, 0x30, 0xfe, 0xcd,
  0xf2, 0xaf, 0x36, 0x66, 0x2d, 0x32, 0x47, 0xad, 0xd8, 0xd1, 0x1e, 0x1c,
  0xe6, 0x32, 0x13, 0x83, 0xff, 0xd6, 0xdc, 0xcf, 0xae, 0x28, 0xa8, 0x49,
  0x01, 0xf9, 0x27, 0x04, 0xff, 0xd6, 0x86, 0xc4, 0xec, 0xce, 0x36, 0x74,
  0x1e, 0xd5, 0x2c, 0xbb, 0xad, 0x03, 0xd8, 0x36, 0x56, 0x30, 0x34, 0xa5,
  0x04, 0xd3, 0x02, 0x1d, 0x1b, 0xe3, 0x33, 0xef, 0xd8, 0xd9, 0xdc, 0x12,
  0xd0, 0x24, 0xd0, 0x34, 0xdc, 0xe7, 0xd0, 0xe1, 0xe5, 0x26, 0xde, 0xfd,
  0x19, 0x0b, 0x49, 0xc5, 0xdc, 0xae, 0xf6, 0x5f, 0x17, 0xe7, 0x07, 0xec,
  0x3d, 0xe3, 0x34, 0x21, 0xd2, 0xff, 0xf6, 0x01, 0xce, 0x0a, 0xee, 0x28,
  0x07, 0xfa, 0x39, 0xe5, 0xf4, 0xeb, 0xb1, 0x0f, 0x03, 0xdc, 0xf9, 0x1b,
  0xe0, 0xbd, 0xdf, 0x57, 0xfc, 0xe5, 0xfb, 0x3b, 0x2d, 0xfb, 0x38, 0xd1,
  0x8f, 0xae, 0xf5, 0x4e, 0xd9, 0x10, 0xfe, 0x01, 0x3a, 0x0e, 0x0c, 0xd8,
  0x11, 0xdd, 0xd6, 0xf8, 0xf6, 0xf9, 0x0c, 0xda, 0xe2, 0x08, 0x05, 0x7f,
  0x44, 0xd9, 0xe9, 0xe3, 0xcb, 0x2c, 0xe1, 0xfc, 0x7f, 0x07, 0xf6, 0xce,
  0x3a, 0x1c, 0xdd, 0x96, 0x00, 0xab, 0x0f, 0x2d, 0xe2, 0xc7, 0x71, 0xcb,
  0xea, 0x05, 0xff, 0x32, 0x4b, 0xf1, 0x38, 0xa5, 0x5c, 0xd6, 0xac, 0xfa,
  0xc6, 0xf0, 0xee, 0x5c, 0x3e, 0x03, 0x06, 0xfd, 0xfe, 0xc5, 0x0f, 0xcd,
  0x16, 0xbf, 0x48, 0x4e, 0x1e, 0xf9, 0x5d, 0xda, 0xb9, 0x0b, 0x36, 0x02,
  0x36, 0x02, 0x3d, 0xe4, 0x2a, 0xf9, 0xa4, 0x3f, 0xc4, 0x36, 0xbf, 0x3c,
  0x2b, 0x1a, 0x45, 0xd6, 0x52, 0x2e, 0x05, 0xc1, 0xc5, 0xe9, 0x26, 0x3e,
  0xda, 0x3d, 0x27, 0xc7, 0x13, 0x29, 0xf4, 0x49, 0x32, 0xfc, 0xf4, 0xa2,
  0xcf, 0xf0, 0x25, 0x05, 0x33, 0xd5, 0x6b, 0xfa, 0x11, 0x1f, 0x3d, 0x1c,
  0xc1, 0xd7, 0xf3, 0x09, 0x07, 0x3f, 0x42, 0x0c, 0x08, 0xbd, 0x23, 0xf1,
  0x05, 0x4d, 0xd7, 0xf2, 0xba, 0xd0, 0x29, 0xfd, 0xac, 0x06, 0x7f, 0xd1,
  0xd6, 0xfb, 0x35, 0x19, 0xad, 0x1e, 0x41, 0x49, 0xb0, 0x3f, 0x40, 0x2f,
  0x1f, 0x22, 0x21, 0xd3, 0x08, 0x04, 0x0e, 0xd7, 0x1a, 0x36, 0xb4, 0x30,
  0x0e, 0xb0, 0xc6, 0x20, 0xf1, 0x55, 0x5b, 0x27, 0x44, 0x24, 0x1a, 0x0b,
  0x2b, 0x09, 0x41, 0x3c, 0xba, 0x22, 0xdf, 0x49, 0x32, 0x35, 0x26, 0x9c,
  0xe7, 0xcd, 0xc2, 0x0f, 0x31, 0xcb, 0xb0, 0xf9, 0xf2, 0xee, 0x0c, 0xf6,
  0xf2, 0xee, 0xd8, 0x19, 0xe8, 0x14, 0xed, 0x30, 0x40, 0x63, 0xf9, 0x12,
  0x55, 0x1a, 0xaa, 0xd5, 0xb1, 0xd2, 0xde, 0x53, 0x06, 0x04, 0x35, 0x12,
  0xd1, 0x38, 0xd4, 0xf7, 0xe0, 0xfe, 0xe9, 0xe7, 0x2e, 0xd0, 0xb0, 0xd1,
  0x12, 0x15, 0x99, 0x0f, 0x40, 0x42, 0x01, 0x1c, 0x0a, 0xc8, 0xab, 0xfb,
  0xe0, 0xea, 0x2d, 0x6e, 0x09, 0xcc, 0x5e, 0xf3, 0xb8, 0x34, 0xf1, 0x5d,
  0x48, 0xfd, 0x40, 0x81, 0x30, 0xf1, 0x8e, 0x01, 0xfe, 0xe6, 0xd6, 0x0a,
  0x20, 0x4a, 0x24, 0xd2, 0x4c, 0x2e, 0xbc, 0xfb, 0x15, 0x20, 0x2e, 0x26,
  0x37, 0xbf, 0x12, 0x12, 0xb0, 0x2c, 0x08, 0x0e, 0xfb, 0x4a, 0x19, 0xe3,
  0xd6, 0xdc, 0x5d, 0x0c, 0xe9, 0xe5, 0x4b, 0x2e, 0xa7, 0xe3, 0xe9, 0xfb,
  0xf5, 0xdf, 0xdc, 0x22, 0xda, 0x17, 0x0c, 0xbe, 0xe9, 0x3a, 0xf5, 0xd7,
  0xf2, 0x04, 0xc2, 0xbc, 0x33, 0xe2, 0x04, 0x7d, 0x1f, 0x3d, 0x3a, 0x41,
  0x30, 0xb8, 0xfa, 0x1c, 0x96, 0xc0, 0x01, 0xeb, 0xb8, 0x03, 0x44, 0x19,
  0x32, 0xd5, 0xca, 0xd3, 0x2d, 0xd2, 0x16, 0x13, 0xe2, 0xe0, 0xef, 0xf3,
  0x00, 0xb7, 0xc6, 0x1c, 0xe7, 0xf7, 0xfc, 0x0c, 0xe4, 0xc9, 0x1b, 0xea,
  0xd3, 0xcd, 0xcc, 0x24, 0xb1, 0x4c, 0x44, 0x21, 0x29, 0x50, 0xe1, 0xa4,
  0x22, 0xea, 0xe1, 0xe0, 0xe6, 0xfd, 0xed, 0xe4, 0xc1, 0xce, 0xd1, 0x7f,
  0x1d, 0xb1, 0xc7, 0xe0, 0x1d, 0x2f, 0xba, 0x2d, 0xe8, 0xfd, 0xec, 0xb3,
  0x40, 0x13, 0xbe, 0xb5, 0xee, 0xe9, 0xde, 0xfb, 0xe5, 0xfa, 0x07, 0x32,
  0x00, 0xee, 0x27, 0x1e, 0x0c, 0x1b, 0xfb, 0xd4, 0x15, 0xbe, 0x81, 0x1f,
  0x2b, 0xf8, 0xca, 0x4f, 0x3b, 0x45, 0xff, 0xf3, 0xe8, 0x0e, 0xe7, 0xda,
  0x2b, 0xe3, 0x1b, 0xee, 0x12, 0xdd, 0x10, 0x05, 0xfb, 0x09, 0x17, 0xf4,
  0x1e, 0x26, 0x0a, 0xec, 0x0f, 0xfc, 0xe4, 0xce, 0xef, 0x07, 0xc9, 0xfa,
  0x13, 0x35, 0x3e, 0x0c, 0x37, 0x01, 0xec, 0xf9, 0xf1, 0xc2, 0xe2, 0x18,
  0x28, 0xf6, 0x2b, 0xed, 0x1d, 0xca, 0x0b, 0x1e, 0x00, 0x3c, 0xf2, 0x88,
  0x0b, 0xc1, 0xd6, 0x49, 0x37, 0x23, 0xc8, 0xec, 0x68, 0x5e, 0x3c, 0xe9,
  0x38, 0xc9, 0x92, 0xba, 0x29, 0xbb, 0x2d, 0x35, 0x24, 0xf4, 0x2c, 0xd2,
  0x12, 0xe5, 0x3c, 0x52, 0xee, 0xd5, 0x1c, 0xe2, 0x2f, 0xbc, 0x81, 0x25,
  0x4b, 0xd0, 0xbd, 0x44, 0xfe, 0x62, 0xcc, 0xaf, 0xfd, 0x1c, 0x05, 0xef,
  0xec, 0x29, 0x41, 0x45, 0xee, 0xed, 0xfd, 0xde, 0xcc, 0x00, 0xea, 0x3b,
  0x55, 0xe4, 0xf9, 0x85, 0x5a, 0x89, 0xc2, 0x30, 0xdc, 0xd5, 0xd2, 0x1c,
  0x10, 0x6f, 0x49, 0xba, 0xe5, 0xcf, 0x17, 0xf6, 0xaa, 0xa7, 0x26, 0x28,
  0x14, 0xe2, 0x27, 0xad, 0xb7, 0xd4, 0xbb, 0x3f, 0x41, 0x4e, 0xe7, 0x87,
  0xb2, 0x2d, 0x68, 0x15, 0x36, 0x17, 0x1f, 0xe9, 0xb6, 0xbf, 0xe4, 0xf4,
  0xc1, 0x37, 0x09, 0x55, 0x39, 0x63, 0xf9, 0xde, 0x26, 0x08, 0x1e, 0xe2,
  0xfb, 0x4b, 0x0e, 0x2c, 0x26, 0xdd, 0x0b, 0x7f, 0xce, 0x11, 0x3d, 0x0b,
  0x0f, 0xe3, 0x1c, 0x2d, 0xaf, 0xe7, 0x2e, 0x05, 0x01, 0x35, 0x50, 0x4c,
  0x60, 0x0d, 0x2d, 0xa0, 0x0f, 0x16, 0xfd, 0xe5, 0xfc, 0x1e, 0xe2, 0xd8,
  0xdd, 0xc9, 0x3c, 0x23, 0x01, 0x35, 0x25, 0xed, 0x0c, 0x0c, 0x1c, 0xf5,
  0xcb, 0xee, 0x3c, 0x2a, 0x07, 0x57, 0x5f, 0x26, 0x6d, 0x1e, 0x26, 0xb8,
  0x44, 0x2b, 0xbd, 0xe4, 0x2c, 0x11, 0x1f, 0x04, 0xd4, 0xc3, 0x01, 0x75,
  0x31, 0xff, 0x04, 0x1c, 0xed, 0x24, 0xc7, 0x4e, 0xc8, 0x68, 0x47, 0xac,
  0x56, 0xb1, 0xe7, 0xa2, 0x2d, 0x90, 0xb4, 0x15, 0xb8, 0xb6, 0x6a, 0x34,
  0xbd, 0xd4, 0x14, 0x50, 0x12, 0xeb, 0xdb, 0xd0, 0xe2, 0xd5, 0x81, 0xd7,
  0x8f, 0x0f, 0x20, 0x12, 0xd7, 0x62, 0x25, 0xd2, 0xcd, 0xcd, 0xd2, 0xbe,
  0xc9, 0xeb, 0x25, 0xc3, 0x0f, 0xca, 0x3d, 0x19, 0xf3, 0xa7, 0xba, 0xd5,
  0xcc, 0x30, 0xc6, 0xef, 0xf1, 0x17, 0xe1, 0x27, 0xd9, 0xc4, 0xa1, 0xef,
  0x1c, 0xd3, 0x48, 0xeb, 0x15, 0xd5, 0x2a, 0xdb, 0xc1, 0xef, 0x30, 0xca,
  0x07, 0xe7, 0x49, 0x44, 0xd8, 0x0e, 0x3c, 0x33, 0xb7, 0x1e, 0xac, 0xb6,
  0x12, 0x82, 0x9e, 0x07, 0x02, 0x1b, 0xeb, 0xf1, 0x46, 0x48, 0x03, 0xe3,
  0xf3, 0xe8, 0xd4, 0xda, 0xaa, 0x11, 0xfb, 0x31, 0xa3, 0xce, 0x22, 0xff,
  0x13, 0x12, 0x3e, 0xf3, 0xe2, 0x3f, 0x1f, 0xc0, 0x32, 0xba, 0xa4, 0x2f,
  0xdb, 0x3a, 0xeb, 0xff, 0x01, 0x5d, 0xe3, 0xfe, 0xf3, 0x23, 0xc0, 0xb9,
  0xd0, 0xfc, 0x42, 0x03, 0xa6, 0x28, 0x59, 0x24, 0xe7, 0x11, 0x24, 0xf0,
  0xee, 0x27, 0x09, 0x92, 0x04, 0x01, 0x90, 0xd3, 0xe0, 0x16, 0xb4, 0x6c,
  0x74, 0x16, 0x25, 0xa8, 0x3f, 0xce, 0x0e, 0xa5, 0x98, 0xae, 0x40, 0x59,
  0xea, 0xd3, 0x7f, 0x26, 0x26, 0xbc, 0x0c, 0x3e, 0x35, 0x3e, 0x11, 0x9d,
  0xf5, 0x1c, 0x3d, 0xc3, 0x6e, 0xe5, 0x1a, 0xcd, 0xc3, 0xd5, 0x06, 0x08,
  0xa2, 0x25, 0x00, 0x76, 0x2e, 0x06, 0x43, 0x9b, 0xe1, 0xe7, 0xf5, 0xf1,
  0x1f, 0x10, 0xe2, 0xbf, 0x12, 0xbb, 0x49, 0xde, 0x11, 0x5c, 0x4b, 0x03,
  0x08, 0xcd, 0x56, 0x24, 0xf0, 0xf1, 0x39, 0x25, 0xd8, 0xfd, 0x67, 0x7c,
  0x18, 0x30, 0x18, 0xf6, 0x18, 0xda, 0xd0, 0x03, 0x1c, 0x43, 0xbe, 0xe3,
  0x16, 0xee, 0xfa, 0xdb, 0xea, 0x7f, 0x7d, 0xb5, 0xd6, 0xf8, 0x16, 0xf4,
  0x28, 0x27, 0x18, 0x63, 0xf5, 0x22, 0x0b, 0x4a, 0x5c, 0x3f, 0x20, 0xc9,
  0x41, 0x12, 0xe2, 0xe5, 0x20, 0x0e, 0xd8, 0xcd, 0xf7, 0xb7, 0xf5, 0x19,
  0xe8, 0xfc, 0xfb, 0x10, 0x07, 0x02, 0x62, 0xea, 0xec, 0xf0, 0xd0, 0x45,
  0xb0, 0x18, 0x30, 0x2c, 0x0a, 0xe3, 0xc7, 0xdd, 0xd9, 0x3c, 0xdc, 0xd2,
  0x0d, 0x24, 0x04, 0xcb, 0xc3, 0x33, 0x18, 0x59, 0xba, 0x04, 0x74, 0x2a,
  0x3a, 0xca, 0x58, 0x18, 0xaf, 0x0a, 0x41, 0x3e, 0xb2, 0x0e, 0x0a, 0x00,
  0x0a, 0x2c, 0x00, 0xba, 0x0a, 0x01, 0xf0, 0x3b, 0xf5, 0xd5, 0x3f, 0x26,
  0xf8, 0xba, 0x33, 0x7f, 0xfe, 0x02, 0xf3, 0xee, 0x48, 0xf9, 0x3a, 0x1b,
  0x9e, 0xbd, 0x1a, 0x05, 0x22, 0xd6, 0x0d, 0xfa, 0xf8, 0xfa, 0xbb, 0x05,
  0x2d, 0x00, 0x08, 0x3a, 0xed, 0xf3, 0xc5, 0x28, 0xdb, 0xe2, 0x24, 0x7e,
  0x2c, 0x2b, 0x64, 0x1e, 0x36, 0xdc, 0x07, 0x0d, 0xbc, 0xe1, 0x23, 0x39,
  0xf5, 0xfa, 0x03, 0x05, 0x27, 0xf4, 0xe6, 0xd0, 0x05, 0x0d, 0xba, 0xfe,
  0x28, 0x34, 0x03, 0xd8, 0xe5, 0xdc, 0x22, 0x7f, 0x21, 0x10, 0x41, 0x1a,
  0x0f, 0x10, 0x06, 0xf4, 0xce, 0x07, 0x28, 0x33, 0x03, 0x1d, 0x3f, 0x23,
  0xf1, 0x28, 0x1a, 0xae, 0x30, 0x12, 0xe0, 0x26, 0x44, 0x40, 0xdb, 0xd6,
  0x12, 0x19, 0xee, 0x4b, 0xf6, 0x19, 0x50, 0x07, 0xf1, 0xf7, 0x52, 0xd0,
  0xeb, 0xcb, 0xe5, 0x48, 0xf5, 0x31, 0x3b, 0x06, 0x3c, 0x32, 0xeb, 0xe4,
  0x31, 0x2c, 0xf9, 0x2b, 0x44, 0xec, 0xe3, 0xdd, 0x20, 0xf6, 0xd0, 0x67,
  0x41, 0xfb, 0x81, 0xd4, 0xce, 0x33, 0x05, 0xd6, 0x55, 0x1f, 0x27, 0xd3,
  0x33, 0x1b, 0xbd, 0xa5, 0x05, 0xd3, 0x54, 0x5b, 0xc8, 0xba, 0x5a, 0x06,
  0x28, 0xe3, 0x27, 0x1e, 0x44, 0xd5, 0x06, 0xbb, 0x17, 0xc3, 0xcd, 0x0f,
  0x11, 0x2a, 0xd4, 0x0a, 0x54, 0xe3, 0x3a, 0x94, 0x0c, 0x31, 0xb4, 0x20,
  0x38, 0xec, 0x02, 0x5c, 0xe7, 0x15, 0x23, 0xef, 0xcf, 0xe3, 0xfa, 0x32,
  0x37, 0xcc, 0x49, 0xd8, 0x28, 0xb4, 0xdf, 0xe0, 0xc0, 0xff, 0x0f, 0x1c,
  0xea, 0xe9, 0x0e, 0xae, 0x1e, 0x28, 0xfc, 0xde, 0xd2, 0xad, 0xed, 0x40,
  0xf1, 0xbe, 0x21, 0x08, 0x0e, 0x38, 0x02, 0xd7, 0x00, 0x30, 0x30, 0xdd,
  0x1a, 0xdb, 0x45, 0xfc, 0x07, 0xbf, 0xff, 0x0d, 0xce, 0xf6, 0x2c, 0x2f,
  0xca, 0xe3, 0x34, 0x4a, 0x3e, 0x06, 0xfb, 0xf5, 0xf7, 0xda, 0xd1, 0x14,
  0x12, 0x45, 0xdd, 0xde, 0x1e, 0x26, 0x13, 0x63, 0x25, 0xfa, 0x7f, 0xee,
  0x1e, 0x0d, 0x5d, 0x25, 0xb5, 0xf6, 0xc0, 0xe6, 0xb2, 0xdb, 0x3f, 0xfa,
  0x50, 0xe6, 0x29, 0xa2, 0x23, 0x3a, 0x09, 0xf3, 0xec, 0xda, 0x1a, 0x24,
  0x2f, 0xce, 0x00, 0x39, 0x18, 0x37, 0x48, 0x16, 0xf4, 0xf8, 0x62, 0x1f,
  0xa5, 0xe3, 0xb6, 0x05, 0xc3, 0x40, 0xf0, 0xfc, 0x24, 0x4f, 0xbe, 0x08,
  0x12, 0xfe, 0x99, 0xc3, 0xdd, 0xdf, 0xd9, 0x21, 0xb4, 0xeb, 0xd8, 0x40,
  0x02, 0x16, 0x3f, 0xfc, 0xdf, 0x24, 0x3b, 0x31, 0xc9, 0x13, 0xe1, 0x03,
  0x08, 0x3a, 0x13, 0x18, 0x4b, 0x30, 0xf7, 0x07, 0xf2, 0x38, 0xdb, 0x04,
  0x1c, 0x44, 0xde, 0xe9, 0x23, 0xed, 0xfe, 0x43, 0xe1, 0x00, 0x32, 0xe5,
  0xeb, 0xd2, 0x51, 0xe5, 0x08, 0x18, 0x16, 0x2a, 0x03, 0x09, 0x1c, 0x30,
  0x36, 0x56, 0xff, 0x9c, 0x36, 0x17, 0xe4, 0xf5, 0x08, 0x40, 0x16, 0xd7,
  0xd8, 0xdb, 0x29, 0x5c, 0xeb, 0x1c, 0x38, 0x02, 0x10, 0xf3, 0x47, 0xeb,
  0xf2, 0xff, 0xd1, 0x39, 0x06, 0x49, 0x33, 0x1a, 0x30, 0x55, 0xf1, 0xde,
  0x33, 0xf1, 0x1a, 0x32, 0x14, 0x27, 0x28, 0x20, 0xdc, 0xf9, 0xd9, 0x7f,
  0xc6, 0x43, 0x25, 0x0c, 0x00, 0xcc, 0x0d, 0xed, 0xa9, 0x20, 0xdc, 0x31,
  0xba, 0x1a, 0x21, 0x4b, 0x36, 0x06, 0xdb, 0x98, 0xf8, 0x32, 0x0d, 0x40,
  0x1f, 0xfd, 0xe7, 0xdb, 0xd6, 0xc2, 0xec, 0x54, 0xf8, 0x4c, 0x48, 0x00,
  0x15, 0xd6, 0x2f, 0xf3, 0x82, 0xec, 0x1a, 0x30, 0xdc, 0x10, 0xf0, 0x10,
  0x52, 0x4f, 0x1c, 0xb7, 0x29, 0x48, 0xbb, 0x3c, 0x23, 0x08, 0xfd, 0x09,
  0xde, 0xca, 0x1b, 0x7a, 0xda, 0x37, 0x3a, 0x14, 0x57, 0xdd, 0x08, 0x07,
  0xdf, 0xdc, 0x36, 0x34, 0xd1, 0x25, 0x45, 0x03, 0x31, 0xf2, 0x2e, 0xc0,
  0x42, 0x24, 0xce, 0x40, 0x06, 0xe3, 0x00, 0xe0, 0xce, 0xea, 0x2c, 0x7f,
  0x55, 0xe5, 0xc5, 0xc6, 0xeb, 0x47, 0x09, 0x37, 0x47, 0x7a, 0x34, 0xe3,
  0x5b, 0x31, 0x12, 0xc2, 0xd8, 0x04, 0xec, 0xef, 0x11, 0x8a, 0x45, 0xf9,
  0xd4, 0xb4, 0x2c, 0x49, 0xed, 0x16, 0x05, 0xe9, 0x45, 0xcc, 0xa1, 0xef,
  0xca, 0x12, 0x9e, 0x58, 0x46, 0x77, 0x33, 0xe3, 0x26, 0xcc, 0xc5, 0xa3,
  0xda, 0xc6, 0x0f, 0x17, 0xd3, 0xaa, 0x10, 0x33, 0x17, 0xd3, 0x47, 0x69,
  0xe6, 0x0d, 0x21, 0xa6, 0x57, 0xbe, 0xe0, 0xe9, 0x20, 0xed, 0xbc, 0x03,
  0x09, 0x5a, 0x43, 0x0e, 0x47, 0x00, 0x0c, 0xe3, 0xfb, 0xaa, 0x41, 0x06,
  0xbd, 0x81, 0x30, 0x21, 0xf0, 0x3e, 0xbe, 0xe5, 0xc5, 0x65, 0xf9, 0xba,
  0x03, 0x64, 0x59, 0xee, 0x0e, 0xf5, 0x2a, 0xc1, 0xed, 0x1d, 0xdd, 0x29,
  0x17, 0xfc, 0x4e, 0x67, 0x41, 0x34, 0x12, 0x14, 0x25, 0x11, 0xce, 0x2e,
  0x02, 0xee, 0x0f, 0x10, 0xdd, 0x11, 0xef, 0x31, 0x12, 0x03, 0x7f, 0x49,
  0x14, 0x11, 0x0b, 0xc2, 0xe7, 0x2d, 0xe9, 0x19, 0xe1, 0x23, 0x3e, 0x21,
  0x02, 0x29, 0x39, 0xd9, 0x05, 0x56, 0xdd, 0xe0, 0x1a, 0x10, 0x43, 0xec,
  0xe6, 0x1d, 0x2a, 0x6e, 0x45, 0x28, 0x63, 0xea, 0x19, 0xe5, 0xf1, 0xeb,
  0xa1, 0x12, 0x36, 0x03, 0x0d, 0xf8, 0x4f, 0x6a, 0x4a, 0x34, 0xf4, 0xb9,
  0x13, 0xf5, 0xfa, 0xde, 0x27, 0x00, 0xeb, 0xd7, 0x03, 0x07, 0x39, 0x63,
  0xf7, 0x8d, 0xf1, 0xd1, 0x23, 0xd8, 0xf3, 0x0e, 0x32, 0x62, 0x59, 0x06,
  0x20, 0x09, 0xcd, 0xb9, 0xaf, 0xb9, 0xe4, 0x59, 0xaa, 0xad, 0xe3, 0xcb,
  0xb2, 0x1a, 0x23, 0x46, 0x12, 0x4e, 0x19, 0xda, 0x56, 0x95, 0xc8, 0xd0,
  0xd3, 0xd0, 0xa0, 0x16, 0x2c, 0x55, 0x1a, 0x83, 0x32, 0x0b, 0xa4, 0x92,
  0xe7, 0xb0, 0x38, 0x44, 0xba, 0xe7, 0x34, 0xca, 0xd3, 0xd9, 0xcb, 0x61,
  0x30, 0xfa, 0xff, 0xed, 0x31, 0xa4, 0xf0, 0x15, 0xf5, 0x11, 0xa1, 0x19,
  0xfd, 0x34, 0x6a, 0xa3, 0xf0, 0x01, 0xef, 0xe8, 0x9d, 0xe7, 0x0d, 0x7f,
  0xd1, 0x1c, 0x17, 0xe8, 0xc0, 0xdc, 0xfc, 0x4c, 0xcd, 0x20, 0x3f, 0x88,
  0x23, 0x90, 0xc1, 0x07, 0x33, 0x1e, 0xc4, 0x5a, 0x2b, 0x23, 0x0d, 0x9d,
  0x2c, 0x1d, 0x8f, 0x9d, 0xba, 0xf7, 0x2e, 0x2e, 0xa7, 0xc6, 0x01, 0x26,
  0xb5, 0xf5, 0xe3, 0x4a, 0x3e, 0xff, 0x24, 0xa2, 0x24, 0x03, 0xc9, 0x19,
  0xd3, 0xca, 0xb4, 0x00, 0x42, 0x56, 0x1c, 0xec, 0x58, 0xc6, 0x03, 0xa3,
  0x1c, 0x97, 0x17, 0x47, 0xab, 0x19, 0x30, 0x04, 0x0b, 0xb8, 0x17, 0x55,
  0x19, 0x07, 0xea, 0xeb, 0xff, 0x81, 0xa7, 0x43, 0x1f, 0x0e, 0xf9, 0x07,
  0x1e, 0x00, 0x39, 0xce, 0xf4, 0x0e, 0xa3, 0xe9, 0xfe, 0x1a, 0x3f, 0x51,
  0x0f, 0xa5, 0x6c, 0x00, 0xb6, 0xf4, 0x31, 0x38, 0x3e, 0xda, 0xda, 0x8f,
  0x32, 0x16, 0xb7, 0xb8, 0x09, 0x37, 0xda, 0x5f, 0x61, 0x3d, 0x03, 0x09,
  0x3a, 0xa5, 0x13, 0xb7, 0xd3, 0xc1, 0x02, 0xfa, 0xc3, 0xad, 0x2c, 0x36,
  0xcf, 0x02, 0xd4, 0x66, 0x2a, 0x39, 0xe0, 0xa3, 0x35, 0x04, 0xe0, 0x31,
  0x14, 0x09, 0xc9, 0xd9, 0x03, 0x72, 0x02, 0xaa, 0xf3, 0xb9, 0xa2, 0xee,
  0xbe, 0xc0, 0x26, 0x3e, 0x2f, 0xb5, 0x7f, 0xb9, 0x1b, 0x14, 0x16, 0x2c,
  0x4d, 0xe0, 0x24, 0x88, 0x42, 0xb3, 0x96, 0xf0, 0x04, 0x49, 0xf6, 0x64,
  0x0f, 0x49, 0x3c, 0x90, 0xec, 0x2c, 0xe3, 0x93, 0xab, 0xd0, 0xdd, 0x1f,
  0xcb, 0x25, 0x0f, 0xe9, 0x15, 0x3e, 0x45, 0x06, 0x4b, 0x46, 0xdd, 0xb2,
  0xdb, 0x13, 0x73, 0x36, 0x17, 0xf6, 0x06, 0x05, 0xda, 0x10, 0x36, 0x49,
  0xf6, 0x3b, 0x04, 0x1b, 0x1a, 0xec, 0xcc, 0xb9, 0x3b, 0x3b, 0xbd, 0xfe,
  0xd5, 0x00, 0xd7, 0xbb, 0x35, 0x24, 0x11, 0x6f, 0xff, 0xff, 0x7f, 0x34,
  0xec, 0x2f, 0x0d, 0x0b, 0x99, 0xe4, 0xf4, 0x39, 0xf4, 0x12, 0x36, 0x38,
  0xe8, 0x42, 0xdf, 0xc5, 0x25, 0x06, 0x20, 0x39, 0x12, 0x16, 0x05, 0x1f,
  0x2f, 0xbb, 0xbc, 0x24, 0xbe, 0x21, 0x40, 0x1a, 0x23, 0x20, 0x0c, 0x19,
  0xb4, 0xa4, 0x26, 0xec, 0xf8, 0x22, 0x56, 0x39, 0xe7, 0xf4, 0x0a, 0x8f,
  0xef, 0xdf, 0xc9, 0x39, 0x4d, 0xfd, 0xf2, 0xab, 0xed, 0x1d, 0xfc, 0x51,
  0x9f, 0x1d, 0x7f, 0xdd, 0xca, 0xfb, 0x19, 0x45, 0xf0, 0x05, 0xf2, 0x35,
  0x23, 0x0e, 0x08, 0x44, 0xf7, 0x60, 0x1c, 0xfd, 0xfd, 0xff, 0xd5, 0xff,
  0x41, 0xe0, 0xc0, 0x18, 0xec, 0xd1, 0x25, 0x21, 0xa1, 0x40, 0x30, 0x18,
  0x1f, 0xc2, 0x76, 0xc8, 0xdc, 0xbb, 0x39, 0xf6, 0x26, 0xf2, 0x0c, 0x37,
  0x13, 0x4b, 0xce, 0x03, 0xfa, 0xfa, 0x26, 0xce, 0x4e, 0x32, 0x29, 0x32,
  0x22, 0xd2, 0x3e, 0xbe, 0xd8, 0xfb, 0x32, 0xe6, 0x1a, 0xdc, 0x13, 0xf8,
  0x1b, 0x04, 0x1b, 0x00, 0xd6, 0x36, 0x0c, 0x67, 0xec, 0x37, 0x36, 0xe1,
  0xf1, 0xc2, 0xa4, 0x24, 0xe6, 0x0e, 0x2b, 0x0f, 0x29, 0xbb, 0x08, 0xd7,
  0xe4, 0xf4, 0xbd, 0xf6, 0xf8, 0x45, 0xe5, 0x5d, 0xdb, 0x4a, 0x04, 0x01,
  0xcd, 0xb6, 0xea, 0xf8, 0x19, 0xd3, 0x38, 0x1d, 0xcf, 0x01, 0x5c, 0xc5,
  0xdd, 0x9b, 0x2c, 0x12, 0x26, 0x3f, 0xe7, 0xcc, 0x3b, 0xd1, 0xca, 0xc7,
  0x29, 0x31, 0xc9, 0xf0, 0x41, 0x60, 0x48, 0xb4, 0x55, 0x36, 0xb5, 0xf6,
  0xc4, 0xad, 0xcd, 0x07, 0xad, 0xe5, 0x00, 0xe0, 0xb5, 0xef, 0xee, 0x71,
  0xf0, 0x2e, 0x1f, 0xa6, 0x37, 0x8b, 0xa3, 0x07, 0x1c, 0xfb, 0xdd, 0x2c,
  0x24, 0x31, 0x35, 0x05, 0xde, 0xce, 0xae, 0x90, 0xa2, 0x9b, 0xd5, 0x2c,
  0xb1, 0x81, 0x3f, 0xc7, 0x9e, 0xda, 0xc2, 0x5b, 0x45, 0x26, 0x12, 0x97,
  0xe6, 0xc8, 0xc2, 0x15, 0xce, 0x0a, 0xb1, 0x09, 0x2a, 0x00, 0x4a, 0xed,
  0xf2, 0x1d, 0xc8, 0xf6, 0xfc, 0xf6, 0x38, 0x64, 0xd0, 0xf4, 0x20, 0xc4,
  0xb5, 0xfb, 0x16, 0x03, 0x14, 0x0d, 0xe3, 0xab, 0x32, 0x9e, 0x90, 0x31,
  0xda, 0xf3, 0xc0, 0x39, 0x11, 0x28, 0x17, 0xa5, 0xe8, 0xf7, 0xf5, 0xe8,
  0xf6, 0x01, 0x16, 0x1d, 0x13, 0x08, 0x09, 0x01, 0x1e, 0xd2, 0xda, 0x3e,
  0x26, 0x3c, 0xfc, 0xbe, 0x47, 0xdc, 0x81, 0x29, 0x00, 0x21, 0xf9, 0x1a,
  0x24, 0x42, 0xf4, 0xbe, 0x2d, 0xd1, 0xa5, 0xa8, 0x1f, 0xae, 0x17, 0x36,
  0xd8, 0x28, 0x27, 0x22, 0xba, 0xc4, 0x03, 0x35, 0x18, 0x28, 0xf0, 0xab,
  0x99, 0x40, 0xe7, 0x14, 0xb2, 0xae, 0xf7, 0x13, 0x4a, 0xe9, 0x8e, 0xe4,
  0x63, 0xa2, 0x2d, 0xa7, 0x59, 0x98, 0x9a, 0x54, 0x91, 0xe4, 0x04, 0xe0,
  0x0c, 0x14, 0xcb, 0xe2, 0x42, 0x89, 0x30, 0xfd, 0xee, 0x0f, 0xde, 0x4d,
  0x4f, 0xa9, 0x4a, 0xc3, 0x8b, 0x96, 0x23, 0x3c, 0xb2, 0xd5, 0xc9, 0x38,
  0x58, 0xc6, 0x2c, 0x0e, 0xfb, 0xb5, 0xd3, 0xe7, 0x97, 0xd0, 0xe8, 0xe2,
  0x03, 0xa9, 0x65, 0x41, 0xd2, 0xd4, 0xab, 0x9c, 0xd1, 0xcb, 0xbd, 0xdc,
  0x61, 0xd2, 0xf9, 0x3b, 0x36, 0xaf, 0x9e, 0x81, 0x11, 0xe7, 0xc0, 0xa9,
  0xdd, 0xef, 0x3c, 0x37, 0xdd, 0xb9, 0x8a, 0x12, 0x45, 0xdc, 0xa6, 0xe0,
  0x99, 0x23, 0x99, 0xe7, 0xa5, 0xa9, 0xa9, 0xcb, 0x07, 0xb8, 0xcb, 0xad,
  0x0f, 0xe9, 0xcf, 0xff, 0xda, 0x04, 0xd1, 0x54, 0xbc, 0x39, 0x42, 0xf9,
  0xda, 0x01, 0x9f, 0xd0, 0xce, 0xf6, 0xa2, 0x2f, 0x04, 0x93, 0x83, 0x8e,
  0x0c, 0x48, 0xf7, 0x51, 0x16, 0xf3, 0x62, 0x4e, 0xf8, 0x5b, 0xac, 0x4f,
  0xfb, 0x4b, 0xc9, 0xa2, 0xf7, 0x45, 0xa7, 0xd6, 0x56, 0xca, 0x8f, 0x8b,
  0x31, 0x4e, 0x5a, 0xf2, 0xa4, 0x39, 0x28, 0x4b, 0x1d, 0xf5, 0x13, 0xa4,
  0x7f, 0x99, 0x91, 0x4b, 0xcb, 0xad, 0x43, 0xbe, 0xd4, 0xfa, 0xd0, 0x6d,
  0x33, 0x36, 0x9e, 0x20, 0x99, 0xcd, 0x87, 0x36, 0x83, 0x5d, 0x20, 0xf1,
  0x51, 0x88, 0x9d, 0x21, 0xf6, 0x0d, 0xf9, 0x5c, 0x7f, 0x10, 0x41, 0x95,
  0x0b, 0x1a, 0xe1, 0xc4, 0x11, 0xfb, 0x24, 0x2d, 0xd7, 0xeb, 0x46, 0xa5,
  0xc6, 0xb6, 0xf3, 0x4b, 0x38, 0x47, 0x3b, 0x98, 0x35, 0xe8, 0xc9, 0xf2,
  0xe4, 0xf4, 0xff, 0x5c, 0x19, 0x5d, 0xd5, 0xe6, 0x36, 0xe3, 0xba, 0xd0,
  0x1a, 0xb5, 0x3c, 0x7f, 0xc9, 0xd8, 0x45, 0xed, 0xfc, 0x03, 0x3a, 0x19,
  0xe6, 0x06, 0x08, 0xae, 0x42, 0xdf, 0xc8, 0x0a, 0x3a, 0x46, 0xa7, 0xdf,
  0x65, 0x1c, 0x41, 0xdb, 0x60, 0x15, 0xbe, 0xb4, 0xeb, 0x0c, 0x1f, 0x13,
  0xdd, 0xf9, 0x26, 0x16, 0xbe, 0xed, 0xf6, 0xf4, 0x1c, 0xee, 0x0b, 0x90,
  0xdc, 0x45, 0x27, 0x00, 0x32, 0x1e, 0x2d, 0x29, 0xcd, 0x12, 0xd0, 0x1e,
  0xf6, 0x12, 0x01, 0xf4, 0xfe, 0xee, 0xfc, 0xc4, 0x23, 0x18, 0xef, 0x3d,
  0x0c, 0x0a, 0xed, 0xd7, 0x2d, 0xb4, 0xe6, 0x75, 0x05, 0x30, 0x2b, 0xef,
  0x35, 0x23, 0x53, 0xd1, 0xbd, 0xf1, 0xf6, 0x3f, 0xe1, 0x15, 0x1a, 0x01,
  0x39, 0x12, 0xce, 0xa9, 0x03, 0x0e, 0xfc, 0xdf, 0x0d, 0xe9, 0xfc, 0xee,
  0x0a, 0xbf, 0xd6, 0x54, 0x04, 0x10, 0x26, 0xed, 0xf9, 0x0d, 0x59, 0xfa,
  0xeb, 0xf2, 0x22, 0x4b, 0xc3, 0x1b, 0x2d, 0xe6, 0x41, 0x25, 0xce, 0x9a,
  0xf7, 0x14, 0xfb, 0xf8, 0xf2, 0x37, 0xe1, 0xc0, 0x25, 0xdf, 0xb5, 0x7f,
  0x11, 0x19, 0x7a, 0x1b, 0x08, 0xe7, 0x42, 0x06, 0xd6, 0xc2, 0xf4, 0x59,
  0x14, 0x14, 0x48, 0x19, 0x38, 0x23, 0xf0, 0xeb, 0xe3, 0x36, 0xe9, 0x19,
  0xea, 0x08, 0x30, 0xd2, 0xed, 0x1f, 0x1b, 0x60, 0xb3, 0xfe, 0x7f, 0x04,
  0x2a, 0xc5, 0x28, 0x37, 0xbb, 0xcb, 0x20, 0x45, 0xd6, 0x41, 0x09, 0xfd,
  0x37, 0x32, 0x07, 0x9a, 0x17, 0x39, 0xe8, 0xee, 0x1b, 0x3f, 0x0b, 0xf8,
  0x1f, 0xe3, 0x28, 0x41, 0xd0, 0x1b, 0x25, 0x29, 0xe9, 0xf6, 0x0d, 0x19,
  0xdf, 0xf4, 0xd1, 0xf1, 0xf7, 0xd7, 0x5d, 0x17, 0xe3, 0x53, 0xcf, 0xde,
  0x42, 0x0b, 0xe4, 0x32, 0x1a, 0x4b, 0xd4, 0xf8, 0x00, 0x2a, 0x00, 0x37,
  0xc7, 0xef, 0x56, 0xbd, 0x18, 0x15, 0x7f, 0xc7, 0xd5, 0x27, 0x58, 0xdc,
  0xca, 0x60, 0x42, 0xf3, 0xea, 0xf5, 0xc3, 0xce, 0x0f, 0xb4, 0xe0, 0xef,
  0x31, 0x3c, 0xd8, 0xfe, 0xe4, 0xea, 0xf3, 0x38, 0x9f, 0x68, 0x78, 0x56,
  0xf1, 0x1b, 0x4a, 0xc5, 0xf8, 0xb7, 0x15, 0x49, 0xcf, 0x16, 0x46, 0x5a,
  0x62, 0xf9, 0x42, 0xef, 0x15, 0xe2, 0xdd, 0x1b, 0x4f, 0x69, 0xf6, 0xfd,
  0x53, 0xca, 0x09, 0xef, 0xb2, 0x41, 0x30, 0x1a, 0xfb, 0x09, 0x4d, 0xae,
  0xd8, 0xe5, 0x2c, 0x47, 0xe7, 0xe7, 0x1e, 0x10, 0x1a, 0xf6, 0xef, 0x10,
  0x48, 0xc4, 0xc0, 0x29, 0x31, 0x4d, 0xf3, 0xf3, 0x37, 0xc9, 0xdd, 0xde,
  0xe4, 0x2b, 0x61, 0x1e, 0xd2, 0x2d, 0x55, 0x97, 0xef, 0xa7, 0xe1, 0x3a,
  0xe1, 0x32, 0x02, 0x1e, 0x22, 0x49, 0xad, 0xd9, 0xd1, 0x4f, 0x9f, 0x26,
  0xe7, 0x27, 0x21, 0x99, 0x1b, 0x10, 0xf1, 0x63, 0xbb, 0x1c, 0x65, 0x2e,
  0x24, 0x10, 0x04, 0x99, 0xb3, 0x05, 0xf8, 0x31, 0xda, 0x34, 0x30, 0xdf,
  0x51, 0x12, 0xe1, 0x89, 0x1a, 0x17, 0xfe, 0xb3, 0x32, 0x3f, 0xdf, 0xcc,
  0x24, 0xb1, 0x17, 0x43, 0x1c, 0x48, 0x7d, 0xde, 0x2e, 0xef, 0x52, 0xba,
  0x8e, 0xc8, 0x18, 0x4c, 0x1b, 0x13, 0x0b, 0x43, 0x4c, 0x41, 0x2a, 0x81,
  0x06, 0x1c, 0xd3, 0x2b, 0xc1, 0x1a, 0xe4, 0x13, 0x00, 0x1b, 0xb1, 0x0f,
  0x2e, 0x05, 0x68, 0xd7, 0x2c, 0x0c, 0x5a, 0xd0, 0xdb, 0xb1, 0xb7, 0x00,
  0xe0, 0x49, 0x09, 0x72, 0xf6, 0x42, 0x21, 0xb7, 0x53, 0x03, 0xd1, 0xeb,
  0x25, 0x2a, 0xea, 0xd6, 0x05, 0xaf, 0xd7, 0x43, 0xbd, 0x2a, 0x7f, 0x1c,
  0x54, 0xdc, 0x74, 0x20, 0x9b, 0xa1, 0xf3, 0x31, 0x9f, 0x1e, 0xfa, 0x6f,
  0x50, 0x60, 0x21, 0xab, 0xdb, 0x22, 0xe4, 0x1f, 0x53, 0x5c, 0x05, 0xe9,
  0xe8, 0xe0, 0xb8, 0x76, 0x27, 0x62, 0x70, 0x2f, 0xe9, 0xd4, 0x2d, 0xd5,
  0x86, 0x9b, 0x14, 0xe9, 0x01, 0xd0, 0x58, 0x5d, 0x51, 0x2e, 0x26, 0xc7,
  0x49, 0x1c, 0x05, 0xec, 0x22, 0xe0, 0xd8, 0xc4, 0x01, 0xa3, 0xcb, 0x76,
  0x35, 0xfc, 0x4d, 0xe7, 0x50, 0x11, 0x39, 0xae, 0xa3, 0xd6, 0xc0, 0xef,
  0x03, 0xfa, 0xe7, 0x18, 0xdf, 0x38, 0xd7, 0xd7, 0xcf, 0x37, 0xdb, 0x39,
  0x3d, 0x31, 0x08, 0xcd, 0xec, 0xb8, 0xe0, 0x7b, 0x36, 0x07, 0x4b, 0x21,
  0xe6, 0xfa, 0x24, 0xdc, 0x95, 0x0d, 0xd1, 0x20, 0xa3, 0x10, 0xec, 0x31,
  0x24, 0x1f, 0x27, 0xbb, 0xdd, 0x29, 0xbf, 0xdf, 0xdd, 0x27, 0x46, 0x0e,
  0xe7, 0xd5, 0xa4, 0x7f, 0x41, 0xea, 0x36, 0x44, 0x4d, 0xbc, 0x36, 0xb4,
  0x8f, 0xeb, 0xe5, 0x2c, 0xbf, 0x42, 0x26, 0xf3, 0x00, 0x35, 0xd6, 0xc1,
  0xc9, 0x2a, 0x9d, 0xe4, 0xe4, 0xfd, 0xdc, 0x9d, 0x21, 0x14, 0xb0, 0x51,
  0x1e, 0xfb, 0x99, 0xd7, 0xca, 0xd5, 0xe3, 0x04, 0xef, 0x49, 0x04, 0xa7,
  0xe3, 0x12, 0x0c, 0xb9, 0xc3, 0x9c, 0x35, 0x08, 0x2f, 0xdc, 0x59, 0xe0,
  0x02, 0xbd, 0xe7, 0x2e, 0x4c, 0x34, 0x15, 0x81, 0xf4, 0xe1, 0xaa, 0xd8,
  0x25, 0x44, 0xb8, 0x3a, 0x31, 0x15, 0x5a, 0xa4, 0x54, 0xdf, 0x9c, 0xa7,
  0x1b, 0xfc, 0x1f, 0x5d, 0xbf, 0xd3, 0x2c, 0xba, 0xeb, 0x25, 0xe2, 0x21,
  0xfe, 0x23, 0x0e, 0xbf, 0x41, 0x0e, 0xb1, 0xdc, 0x9f, 0xff, 0xb1, 0x44,
  0x4c, 0x19, 0x0e, 0xed, 0x40, 0xf9, 0xcc, 0xb0, 0xdf, 0xf8, 0x3e, 0x38,
  0xc0, 0xe6, 0x1a, 0xbe, 0xab, 0x34, 0x30, 0x0f, 0x49, 0x3e, 0x05, 0xd0,
  0x1f, 0x4a, 0x1f, 0x39, 0xe3, 0x11, 0x27, 0xe6, 0xdb, 0x17, 0xf7, 0x1b,
  0x16, 0x36, 0x25, 0xf3, 0x10, 0x1e, 0x0d, 0xff, 0x28, 0x08, 0xbf, 0xf2,
  0x25, 0xc9, 0x11, 0xab, 0x26, 0xcb, 0x19, 0x3a, 0x22, 0x4e, 0x79, 0xe6,
  0xdf, 0x0a, 0x48, 0xdf, 0xdb, 0xac, 0x18, 0x0c, 0xf6, 0x23, 0x21, 0x53,
  0x10, 0x24, 0x07, 0x81, 0xd0, 0xe1, 0xa4, 0x29, 0x1a, 0x3d, 0x20, 0xe7,
  0x29, 0xcd, 0xbf, 0x18, 0xb2, 0xfd, 0x70, 0x0c, 0xd0, 0xe2, 0x61, 0xe4,
  0xfc, 0xed, 0xc7, 0xf2, 0x07, 0x30, 0x17, 0x58, 0x41, 0x47, 0xc0, 0x9c,
  0xda, 0xf1, 0xd4, 0xee, 0xd5, 0x01, 0x02, 0x1e, 0xcd, 0x1c, 0xd3, 0x73,
  0xd1, 0x1a, 0x5b, 0xdd, 0x37, 0xd4, 0x1c, 0xc2, 0xdf, 0x15, 0x2d, 0xef,
  0xbe, 0x3b, 0x06, 0x51, 0x06, 0x29, 0xe7, 0xc4, 0xd4, 0xfb, 0xe2, 0x38,
  0xe9, 0xe7, 0xf2, 0x10, 0xc3, 0x04, 0xf6, 0x3a, 0xa6, 0x45, 0x41, 0xda,
  0x5a, 0xca, 0x27, 0x0e, 0xee, 0xf7, 0x0d, 0x3f, 0xd3, 0x3e, 0xe8, 0xf5,
  0x34, 0x17, 0x2b, 0xc4, 0x07, 0x37, 0xc2, 0xf2, 0xfe, 0x09, 0xbf, 0x05,
  0xf6, 0xd4, 0xd5, 0x32, 0xff, 0xdf, 0x64, 0xf2, 0x53, 0xd1, 0xfc, 0xfe,
  0x81, 0xe1, 0xd3, 0x1e, 0xd2, 0x2b, 0x28, 0x40, 0x4f, 0xf7, 0xff, 0xac,
  0x23, 0x38, 0x13, 0xed, 0xd9, 0xe2, 0x07, 0x1b, 0xe0, 0x08, 0x1e, 0x5b,
  0x0b, 0xdf, 0xce, 0x47, 0x33, 0x29, 0x06, 0x66, 0x65, 0x16, 0x3c, 0xa4,
  0xfb, 0xbb, 0xd9, 0xf0, 0xab, 0xee, 0x58, 0x4c, 0x2d, 0xc6, 0x54, 0xca,
  0xdf, 0x02, 0x26, 0x20, 0x44, 0x4a, 0x4c, 0xc3, 0xf1, 0xfc, 0x86, 0x47,
  0xfa, 0x21, 0xe0, 0x29, 0x5f, 0x74, 0x1d, 0x9a, 0x19, 0x1c, 0x00, 0xe4,
  0x15, 0xfc, 0xe1, 0x7d, 0x0a, 0x0e, 0xfc, 0xc5, 0x25, 0xc1, 0xef, 0x07,
  0xf7, 0x3c, 0x30, 0xc0, 0x1f, 0xdf, 0x81, 0xc7, 0xd7, 0x4c, 0x1d, 0x5c,
  0x12, 0x2a, 0x34, 0xdc, 0xe3, 0xb9, 0xd9, 0xe7, 0x23, 0xdd, 0x55, 0x7e,
  0xad, 0x00, 0x0b, 0xd4, 0xfa, 0xce, 0x3a, 0x33, 0x61, 0x41, 0x1c, 0x8c,
  0xf6, 0xd8, 0xd5, 0x2a, 0xd1, 0x20, 0x29, 0xe7, 0x4b, 0xf7, 0xf6, 0xd3,
  0xd8, 0xd1, 0xad, 0xe0, 0xfe, 0xd2, 0x35, 0x35, 0x08, 0x2b, 0x38, 0xfd,
  0xac, 0xbd, 0x26, 0x14, 0x29, 0xd5, 0x30, 0xe5, 0x05, 0x99, 0xe3, 0xc5,
  0x28, 0xda, 0xbc, 0x3e, 0x11, 0x19, 0x1c, 0x0a, 0xec, 0xdc, 0x06, 0xd9,
  0xc2, 0x00, 0xf9, 0x1e, 0x09, 0xb6, 0x47, 0xe7, 0xa5, 0xe5, 0x30, 0x3e,
  0xd7, 0x48, 0x35, 0xb2, 0x2a, 0xe6, 0xcd, 0x05, 0xee, 0x30, 0xea, 0x42,
  0x20, 0x46, 0x10, 0xbc, 0xf2, 0x21, 0x00, 0x88, 0xa3, 0xbd, 0xd5, 0xf2,
  0xce, 0xdd, 0x25, 0xc4, 0xa9, 0xb5, 0xd7, 0x1c, 0xd1, 0x3b, 0xe0, 0x81,
  0xea, 0x28, 0x61, 0xc8, 0x25, 0xd8, 0x3e, 0x1a, 0xef, 0xbf, 0xc9, 0x10,
  0xad, 0x27, 0x09, 0x1d, 0x37, 0x65, 0x2f, 0xa4, 0xf9, 0x0f, 0xa7, 0x15,
  0x25, 0x59, 0x3e, 0xf8, 0x12, 0x1e, 0xf3, 0x4e, 0x18, 0x55, 0x53, 0xf4,
  0x13, 0xcf, 0x05, 0x2a, 0xf5, 0x09, 0xc8, 0x1d, 0x2f, 0x13, 0x0e, 0x4f,
  0x4d, 0x65, 0x31, 0x94, 0xcd, 0x4d, 0xcb, 0xeb, 0x65, 0x0b, 0x2f, 0xe0,
  0xc6, 0xab, 0x1d, 0x7f, 0xd9, 0x00, 0x2a, 0x39, 0x3b, 0xee, 0x79, 0x18,
  0xa6, 0xf3, 0x26, 0x11, 0x27, 0x02, 0x51, 0x05, 0x26, 0xf7, 0x02, 0xbd,
  0x3f, 0xec, 0xa7, 0x38, 0xe9, 0xdf, 0xd4, 0xf6, 0xc4, 0xb9, 0xbc, 0x70,
  0xe4, 0x5c, 0xfd, 0x23, 0xd8, 0xe5, 0x64, 0x13, 0xa4, 0xb1, 0xc9, 0x09,
  0x2a, 0x0a, 0xff, 0xf3, 0x4b, 0x04, 0x11, 0xed, 0xdd, 0xd9, 0x0e, 0xf0,
  0xf0, 0x2a, 0xeb, 0xe3, 0x4a, 0xc2, 0xe0, 0xe0, 0xc2, 0x2c, 0x7f, 0x02,
  0x3f, 0x23, 0x0a, 0xdf, 0x27, 0xdb, 0xf3, 0xdf, 0xf3, 0xe4, 0xe9, 0x52,
  0x14, 0x3d, 0x31, 0x09, 0xf5, 0xc1, 0xef, 0x3c, 0x00, 0x02, 0xb6, 0xd7,
  0xcc, 0xf4, 0xc6, 0xf6, 0xa8, 0x3c, 0x61, 0x3f, 0x01, 0xb7, 0x20, 0x3d,
  0xa5, 0xba, 0x01, 0x43, 0xc3, 0x59, 0x0e, 0xe1, 0x5b, 0x13, 0x44, 0x06,
  0x2e, 0xeb, 0xd7, 0x2d, 0x40, 0xd6, 0xda, 0xd1, 0x1f, 0xdd, 0x3e, 0xfe,
  0x0f, 0x48, 0x7f, 0x0c, 0x0a, 0x08, 0x23, 0xe7, 0x1d, 0xc7, 0xc4, 0x2f,
  0xb6, 0x2f, 0x45, 0x0c, 0x54, 0x03, 0x10, 0x0e, 0x14, 0x2b, 0xc2, 0xfd,
  0x37, 0xe7, 0x15, 0xd4, 0xfb, 0xca, 0x3a, 0x70, 0xe4, 0x29, 0x6d, 0x28,
  0x21, 0x1c, 0x43, 0xd9, 0x0f, 0x0b, 0x20, 0x06, 0x21, 0x38, 0x3a, 0x67,
  0x02, 0x2a, 0xda, 0xdc, 0x0f, 0x21, 0x00, 0x20, 0x1f, 0x11, 0xfb, 0xfe,
  0xdc, 0xde, 0x1f, 0x42, 0xfe, 0x65, 0x36, 0xdb, 0xec, 0x15, 0x28, 0x2b,
  0xd2, 0xec, 0xe7, 0x4c, 0x1f, 0x07, 0x51, 0x27, 0x0f, 0x58, 0xee, 0xdc,
  0x38, 0x35, 0x0b, 0x0e, 0xe8, 0x04, 0x33, 0xc3, 0x28, 0xca, 0xd6, 0x43,
  0xf5, 0x4e, 0x78, 0xdc, 0x27, 0x2b, 0xf2, 0x20, 0xc9, 0xbf, 0x42, 0xda,
  0xaa, 0x2c, 0x4b, 0xe6, 0xd7, 0xd9, 0xc4, 0xa0, 0x37, 0xf4, 0xca, 0xe1,
  0x4d, 0x47, 0x16, 0xe4, 0x1d, 0xfd, 0x26, 0x46, 0xc3, 0x37, 0x7f, 0xdb,
  0xe4, 0x03, 0x3f, 0xf9, 0xd1, 0xfd, 0x02, 0xe2, 0xcf, 0x05, 0x13, 0x10,
  0x56, 0x11, 0xe5, 0xab, 0x13, 0x17, 0xc2, 0x31, 0x4e, 0xdf, 0xc9, 0xee,
  0x15, 0x16, 0x23, 0x7b, 0x1c, 0x3f, 0x5c, 0xfd, 0xed, 0xd2, 0x50, 0x14,
  0xe3, 0xfd, 0xe3, 0x4d, 0xb0, 0x47, 0x06, 0x4e, 0xdd, 0xf9, 0xd9, 0xad,
  0x42, 0xc2, 0xcf, 0x47, 0x51, 0x09, 0x15, 0xe6, 0xcf, 0xdf, 0xba, 0x47,
  0x36, 0xfa, 0xba, 0xc3, 0x0a, 0x33, 0xd3, 0x47, 0x71, 0x46, 0x1a, 0xc9,
  0x1d, 0x0f, 0xb8, 0x9c, 0xea, 0x09, 0xe5, 0x46, 0xf4, 0x10, 0x0f, 0x15,
  0xbb, 0xf8, 0x3f, 0x04, 0x2d, 0x49, 0x35, 0xf7, 0x31, 0xce, 0x81, 0x38,
  0x03, 0xfa, 0x30, 0xc2, 0xfb, 0x41, 0xdb, 0x20, 0x4a, 0xf7, 0xdd, 0x28,
  0xab, 0x32, 0xfd, 0xe2, 0xfd, 0x95, 0x35, 0xfa, 0xa4, 0x2f, 0xf7, 0xe8,
  0x2b, 0x40, 0xcd, 0xb6, 0xfa, 0xec, 0xd5, 0xc2, 0xe2, 0x41, 0xe1, 0xf8,
  0x0f, 0x1f, 0x17, 0xd6, 0xe0, 0xab, 0x2b, 0x26, 0xe9, 0x34, 0x38, 0x78,
  0xf8, 0x8c, 0x0b, 0x3b, 0x21, 0x12, 0xd1, 0xfb, 0xe0, 0xf5, 0x00, 0xc8,
  0x03, 0x0d, 0x67, 0x0f, 0x03, 0xe7, 0x3b, 0xcf, 0xb8, 0x14, 0x10, 0x0b,
  0xcc, 0x12, 0xdb, 0x0b, 0x34, 0x36, 0x21, 0xf9, 0xfe, 0x31, 0x06, 0x1e,
  0x3a, 0xea, 0x2b, 0xd0, 0xc5, 0xda, 0x0b, 0x10, 0xee, 0xde, 0x7f, 0xd8,
  0xf3, 0x1e, 0x5e, 0xe1, 0xa9, 0xb6, 0x0f, 0x19, 0xfd, 0x1a, 0x1c, 0x20,
  0x2d, 0x37, 0xe8, 0xd6, 0x38, 0x3f, 0xfd, 0x04, 0xf8, 0x23, 0x1f, 0xf5,
  0x31, 0xf9, 0xfb, 0x78, 0xd9, 0x54, 0x24, 0xc5, 0xdb, 0xc2, 0x55, 0xb9,
  0xa1, 0xac, 0x29, 0x26, 0xdd, 0x36, 0x0b, 0x3c, 0x45, 0xe9, 0xca, 0xd3,
  0x1d, 0x30, 0xd5, 0x08, 0xe2, 0x02, 0xfa, 0x13, 0x0c, 0x15, 0xe4, 0x2d,
  0xe0, 0x88, 0xa7, 0x4b, 0xf3, 0xdb, 0xb5, 0x39, 0x39, 0x5e, 0xe2, 0xce,
  0x65, 0x38, 0xc0, 0xc1, 0xda, 0xcf, 0x4d, 0x46, 0xef, 0x1a, 0x3a, 0xf9,
  0xd5, 0x33, 0x30, 0x40, 0xf0, 0x20, 0xe5, 0x81, 0x44, 0xfe, 0xb8, 0x34,
  0x4a, 0x05, 0xb3, 0x3a, 0x41, 0x59, 0xe5, 0xf4, 0xef, 0xe8, 0x98, 0x95,
  0x0b, 0xde, 0x41, 0x13, 0xd7, 0x1d, 0x7e, 0xbf, 0xe2, 0xdf, 0x09, 0x64,
  0x47, 0x1d, 0x1f, 0xa3, 0x4d, 0xb6, 0xdb, 0xd2, 0x22, 0xec, 0xb9, 0x14,
  0x64, 0x6e, 0x07, 0xb3, 0x19, 0x1c, 0xf9, 0xb5, 0x14, 0xbd, 0x16, 0x2b,
  0x13, 0x13, 0x46, 0xb7, 0xbe, 0xf0, 0xe2, 0xfb, 0x4e, 0x07, 0x04, 0x84,
  0x53, 0xa6, 0xa8, 0x10, 0xc8, 0xf2, 0xb6, 0xf9, 0xfe, 0x47, 0xdc, 0xb7,
  0x0d, 0x47, 0xb4, 0xa1, 0xd4, 0xfc, 0x2d, 0x34, 0xc2, 0x07, 0x49, 0xfd,
  0xf1, 0x32, 0x3f, 0x43, 0x2e, 0xf6, 0xf8, 0x83, 0x4c, 0x02, 0xc7, 0x10,
  0x15, 0x25, 0x10, 0x1d, 0xe2, 0xee, 0x1f, 0x98, 0x2b, 0x1f, 0x81, 0xe4,
  0x34, 0xf0, 0x48, 0x53, 0x00, 0x36, 0x32, 0x1c, 0xb6, 0xe9, 0x3d, 0x49,
  0xf5, 0x33, 0xcb, 0x9e, 0xf8, 0x10, 0x8e, 0xe5, 0xf0, 0x2d, 0x90, 0xee,
  0x4a, 0x6e, 0xdb, 0x12, 0x34, 0x02, 0x89, 0x99, 0xa7, 0x16, 0xf1, 0x51,
  0xca, 0x0f, 0x32, 0xc7, 0xac, 0x35, 0xf9, 0x2d, 0xe2, 0x25, 0xcf, 0x91,
  0x47, 0xae, 0x81, 0x1b, 0xe1, 0xd0, 0xfc, 0x3c, 0x3b, 0x70, 0x46, 0x94,
  0x3d, 0xd9, 0xcb, 0x94, 0x9a, 0x08, 0xe9, 0xff, 0xbe, 0x1e, 0x43, 0x1e,
  0xd3, 0xf2, 0xed, 0x35, 0xd2, 0x11, 0x21, 0x9e, 0x51, 0xe4, 0xaf, 0x40,
  0xb7, 0xe5, 0xb1, 0x34, 0xe7, 0xe6, 0xd7, 0x15, 0xd8, 0x0a, 0x81, 0xd1,
  0x16, 0xa9, 0x27, 0x11, 0x17, 0xc8, 0x6d, 0x3e, 0xfc, 0xd0, 0xca, 0x49,
  0xf5, 0x4a, 0x07, 0xa2, 0xe1, 0xd9, 0x8d, 0xcc, 0xa5, 0x29, 0x12, 0x10,
  0x06, 0x11, 0xc1, 0xf4, 0xd1, 0xfc, 0xee, 0xe2, 0xbf, 0x95, 0x2c, 0x73,
  0xe3, 0xbf, 0x26, 0xc5, 0xbd, 0xf5, 0x34, 0x2f, 0x3c, 0x07, 0xcb, 0x9f,
  0x15, 0x32, 0x6f, 0x3b, 0x2a, 0xdd, 0x4d, 0x2c, 0xd6, 0xf6, 0xfd, 0x1c,
  0x13, 0x00, 0x21, 0xfd, 0x39, 0x38, 0x01, 0xe3, 0xed, 0x11, 0xd3, 0x1d,
  0x21, 0x34, 0x02, 0xcd, 0x09, 0xce, 0xe9, 0x6a, 0xe7, 0x54, 0x6e, 0xd9,
  0x08, 0xf2, 0x07, 0x0c, 0xfb, 0x0c, 0xfb, 0x58, 0xcd, 0xec, 0x50, 0x18,
  0x23, 0x42, 0xe7, 0xc0, 0x1d, 0xfb, 0xd9, 0x1e, 0x44, 0x30, 0x2a, 0xfb,
  0xf0, 0x16, 0x19, 0x5d, 0xd6, 0x33, 0x2e, 0x3f, 0x3e, 0x30, 0x28, 0xd6,
  0xfe, 0x0c, 0xd8, 0x4e, 0xe1, 0x2d, 0xf3, 0x29, 0xf9, 0x22, 0x08, 0xc7,
  0xff, 0xfb, 0xf4, 0x1a, 0xf2, 0x21, 0x1a, 0xff, 0x2e, 0xd4, 0x3a, 0x7f,
  0xf8, 0x99, 0x81, 0x1a, 0xed, 0xea, 0xec, 0x36, 0xfa, 0x3d, 0x2f, 0xdd,
  0xfe, 0xd6, 0xae, 0xd6, 0x07, 0xa3, 0x32, 0x1f, 0xda, 0x00, 0xf5, 0xf5,
  0xf7, 0x0c, 0x18, 0x20, 0x29, 0x0d, 0x08, 0xe8, 0x0f, 0x93, 0xae, 0x2c,
  0x0c, 0xfa, 0xd4, 0x33, 0x3f, 0x49, 0xf2, 0xe6, 0x02, 0xd7, 0xd3, 0xaa,
  0xfc, 0xed, 0x0b, 0x1c, 0xe0, 0xd8, 0x08, 0xe8, 0x02, 0xd1, 0xef, 0x39,
  0xf1, 0x2e, 0xe3, 0xa4, 0xe9, 0xe7, 0xc7, 0xe4, 0xdb, 0xf4, 0x06, 0x26,
  0x3b, 0xf1, 0x13, 0xce, 0xf1, 0xe0, 0xc7, 0x8e, 0xbb, 0xae, 0x33, 0x52,
  0xc8, 0x07, 0x38, 0xd1, 0xbf, 0xe3, 0x14, 0x1f, 0xfd, 0x05, 0x03, 0xbe,
  0xa4, 0x53, 0x4f, 0x03, 0xc4, 0xe4, 0x3a, 0xf9, 0xac, 0xd1, 0x52, 0x66,
  0xed, 0x39, 0x1e, 0xef, 0x6d, 0x61, 0x24, 0x2b, 0x55, 0x3a, 0xe9, 0xd4,
  0xf8, 0x33, 0x0e, 0xfb, 0x41, 0xb3, 0xbd, 0xdb, 0xd7, 0x53, 0x50, 0x55,
  0x30, 0x03, 0x11, 0x37, 0xd7, 0xcf, 0xdb, 0xe9, 0x45, 0x2e, 0xde, 0x17,
  0x3d, 0xd5, 0xaa, 0xb1, 0xbf, 0x0e, 0xe8, 0x57, 0xf9, 0x27, 0xf6, 0xcd,
  0xab, 0xab, 0x31, 0xf9, 0xbb, 0x3a, 0x5d, 0xe2, 0x55, 0xf3, 0x03, 0x0f,
  0xb1, 0x23, 0x10, 0x47, 0x23, 0xfe, 0x7f, 0x7c, 0x30, 0x56, 0x34, 0x90,
  0x1e, 0x37, 0xf0, 0x43, 0x24, 0x28, 0xbe, 0xda, 0xf7, 0x3e, 0x08, 0x56,
  0x04, 0x11, 0x2d, 0x0c, 0x3d, 0xd0, 0x73, 0xe7, 0xbe, 0xf1, 0x47, 0x05,
  0xe4, 0x27, 0x28, 0x36, 0x3b, 0x5b, 0xca, 0xf6, 0xfc, 0x05, 0x2d, 0xfc,
  0xf0, 0xdd, 0xd2, 0x06, 0xff, 0xbd, 0xfd, 0x7f, 0xc7, 0x23, 0x77, 0x45,
  0x25, 0xed, 0x19, 0xad, 0xaa, 0xbb, 0x5d, 0x3d, 0xc1, 0xef, 0x48, 0x59,
  0x3e, 0xe2, 0x09, 0xc9, 0xed, 0xf6, 0x09, 0x27, 0x11, 0xed, 0x24, 0xbc,
  0x10, 0xd1, 0xff, 0x44, 0x0f, 0x39, 0x38, 0xe5, 0x59, 0xff, 0x33, 0xca,
  0xf0, 0xb6, 0x11, 0x2c, 0x0a, 0x06, 0x04, 0xde, 0x59, 0x4a, 0x37, 0xb5,
  0xe5, 0x5c, 0xf6, 0xec, 0xed, 0xfc, 0xf4, 0xd4, 0x14, 0xce, 0xe7, 0x6a,
  0x0a, 0x3b, 0x75, 0x3b, 0x39, 0xd2, 0x12, 0x24, 0xe7, 0x1c, 0x2d, 0x32,
  0xf0, 0x39, 0x29, 0x2a, 0x09, 0x3e, 0xf2, 0xc2, 0xdf, 0x44, 0xd3, 0xe8,
  0x10, 0x14, 0x04, 0xc2, 0x1b, 0xba, 0x0d, 0x58, 0xd7, 0x18, 0x27, 0xe0,
  0xcc, 0x0b, 0x3a, 0xe0, 0xda, 0xf7, 0x22, 0xf4, 0xc9, 0x45, 0xf8, 0x57,
  0x0c, 0xf9, 0x03, 0xb9, 0x38, 0x27, 0xba, 0x1e, 0x55, 0x08, 0x07, 0x28,
  0xee, 0xcf, 0xdd, 0x7f, 0xfd, 0x60, 0x23, 0x16, 0xd4, 0x0b, 0x34, 0x0f,
  0xca, 0xd2, 0xe3, 0x2f, 0xdb, 0x2d, 0xeb, 0x67, 0x2b, 0x41, 0xe9, 0xf5,
  0x3e, 0x29, 0x18, 0x09, 0x2e, 0x4d, 0x42, 0x11, 0x0e, 0xcb, 0xde, 0x50,
  0x36, 0xf1, 0xfe, 0x2a, 0xca, 0x12, 0xcd, 0x49, 0x24, 0x42, 0x44, 0xd5,
  0x04, 0x15, 0x16, 0xe1, 0xef, 0xbc, 0x35, 0x26, 0xf3, 0xfc, 0x72, 0xd5,
  0x11, 0xf3, 0xf8, 0x42, 0xfb, 0x15, 0xff, 0x81, 0x21, 0xd3, 0xb1, 0x19,
  0xfb, 0xf0, 0xc4, 0x37, 0x54, 0x26, 0x03, 0x1e, 0x4c, 0xf9, 0xec, 0x17,
  0x09, 0xd4, 0x1f, 0x73, 0x03, 0x09, 0x4f, 0x22, 0x1c, 0xdf, 0x24, 0x2c,
  0x3c, 0xec, 0xf0, 0xe4, 0x5a, 0x08, 0xed, 0x39, 0xc9, 0xfc, 0xbf, 0x2b,
  0x11, 0x1d, 0x53, 0x25, 0x3a, 0x20, 0xee, 0xe2, 0xc5, 0x17, 0x0b, 0x4a,
  0x00, 0xc1, 0x79, 0xdb, 0xc9, 0xe0, 0x1b, 0x3a, 0x24, 0x2b, 0x48, 0xbe,
  0x3e, 0xa7, 0xe4, 0xe9, 0xde, 0x26, 0x22, 0x2d, 0x38, 0x16, 0xc6, 0xa2,
  0x33, 0xdb, 0xda, 0xba, 0xee, 0x1a, 0x26, 0x11, 0xcf, 0x17, 0x22, 0xb1,
  0xe1, 0xce, 0x2c, 0xea, 0xef, 0x08, 0x1d, 0xd0, 0xe1, 0x1d, 0x81, 0x29,
  0xbd, 0x0a, 0xfe, 0x06, 0x15, 0x4a, 0x3e, 0x08, 0xd0, 0xce, 0xec, 0xd6,
  0xcb, 0xea, 0xf7, 0x48, 0xdc, 0xf3, 0x53, 0xf3, 0xce, 0xd4, 0xd5, 0x0b,
  0x36, 0x16, 0x1c, 0xa7, 0xcd, 0xc7, 0xc5, 0xea, 0xc5, 0x13, 0xfc, 0x12,
  0xd6, 0x2a, 0x24, 0xcd, 0x34, 0x10, 0xb5, 0xcc, 0xf2, 0xd4, 0xdf, 0x28,
  0x37, 0x02, 0x4c, 0xbc, 0xba, 0x24, 0xff, 0x4e, 0x0e, 0x12, 0x0a, 0xf4,
  0xc2, 0x62, 0x50, 0xff, 0xe4, 0xbc, 0x53, 0xe1, 0xe3, 0xd2, 0x10, 0x10,
  0x0c, 0xfd, 0x28, 0xf7, 0xfa, 0x5b, 0x1d, 0xe6, 0x29, 0xc8, 0x0a, 0xe6,
  0xea, 0x11, 0x0a, 0x0f, 0x40, 0xb8, 0x01, 0xf9, 0x9d, 0x39, 0x25, 0x0a,
  0xcd, 0xf5, 0x16, 0xdf, 0xbc, 0xf0, 0x03, 0x55, 0xca, 0x07, 0x4f, 0x5d,
  0x4e, 0x05, 0x26, 0x07, 0x0c, 0x21, 0x15, 0x48, 0x2d, 0xe1, 0xea, 0x19,
  0xfd, 0xb3, 0xda, 0x0a, 0xc4, 0x68, 0x7f, 0xcd, 0x1d, 0xe1, 0x25, 0xc0,
  0x14, 0xda, 0x15, 0x17, 0xd2, 0x2b, 0x4a, 0x3a, 0xe7, 0xf0, 0x4b, 0xf2,
  0x0a, 0xff, 0xb8, 0x1f, 0x1d, 0x34, 0xe5, 0xfe, 0x21, 0x12, 0xf7, 0xd8,
  0x91, 0x14, 0xa7, 0x3b, 0xc6, 0xe5, 0x4d, 0xcb, 0x63, 0xae, 0x4d, 0xaa,
  0x64, 0x21, 0x21, 0x82, 0xad, 0xc8, 0x51, 0xdd, 0x84, 0x6c, 0x3f, 0xdc,
  0x01, 0x81, 0xba, 0xee, 0xbe, 0xb7, 0x0f, 0x83, 0xc2, 0x52, 0x2a, 0x48,
  0x75, 0x90, 0x38, 0x10, 0x68, 0xc9, 0xaf, 0xc6, 0xf2, 0x07, 0xb1, 0x32,
  0x0f, 0x17, 0x9f, 0xfa, 0x91, 0xe0, 0xf2, 0x35, 0x15, 0x0a, 0xa6, 0xfc,
  0xd4, 0x19, 0xd7, 0xe4, 0x84, 0xcc, 0x91, 0xeb, 0xf9, 0x8c, 0xc1, 0x82,
  0xf0, 0x64, 0xf7, 0xe1, 0x33, 0xb5, 0x0f, 0x1e, 0xa7, 0x63, 0xf5, 0xc6,
  0xa8, 0xa1, 0xce, 0xd1, 0x45, 0x02, 0x6b, 0xcd, 0xfe, 0xc0, 0xef, 0x21,
  0x52, 0x23, 0xa1, 0x2e, 0xca, 0xe7, 0xd5, 0x16, 0x37, 0x58, 0xf1, 0x17,
  0x17, 0xea, 0xfe, 0xb3, 0x18, 0xbe, 0x5e, 0x6c, 0x36, 0xc2, 0x7f, 0x1a,
  0x02, 0xc9, 0x32, 0x4f, 0x2d, 0xce, 0x2f, 0x98, 0x1d, 0xfc, 0xb2, 0x09,
  0xfd, 0xf7, 0xcb, 0x50, 0x52, 0x6d, 0x42, 0xdb, 0x2f, 0xc1, 0x2c, 0x22,
  0xfa, 0xe3, 0x46, 0x50, 0xec, 0x0f, 0x1e, 0x39, 0xe1, 0x00, 0xce, 0x60,
  0x4d, 0x13, 0x13, 0x88, 0x18, 0xd4, 0x9b, 0x4f, 0x3f, 0xf5, 0xda, 0x35,
  0x3a, 0x16, 0x1a, 0x24, 0x48, 0x09, 0xf6, 0xc2, 0xe0, 0xcf, 0x02, 0x18,
  0xf9, 0xb1, 0x2f, 0xd8, 0x26, 0x04, 0xfc, 0x00, 0xea, 0x2b, 0xf5, 0xfc,
  0xfe, 0xfc, 0xff, 0xff, 0x04, 0x00, 0x00, 0x00, 0x00, 0x01, 0x00, 0x00,
  0x47, 0x01, 0x00, 0x00, 0x20, 0xff, 0xff, 0xff, 0x71, 0xff, 0xff, 0xff,
  0x13, 0x01, 0x00, 0x00, 0x67, 0x00, 0x00, 0x00, 0xf0, 0x00, 0x00, 0x00,
  0x2f, 0xff, 0xff, 0xff, 0x17, 0x01, 0x00, 0x00, 0xc5, 0xff, 0xff, 0xff,
  0x33, 0x01, 0x00, 0x00, 0xa7, 0xff, 0xff, 0xff, 0xc2, 0xff, 0xff, 0xff,
  0xfd, 0x02, 0x00, 0x00, 0x00, 0x00, 0x00, 0x00, 0x09, 0x00, 0x00, 0x00,
  0x73, 0x02, 0x00, 0x00, 0x34, 0x01, 0x00, 0x00, 0x5a, 0x01, 0x00, 0x00,
  0x66, 0xff, 0xff, 0xff, 0xef, 0x00, 0x00, 0x00, 0xcb, 0x01, 0x00, 0x00,
  0x87, 0x02, 0x00, 0x00, 0xcc, 0xff, 0xff, 0xff, 0xde, 0x01, 0x00, 0x00,
  0x39, 0x00, 0x00, 0x00, 0xff, 0xff, 0xff, 0xff, 0xd3, 0xfe, 0xff, 0xff,
  0x2d, 0x01, 0x00, 0x00, 0xf7, 0x00, 0x00, 0x00, 0xa2, 0xff, 0xff, 0xff,
  0xe7, 0xff, 0xff, 0xff, 0x6a, 0xff, 0xff, 0xff, 0x6e, 0xff, 0xff, 0xff,
  0x0a, 0x00, 0x00, 0x00, 0x38, 0x01, 0x00, 0x00, 0x90, 0x01, 0x00, 0x00,
  0xd7, 0x01, 0x00, 0x00, 0x2c, 0x01, 0x00, 0x00, 0x20, 0x01, 0x00, 0x00,
  0x21, 0x01, 0x00, 0x00, 0xdd, 0xff, 0xff, 0xff, 0x1a, 0x01, 0x00, 0x00,
  0xee, 0x00, 0x00, 0x00, 0xc4, 0xff, 0xff, 0xff, 0xd3, 0xfe, 0xff, 0xff,
  0x67, 0x02, 0x00, 0x00, 0x12, 0x01, 0x00, 0x00, 0xf7, 0x01, 0x00, 0x00,
  0x7c, 0x01, 0x00, 0x00, 0xbd, 0xff, 0xff, 0xff, 0x33, 0x01, 0x00, 0x00,
  0x1c, 0x00, 0x00, 0x00, 0xa9, 0xff, 0xff, 0xff, 0xb1, 0xff, 0xff, 0xff,
  0x01, 0x02, 0x00, 0x00, 0x52, 0xff, 0xff, 0xff, 0x36, 0x01, 0x00, 0x00,
  0xfc, 0x01, 0x00, 0x00, 0xa7, 0x01, 0x00, 0x00, 0x04, 0x00, 0x00, 0x00,
  0x93, 0xff, 0xff, 0xff, 0x8f, 0x01, 0x00, 0x00, 0x57, 0xff, 0xff, 0xff,
  0x74, 0xff, 0xff, 0xff, 0x0a, 0xfe, 0xff, 0xff, 0x04, 0x00, 0x00, 0x00,
  0x80, 0x00, 0x00, 0x00, 0xbd, 0xfa, 0x12, 0xa0, 0x44, 0xaa, 0x50, 0xaf,
  0x47, 0xa4, 0x18, 0x5b, 0x16, 0x5e, 0x5c, 0xad, 0xdc, 0xfb, 0x41, 0x13,
  0x1e, 0xc5, 0x3a, 0xbe, 0x68, 0x5c, 0x19, 0xd4, 0xc6, 0x6f, 0x54, 0xdf,
  0x42, 0x54, 0x81, 0x1e, 0xa9, 0xb6, 0xcc, 0xa1, 0x4c, 0x0b, 0xe3, 0x51,
  0x2c, 0xc5, 0xb0, 0x21, 0x1f, 0x33, 0xa0, 0x46, 0x5d, 0x39, 0x12, 0x3f,
  0x15, 0xcd, 0x92, 0x7e, 0x5e, 0xad, 0xfc, 0x55, 0x70, 0xcd, 0xc8, 0x65,
  0xd2, 0x63, 0xe7, 0x37, 0x81, 0x22, 0x94, 0xa5, 0x69, 0x15, 0x07, 0x3b,
  0x69, 0x54, 0xab, 0x4e, 0x72, 0x10, 0xe2, 0x48, 0x9a, 0xf3, 0xc0, 0x23,
  0x6d, 0xed, 0x0e, 0xcb, 0xbe, 0xd4, 0xf9, 0x57, 0x30, 0xba, 0x07, 0x0b,
  0xc2, 0x40, 0x2a, 0x1c, 0xa4, 0x27, 0x12, 0x79, 0x63, 0xda, 0xfc, 0xc1,
  0xb1, 0xaa, 0x6c, 0xfa, 0x48, 0x4b, 0x25, 0x03, 0xab, 0x12, 0xda, 0xb5,
  0x96, 0xfe, 0xff, 0xff, 0x04, 0x00, 0x00, 0x00, 0x08, 0x00, 0x00, 0x00,
  0x98, 0xff, 0xff, 0xff, 0x72, 0x00, 0x00, 0x00, 0xaa, 0xfe, 0xff, 0xff,
  0x04, 0x00, 0x00, 0x00, 0x0c, 0x00, 0x00, 0x00, 0xff, 0xff, 0xff, 0xff,
  0x25, 0x00, 0x00, 0x00, 0x40, 0x00, 0x00, 0x00, 0xc2, 0xfe, 0xff, 0xff,
  0x04, 0x00, 0x00, 0x00, 0x0c, 0x00, 0x00, 0x00, 0xff, 0xff, 0xff, 0xff,
  0x25, 0x00, 0x00, 0x00, 0x20, 0x00, 0x00, 0x00, 0xda, 0xfe, 0xff, 0xff,
  0x04, 0x00, 0x00, 0x00, 0x0c, 0x00, 0x00, 0x00, 0xff, 0xff, 0xff, 0xff,
  0x4b, 0x00, 0x00, 0x00, 0x20, 0x00, 0x00, 0x00, 0xf2, 0xfe, 0xff, 0xff,
  0x04, 0x00, 0x00, 0x00, 0x0c, 0x00, 0x00, 0x00, 0xff, 0xff, 0xff, 0xff,
  0x4b, 0x00, 0x00, 0x00, 0x10, 0x00, 0x00, 0x00, 0x0a, 0xff, 0xff, 0xff,
  0x04, 0x00, 0x00, 0x00, 0x04, 0x00, 0x00, 0x00, 0x01, 0x00, 0x00, 0x00,
  0x1a, 0xff, 0xff, 0xff, 0x04, 0x00, 0x00, 0x00, 0x0c, 0x00, 0x00, 0x00,
  0xff, 0xff, 0xff, 0xff, 0x96, 0x00, 0x00, 0x00, 0x10, 0x00, 0x00, 0x00,
  0x32, 0xff, 0xff, 0xff, 0x04, 0x00, 0x00, 0x00, 0x04, 0x00, 0x00, 0x00,
  0xfd, 0xff, 0xff, 0xff, 0x1c, 0xdf, 0xff, 0xff, 0x20, 0xdf, 0xff, 0xff,
  0x0f, 0x00, 0x00, 0x00, 0x4d, 0x4c, 0x49, 0x52, 0x20, 0x43, 0x6f, 0x6e,
  0x76, 0x65, 0x72, 0x74, 0x65, 0x64, 0x2e, 0x00, 0x01, 0x00, 0x00, 0x00,
  0x14, 0x00, 0x00, 0x00, 0x00, 0x00, 0x0e, 0x00, 0x18, 0x00, 0x14, 0x00,
  0x10, 0x00, 0x0c, 0x00, 0x08, 0x00, 0x04, 0x00, 0x0e, 0x00, 0x00, 0x00,
  0x14, 0x00, 0x00, 0x00, 0x1c, 0x00, 0x00, 0x00, 0x18, 0x04, 0x00, 0x00,
  0x1c, 0x04, 0x00, 0x00, 0x20, 0x04, 0x00, 0x00, 0x04, 0x00, 0x00, 0x00,
  0x6d, 0x61, 0x69, 0x6e, 0x00, 0x00, 0x00, 0x00, 0x12, 0x00, 0x00, 0x00,
  0xd0, 0x03, 0x00, 0x00, 0x70, 0x03, 0x00, 0x00, 0x38, 0x03, 0x00, 0x00,
  0xfc, 0x02, 0x00, 0x00, 0xa8, 0x02, 0x00, 0x00, 0x80, 0x02, 0x00, 0x00,
  0x50, 0x02, 0x00, 0x00, 0x0c, 0x02, 0x00, 0x00, 0xe4, 0x01, 0x00, 0x00,
  0xb4, 0x01, 0x00, 0x00, 0x70, 0x01, 0x00, 0x00, 0x48, 0x01, 0x00, 0x00,
  0x18, 0x01, 0x00, 0x00, 0xd4, 0x00, 0x00, 0x00, 0xac, 0x00, 0x00, 0x00,
  0x78, 0x00, 0x00, 0x00, 0x40, 0x00, 0x00, 0x00, 0x04, 0x00, 0x00, 0x00,
  0xe2, 0xfc, 0xff, 0xff, 0x1c, 0x00, 0x00, 0x00, 0x00, 0x00, 0x00, 0x09,
  0x1c, 0x00, 0x00, 0x00, 0x20, 0x00, 0x00, 0x00, 0x06, 0x00, 0x00, 0x00,
  0x00, 0x00, 0x06, 0x00, 0x08, 0x00, 0x04, 0x00, 0x06, 0x00, 0x00, 0x00,
  0x00, 0x00, 0x80, 0x3f, 0x01, 0x00, 0x00, 0x00, 0x21, 0x00, 0x00, 0x00,
  0x01, 0x00, 0x00, 0x00, 0x20, 0x00, 0x00, 0x00, 0x1a, 0xfd, 0xff, 0xff,
  0x14, 0x00, 0x00, 0x00, 0x00, 0x00, 0x00, 0x08, 0x10, 0x00, 0x00, 0x00,
  0x14, 0x00, 0x00, 0x00, 0x05, 0x00, 0x00, 0x00, 0x10, 0xe0, 0xff, 0xff,
  0x01, 0x00, 0x00, 0x00, 0x20, 0x00, 0x00, 0x00, 0x03, 0x00, 0x00, 0x00,
  0x1f, 0x00, 0x00, 0x00, 0x09, 0x00, 0x00, 0x00, 0x08, 0x00, 0x00, 0x00,
  0x4e, 0xfd, 0xff, 0xff, 0x14, 0x00, 0x00, 0x00, 0x00, 0x00, 0x00, 0x1b,
  0x10, 0x00, 0x00, 0x00, 0x14, 0x00, 0x00, 0x00, 0x04, 0x00, 0x00, 0x00,
  0x44, 0xe0, 0xff, 0xff, 0x01, 0x00, 0x00, 0x00, 0x1f, 0x00, 0x00, 0x00,
  0x02, 0x00, 0x00, 0x00, 0x1e, 0x00, 0x00, 0x00, 0x03, 0x00, 0x00, 0x00,
  0xae, 0xfd, 0xff, 0xff, 0x0c, 0x00, 0x00, 0x00, 0x10, 0x00, 0x00, 0x00,
  0x02, 0x00, 0x00, 0x00, 0x01, 0x00, 0x00, 0x00, 0x1e, 0x00, 0x00, 0x00,
  0x02, 0x00, 0x00, 0x00, 0x1d, 0x00, 0x00, 0x00, 0x07, 0x00, 0x00, 0x00,
  0xa2, 0xfd, 0xff, 0xff, 0x14, 0x00, 0x00, 0x00, 0x00, 0x00, 0x00, 0x01,
  0x1c, 0x00, 0x00, 0x00, 0x20, 0x00, 0x00, 0x00, 0x01, 0x00, 0x00, 0x00,
  0x94, 0xfd, 0xff, 0xff, 0x00, 0x00, 0x00, 0x01, 0x01, 0x00, 0x00, 0x00,
  0x01, 0x00, 0x00, 0x00, 0x01, 0x00, 0x00, 0x00, 0x1d, 0x00, 0x00, 0x00,
  0x03, 0x00, 0x00, 0x00, 0x1c, 0x00, 0x00, 0x00, 0x0b, 0x00, 0x00, 0x00,
  0x0a, 0x00, 0x00, 0x00, 0x86, 0xfd, 0xff, 0xff, 0x10, 0x00, 0x00, 0x00,
  0x00, 0x00, 0x00, 0x34, 0x0c, 0x00, 0x00, 0x00, 0x10, 0x00, 0x00, 0x00,
  0xd4, 0xe0, 0xff, 0xff, 0x01, 0x00, 0x00, 0x00, 0x1c, 0x00, 0x00, 0x00,
  0x02, 0x00, 0x00, 0x00, 0x1b, 0x00, 0x00, 0x00, 0x01, 0x00, 0x00, 0x00,
  0x3e, 0xfe, 0xff, 0xff, 0x0c, 0x00, 0x00, 0x00, 0x10, 0x00, 0x00, 0x00,
  0x02, 0x00, 0x00, 0x00, 0x01, 0x00, 0x00, 0x00, 0x1b, 0x00, 0x00, 0x00,
  0x02, 0x00, 0x00, 0x00, 0x1a, 0x00, 0x00, 0x00, 0x06, 0x00, 0x00, 0x00,
  0x32, 0xfe, 0xff, 0xff, 0x14, 0x00, 0x00, 0x00, 0x00, 0x00, 0x00, 0x05,
  0x24, 0x00, 0x00, 0x00, 0x28, 0x00, 0x00, 0x00, 0x03, 0x00, 0x00, 0x00,
  0xde, 0xfe, 0xff, 0xff, 0x01, 0x00, 0x00, 0x00, 0x02, 0x00, 0x00, 0x00,
  0x01, 0x00, 0x00, 0x00, 0x02, 0x00, 0x00, 0x00, 0x00, 0x00, 0x00, 0x01,
  0x01, 0x00, 0x00, 0x00, 0x1a, 0x00, 0x00, 0x00, 0x01, 0x00, 0x00, 0x00,
  0x19, 0x00, 0x00, 0x00, 0x16, 0xfe, 0xff, 0xff, 0x10, 0x00, 0x00, 0x00,
  0x00, 0x00, 0x00, 0x34, 0x0c, 0x00, 0x00, 0x00, 0x10, 0x00, 0x00, 0x00,
  0x64, 0xe1, 0xff, 0xff, 0x01, 0x00, 0x00, 0x00, 0x19, 0x00, 0x00, 0x00,
  0x02, 0x00, 0x00, 0x00, 0x18, 0x00, 0x00, 0x00, 0x03, 0x00, 0x00, 0x00,
  0xce, 0xfe, 0xff, 0xff, 0x0c, 0x00, 0x00, 0x00, 0x10, 0x00, 0x00, 0x00,
  0x02, 0x00, 0x00, 0x00, 0x01, 0x00, 0x00, 0x00, 0x18, 0x00, 0x00, 0x00,
  0x02, 0x00, 0x00, 0x00, 0x17, 0x00, 0x00, 0x00, 0x05, 0x00, 0x00, 0x00,
  0xc2, 0xfe, 0xff, 0xff, 0x14, 0x00, 0x00, 0x00, 0x00, 0x00, 0x00, 0x01,
  0x1c, 0x00, 0x00, 0x00, 0x20, 0x00, 0x00, 0x00, 0x01, 0x00, 0x00, 0x00,
  0xb4, 0xfe, 0xff, 0xff, 0x00, 0x00, 0x00, 0x01, 0x01, 0x00, 0x00, 0x00,
  0x01, 0x00, 0x00, 0x00, 0x01, 0x00, 0x00, 0x00, 0x17, 0x00, 0x00, 0x00,
  0x03, 0x00, 0x00, 0x00, 0x16, 0x00, 0x00, 0x00, 0x0d, 0x00, 0x00, 0x00,
  0x0c, 0x00, 0x00, 0x00, 0xa6, 0xfe, 0xff, 0xff, 0x10, 0x00, 0x00, 0x00,
  0x00, 0x00, 0x00, 0x34, 0x0c, 0x00, 0x00, 0x00, 0x10, 0x00, 0x00, 0x00,
  0xf4, 0xe1, 0xff, 0xff, 0x01, 0x00, 0x00, 0x00, 0x16, 0x00, 0x00, 0x00,
  0x02, 0x00, 0x00, 0x00, 0x15, 0x00, 0x00, 0x00, 0x01, 0x00, 0x00, 0x00,
  0x5e, 0xff, 0xff, 0xff, 0x0c, 0x00, 0x00, 0x00, 0x10, 0x00, 0x00, 0x00,
  0x02, 0x00, 0x00, 0x00, 0x01, 0x00, 0x00, 0x00, 0x15, 0x00, 0x00, 0x00,
  0x02, 0x00, 0x00, 0x00, 0x14, 0x00, 0x00, 0x00, 0x04, 0x00, 0x00, 0x00,
  0x52, 0xff, 0xff, 0xff, 0x24, 0x00, 0x00, 0x00, 0x00, 0x00, 0x00, 0x05,
  0x34, 0x00, 0x00, 0x00, 0x38, 0x00, 0x00, 0x00, 0x03, 0x00, 0x00, 0x00,
  0x00, 0x00, 0x0e, 0x00, 0x18, 0x00, 0x17, 0x00, 0x10, 0x00, 0x0c, 0x00,
  0x08, 0x00, 0x04, 0x00, 0x0e, 0x00, 0x00, 0x00, 0x01, 0x00, 0x00, 0x00,
  0x02, 0x00, 0x00, 0x00, 0x01, 0x00, 0x00, 0x00, 0x02, 0x00, 0x00, 0x00,
  0x00, 0x00, 0x00, 0x01, 0x01, 0x00, 0x00, 0x00, 0x14, 0x00, 0x00, 0x00,
  0x01, 0x00, 0x00, 0x00, 0x13, 0x00, 0x00, 0x00, 0x46, 0xff, 0xff, 0xff,
  0x10, 0x00, 0x00, 0x00, 0x00, 0x00, 0x00, 0x34, 0x0c, 0x00, 0x00, 0x00,
  0x10, 0x00, 0x00, 0x00, 0x94, 0xe2, 0xff, 0xff, 0x01, 0x00, 0x00, 0x00,
  0x13, 0x00, 0x00, 0x00, 0x02, 0x00, 0x00, 0x00, 0x12, 0x00, 0x00, 0x00,
  0x03, 0x00, 0x00, 0x00, 0x00, 0x00, 0x0a, 0x00, 0x10, 0x00, 0x0c, 0x00,
  0x08, 0x00, 0x04, 0x00, 0x0a, 0x00, 0x00, 0x00, 0x0c, 0x00, 0x00, 0x00,
  0x10, 0x00, 0x00, 0x00, 0x02, 0x00, 0x00, 0x00, 0x01, 0x00, 0x00, 0x00,
  0x12, 0x00, 0x00, 0x00, 0x02, 0x00, 0x00, 0x00, 0x11, 0x00, 0x00, 0x00,
  0x02, 0x00, 0x00, 0x00, 0x00, 0x00, 0x0e, 0x00, 0x18, 0x00, 0x14, 0x00,
  0x10, 0x00, 0x0c, 0x00, 0x0b, 0x00, 0x04, 0x00, 0x0e, 0x00, 0x00, 0x00,
  0x20, 0x00, 0x00, 0x00, 0x00, 0x00, 0x00, 0x01, 0x28, 0x00, 0x00, 0x00,
  0x2c, 0x00, 0x00, 0x00, 0x01, 0x00, 0x00, 0x00, 0x0c, 0x00, 0x10, 0x00,
  0x00, 0x00, 0x0c, 0x00, 0x08, 0x00, 0x07, 0x00, 0x0c, 0x00, 0x00, 0x00,
  0x00, 0x00, 0x00, 0x01, 0x01, 0x00, 0x00, 0x00, 0x01, 0x00, 0x00, 0x00,
  0x01, 0x00, 0x00, 0x00, 0x11, 0x00, 0x00, 0x00, 0x03, 0x00, 0x00, 0x00,
  0x10, 0x00, 0x00, 0x00, 0x0f, 0x00, 0x00, 0x00, 0x0e, 0x00, 0x00, 0x00,
  0x00, 0x00, 0x0e, 0x00, 0x14, 0x00, 0x00, 0x00, 0x10, 0x00, 0x0c, 0x00,
  0x0b, 0x00, 0x04, 0x00, 0x0e, 0x00, 0x00, 0x00, 0x10, 0x00, 0x00, 0x00,
  0x00, 0x00, 0x00, 0x34, 0x0c, 0x00, 0x00, 0x00, 0x10, 0x00, 0x00, 0x00,
  0x5c, 0xe3, 0xff, 0xff, 0x01, 0x00, 0x00, 0x00, 0x10, 0x00, 0x00, 0x00,
  0x02, 0x00, 0x00, 0x00, 0x00, 0x00, 0x00, 0x00, 0x01, 0x00, 0x00, 0x00,
  0x01, 0x00, 0x00, 0x00, 0x21, 0x00, 0x00, 0x00, 0x01, 0x00, 0x00, 0x00,
  0x00, 0x00, 0x00, 0x00, 0x22, 0x00, 0x00, 0x00, 0xb0, 0x1c, 0x00, 0x00,
  0x58, 0x1c, 0x00, 0x00, 0x00, 0x1c, 0x00, 0x00, 0xc4, 0x1b, 0x00, 0x00,
  0x84, 0x1b, 0x00, 0x00, 0x44, 0x1b, 0x00, 0x00, 0x04, 0x1b, 0x00, 0x00,
  0xc4, 0x1a, 0x00, 0x00, 0x58, 0x1a, 0x00, 0x00, 0xe4, 0x19, 0x00, 0x00,
  0x90, 0x16, 0x00, 0x00, 0x2c, 0x13, 0x00, 0x00, 0x58, 0x11, 0x00, 0x00,
  0x74, 0x0f, 0x00, 0x00, 0x60, 0x0e, 0x00, 0x00, 0x3c, 0x0d, 0x00, 0x00,
  0x98, 0x0c, 0x00, 0x00, 0x8c, 0x0b, 0x00, 0x00, 0xac, 0x0a, 0x00, 0x00,
  0x04, 0x0a, 0x00, 0x00, 0x68, 0x09, 0x00, 0x00, 0xc8, 0x08, 0x00, 0x00,
  0x20, 0x08, 0x00, 0x00, 0x14, 0x07, 0x00, 0x00, 0x34, 0x06, 0x00, 0x00,
  0x8c, 0x05, 0x00, 0x00, 0xf0, 0x04, 0x00, 0x00, 0x50, 0x04, 0x00, 0x00,
  0xa8, 0x03, 0x00, 0x00, 0x9c, 0x02, 0x00, 0x00, 0xbc, 0x01, 0x00, 0x00,
  0x24, 0x01, 0x00, 0x00, 0x80, 0x00, 0x00, 0x00, 0x04, 0x00, 0x00, 0x00,
  0xee, 0xe3, 0xff, 0xff, 0x00, 0x00, 0x00, 0x01, 0x18, 0x00, 0x00, 0x00,
  0x20, 0x00, 0x00, 0x00, 0x3c, 0x00, 0x00, 0x00, 0x22, 0x00, 0x00, 0x00,
  0x00, 0x00, 0x00, 0x09, 0x50, 0x00, 0x00, 0x00, 0x02, 0x00, 0x00, 0x00,
  0xff, 0xff, 0xff, 0xff, 0x02, 0x00, 0x00, 0x00, 0xd4, 0xe3, 0xff, 0xff,
  0x08, 0x00, 0x00, 0x00, 0x10, 0x00, 0x00, 0x00, 0x01, 0x00, 0x00, 0x00,
  0x80, 0xff, 0xff, 0xff, 0xff, 0xff, 0xff, 0xff, 0x01, 0x00, 0x00, 0x00,
  0x00, 0x00, 0x80, 0x3b, 0x1b, 0x00, 0x00, 0x00, 0x53, 0x74, 0x61, 0x74,
  0x65, 0x66, 0x75, 0x6c, 0x50, 0x61, 0x72, 0x74, 0x69, 0x74, 0x69, 0x6f,
  0x6e, 0x65, 0x64, 0x43, 0x61, 0x6c, 0x6c, 0x5f, 0x31, 0x3a, 0x30, 0x00,
  0x02, 0x00, 0x00, 0x00, 0x01, 0x00, 0x00, 0x00, 0x02, 0x00, 0x00, 0x00,
  0x66, 0xe4, 0xff, 0xff, 0x00, 0x00, 0x00, 0x01, 0x18, 0x00, 0x00, 0x00,
  0x20, 0x00, 0x00, 0x00, 0x3c, 0x00, 0x00, 0x00, 0x21, 0x00, 0x00, 0x00,
  0x00, 0x00, 0x00, 0x09, 0x78, 0x00, 0x00, 0x00, 0x02, 0x00, 0x00, 0x00,
  0xff, 0xff, 0xff, 0xff, 0x02, 0x00, 0x00, 0x00, 0x4c, 0xe4, 0xff, 0xff,
  0x08, 0x00, 0x00, 0x00, 0x10, 0x00, 0x00, 0x00, 0x01, 0x00, 0x00, 0x00,
  0xea, 0xff, 0xff, 0xff, 0xff, 0xff, 0xff, 0xff, 0x01, 0x00, 0x00, 0x00,
  0xe1, 0x2f, 0x01, 0x3f, 0x40, 0x00, 0x00, 0x00, 0x73, 0x65, 0x71, 0x75,
  0x65, 0x6e, 0x74, 0x69, 0x61, 0x6c, 0x5f, 0x35, 0x5f, 0x31, 0x2f, 0x64,
  0x65, 0x6e, 0x73, 0x65, 0x5f, 0x35, 0x5f, 0x31, 0x2f, 0x4d, 0x61, 0x74,
  0x4d, 0x75, 0x6c, 0x3b, 0x73, 0x65, 0x71, 0x75, 0x65, 0x6e, 0x74, 0x69,
  0x61, 0x6c, 0x5f, 0x35, 0x5f, 0x31, 0x2f, 0x64, 0x65, 0x6e, 0x73, 0x65,
  0x5f, 0x35, 0x5f, 0x31, 0x2f, 0x42, 0x69, 0x61, 0x73, 0x41, 0x64, 0x64,
  0x00, 0x00, 0x00, 0x00, 0x02, 0x00, 0x00, 0x00, 0x01, 0x00, 0x00, 0x00,
  0x02, 0x00, 0x00, 0x00, 0x06, 0xe5, 0xff, 0xff, 0x00, 0x00, 0x00, 0x01,
  0x18, 0x00, 0x00, 0x00, 0x20, 0x00, 0x00, 0x00, 0x40, 0x00, 0x00, 0x00,
  0x20, 0x00, 0x00, 0x00, 0x00, 0x00, 0x00, 0x09, 0x6c, 0x00, 0x00, 0x00,
  0x02, 0x00, 0x00, 0x00, 0xff, 0xff, 0xff, 0xff, 0x40, 0x00, 0x00, 0x00,
  0xec, 0xe4, 0xff, 0xff, 0x08, 0x00, 0x00, 0x00, 0x14, 0x00, 0x00, 0x00,
  0x01, 0x00, 0x00, 0x00, 0x80, 0xff, 0xff, 0xff, 0xff, 0xff, 0xff, 0xff,
  0x00, 0x00, 0x00, 0x00, 0x01, 0x00, 0x00, 0x00, 0x62, 0x18, 0x92, 0x3d,
  0x30, 0x00, 0x00, 0x00, 0x73, 0x65, 0x71, 0x75, 0x65, 0x6e, 0x74, 0x69,
  0x61, 0x6c, 0x5f, 0x35, 0x5f, 0x31, 0x2f, 0x67, 0x6c, 0x6f, 0x62, 0x61,
  0x6c, 0x5f, 0x61, 0x76, 0x65, 0x72, 0x61, 0x67, 0x65, 0x5f, 0x70, 0x6f,
  0x6f, 0x6c, 0x69, 0x6e, 0x67, 0x31, 0x64, 0x5f, 0x35, 0x5f, 0x31, 0x2f,
  0x4d, 0x65, 0x61, 0x6e, 0x00, 0x00, 0x00, 0x00, 0x02, 0x00, 0x00, 0x00,
  0x01, 0x00, 0x00, 0x00, 0x40, 0x00, 0x00, 0x00, 0x9a, 0xe5, 0xff, 0xff,
  0x00, 0x00, 0x00, 0x01, 0x18, 0x00, 0x00, 0x00, 0x24, 0x00, 0x00, 0x00,
  0x44, 0x00, 0x00, 0x00, 0x1f, 0x00, 0x00, 0x00, 0x00, 0x00, 0x00, 0x09,
  0xb0, 0x00, 0x00, 0x00, 0x03, 0x00, 0x00, 0x00, 0xff, 0xff, 0xff, 0xff,
  0x25, 0x00, 0x00, 0x00, 0x40, 0x00, 0x00, 0x00, 0x84, 0xe5, 0xff, 0xff,
  0x08, 0x00, 0x00, 0x00, 0x14, 0x00, 0x00, 0x00, 0x01, 0x00, 0x00, 0x00,
  0x80, 0xff, 0xff, 0xff, 0xff, 0xff, 0xff, 0xff, 0x00, 0x00, 0x00, 0x00,
  0x01, 0x00, 0x00, 0x00, 0x7a, 0x3b, 0x41, 0x3e, 0x72, 0x00, 0x00, 0x00,
  0x73, 0x65, 0x71, 0x75, 0x65, 0x6e, 0x74, 0x69, 0x61, 0x6c, 0x5f, 0x35,
  0x5f, 0x31, 0x2f, 0x63, 0x6f, 0x6e, 0x76, 0x31, 0x64, 0x5f, 0x31, 0x37,
  0x5f, 0x31, 0x2f, 0x52, 0x65, 0x6c, 0x75, 0x3b, 0x73, 0x65, 0x71, 0x75,
  0x65, 0x6e, 0x74, 0x69, 0x61, 0x6c, 0x5f, 0x35, 0x5f, 0x31, 0x2f, 0x63,
  0x6f, 0x6e, 0x76, 0x31, 0x64, 0x5f, 0x31, 0x37, 0x5f, 0x31, 0x2f, 0x42,
  0x69, 0x61, 0x73, 0x41, 0x64, 0x64, 0x3b, 0x73, 0x65, 0x71, 0x75, 0x65,
  0x6e, 0x74, 0x69, 0x61, 0x6c, 0x5f, 0x35, 0x5f, 0x31, 0x2f, 0x63, 0x6f,
  0x6e, 0x76, 0x31, 0x64, 0x5f, 0x31, 0x37, 0x5f, 0x31, 0x2f, 0x63, 0x6f,
  0x6e, 0x76, 0x6f, 0x6c, 0x75, 0x74, 0x69, 0x6f, 0x6e, 0x2f, 0x53, 0x71,
  0x75, 0x65, 0x65, 0x7a, 0x65, 0x3b, 0x00, 0x00, 0x03, 0x00, 0x00, 0x00,
  0x01, 0x00, 0x00, 0x00, 0x25, 0x00, 0x00, 0x00, 0x40, 0x00, 0x00, 0x00,
  0x76, 0xe6, 0xff, 0xff, 0x00, 0x00, 0x00, 0x01, 0x18, 0x00, 0x00, 0x00,
  0x28, 0x00, 0x00, 0x00, 0x44, 0x00, 0x00, 0x00, 0x1e, 0x00, 0x00, 0x00,
  0x00, 0x00, 0x00, 0x09, 0xd8, 0x00, 0x00, 0x00, 0x04, 0x00, 0x00, 0x00,
  0xff, 0xff, 0xff, 0xff, 0x01, 0x00, 0x00, 0x00, 0x25, 0x00, 0x00, 0x00,
  0x40, 0x00, 0x00, 0x00, 0x64, 0xe6, 0xff, 0xff, 0x08, 0x00, 0x00, 0x00,
  0x10, 0x00, 0x00, 0x00, 0x01, 0x00, 0x00, 0x00, 0x80, 0xff, 0xff, 0xff,
  0xff, 0xff, 0xff, 0xff, 0x01, 0x00, 0x00, 0x00, 0x7a, 0x3b, 0x41, 0x3e,
  0x99, 0x00, 0x00, 0x00, 0x73, 0x65, 0x71, 0x75, 0x65, 0x6e, 0x74, 0x69,
  0x61, 0x6c, 0x5f, 0x35, 0x5f, 0x31, 0x2f, 0x63, 0x6f, 0x6e, 0x76, 0x31,
  0x64, 0x5f, 0x31, 0x37, 0x5f, 0x31, 0x2f, 0x52, 0x65, 0x6c, 0x75, 0x3b,
  0x73, 0x65, 0x71, 0x75, 0x65, 0x6e, 0x74, 0x69, 0x61, 0x6c, 0x5f, 0x35,
  0x5f, 0x31, 0x2f, 0x63, 0x6f, 0x6e, 0x76, 0x31, 0x64, 0x5f, 0x31, 0x37,
  0x5f, 0x31, 0x2f, 0x42, 0x69, 0x61, 0x73, 0x41, 0x64, 0x64, 0x3b, 0x73,
  0x65, 0x71, 0x75, 0x65, 0x6e, 0x74, 0x69, 0x61, 0x6c, 0x5f, 0x35, 0x5f,
  0x31, 0x2f, 0x63, 0x6f, 0x6e, 0x76, 0x31, 0x64, 0x5f, 0x31, 0x37, 0x5f,
  0x31, 0x2f, 0x63, 0x6f, 0x6e, 0x76, 0x6f, 0x6c, 0x75, 0x74, 0x69, 0x6f,
  0x6e, 0x2f, 0x53, 0x71, 0x75, 0x65, 0x65, 0x7a, 0x65, 0x3b, 0x3b, 0x73,
  0x65, 0x71, 0x75, 0x65, 0x6e, 0x74, 0x69, 0x61, 0x6c, 0x5f, 0x35, 0x5f,
  0x31, 0x2f, 0x63, 0x6f, 0x6e, 0x76, 0x31, 0x64, 0x5f, 0x31, 0x37, 0x5f,
  0x31, 0x2f, 0x63, 0x6f, 0x6e, 0x76, 0x6f, 0x6c, 0x75, 0x74, 0x69, 0x6f,
  0x6e, 0x00, 0x00, 0x00, 0x04, 0x00, 0x00, 0x00, 0x01, 0x00, 0x00, 0x00,
  0x01, 0x00, 0x00, 0x00, 0x25, 0x00, 0x00, 0x00, 0x40, 0x00, 0x00, 0x00,
  0x7e, 0xe7, 0xff, 0xff, 0x00, 0x00, 0x00, 0x01, 0x18, 0x00, 0x00, 0x00,
  0x28, 0x00, 0x00, 0x00, 0x48, 0x00, 0x00, 0x00, 0x1d, 0x00, 0x00, 0x00,
  0x00, 0x00, 0x00, 0x09, 0x74, 0x00, 0x00, 0x00, 0x04, 0x00, 0x00, 0x00,
  0xff, 0xff, 0xff, 0xff, 0x01, 0x00, 0x00, 0x00, 0x25, 0x00, 0x00, 0x00,
  0x20, 0x00, 0x00, 0x00, 0x6c, 0xe7, 0xff, 0xff, 0x08, 0x00, 0x00, 0x00,
  0x14, 0x00, 0x00, 0x00, 0x01, 0x00, 0x00, 0x00, 0x80, 0xff, 0xff, 0xff,
  0xff, 0xff, 0xff, 0xff, 0x00, 0x00, 0x00, 0x00, 0x01, 0x00, 0x00, 0x00,
  0x6c, 0x1f, 0x91, 0x3d, 0x31, 0x00, 0x00, 0x00, 0x73, 0x65, 0x71, 0x75,
  0x65, 0x6e, 0x74, 0x69, 0x61, 0x6c, 0x5f, 0x35, 0x5f, 0x31, 0x2f, 0x63,
  0x6f, 0x6e, 0x76, 0x31, 0x64, 0x5f, 0x31, 0x37, 0x5f, 0x31, 0x2f, 0x63,
  0x6f, 0x6e, 0x76, 0x6f, 0x6c, 0x75, 0x74, 0x69, 0x6f, 0x6e, 0x2f, 0x45,
  0x78, 0x70, 0x61, 0x6e, 0x64, 0x44, 0x69, 0x6d, 0x73, 0x00, 0x00, 0x00,
  0x04, 0x00, 0x00, 0x00, 0x01, 0x00, 0x00, 0x00, 0x01, 0x00, 0x00, 0x00,
  0x25, 0x00, 0x00, 0x00, 0x20, 0x00, 0x00, 0x00, 0x22, 0xe8, 0xff, 0xff,
  0x00, 0x00, 0x00, 0x01, 0x18, 0x00, 0x00, 0x00, 0x24, 0x00, 0x00, 0x00,
  0x44, 0x00, 0x00, 0x00, 0x1c, 0x00, 0x00, 0x00, 0x00, 0x00, 0x00, 0x09,
  0x70, 0x00, 0x00, 0x00, 0x03, 0x00, 0x00, 0x00, 0xff, 0xff, 0xff, 0xff,
  0x25, 0x00, 0x00, 0x00, 0x20, 0x00, 0x00, 0x00, 0x0c, 0xe8, 0xff, 0xff,
  0x08, 0x00, 0x00, 0x00, 0x14, 0x00, 0x00, 0x00, 0x01, 0x00, 0x00, 0x00,
  0x80, 0xff, 0xff, 0xff, 0xff, 0xff, 0xff, 0xff, 0x00, 0x00, 0x00, 0x00,
  0x01, 0x00, 0x00, 0x00, 0x6c, 0x1f, 0x91, 0x3d, 0x33, 0x00, 0x00, 0x00,
  0x73, 0x65, 0x71, 0x75, 0x65, 0x6e, 0x74, 0x69, 0x61, 0x6c, 0x5f, 0x35,
  0x5f, 0x31, 0x2f, 0x6d, 0x61, 0x78, 0x5f, 0x70, 0x6f, 0x6f, 0x6c, 0x69,
  0x6e, 0x67, 0x31, 0x64, 0x5f, 0x31, 0x31, 0x5f, 0x31, 0x2f, 0x4d, 0x61,
  0x78, 0x50, 0x6f, 0x6f, 0x6c, 0x31, 0x64, 0x2f, 0x53, 0x71, 0x75, 0x65,
  0x65, 0x7a, 0x65, 0x00, 0x03, 0x00, 0x00, 0x00, 0x01, 0x00, 0x00, 0x00,
  0x25, 0x00, 0x00, 0x00, 0x20, 0x00, 0x00, 0x00, 0xbe, 0xe8, 0xff, 0xff,
  0x00, 0x00, 0x00, 0x01, 0x18, 0x00, 0x00, 0x00, 0x28, 0x00, 0x00, 0x00,
  0x44, 0x00, 0x00, 0x00, 0x1b, 0x00, 0x00, 0x00, 0x00, 0x00, 0x00, 0x09,
  0x68, 0x00, 0x00, 0x00, 0x04, 0x00, 0x00, 0x00, 0xff, 0xff, 0xff, 0xff,
  0x01, 0x00, 0x00, 0x00, 0x25, 0x00, 0x00, 0x00, 0x20, 0x00, 0x00, 0x00,
  0xac, 0xe8, 0xff, 0xff, 0x08, 0x00, 0x00, 0x00, 0x10, 0x00, 0x00, 0x00,
  0x01, 0x00, 0x00, 0x00, 0x80, 0xff, 0xff, 0xff, 0xff, 0xff, 0xff, 0xff,
  0x01, 0x00, 0x00, 0x00, 0x6c, 0x1f, 0x91, 0x3d, 0x2b, 0x00, 0x00, 0x00,
  0x73, 0x65, 0x71, 0x75, 0x65, 0x6e, 0x74, 0x69, 0x61, 0x6c, 0x5f, 0x35,
  0x5f, 0x31, 0x2f, 0x6d, 0x61, 0x78, 0x5f, 0x70, 0x6f, 0x6f, 0x6c, 0x69,
  0x6e, 0x67, 0x31, 0x64, 0x5f, 0x31, 0x31, 0x5f, 0x31, 0x2f, 0x4d, 0x61,
  0x78, 0x50, 0x6f, 0x6f, 0x6c, 0x31, 0x64, 0x00, 0x04, 0x00, 0x00, 0x00,
  0x01, 0x00, 0x00, 0x00, 0x01, 0x00, 0x00, 0x00, 0x25, 0x00, 0x00, 0x00,
  0x20, 0x00, 0x00, 0x00, 0x56, 0xe9, 0xff, 0xff, 0x00, 0x00, 0x00, 0x01,
  0x18, 0x00, 0x00, 0x00, 0x28, 0x00, 0x00, 0x00, 0x44, 0x00, 0x00, 0x00,
  0x1a, 0x00, 0x00, 0x00, 0x00, 0x00, 0x00, 0x09, 0x74, 0x00, 0x00, 0x00,
  0x04, 0x00, 0x00, 0x00, 0xff, 0xff, 0xff, 0xff, 0x01, 0x00, 0x00, 0x00,
  0x4b, 0x00, 0x00, 0x00, 0x20, 0x00, 0x00, 0x00, 0x44, 0xe9, 0xff, 0xff,
  0x08, 0x00, 0x00, 0x00, 0x10, 0x00, 0x00, 0x00, 0x01, 0x00, 0x00, 0x00,
  0x80, 0xff, 0xff, 0xff, 0xff, 0xff, 0xff, 0xff, 0x01, 0x00, 0x00, 0x00,
  0x6c, 0x1f, 0x91, 0x3d, 0x36, 0x00, 0x00, 0x00, 0x73, 0x65, 0x71, 0x75,
  0x65, 0x6e, 0x74, 0x69, 0x61, 0x6c, 0x5f, 0x35, 0x5f, 0x31, 0x2f, 0x6d,
  0x61, 0x78, 0x5f, 0x70, 0x6f, 0x6f, 0x6c, 0x69, 0x6e, 0x67, 0x31, 0x64,
  0x5f, 0x31, 0x31, 0x5f, 0x31, 0x2f, 0x4d, 0x61, 0x78, 0x50, 0x6f, 0x6f,
  0x6c, 0x31, 0x64, 0x2f, 0x45, 0x78, 0x70, 0x61, 0x6e, 0x64, 0x44, 0x69,
  0x6d, 0x73, 0x00, 0x00, 0x04, 0x00, 0x00, 0x00, 0x01, 0x00, 0x00, 0x00,
  0x01, 0x00, 0x00, 0x00, 0x4b, 0x00, 0x00, 0x00, 0x20, 0x00, 0x00, 0x00,
  0xfa, 0xe9, 0xff, 0xff, 0x00, 0x00, 0x00, 0x01, 0x18, 0x00, 0x00, 0x00,
  0x24, 0x00, 0x00, 0x00, 0x44, 0x00, 0x00, 0x00, 0x19, 0x00, 0x00, 0x00,
  0x00, 0x00, 0x00, 0x09, 0xb0, 0x00, 0x00, 0x00, 0x03, 0x00, 0x00, 0x00,
  0xff, 0xff, 0xff, 0xff, 0x4b, 0x00, 0x00, 0x00, 0x20, 0x00, 0x00, 0x00,
  0xe4, 0xe9, 0xff, 0xff, 0x08, 0x00, 0x00, 0x00, 0x14, 0x00, 0x00, 0x00,
  0x01, 0x00, 0x00, 0x00, 0x80, 0xff, 0xff, 0xff, 0xff, 0xff, 0xff, 0xff,
  0x00, 0x00, 0x00, 0x00, 0x01, 0x00, 0x00, 0x00, 0x6c, 0x1f, 0x91, 0x3d,
  0x72, 0x00, 0x00, 0x00, 0x73, 0x65, 0x71, 0x75, 0x65, 0x6e, 0x74, 0x69,
  0x61, 0x6c, 0x5f, 0x35, 0x5f, 0x31, 0x2f, 0x63, 0x6f, 0x6e, 0x76, 0x31,
  0x64, 0x5f, 0x31, 0x36, 0x5f, 0x31, 0x2f, 0x52, 0x65, 0x6c, 0x75, 0x3b,
  0x73, 0x65, 0x71, 0x75, 0x65, 0x6e, 0x74, 0x69, 0x61, 0x6c, 0x5f, 0x35,
  0x5f, 0x31, 0x2f, 0x63, 0x6f, 0x6e, 0x76, 0x31, 0x64, 0x5f, 0x31, 0x36,
  0x5f, 0x31, 0x2f, 0x42, 0x69, 0x61, 0x73, 0x41, 0x64, 0x64, 0x3b, 0x73,
  0x65, 0x71, 0x75, 0x65, 0x6e, 0x74, 0x69, 0x61, 0x6c, 0x5f, 0x35, 0x5f,
  0x31, 0x2f, 0x63, 0x6f, 0x6e, 0x76, 0x31, 0x64, 0x5f, 0x31, 0x36, 0x5f,
  0x31, 0x2f, 0x63, 0x6f, 0x6e, 0x76, 0x6f, 0x6c, 0x75, 0x74, 0x69, 0x6f,
  0x6e, 0x2f, 0x53, 0x71, 0x75, 0x65, 0x65, 0x7a, 0x65, 0x3b, 0x00, 0x00,
  0x03, 0x00, 0x00, 0x00, 0x01, 0x00, 0x00, 0x00, 0x4b, 0x00, 0x00, 0x00,
  0x20, 0x00, 0x00, 0x00, 0xd6, 0xea, 0xff, 0xff, 0x00, 0x00, 0x00, 0x01,
  0x18, 0x00, 0x00, 0x00, 0x28, 0x00, 0x00, 0x00, 0x44, 0x00, 0x00, 0x00,
  0x18, 0x00, 0x00, 0x00, 0x00, 0x00, 0x00, 0x09, 0xd8, 0x00, 0x00, 0x00,
  0x04, 0x00, 0x00, 0x00, 0xff, 0xff, 0xff, 0xff, 0x01, 0x00, 0x00, 0x00,
  0x4b, 0x00, 0x00, 0x00, 0x20, 0x00, 0x00, 0x00, 0xc4, 0xea, 0xff, 0xff,
  0x08, 0x00, 0x00, 0x00, 0x10, 0x00, 0x00, 0x00, 0x01, 0x00, 0x00, 0x00,
  0x80, 0xff, 0xff, 0xff, 0xff, 0xff, 0xff, 0xff, 0x01, 0x00, 0x00, 0x00,
  0x6c, 0x1f, 0x91, 0x3d, 0x99, 0x00, 0x00, 0x00, 0x73, 0x65, 0x71, 0x75,
  0x65, 0x6e, 0x74, 0x69, 0x61, 0x6c, 0x5f, 0x35, 0x5f, 0x31, 0x2f, 0x63,
  0x6f, 0x6e, 0x76, 0x31, 0x64, 0x5f, 0x31, 0x36, 0x5f, 0x31, 0x2f, 0x52,
  0x65, 0x6c, 0x75, 0x3b, 0x73, 0x65, 0x71, 0x75, 0x65, 0x6e, 0x74, 0x69,
  0x61, 0x6c, 0x5f, 0x35, 0x5f, 0x31, 0x2f, 0x63, 0x6f, 0x6e, 0x76, 0x31,
  0x64, 0x5f, 0x31, 0x36, 0x5f, 0x31, 0x2f, 0x42, 0x69, 0x61, 0x73, 0x41,
  0x64, 0x64, 0x3b, 0x73, 0x65, 0x71, 0x75, 0x65, 0x6e, 0x74, 0x69, 0x61,
  0x6c, 0x5f, 0x35, 0x5f, 0x31, 0x2f, 0x63, 0x6f, 0x6e, 0x76, 0x31, 0x64,
  0x5f, 0x31, 0x36, 0x5f, 0x31, 0x2f, 0x63, 0x6f, 0x6e, 0x76, 0x6f, 0x6c,
  0x75, 0x74, 0x69, 0x6f, 0x6e, 0x2f, 0x53, 0x71, 0x75, 0x65, 0x65, 0x7a,
  0x65, 0x3b, 0x3b, 0x73, 0x65, 0x71, 0x75, 0x65, 0x6e, 0x74, 0x69, 0x61,
  0x6c, 0x5f, 0x35, 0x5f, 0x31, 0x2f, 0x63, 0x6f, 0x6e, 0x76, 0x31, 0x64,
  0x5f, 0x31, 0x36, 0x5f, 0x31, 0x2f, 0x63, 0x6f, 0x6e, 0x76, 0x6f, 0x6c,
  0x75, 0x74, 0x69, 0x6f, 0x6e, 0x00, 0x00, 0x00, 0x04, 0x00, 0x00, 0x00,
  0x01, 0x00, 0x00, 0x00, 0x01, 0x00, 0x00, 0x00, 0x4b, 0x00, 0x00, 0x00,
  0x20, 0x00, 0x00, 0x00, 0xde, 0xeb, 0xff, 0xff, 0x00, 0x00, 0x00, 0x01,
  0x18, 0x00, 0x00, 0x00, 0x28, 0x00, 0x00, 0x00, 0x48, 0x00, 0x00, 0x00,
  0x17, 0x00, 0x00, 0x00, 0x00, 0x00, 0x00, 0x09, 0x74, 0x00, 0x00, 0x00,
  0x04, 0x00, 0x00, 0x00, 0xff, 0xff, 0xff, 0xff, 0x01, 0x00, 0x00, 0x00,
  0x4b, 0x00, 0x00, 0x00, 0x10, 0x00, 0x00, 0x00, 0xcc, 0xeb, 0xff, 0xff,
  0x08, 0x00, 0x00, 0x00, 0x14, 0x00, 0x00, 0x00, 0x01, 0x00, 0x00, 0x00,
  0x80, 0xff, 0xff, 0xff, 0xff, 0xff, 0xff, 0xff, 0x00, 0x00, 0x00, 0x00,
  0x01, 0x00, 0x00, 0x00, 0x7e, 0xaa, 0x54, 0x3d, 0x31, 0x00, 0x00, 0x00,
  0x73, 0x65, 0x71, 0x75, 0x65, 0x6e, 0x74, 0x69, 0x61, 0x6c, 0x5f, 0x35,
  0x5f, 0x31, 0x2f, 0x63, 0x6f, 0x6e, 0x76, 0x31, 0x64, 0x5f, 0x31, 0x36,
  0x5f, 0x31, 0x2f, 0x63, 0x6f, 0x6e, 0x76, 0x6f, 0x6c, 0x75, 0x74, 0x69,
  0x6f, 0x6e, 0x2f, 0x45, 0x78, 0x70, 0x61, 0x6e, 0x64, 0x44, 0x69, 0x6d,
  0x73, 0x00, 0x00, 0x00, 0x04, 0x00, 0x00, 0x00, 0x01, 0x00, 0x00, 0x00,
  0x01, 0x00, 0x00, 0x00, 0x4b, 0x00, 0x00, 0x00, 0x10, 0x00, 0x00, 0x00,
  0x82, 0xec, 0xff, 0xff, 0x00, 0x00, 0x00, 0x01, 0x18, 0x00, 0x00, 0x00,
  0x24, 0x00, 0x00, 0x00, 0x44, 0x00, 0x00, 0x00, 0x16, 0x00, 0x00, 0x00,
  0x00, 0x00, 0x00, 0x09, 0x70, 0x00, 0x00, 0x00, 0x03, 0x00, 0x00, 0x00,
  0xff, 0xff, 0xff, 0xff, 0x4b, 0x00, 0x00, 0x00, 0x10, 0x00, 0x00, 0x00,
  0x6c, 0xec, 0xff, 0xff, 0x08, 0x00, 0x00, 0x00, 0x14, 0x00, 0x00, 0x00,
  0x01, 0x00, 0x00, 0x00, 0x80, 0xff, 0xff, 0xff, 0xff, 0xff, 0xff, 0xff,
  0x00, 0x00, 0x00, 0x00, 0x01, 0x00, 0x00, 0x00, 0x7e, 0xaa, 0x54, 0x3d,
  0x33, 0x00, 0x00, 0x00, 0x73, 0x65, 0x71, 0x75, 0x65, 0x6e, 0x74, 0x69,
  0x61, 0x6c, 0x5f, 0x35, 0x5f, 0x31, 0x2f, 0x6d, 0x61, 0x78, 0x5f, 0x70,
  0x6f, 0x6f, 0x6c, 0x69, 0x6e, 0x67, 0x31, 0x64, 0x5f, 0x31, 0x30, 0x5f,
  0x31, 0x2f, 0x4d, 0x61, 0x78, 0x50, 0x6f, 0x6f, 0x6c, 0x31, 0x64, 0x2f,
  0x53, 0x71, 0x75, 0x65, 0x65, 0x7a, 0x65, 0x00, 0x03, 0x00, 0x00, 0x00,
  0x01, 0x00, 0x00, 0x00, 0x4b, 0x00, 0x00, 0x00, 0x10, 0x00, 0x00, 0x00,
  0x1e, 0xed, 0xff, 0xff, 0x00, 0x00, 0x00, 0x01, 0x18, 0x00, 0x00, 0x00,
  0x28, 0x00, 0x00, 0x00, 0x44, 0x00, 0x00, 0x00, 0x15, 0x00, 0x00, 0x00,
  0x00, 0x00, 0x00, 0x09, 0x68, 0x00, 0x00, 0x00, 0x04, 0x00, 0x00, 0x00,
  0xff, 0xff, 0xff, 0xff, 0x01, 0x00, 0x00, 0x00, 0x4b, 0x00, 0x00, 0x00,
  0x10, 0x00, 0x00, 0x00, 0x0c, 0xed, 0xff, 0xff, 0x08, 0x00, 0x00, 0x00,
  0x10, 0x00, 0x00, 0x00, 0x01, 0x00, 0x00, 0x00, 0x80, 0xff, 0xff, 0xff,
  0xff, 0xff, 0xff, 0xff, 0x01, 0x00, 0x00, 0x00, 0x7e, 0xaa, 0x54, 0x3d,
  0x2b, 0x00, 0x00, 0x00, 0x73, 0x65, 0x71, 0x75, 0x65, 0x6e, 0x74, 0x69,
  0x61, 0x6c, 0x5f, 0x35, 0x5f, 0x31, 0x2f, 0x6d, 0x61, 0x78, 0x5f, 0x70,
  0x6f, 0x6f, 0x6c, 0x69, 0x6e, 0x67, 0x31, 0x64, 0x5f, 0x31, 0x30, 0x5f,
  0x31, 0x2f, 0x4d, 0x61, 0x78, 0x50, 0x6f, 0x6f, 0x6c, 0x31, 0x64, 0x00,
  0x04, 0x00, 0x00, 0x00, 0x01, 0x00, 0x00, 0x00, 0x01, 0x00, 0x00, 0x00,
  0x4b, 0x00, 0x00, 0x00, 0x10, 0x00, 0x00, 0x00, 0xb6, 0xed, 0xff, 0xff,
  0x00, 0x00, 0x00, 0x01, 0x18, 0x00, 0x00, 0x00, 0x28, 0x00, 0x00, 0x00,
  0x44, 0x00, 0x00, 0x00, 0x14, 0x00, 0x00, 0x00, 0x00, 0x00, 0x00, 0x09,
  0x74, 0x00, 0x00, 0x00, 0x04, 0x00, 0x00, 0x00, 0xff, 0xff, 0xff, 0xff,
  0x01, 0x00, 0x00, 0x00, 0x96, 0x00, 0x00, 0x00, 0x10, 0x00, 0x00, 0x00,
  0xa4, 0xed, 0xff, 0xff, 0x08, 0x00, 0x00, 0x00, 0x10, 0x00, 0x00, 0x00,
  0x01, 0x00, 0x00, 0x00, 0x80, 0xff, 0xff, 0xff, 0xff, 0xff, 0xff, 0xff,
  0x01, 0x00, 0x00, 0x00, 0x7e, 0xaa, 0x54, 0x3d, 0x36, 0x00, 0x00, 0x00,
  0x73, 0x65, 0x71, 0x75, 0x65, 0x6e, 0x74, 0x69, 0x61, 0x6c, 0x5f, 0x35,
  0x5f, 0x31, 0x2f, 0x6d, 0x61, 0x78, 0x5f, 0x70, 0x6f, 0x6f, 0x6c, 0x69,
  0x6e, 0x67, 0x31, 0x64, 0x5f, 0x31, 0x30, 0x5f, 0x31, 0x2f, 0x4d, 0x61,
  0x78, 0x50, 0x6f, 0x6f, 0x6c, 0x31, 0x64, 0x2f, 0x45, 0x78, 0x70, 0x61,
  0x6e, 0x64, 0x44, 0x69, 0x6d, 0x73, 0x00, 0x00, 0x04, 0x00, 0x00, 0x00,
  0x01, 0x00, 0x00, 0x00, 0x01, 0x00, 0x00, 0x00, 0x96, 0x00, 0x00, 0x00,
  0x10, 0x00, 0x00, 0x00, 0x5a, 0xee, 0xff, 0xff, 0x00, 0x00, 0x00, 0x01,
  0x18, 0x00, 0x00, 0x00, 0x24, 0x00, 0x00, 0x00, 0x44, 0x00, 0x00, 0x00,
  0x13, 0x00, 0x00, 0x00, 0x00, 0x00, 0x00, 0x09, 0xb0, 0x00, 0x00, 0x00,
  0x03, 0x00, 0x00, 0x00, 0xff, 0xff, 0xff, 0xff, 0x96, 0x00, 0x00, 0x00,
  0x10, 0x00, 0x00, 0x00, 0x44, 0xee, 0xff, 0xff, 0x08, 0x00, 0x00, 0x00,
  0x14, 0x00, 0x00, 0x00, 0x01, 0x00, 0x00, 0x00, 0x80, 0xff, 0xff, 0xff,
  0xff, 0xff, 0xff, 0xff, 0x00, 0x00, 0x00, 0x00, 0x01, 0x00, 0x00, 0x00,
  0x7e, 0xaa, 0x54, 0x3d, 0x72, 0x00, 0x00, 0x00, 0x73, 0x65, 0x71, 0x75,
  0x65, 0x6e, 0x74, 0x69, 0x61, 0x6c, 0x5f, 0x35, 0x5f, 0x31, 0x2f, 0x63,
  0x6f, 0x6e, 0x76, 0x31, 0x64, 0x5f, 0x31, 0x35, 0x5f, 0x31, 0x2f, 0x52,
  0x65, 0x6c, 0x75, 0x3b, 0x73, 0x65, 0x71, 0x75, 0x65, 0x6e, 0x74, 0x69,
  0x61, 0x6c, 0x5f, 0x35, 0x5f, 0x31, 0x2f, 0x63, 0x6f, 0x6e, 0x76, 0x31,
  0x64, 0x5f, 0x31, 0x35, 0x5f, 0x31, 0x2f, 0x42, 0x69, 0x61, 0x73, 0x41,
  0x64, 0x64, 0x3b, 0x73, 0x65, 0x71, 0x75, 0x65, 0x6e, 0x74, 0x69, 0x61,
  0x6c, 0x5f, 0x35, 0x5f, 0x31, 0x2f, 0x63, 0x6f, 0x6e, 0x76, 0x31, 0x64,
  0x5f, 0x31, 0x35, 0x5f, 0x31, 0x2f, 0x63, 0x6f, 0x6e, 0x76, 0x6f, 0x6c,
  0x75, 0x74, 0x69, 0x6f, 0x6e, 0x2f, 0x53, 0x71, 0x75, 0x65, 0x65, 0x7a,
  0x65, 0x3b, 0x00, 0x00, 0x03, 0x00, 0x00, 0x00, 0x01, 0x00, 0x00, 0x00,
  0x96, 0x00, 0x00, 0x00, 0x10, 0x00, 0x00, 0x00, 0x36, 0xef, 0xff, 0xff,
  0x00, 0x00, 0x00, 0x01, 0x18, 0x00, 0x00, 0x00, 0x28, 0x00, 0x00, 0x00,
  0x44, 0x00, 0x00, 0x00, 0x12, 0x00, 0x00, 0x00, 0x00, 0x00, 0x00, 0x09,
  0xd8, 0x00, 0x00, 0x00, 0x04, 0x00, 0x00, 0x00, 0xff, 0xff, 0xff, 0xff,
  0x01, 0x00, 0x00, 0x00, 0x96, 0x00, 0x00, 0x00, 0x10, 0x00, 0x00, 0x00,
  0x24, 0xef, 0xff, 0xff, 0x08, 0x00, 0x00, 0x00, 0x10, 0x00, 0x00, 0x00,
  0x01, 0x00, 0x00, 0x00, 0x80, 0xff, 0xff, 0xff, 0xff, 0xff, 0xff, 0xff,
  0x01, 0x00, 0x00, 0x00, 0x7e, 0xaa, 0x54, 0x3d, 0x99, 0x00, 0x00, 0x00,
  0x73, 0x65, 0x71, 0x75, 0x65, 0x6e, 0x74, 0x69, 0x61, 0x6c, 0x5f, 0x35,
  0x5f, 0x31, 0x2f, 0x63, 0x6f, 0x6e, 0x76, 0x31, 0x64, 0x5f, 0x31, 0x35,
  0x5f, 0x31, 0x2f, 0x52, 0x65, 0x6c, 0x75, 0x3b, 0x73, 0x65, 0x71, 0x75,
  0x65, 0x6e, 0x74, 0x69, 0x61, 0x6c, 0x5f, 0x35, 0x5f, 0x31, 0x2f, 0x63,
  0x6f, 0x6e, 0x76, 0x31, 0x64, 0x5f, 0x31, 0x35, 0x5f, 0x31, 0x2f, 0x42,
  0x69, 0x61, 0x73, 0x41, 0x64, 0x64, 0x3b, 0x73, 0x65, 0x71, 0x75, 0x65,
  0x6e, 0x74, 0x69, 0x61, 0x6c, 0x5f, 0x35, 0x5f, 0x31, 0x2f, 0x63, 0x6f,
  0x6e, 0x76, 0x31, 0x64, 0x5f, 0x31, 0x35, 0x5f, 0x31, 0x2f, 0x63, 0x6f,
  0x6e, 0x76, 0x6f, 0x6c, 0x75, 0x74, 0x69, 0x6f, 0x6e, 0x2f, 0x53, 0x71,
  0x75, 0x65, 0x65, 0x7a, 0x65, 0x3b, 0x3b, 0x73, 0x65, 0x71, 0x75, 0x65,
  0x6e, 0x74, 0x69, 0x61, 0x6c, 0x5f, 0x35, 0x5f, 0x31, 0x2f, 0x63, 0x6f,
  0x6e, 0x76, 0x31, 0x64, 0x5f, 0x31, 0x35, 0x5f, 0x31, 0x2f, 0x63, 0x6f,
  0x6e, 0x76, 0x6f, 0x6c, 0x75, 0x74, 0x69, 0x6f, 0x6e, 0x00, 0x00, 0x00,
  0x04, 0x00, 0x00, 0x00, 0x01, 0x00, 0x00, 0x00, 0x01, 0x00, 0x00, 0x00,
  0x96, 0x00, 0x00, 0x00, 0x10, 0x00, 0x00, 0x00, 0x3e, 0xf0, 0xff, 0xff,
  0x00, 0x00, 0x00, 0x01, 0x18, 0x00, 0x00, 0x00, 0x28, 0x00, 0x00, 0x00,
  0x44, 0x00, 0x00, 0x00, 0x11, 0x00, 0x00, 0x00, 0x00, 0x00, 0x00, 0x09,
  0x70, 0x00, 0x00, 0x00, 0x04, 0x00, 0x00, 0x00, 0xff, 0xff, 0xff, 0xff,
  0x01, 0x00, 0x00, 0x00, 0x96, 0x00, 0x00, 0x00, 0x06, 0x00, 0x00, 0x00,
  0x2c, 0xf0, 0xff, 0xff, 0x08, 0x00, 0x00, 0x00, 0x10, 0x00, 0x00, 0x00,
  0x01, 0x00, 0x00, 0x00, 0x05, 0x00, 0x00, 0x00, 0x00, 0x00, 0x00, 0x00,
  0x01, 0x00, 0x00, 0x00, 0xdd, 0x84, 0xb8, 0x3d, 0x31, 0x00, 0x00, 0x00,
  0x73, 0x65, 0x71, 0x75, 0x65, 0x6e, 0x74, 0x69, 0x61, 0x6c, 0x5f, 0x35,
  0x5f, 0x31, 0x2f, 0x63, 0x6f, 0x6e, 0x76, 0x31, 0x64, 0x5f, 0x31, 0x35,
  0x5f, 0x31, 0x2f, 0x63, 0x6f, 0x6e, 0x76, 0x6f, 0x6c, 0x75, 0x74, 0x69,
  0x6f, 0x6e, 0x2f, 0x45, 0x78, 0x70, 0x61, 0x6e, 0x64, 0x44, 0x69, 0x6d,
  0x73, 0x00, 0x00, 0x00, 0x04, 0x00, 0x00, 0x00, 0x01, 0x00, 0x00, 0x00,
  0x01, 0x00, 0x00, 0x00, 0x96, 0x00, 0x00, 0x00, 0x06, 0x00, 0x00, 0x00,
  0x32, 0xf1, 0xff, 0xff, 0x00, 0x00, 0x00, 0x01, 0x14, 0x00, 0x00, 0x00,
  0xe8, 0x00, 0x00, 0x00, 0x10, 0x00, 0x00, 0x00, 0x00, 0x00, 0x00, 0x09,
  0xf4, 0x00, 0x00, 0x00, 0xb4, 0xf0, 0xff, 0xff, 0x08, 0x00, 0x00, 0x00,
  0x8c, 0x00, 0x00, 0x00, 0x10, 0x00, 0x00, 0x00, 0x00, 0x00, 0x00, 0x00,
  0x00, 0x00, 0x00, 0x00, 0x00, 0x00, 0x00, 0x00, 0x00, 0x00, 0x00, 0x00,
  0x00, 0x00, 0x00, 0x00, 0x00, 0x00, 0x00, 0x00, 0x00, 0x00, 0x00, 0x00,
  0x00, 0x00, 0x00, 0x00, 0x00, 0x00, 0x00, 0x00, 0x00, 0x00, 0x00, 0x00,
  0x00, 0x00, 0x00, 0x00, 0x00, 0x00, 0x00, 0x00, 0x00, 0x00, 0x00, 0x00,
  0x00, 0x00, 0x00, 0x00, 0x00, 0x00, 0x00, 0x00, 0x00, 0x00, 0x00, 0x00,
  0x00, 0x00, 0x00, 0x00, 0x00, 0x00, 0x00, 0x00, 0x00, 0x00, 0x00, 0x00,
  0x00, 0x00, 0x00, 0x00, 0x00, 0x00, 0x00, 0x00, 0x00, 0x00, 0x00, 0x00,
  0x00, 0x00, 0x00, 0x00, 0x00, 0x00, 0x00, 0x00, 0x00, 0x00, 0x00, 0x00,
  0x00, 0x00, 0x00, 0x00, 0x00, 0x00, 0x00, 0x00, 0x00, 0x00, 0x00, 0x00,
  0x00, 0x00, 0x00, 0x00, 0x00, 0x00, 0x00, 0x00, 0x00, 0x00, 0x00, 0x00,
  0x00, 0x00, 0x00, 0x00, 0x00, 0x00, 0x00, 0x00, 0x10, 0x00, 0x00, 0x00,
  0xab, 0x9c, 0x2c, 0x3b, 0x5d, 0x96, 0x1a, 0x3b, 0x57, 0x4a, 0x18, 0x3b,
  0x21, 0xf3, 0x25, 0x3b, 0x43, 0x0d, 0x41, 0x3b, 0x38, 0x5c, 0x20, 0x3b,
  0x28, 0xc1, 0x0d, 0x3b, 0xa7, 0x96, 0x08, 0x3b, 0x23, 0x8c, 0x54, 0x3b,
  0x96, 0xec, 0x3b, 0x3b, 0xbc, 0x69, 0x0b, 0x3b, 0x60, 0xb6, 0x51, 0x3b,
  0xdf, 0xca, 0x1e, 0x3b, 0x71, 0xee, 0x0f, 0x3b, 0x4b, 0x1c, 0x3d, 0x3b,
  0xe1, 0xf6, 0x41, 0x3b, 0x12, 0x00, 0x00, 0x00, 0x74, 0x66, 0x6c, 0x2e,
  0x70, 0x73, 0x65, 0x75, 0x64, 0x6f, 0x5f, 0x71, 0x63, 0x6f, 0x6e, 0x73,
  0x74, 0x37, 0x00, 0x00, 0x04, 0x00, 0x00, 0x00, 0x10, 0x00, 0x00, 0x00,
  0x01, 0x00, 0x00, 0x00, 0x05, 0x00, 0x00, 0x00, 0x06, 0x00, 0x00, 0x00,
  0x52, 0xf2, 0xff, 0xff, 0x00, 0x00, 0x00, 0x01, 0x14, 0x00, 0x00, 0x00,
  0xe4, 0x00, 0x00, 0x00, 0x0f, 0x00, 0x00, 0x00, 0x00, 0x00, 0x00, 0x02,
  0xf0, 0x00, 0x00, 0x00, 0xd4, 0xf1, 0xff, 0xff, 0x08, 0x00, 0x00, 0x00,
  0x88, 0x00, 0x00, 0x00, 0x10, 0x00, 0x00, 0x00, 0x00, 0x00, 0x00, 0x00,
  0x00, 0x00, 0x00, 0x00, 0x00, 0x00, 0x00, 0x00, 0x00, 0x00, 0x00, 0x00,
  0x00, 0x00, 0x00, 0x00, 0x00, 0x00, 0x00, 0x00, 0x00, 0x00, 0x00, 0x00,
  0x00, 0x00, 0x00, 0x00, 0x00, 0x00, 0x00, 0x00, 0x00, 0x00, 0x00, 0x00,
  0x00, 0x00, 0x00, 0x00, 0x00, 0x00, 0x00, 0x00, 0x00, 0x00, 0x00, 0x00,
  0x00, 0x00, 0x00, 0x00, 0x00, 0x00, 0x00, 0x00, 0x00, 0x00, 0x00, 0x00,
  0x00, 0x00, 0x00, 0x00, 0x00, 0x00, 0x00, 0x00, 0x00, 0x00, 0x00, 0x00,
  0x00, 0x00, 0x00, 0x00, 0x00, 0x00, 0x00, 0x00, 0x00, 0x00, 0x00, 0x00,
  0x00, 0x00, 0x00, 0x00, 0x00, 0x00, 0x00, 0x00, 0x00, 0x00, 0x00, 0x00,
  0x00, 0x00, 0x00, 0x00, 0x00, 0x00, 0x00, 0x00, 0x00, 0x00, 0x00, 0x00,
  0x00, 0x00, 0x00, 0x00, 0x00, 0x00, 0x00, 0x00, 0x00, 0x00, 0x00, 0x00,
  0x00, 0x00, 0x00, 0x00, 0x10, 0x00, 0x00, 0x00, 0x61, 0xd4, 0x78, 0x39,
  0x9c, 0xd8, 0x5e, 0x39, 0xf1, 0x88, 0x5b, 0x39, 0xc1, 0x39, 0x6f, 0x39,
  0xba, 0x25, 0x8b, 0x39, 0x04, 0x2b, 0x67, 0x39, 0xcd, 0x58, 0x4c, 0x39,
  0x57, 0xe6, 0x44, 0x39, 0x09, 0x33, 0x99, 0x39, 0x94, 0x73, 0x87, 0x39,
  0xb4, 0xf8, 0x48, 0x39, 0xec, 0x27, 0x97, 0x39, 0x74, 0xe8, 0x64, 0x39,
  0x29, 0x7c, 0x4f, 0x39, 0x7c, 0x4e, 0x88, 0x39, 0x1c, 0xce, 0x8b, 0x39,
  0x12, 0x00, 0x00, 0x00, 0x74, 0x66, 0x6c, 0x2e, 0x70, 0x73, 0x65, 0x75,
  0x64, 0x6f, 0x5f, 0x71, 0x63, 0x6f, 0x6e, 0x73, 0x74, 0x36, 0x00, 0x00,
  0x01, 0x00, 0x00, 0x00, 0x10, 0x00, 0x00, 0x00, 0x62, 0xf3, 0xff, 0xff,
  0x00, 0x00, 0x00, 0x01, 0x14, 0x00, 0x00, 0x00, 0xa8, 0x01, 0x00, 0x00,
  0x0e, 0x00, 0x00, 0x00, 0x00, 0x00, 0x00, 0x09, 0xb4, 0x01, 0x00, 0x00,
  0xe4, 0xf2, 0xff, 0xff, 0x08, 0x00, 0x00, 0x00, 0x0c, 0x01, 0x00, 0x00,
  0x20, 0x00, 0x00, 0x00, 0x00, 0x00, 0x00, 0x00, 0x00, 0x00, 0x00, 0x00,
  0x00, 0x00, 0x00, 0x00, 0x00, 0x00, 0x00, 0x00, 0x00, 0x00, 0x00, 0x00,
  0x00, 0x00, 0x00, 0x00, 0x00, 0x00, 0x00, 0x00, 0x00, 0x00, 0x00, 0x00,
  0x00, 0x00, 0x00, 0x00, 0x00, 0x00, 0x00, 0x00, 0x00, 0x00, 0x00, 0x00,
  0x00, 0x00, 0x00, 0x00, 0x00, 0x00, 0x00, 0x00, 0x00, 0x00, 0x00, 0x00,
  0x00, 0x00, 0x00, 0x00, 0x00, 0x00, 0x00, 0x00, 0x00, 0x00, 0x00, 0x00,
  0x00, 0x00, 0x00, 0x00, 0x00, 0x00, 0x00, 0x00, 0x00, 0x00, 0x00, 0x00,
  0x00, 0x00, 0x00, 0x00, 0x00, 0x00, 0x00, 0x00, 0x00, 0x00, 0x00, 0x00,
  0x00, 0x00, 0x00, 0x00, 0x00, 0x00, 0x00, 0x00, 0x00, 0x00, 0x00, 0x00,
  0x00, 0x00, 0x00, 0x00, 0x00, 0x00, 0x00, 0x00, 0x00, 0x00, 0x00, 0x00,
  0x00, 0x00, 0x00, 0x00, 0x00, 0x00, 0x00, 0x00, 0x00, 0x00, 0x00, 0x00,
  0x00, 0x00, 0x00, 0x00, 0x00, 0x00, 0x00, 0x00, 0x00, 0x00, 0x00, 0x00,
  0x00, 0x00, 0x00, 0x00, 0x00, 0x00, 0x00, 0x00, 0x00, 0x00, 0x00, 0x00,
  0x00, 0x00, 0x00, 0x00, 0x00, 0x00, 0x00, 0x00, 0x00, 0x00, 0x00, 0x00,
  0x00, 0x00, 0x00, 0x00, 0x00, 0x00, 0x00, 0x00, 0x00, 0x00, 0x00, 0x00,
  0x00, 0x00, 0x00, 0x00, 0x00, 0x00, 0x00, 0x00, 0x00, 0x00, 0x00, 0x00,
  0x00, 0x00, 0x00, 0x00, 0x00, 0x00, 0x00, 0x00, 0x00, 0x00, 0x00, 0x00,
  0x00, 0x00, 0x00, 0x00, 0x00, 0x00, 0x00, 0x00, 0x00, 0x00, 0x00, 0x00,
  0x00, 0x00, 0x00, 0x00, 0x00, 0x00, 0x00, 0x00, 0x00, 0x00, 0x00, 0x00,
  0x00, 0x00, 0x00, 0x00, 0x00, 0x00, 0x00, 0x00, 0x00, 0x00, 0x00, 0x00,
  0x00, 0x00, 0x00, 0x00, 0x00, 0x00, 0x00, 0x00, 0x00, 0x00, 0x00, 0x00,
  0x00, 0x00, 0x00, 0x00, 0x00, 0x00, 0x00, 0x00, 0x00, 0x00, 0x00, 0x00,
  0x20, 0x00, 0x00, 0x00, 0xbc, 0x9d, 0xd8, 0x3a, 0x07, 0xd4, 0xef, 0x3a,
  0x49, 0x7c, 0x15, 0x3b, 0x6c, 0xd9, 0xc0, 0x3a, 0x2b, 0x88, 0x34, 0x3b,
  0xaf, 0x62, 0xdc, 0x3a, 0x81, 0x72, 0x07, 0x3b, 0xba, 0x80, 0x08, 0x3b,
  0x71, 0x79, 0x0f, 0x3b, 0x70, 0x73, 0xea, 0x3a, 0x5b, 0x78, 0x10, 0x3b,
  0x0e, 0x7e, 0xef, 0x3a, 0x4a, 0x92, 0xfe, 0x3a, 0xb5, 0x63, 0xe2, 0x3a,
  0x2d, 0xa7, 0xf0, 0x3a, 0x22, 0xa2, 0x04, 0x3b, 0xeb, 0x56, 0xd8, 0x3a,
  0x71, 0x43, 0xfb, 0x3a, 0x38, 0xad, 0xf3, 0x3a, 0x49, 0xba, 0x1b, 0x3b,
  0xb3, 0xbc, 0xd8, 0x3a, 0x09, 0x44, 0x11, 0x3b, 0x73, 0x9c, 0xeb, 0x3a,
  0xfc, 0xf3, 0xc7, 0x3a, 0x86, 0x2a, 0x00, 0x3b, 0x3d, 0x29, 0xf0, 0x3a,
  0x61, 0xe6, 0xd6, 0x3a, 0x1f, 0xf6, 0x00, 0x3b, 0xaf, 0x94, 0xd2, 0x3a,
  0xa8, 0x27, 0xd2, 0x3a, 0xb2, 0x59, 0xda, 0x3a, 0xe5, 0x0a, 0x6c, 0x3b,
  0x12, 0x00, 0x00, 0x00, 0x74, 0x66, 0x6c, 0x2e, 0x70, 0x73, 0x65, 0x75,
  0x64, 0x6f, 0x5f, 0x71, 0x63, 0x6f, 0x6e, 0x73, 0x74, 0x35, 0x00, 0x00,
  0x04, 0x00, 0x00, 0x00, 0x20, 0x00, 0x00, 0x00, 0x01, 0x00, 0x00, 0x00,
  0x05, 0x00, 0x00, 0x00, 0x10, 0x00, 0x00, 0x00, 0x42, 0xf5, 0xff, 0xff,
  0x00, 0x00, 0x00, 0x01, 0x14, 0x00, 0x00, 0x00, 0xa4, 0x01, 0x00, 0x00,
  0x0d, 0x00, 0x00, 0x00, 0x00, 0x00, 0x00, 0x02, 0xb0, 0x01, 0x00, 0x00,
  0xc4, 0xf4, 0xff, 0xff, 0x08, 0x00, 0x00, 0x00, 0x08, 0x01, 0x00, 0x00,
  0x20, 0x00, 0x00, 0x00, 0x00, 0x00, 0x00, 0x00, 0x00, 0x00, 0x00, 0x00,
  0x00, 0x00, 0x00, 0x00, 0x00, 0x00, 0x00, 0x00, 0x00, 0x00, 0x00, 0x00,
  0x00, 0x00, 0x00, 0x00, 0x00, 0x00, 0x00, 0x00, 0x00, 0x00, 0x00, 0x00,
  0x00, 0x00, 0x00, 0x00, 0x00, 0x00, 0x00, 0x00, 0x00, 0x00, 0x00, 0x00,
  0x00, 0x00, 0x00, 0x00, 0x00, 0x00, 0x00, 0x00, 0x00, 0x00, 0x00, 0x00,
  0x00, 0x00, 0x00, 0x00, 0x00, 0x00, 0x00, 0x00, 0x00, 0x00, 0x00, 0x00,
  0x00, 0x00, 0x00, 0x00, 0x00, 0x00, 0x00, 0x00, 0x00, 0x00, 0x00, 0x00,
  0x00, 0x00, 0x00, 0x00, 0x00, 0x00, 0x00, 0x00, 0x00, 0x00, 0x00, 0x00,
  0x00, 0x00, 0x00, 0x00, 0x00, 0x00, 0x00, 0x00, 0x00, 0x00, 0x00, 0x00,
  0x00, 0x00, 0x00, 0x00, 0x00, 0x00, 0x00, 0x00, 0x00, 0x00, 0x00, 0x00,
  0x00, 0x00, 0x00, 0x00, 0x00, 0x00, 0x00, 0x00, 0x00, 0x00, 0x00, 0x00,
  0x00, 0x00, 0x00, 0x00, 0x00, 0x00, 0x00, 0x00, 0x00, 0x00, 0x00, 0x00,
  0x00, 0x00, 0x00, 0x00, 0x00, 0x00, 0x00, 0x00, 0x00, 0x00, 0x00, 0x00,
  0x00, 0x00, 0x00, 0x00, 0x00, 0x00, 0x00, 0x00, 0x00, 0x00, 0x00, 0x00,
  0x00, 0x00, 0x00, 0x00, 0x00, 0x00, 0x00, 0x00, 0x00, 0x00, 0x00, 0x00,
  0x00, 0x00, 0x00, 0x00, 0x00, 0x00, 0x00, 0x00, 0x00, 0x00, 0x00, 0x00,
  0x00, 0x00, 0x00, 0x00, 0x00, 0x00, 0x00, 0x00, 0x00, 0x00, 0x00, 0x00,
  0x00, 0x00, 0x00, 0x00, 0x00, 0x00, 0x00, 0x00, 0x00, 0x00, 0x00, 0x00,
  0x00, 0x00, 0x00, 0x00, 0x00, 0x00, 0x00, 0x00, 0x00, 0x00, 0x00, 0x00,
  0x00, 0x00, 0x00, 0x00, 0x00, 0x00, 0x00, 0x00, 0x00, 0x00, 0x00, 0x00,
  0x00, 0x00, 0x00, 0x00, 0x00, 0x00, 0x00, 0x00, 0x00, 0x00, 0x00, 0x00,
  0x00, 0x00, 0x00, 0x00, 0x00, 0x00, 0x00, 0x00, 0x20, 0x00, 0x00, 0x00,
  0xe3, 0xf2, 0xb3, 0x38, 0x4f, 0x3b, 0xc7, 0x38, 0xf5, 0x5c, 0xf8, 0x38,
  0x7d, 0x34, 0xa0, 0x38, 0xff, 0xf8, 0x15, 0x39, 0x7f, 0x14, 0xb7, 0x38,
  0x0f, 0x0a, 0xe1, 0x38, 0x05, 0xcb, 0xe2, 0x38, 0x3e, 0x60, 0xee, 0x38,
  0xbd, 0xc3, 0xc2, 0x38, 0xc5, 0x07, 0xf0, 0x38, 0xe3, 0xf3, 0xc6, 0x38,
  0xb0, 0x7a, 0xd3, 0x38, 0x58, 0x11, 0xbc, 0x38, 0xb7, 0xea, 0xc7, 0x38,
  0x32, 0x5d, 0xdc, 0x38, 0x0f, 0xb8, 0xb3, 0x38, 0x30, 0xbb, 0xd0, 0x38,
  0xbb, 0x6d, 0xca, 0x38, 0xfb, 0x5d, 0x01, 0x39, 0x9c, 0x0c, 0xb4, 0x38,
  0x2c, 0x5a, 0xf1, 0x38, 0x79, 0xba, 0xc3, 0x38, 0x37, 0x1b, 0xa6, 0x38,
  0x25, 0xf1, 0xd4, 0x38, 0x18, 0x82, 0xc7, 0x38, 0xe7, 0x85, 0xb2, 0x38,
  0x69, 0x43, 0xd6, 0x38, 0x5f, 0xef, 0xae, 0x38, 0xcd, 0x94, 0xae, 0x38,
  0xb2, 0x63, 0xb5, 0x38, 0x39, 0x16, 0x44, 0x39, 0x12, 0x00, 0x00, 0x00,
  0x74, 0x66, 0x6c, 0x2e, 0x70, 0x73, 0x65, 0x75, 0x64, 0x6f, 0x5f, 0x71,
  0x63, 0x6f, 0x6e, 0x73, 0x74, 0x34, 0x00, 0x00, 0x01, 0x00, 0x00, 0x00,
  0x20, 0x00, 0x00, 0x00, 0x12, 0xf7, 0xff, 0xff, 0x00, 0x00, 0x00, 0x01,
  0x14, 0x00, 0x00, 0x00, 0x28, 0x03, 0x00, 0x00, 0x0c, 0x00, 0x00, 0x00,
  0x00, 0x00, 0x00, 0x09, 0x34, 0x03, 0x00, 0x00, 0x94, 0xf6, 0xff, 0xff,
  0x08, 0x00, 0x00, 0x00, 0x0c, 0x02, 0x00, 0x00, 0x40, 0x00, 0x00, 0x00,
  0x00, 0x00, 0x00, 0x00, 0x00, 0x00, 0x00, 0x00, 0x00, 0x00, 0x00, 0x00,
  0x00, 0x00, 0x00, 0x00, 0x00, 0x00, 0x00, 0x00, 0x00, 0x00, 0x00, 0x00,
  0x00, 0x00, 0x00, 0x00, 0x00, 0x00, 0x00, 0x00, 0x00, 0x00, 0x00, 0x00,
  0x00, 0x00, 0x00, 0x00, 0x00, 0x00, 0x00, 0x00, 0x00, 0x00, 0x00, 0x00,
  0x00, 0x00, 0x00, 0x00, 0x00, 0x00, 0x00, 0x00, 0x00, 0x00, 0x00, 0x00,
  0x00, 0x00, 0x00, 0x00, 0x00, 0x00, 0x00, 0x00, 0x00, 0x00, 0x00, 0x00,
  0x00, 0x00, 0x00, 0x00, 0x00, 0x00, 0x00, 0x00, 0x00, 0x00, 0x00, 0x00,
  0x00, 0x00, 0x00, 0x00, 0x00, 0x00, 0x00, 0x00, 0x00, 0x00, 0x00, 0x00,
  0x00, 0x00, 0x00, 0x00, 0x00, 0x00, 0x00, 0x00, 0x00, 0x00, 0x00, 0x00,
  0x00, 0x00, 0x00, 0x00, 0x00, 0x00, 0x00, 0x00, 0x00, 0x00, 0x00, 0x00,
  0x00, 0x00, 0x00, 0x00, 0x00, 0x00, 0x00, 0x00, 0x00, 0x00, 0x00, 0x00,
  0x00, 0x00, 0x00, 0x00, 0x00, 0x00, 0x00, 0x00, 0x00, 0x00, 0x00, 0x00,
  0x00, 0x00, 0x00, 0x00, 0x00, 0x00, 0x00, 0x00, 0x00, 0x00, 0x00, 0x00,
  0x00, 0x00, 0x00, 0x00, 0x00, 0x00, 0x00, 0x00, 0x00, 0x00, 0x00, 0x00,
  0x00, 0x00, 0x00, 0x00, 0x00, 0x00, 0x00, 0x00, 0x00, 0x00, 0x00, 0x00,
  0x00, 0x00, 0x00, 0x00, 0x00, 0x00, 0x00, 0x00, 0x00, 0x00, 0x00, 0x00,
  0x00, 0x00, 0x00, 0x00, 0x00, 0x00, 0x00, 0x00, 0x00, 0x00, 0x00, 0x00,
  0x00, 0x00, 0x00, 0x00, 0x00, 0x00, 0x00, 0x00, 0x00, 0x00, 0x00, 0x00,
  0x00, 0x00, 0x00, 0x00, 0x00, 0x00, 0x00, 0x00, 0x00, 0x00, 0x00, 0x00,
  0x00, 0x00, 0x00, 0x00, 0x00, 0x00, 0x00, 0x00, 0x00, 0x00, 0x00, 0x00,
  0x00, 0x00, 0x00, 0x00, 0x00, 0x00, 0x00, 0x00, 0x00, 0x00, 0x00, 0x00,
  0x00, 0x00, 0x00, 0x00, 0x00, 0x00, 0x00, 0x00, 0x00, 0x00, 0x00, 0x00,
  0x00, 0x00, 0x00, 0x00, 0x00, 0x00, 0x00, 0x00, 0x00, 0x00, 0x00, 0x00,
  0x00, 0x00, 0x00, 0x00, 0x00, 0x00, 0x00, 0x00, 0x00, 0x00, 0x00, 0x00,
  0x00, 0x00, 0x00, 0x00, 0x00, 0x00, 0x00, 0x00, 0x00, 0x00, 0x00, 0x00,
  0x00, 0x00, 0x00, 0x00, 0x00, 0x00, 0x00, 0x00, 0x00, 0x00, 0x00, 0x00,
  0x00, 0x00, 0x00, 0x00, 0x00, 0x00, 0x00, 0x00, 0x00, 0x00, 0x00, 0x00,
  0x00, 0x00, 0x00, 0x00, 0x00, 0x00, 0x00, 0x00, 0x00, 0x00, 0x00, 0x00,
  0x00, 0x00, 0x00, 0x00, 0x00, 0x00, 0x00, 0x00, 0x00, 0x00, 0x00, 0x00,
  0x00, 0x00, 0x00, 0x00, 0x00, 0x00, 0x00, 0x00, 0x00, 0x00, 0x00, 0x00,
  0x00, 0x00, 0x00, 0x00, 0x00, 0x00, 0x00, 0x00, 0x00, 0x00, 0x00, 0x00,
  0x00, 0x00, 0x00, 0x00, 0x00, 0x00, 0x00, 0x00, 0x00, 0x00, 0x00, 0x00,
  0x00, 0x00, 0x00, 0x00, 0x00, 0x00, 0x00, 0x00, 0x00, 0x00, 0x00, 0x00,
  0x00, 0x00, 0x00, 0x00, 0x00, 0x00, 0x00, 0x00, 0x00, 0x00, 0x00, 0x00,
  0x00, 0x00, 0x00, 0x00, 0x00, 0x00, 0x00, 0x00, 0x00, 0x00, 0x00, 0x00,
  0x00, 0x00, 0x00, 0x00, 0x00, 0x00, 0x00, 0x00, 0x00, 0x00, 0x00, 0x00,
  0x00, 0x00, 0x00, 0x00, 0x00, 0x00, 0x00, 0x00, 0x00, 0x00, 0x00, 0x00,
  0x00, 0x00, 0x00, 0x00, 0x00, 0x00, 0x00, 0x00, 0x00, 0x00, 0x00, 0x00,
  0x00, 0x00, 0x00, 0x00, 0x00, 0x00, 0x00, 0x00, 0x00, 0x00, 0x00, 0x00,
  0x00, 0x00, 0x00, 0x00, 0x00, 0x00, 0x00, 0x00, 0x00, 0x00, 0x00, 0x00,
  0x00, 0x00, 0x00, 0x00, 0x00, 0x00, 0x00, 0x00, 0x00, 0x00, 0x00, 0x00,
  0x00, 0x00, 0x00, 0x00, 0x00, 0x00, 0x00, 0x00, 0x00, 0x00, 0x00, 0x00,
  0x00, 0x00, 0x00, 0x00, 0x00, 0x00, 0x00, 0x00, 0x00, 0x00, 0x00, 0x00,
  0x40, 0x00, 0x00, 0x00, 0xb4, 0x0c, 0x22, 0x3b, 0x41, 0x81, 0xd0, 0x3a,
  0x0e, 0x44, 0xa8, 0x3a, 0x0e, 0xda, 0xf4, 0x3a, 0x48, 0xd9, 0x0a, 0x3b,
  0x7d, 0x2d, 0x1b, 0x3b, 0xbd, 0xa0, 0x17, 0x3b, 0x83, 0xd8, 0x0a, 0x3b,
  0xe5, 0xe9, 0x15, 0x3b, 0x9c, 0xf4, 0x11, 0x3b, 0x5e, 0xdd, 0x25, 0x3b,
  0xd4, 0x2f, 0xf7, 0x3a, 0x9c, 0x24, 0x1f, 0x3b, 0x6e, 0x23, 0xfb, 0x3a,
  0x86, 0x35, 0x0c, 0x3b, 0xa3, 0x57, 0x0f, 0x3b, 0xb5, 0xf4, 0x04, 0x3b,
  0xf1, 0x08, 0x3c, 0x3b, 0x99, 0x6f, 0x03, 0x3b, 0x4b, 0x2c, 0x0c, 0x3b,
  0x9c, 0xee, 0x32, 0x3b, 0xea, 0xda, 0x25, 0x3b, 0x33, 0xed, 0x00, 0x3b,
  0x94, 0xdb, 0x1f, 0x3b, 0x4d, 0x27, 0xfb, 0x3a, 0x61, 0x9b, 0x05, 0x3b,
  0x3c, 0xad, 0xfb, 0x3a, 0xd6, 0xf0, 0x0f, 0x3b, 0xd2, 0xf2, 0x0d, 0x3b,
  0xc1, 0x82, 0xff, 0x3a, 0xea, 0xf8, 0x24, 0x3b, 0x25, 0x74, 0x9f, 0x3a,
  0x66, 0xc2, 0xb2, 0x3a, 0x2c, 0x7b, 0x05, 0x3b, 0xac, 0xb0, 0x3d, 0x3b,
  0x05, 0xb8, 0x19, 0x3b, 0x06, 0x3d, 0xed, 0x3a, 0x0c, 0x95, 0x02, 0x3b,
  0x56, 0x11, 0x0f, 0x3b, 0x89, 0xc9, 0x0d, 0x3b, 0x62, 0x74, 0x0d, 0x3b,
  0x84, 0x10, 0x15, 0x3b, 0xb6, 0xd2, 0x24, 0x3b, 0x6d, 0xd7, 0x09, 0x3b,
  0xab, 0x9e, 0x0e, 0x3b, 0x49, 0xd8, 0x03, 0x3b, 0x4f, 0x4a, 0xf6, 0x3a,
  0x2f, 0xf1, 0x27, 0x3b, 0xa0, 0xbf, 0x04, 0x3b, 0x32, 0xe9, 0xfd, 0x3a,
  0x7a, 0x14, 0x17, 0x3b, 0xe3, 0x87, 0xfe, 0x3a, 0x2d, 0xfd, 0xfa, 0x3a,
  0x84, 0x1c, 0x04, 0x3b, 0x48, 0x4a, 0x36, 0x3b, 0xd3, 0xa5, 0x47, 0x3b,
  0xd6, 0x86, 0xdb, 0x3a, 0x96, 0x9c, 0x09, 0x3b, 0xdc, 0xbf, 0x12, 0x3b,
  0x38, 0x11, 0x31, 0x3b, 0xf8, 0x0a, 0x15, 0x3b, 0x31, 0xfd, 0x16, 0x3b,
  0x3c, 0x40, 0x9c, 0x3a, 0xbe, 0x45, 0x08, 0x3b, 0x12, 0x00, 0x00, 0x00,
  0x74, 0x66, 0x6c, 0x2e, 0x70, 0x73, 0x65, 0x75, 0x64, 0x6f, 0x5f, 0x71,
  0x63, 0x6f, 0x6e, 0x73, 0x74, 0x33, 0x00, 0x00, 0x04, 0x00, 0x00, 0x00,
  0x40, 0x00, 0x00, 0x00, 0x01, 0x00, 0x00, 0x00, 0x03, 0x00, 0x00, 0x00,
  0x20, 0x00, 0x00, 0x00, 0x72, 0xfa, 0xff, 0xff, 0x00, 0x00, 0x00, 0x01,
  0x14, 0x00, 0x00, 0x00, 0x24, 0x03, 0x00, 0x00, 0x0b, 0x00, 0x00, 0x00,
  0x00, 0x00, 0x00, 0x02, 0x30, 0x03, 0x00, 0x00, 0xf4, 0xf9, 0xff, 0xff,
  0x08, 0x00, 0x00, 0x00, 0x08, 0x02, 0x00, 0x00, 0x40, 0x00, 0x00, 0x00,
  0x00, 0x00, 0x00, 0x00, 0x00, 0x00, 0x00, 0x00, 0x00, 0x00, 0x00, 0x00,
  0x00, 0x00, 0x00, 0x00, 0x00, 0x00, 0x00, 0x00, 0x00, 0x00, 0x00, 0x00,
  0x00, 0x00, 0x00, 0x00, 0x00, 0x00, 0x00, 0x00, 0x00, 0x00, 0x00, 0x00,
  0x00, 0x00, 0x00, 0x00, 0x00, 0x00, 0x00, 0x00, 0x00, 0x00, 0x00, 0x00,
  0x00, 0x00, 0x00, 0x00, 0x00, 0x00, 0x00, 0x00, 0x00, 0x00, 0x00, 0x00,
  0x00, 0x00, 0x00, 0x00, 0x00, 0x00, 0x00, 0x00, 0x00, 0x00, 0x00, 0x00,
  0x00, 0x00, 0x00, 0x00, 0x00, 0x00, 0x00, 0x00, 0x00, 0x00, 0x00, 0x00,
  0x00, 0x00, 0x00, 0x00, 0x00, 0x00, 0x00, 0x00, 0x00, 0x00, 0x00, 0x00,
  0x00, 0x00, 0x00, 0x00, 0x00, 0x00, 0x00, 0x00, 0x00, 0x00, 0x00, 0x00,
  0x00, 0x00, 0x00, 0x00, 0x00, 0x00, 0x00, 0x00, 0x00, 0x00, 0x00, 0x00,
  0x00, 0x00, 0x00, 0x00, 0x00, 0x00, 0x00, 0x00, 0x00, 0x00, 0x00, 0x00,
  0x00, 0x00, 0x00, 0x00, 0x00, 0x00, 0x00, 0x00, 0x00, 0x00, 0x00, 0x00,
  0x00, 0x00, 0x00, 0x00, 0x00, 0x00, 0x00, 0x00, 0x00, 0x00, 0x00, 0x00,
  0x00, 0x00, 0x00, 0x00, 0x00, 0x00, 0x00, 0x00, 0x00, 0x00, 0x00, 0x00,
  0x00, 0x00, 0x00, 0x00, 0x00, 0x00, 0x00, 0x00, 0x00, 0x00, 0x00, 0x00,
  0x00, 0x00, 0x00, 0x00, 0x00, 0x00, 0x00, 0x00, 0x00, 0x00, 0x00, 0x00,
  0x00, 0x00, 0x00, 0x00, 0x00, 0x00, 0x00, 0x00, 0x00, 0x00, 0x00, 0x00,
  0x00, 0x00, 0x00, 0x00, 0x00, 0x00, 0x00, 0x00, 0x00, 0x00, 0x00, 0x00,
  0x00, 0x00, 0x00, 0x00, 0x00, 0x00, 0x00, 0x00, 0x00, 0x00, 0x00, 0x00,
  0x00, 0x00, 0x00, 0x00, 0x00, 0x00, 0x00, 0x00, 0x00, 0x00, 0x00, 0x00,
  0x00, 0x00, 0x00, 0x00, 0x00, 0x00, 0x00, 0x00, 0x00, 0x00, 0x00, 0x00,
  0x00, 0x00, 0x00, 0x00, 0x00, 0x00, 0x00, 0x00, 0x00, 0x00, 0x00, 0x00,
  0x00, 0x00, 0x00, 0x00, 0x00, 0x00, 0x00, 0x00, 0x00, 0x00, 0x00, 0x00,
  0x00, 0x00, 0x00, 0x00, 0x00, 0x00, 0x00, 0x00, 0x00, 0x00, 0x00, 0x00,
  0x00, 0x00, 0x00, 0x00, 0x00, 0x00, 0x00, 0x00, 0x00, 0x00, 0x00, 0x00,
  0x00, 0x00, 0x00, 0x00, 0x00, 0x00, 0x00, 0x00, 0x00, 0x00, 0x00, 0x00,
  0x00, 0x00, 0x00, 0x00, 0x00, 0x00, 0x00, 0x00, 0x00, 0x00, 0x00, 0x00,
  0x00, 0x00, 0x00, 0x00, 0x00, 0x00, 0x00, 0x00, 0x00, 0x00, 0x00, 0x00,
  0x00, 0x00, 0x00, 0x00, 0x00, 0x00, 0x00, 0x00, 0x00, 0x00, 0x00, 0x00,
  0x00, 0x00, 0x00, 0x00, 0x00, 0x00, 0x00, 0x00, 0x00, 0x00, 0x00, 0x00,
  0x00, 0x00, 0x00, 0x00, 0x00, 0x00, 0x00, 0x00, 0x00, 0x00, 0x00, 0x00,
  0x00, 0x00, 0x00, 0x00, 0x00, 0x00, 0x00, 0x00, 0x00, 0x00, 0x00, 0x00,
  0x00, 0x00, 0x00, 0x00, 0x00, 0x00, 0x00, 0x00, 0x00, 0x00, 0x00, 0x00,
  0x00, 0x00, 0x00, 0x00, 0x00, 0x00, 0x00, 0x00, 0x00, 0x00, 0x00, 0x00,
  0x00, 0x00, 0x00, 0x00, 0x00, 0x00, 0x00, 0x00, 0x00, 0x00, 0x00, 0x00,
  0x00, 0x00, 0x00, 0x00, 0x00, 0x00, 0x00, 0x00, 0x00, 0x00, 0x00, 0x00,
  0x00, 0x00, 0x00, 0x00, 0x00, 0x00, 0x00, 0x00, 0x00, 0x00, 0x00, 0x00,
  0x00, 0x00, 0x00, 0x00, 0x00, 0x00, 0x00, 0x00, 0x00, 0x00, 0x00, 0x00,
  0x00, 0x00, 0x00, 0x00, 0x00, 0x00, 0x00, 0x00, 0x00, 0x00, 0x00, 0x00,
  0x00, 0x00, 0x00, 0x00, 0x00, 0x00, 0x00, 0x00, 0x00, 0x00, 0x00, 0x00,
  0x00, 0x00, 0x00, 0x00, 0x00, 0x00, 0x00, 0x00, 0x00, 0x00, 0x00, 0x00,
  0x00, 0x00, 0x00, 0x00, 0x00, 0x00, 0x00, 0x00, 0x00, 0x00, 0x00, 0x00,
  0x00, 0x00, 0x00, 0x00, 0x00, 0x00, 0x00, 0x00, 0x40, 0x00, 0x00, 0x00,
  0x2c, 0xba, 0x37, 0x39, 0x9b, 0x65, 0xec, 0x38, 0x66, 0xc6, 0xbe, 0x38,
  0x90, 0xcd, 0x0a, 0x39, 0x39, 0x6c, 0x1d, 0x39, 0xa0, 0xef, 0x2f, 0x39,
  0x4f, 0xe9, 0x2b, 0x39, 0x5a, 0x6b, 0x1d, 0x39, 0xc3, 0xf7, 0x29, 0x39,
  0xed, 0x7a, 0x25, 0x39, 0x7c, 0x0d, 0x3c, 0x39, 0x6e, 0x20, 0x0c, 0x39,
  0x8a, 0x6e, 0x34, 0x39, 0xe5, 0x5d, 0x0e, 0x39, 0x0d, 0xf7, 0x1e, 0x39,
  0x77, 0x84, 0x22, 0x39, 0xd8, 0xbd, 0x16, 0x39, 0x4a, 0x30, 0x55, 0x39,
  0xaf, 0x04, 0x15, 0x39, 0x96, 0xec, 0x1e, 0x39, 0x39, 0xde, 0x4a, 0x39,
  0xb4, 0x0a, 0x3c, 0x39, 0x5a, 0x2c, 0x12, 0x39, 0xfc, 0x3d, 0x35, 0x39,
  0x16, 0x60, 0x0e, 0x39, 0xd0, 0x7a, 0x17, 0x39, 0x03, 0xac, 0x0e, 0x39,
  0x28, 0x32, 0x23, 0x39, 0xea, 0xef, 0x20, 0x39, 0x6c, 0xd8, 0x10, 0x39,
  0x79, 0x0a, 0x3b, 0x39, 0xb7, 0xc8, 0xb4, 0x38, 0x19, 0xac, 0xca, 0x38,
  0x4c, 0x56, 0x17, 0x39, 0xb4, 0x10, 0x57, 0x39, 0x32, 0x48, 0x2e, 0x39,
  0xaf, 0x7c, 0x06, 0x39, 0xe6, 0x0c, 0x14, 0x39, 0xc2, 0x34, 0x22, 0x39,
  0x1c, 0xc1, 0x20, 0x39, 0x91, 0x60, 0x20, 0x39, 0x4d, 0x01, 0x29, 0x39,
  0x28, 0xdf, 0x3a, 0x39, 0xe0, 0x47, 0x1c, 0x39, 0xc0, 0xb2, 0x21, 0x39,
  0x60, 0x7b, 0x15, 0x39, 0x52, 0x9e, 0x0b, 0x39, 0x71, 0x68, 0x3e, 0x39,
  0xaa, 0x81, 0x16, 0x39, 0x40, 0xf0, 0x0f, 0x39, 0x49, 0x4a, 0x2b, 0x39,
  0x35, 0x4a, 0x10, 0x39, 0x35, 0x48, 0x0e, 0x39, 0xbc, 0xc8, 0x15, 0x39,
  0xe5, 0xac, 0x4e, 0x39, 0xdc, 0x5a, 0x62, 0x39, 0xa2, 0xe4, 0xf8, 0x38,
  0x2a, 0x05, 0x1c, 0x39, 0x5e, 0x61, 0x26, 0x39, 0xf9, 0xc0, 0x48, 0x39,
  0x03, 0xfb, 0x28, 0x39, 0xe2, 0x2f, 0x2b, 0x39, 0x1f, 0x27, 0xb1, 0x38,
  0x75, 0x80, 0x1a, 0x39, 0x12, 0x00, 0x00, 0x00, 0x74, 0x66, 0x6c, 0x2e,
  0x70, 0x73, 0x65, 0x75, 0x64, 0x6f, 0x5f, 0x71, 0x63, 0x6f, 0x6e, 0x73,
  0x74, 0x32, 0x00, 0x00, 0x01, 0x00, 0x00, 0x00, 0x40, 0x00, 0x00, 0x00,
  0xc2, 0xfd, 0xff, 0xff, 0x00, 0x00, 0x00, 0x01, 0x14, 0x00, 0x00, 0x00,
  0x40, 0x00, 0x00, 0x00, 0x0a, 0x00, 0x00, 0x00, 0x00, 0x00, 0x00, 0x09,
  0x4c, 0x00, 0x00, 0x00, 0x44, 0xfd, 0xff, 0xff, 0x08, 0x00, 0x00, 0x00,
  0x1c, 0x00, 0x00, 0x00, 0x02, 0x00, 0x00, 0x00, 0x00, 0x00, 0x00, 0x00,
  0x00, 0x00, 0x00, 0x00, 0x00, 0x00, 0x00, 0x00, 0x00, 0x00, 0x00, 0x00,
  0x00, 0x00, 0x00, 0x00, 0x02, 0x00, 0x00, 0x00, 0x17, 0xc4, 0x6d, 0x3b,
  0x6b, 0x70, 0x57, 0x3b, 0x12, 0x00, 0x00, 0x00, 0x74, 0x66, 0x6c, 0x2e,
  0x70, 0x73, 0x65, 0x75, 0x64, 0x6f, 0x5f, 0x71, 0x63, 0x6f, 0x6e, 0x73,
  0x74, 0x31, 0x00, 0x00, 0x02, 0x00, 0x00, 0x00, 0x02, 0x00, 0x00, 0x00,
  0x40, 0x00, 0x00, 0x00, 0x32, 0xfe, 0xff, 0xff, 0x00, 0x00, 0x00, 0x01,
  0x14, 0x00, 0x00, 0x00, 0x3c, 0x00, 0x00, 0x00, 0x09, 0x00, 0x00, 0x00,
  0x00, 0x00, 0x00, 0x02, 0x48, 0x00, 0x00, 0x00, 0xb4, 0xfd, 0xff, 0xff,
  0x08, 0x00, 0x00, 0x00, 0x18, 0x00, 0x00, 0x00, 0x02, 0x00, 0x00, 0x00,
  0x00, 0x00, 0x00, 0x00, 0x00, 0x00, 0x00, 0x00, 0x00, 0x00, 0x00, 0x00,
  0x00, 0x00, 0x00, 0x00, 0x02, 0x00, 0x00, 0x00, 0x7b, 0xb0, 0x87, 0x39,
  0x44, 0xe5, 0x75, 0x39, 0x11, 0x00, 0x00, 0x00, 0x74, 0x66, 0x6c, 0x2e,
  0x70, 0x73, 0x65, 0x75, 0x64, 0x6f, 0x5f, 0x71, 0x63, 0x6f, 0x6e, 0x73,
  0x74, 0x00, 0x00, 0x00, 0x01, 0x00, 0x00, 0x00, 0x02, 0x00, 0x00, 0x00,
  0x9a, 0xfe, 0xff, 0xff, 0x00, 0x00, 0x00, 0x01, 0x14, 0x00, 0x00, 0x00,
  0x14, 0x00, 0x00, 0x00, 0x08, 0x00, 0x00, 0x00, 0x00, 0x00, 0x00, 0x02,
  0x1c, 0x00, 0x00, 0x00, 0x84, 0xfe, 0xff, 0xff, 0x0f, 0x00, 0x00, 0x00,
  0x61, 0x72, 0x69, 0x74, 0x68, 0x2e, 0x63, 0x6f, 0x6e, 0x73, 0x74, 0x61,
  0x6e, 0x74, 0x36, 0x00, 0x01, 0x00, 0x00, 0x00, 0x03, 0x00, 0x00, 0x00,
  0xd6, 0xfe, 0xff, 0xff, 0x00, 0x00, 0x00, 0x01, 0x14, 0x00, 0x00, 0x00,
  0x14, 0x00, 0x00, 0x00, 0x07, 0x00, 0x00, 0x00, 0x00, 0x00, 0x00, 0x02,
  0x1c, 0x00, 0x00, 0x00, 0xc0, 0xfe, 0xff, 0xff, 0x0f, 0x00, 0x00, 0x00,
  0x61, 0x72, 0x69, 0x74, 0x68, 0x2e, 0x63, 0x6f, 0x6e, 0x73, 0x74, 0x61,
  0x6e, 0x74, 0x35, 0x00, 0x01, 0x00, 0x00, 0x00, 0x03, 0x00, 0x00, 0x00,
  0x12, 0xff, 0xff, 0xff, 0x00, 0x00, 0x00, 0x01, 0x14, 0x00, 0x00, 0x00,
  0x14, 0x00, 0x00, 0x00, 0x06, 0x00, 0x00, 0x00, 0x00, 0x00, 0x00, 0x02,
  0x1c, 0x00, 0x00, 0x00, 0xfc, 0xfe, 0xff, 0xff, 0x0f, 0x00, 0x00, 0x00,
  0x61, 0x72, 0x69, 0x74, 0x68, 0x2e, 0x63, 0x6f, 0x6e, 0x73, 0x74, 0x61,
  0x6e, 0x74, 0x34, 0x00, 0x01, 0x00, 0x00, 0x00, 0x03, 0x00, 0x00, 0x00,
  0x4e, 0xff, 0xff, 0xff, 0x00, 0x00, 0x00, 0x01, 0x14, 0x00, 0x00, 0x00,
  0x14, 0x00, 0x00, 0x00, 0x05, 0x00, 0x00, 0x00, 0x00, 0x00, 0x00, 0x02,
  0x1c, 0x00, 0x00, 0x00, 0x38, 0xff, 0xff, 0xff, 0x0f, 0x00, 0x00, 0x00,
  0x61, 0x72, 0x69, 0x74, 0x68, 0x2e, 0x63, 0x6f, 0x6e, 0x73, 0x74, 0x61,
  0x6e, 0x74, 0x33, 0x00, 0x01, 0x00, 0x00, 0x00, 0x03, 0x00, 0x00, 0x00,
  0x8a, 0xff, 0xff, 0xff, 0x00, 0x00, 0x00, 0x01, 0x14, 0x00, 0x00, 0x00,
  0x14, 0x00, 0x00, 0x00, 0x04, 0x00, 0x00, 0x00, 0x00, 0x00, 0x00, 0x02,
  0x1c, 0x00, 0x00, 0x00, 0x74, 0xff, 0xff, 0xff, 0x0f, 0x00, 0x00, 0x00,
  0x61, 0x72, 0x69, 0x74, 0x68, 0x2e, 0x63, 0x6f, 0x6e, 0x73, 0x74, 0x61,
  0x6e, 0x74, 0x32, 0x00, 0x00, 0x00, 0x00, 0x00, 0xc2, 0xff, 0xff, 0xff,
  0x00, 0x00, 0x00, 0x01, 0x14, 0x00, 0x00, 0x00, 0x14, 0x00, 0x00, 0x00,
  0x03, 0x00, 0x00, 0x00, 0x00, 0x00, 0x00, 0x02, 0x1c, 0x00, 0x00, 0x00,
  0xac, 0xff, 0xff, 0xff, 0x0f, 0x00, 0x00, 0x00, 0x61, 0x72, 0x69, 0x74,
  0x68, 0x2e, 0x63, 0x6f, 0x6e, 0x73, 0x74, 0x61, 0x6e, 0x74, 0x31, 0x00,
  0x01, 0x00, 0x00, 0x00, 0x03, 0x00, 0x00, 0x00, 0x00, 0x00, 0x16, 0x00,
  0x1c, 0x00, 0x18, 0x00, 0x17, 0x00, 0x10, 0x00, 0x0c, 0x00, 0x08, 0x00,
  0x00, 0x00, 0x00, 0x00, 0x00, 0x00, 0x07, 0x00, 0x16, 0x00, 0x00, 0x00,
  0x00, 0x00, 0x00, 0x01, 0x18, 0x00, 0x00, 0x00, 0x18, 0x00, 0x00, 0x00,
  0x02, 0x00, 0x00, 0x00, 0x00, 0x00, 0x00, 0x02, 0x20, 0x00, 0x00, 0x00,
  0x04, 0x00, 0x04, 0x00, 0x04, 0x00, 0x00, 0x00, 0x0e, 0x00, 0x00, 0x00,
  0x61, 0x72, 0x69, 0x74, 0x68, 0x2e, 0x63, 0x6f, 0x6e, 0x73, 0x74, 0x61,
  0x6e, 0x74, 0x00, 0x00, 0x00, 0x00, 0x00, 0x00, 0x00, 0x00, 0x16, 0x00,
  0x20, 0x00, 0x1c, 0x00, 0x1b, 0x00, 0x14, 0x00, 0x10, 0x00, 0x0c, 0x00,
  0x00, 0x00, 0x00, 0x00, 0x08, 0x00, 0x07, 0x00, 0x16, 0x00, 0x00, 0x00,
  0x00, 0x00, 0x00, 0x01, 0x18, 0x00, 0x00, 0x00, 0x30, 0x00, 0x00, 0x00,
  0x50, 0x00, 0x00, 0x00, 0x01, 0x00, 0x00, 0x00, 0x00, 0x00, 0x00, 0x09,
  0x68, 0x00, 0x00, 0x00, 0x03, 0x00, 0x00, 0x00, 0xff, 0xff, 0xff, 0xff,
  0x96, 0x00, 0x00, 0x00, 0x06, 0x00, 0x00, 0x00, 0x0c, 0x00, 0x0c, 0x00,
  0x00, 0x00, 0x00, 0x00, 0x08, 0x00, 0x04, 0x00, 0x0c, 0x00, 0x00, 0x00,
  0x08, 0x00, 0x00, 0x00, 0x14, 0x00, 0x00, 0x00, 0x01, 0x00, 0x00, 0x00,
  0x05, 0x00, 0x00, 0x00, 0x00, 0x00, 0x00, 0x00, 0x00, 0x00, 0x00, 0x00,
  0x01, 0x00, 0x00, 0x00, 0xdd, 0x84, 0xb8, 0x3d, 0x1f, 0x00, 0x00, 0x00,
  0x73, 0x65, 0x72, 0x76, 0x69, 0x6e, 0x67, 0x5f, 0x64, 0x65, 0x66, 0x61,
  0x75, 0x6c, 0x74, 0x5f, 0x69, 0x6e, 0x70, 0x75, 0x74, 0x5f, 0x6c, 0x61,
  0x79, 0x65, 0x72, 0x5f, 0x35, 0x3a, 0x30, 0x00, 0x03, 0x00, 0x00, 0x00,
  0x01, 0x00, 0x00, 0x00, 0x96, 0x00, 0x00, 0x00, 0x06, 0x00, 0x00, 0x00,
  0x07, 0x00, 0x00, 0x00, 0x90, 0x00, 0x00, 0x00, 0x70, 0x00, 0x00, 0x00,
  0x54, 0x00, 0x00, 0x00, 0x40, 0x00, 0x00, 0x00, 0x2c, 0x00, 0x00, 0x00,
  0x18, 0x00, 0x00, 0x00, 0x04, 0x00, 0x00, 0x00, 0xb4, 0xff, 0xff, 0xff,
  0x19, 0x00, 0x00, 0x00, 0x02, 0x00, 0x00, 0x00, 0x00, 0x00, 0x00, 0x19,
  0xc4, 0xff, 0xff, 0xff, 0x09, 0x00, 0x00, 0x00, 0x04, 0x00, 0x00, 0x00,
  0x00, 0x00, 0x00, 0x09, 0xd4, 0xff, 0xff, 0xff, 0x28, 0x00, 0x00, 0x00,
  0x02, 0x00, 0x00, 0x00, 0x00, 0x00, 0x00, 0x28, 0xe4, 0xff, 0xff, 0xff,
  0x11, 0x00, 0x00, 0x00, 0x02, 0x00, 0x00, 0x00, 0x00, 0x00, 0x00, 0x11,
  0xd8, 0xff, 0xff, 0xff, 0x16, 0x00, 0x00, 0x00, 0x00, 0x00, 0x00, 0x16,
  0x0c, 0x00, 0x10, 0x00, 0x0f, 0x00, 0x00, 0x00, 0x08, 0x00, 0x04, 0x00,
  0x0c, 0x00, 0x00, 0x00, 0x03, 0x00, 0x00, 0x00, 0x03, 0x00, 0x00, 0x00,
  0x00, 0x00, 0x00, 0x03, 0x0c, 0x00, 0x0c, 0x00, 0x0b, 0x00, 0x00, 0x00,
  0x00, 0x00, 0x04, 0x00, 0x0c, 0x00, 0x00, 0x00, 0x46, 0x00, 0x00, 0x00,
  0x00, 0x00, 0x00, 0x46,
};
const unsigned int modell_cnn_int8_tflite_len = 19504;
